% (x/y/z-ecef=WGS84,Q=1:fix,2:float,3:sbas,4:dgps,5:single,6:ppp,ns=# of satellites),Qins=1:ins mechanization,2:ins mechanization and propagate states and covariance,3:ins-gnss loosely-coupled updates
%  GPST              x-ecef(m)      y-ecef(m)      z-ecef(m)   Q Qins  ns     sdx(m)     sdy(m)     sdz(m)    sdxy(m)    sdyz(m)    sdzx(m) age(s)  ratio    vx(m/s)    vy(m/s)    vz(m/s)       sdvx       sdvy       sdvz      sdvxy      sdvyz      sdvzx
1974 193577.000  -2270110.3657   5007967.8807   3221444.1466   5    0   8     4.6578     6.9846     3.8241    -4.3861     3.6628    -2.7093   0.00    0.0   -5.36277   -3.34248    4.20925   21.34451   21.50259   21.30307   -2.19284    1.83132   -1.35447
1974 193577.005  -2270110.3926   5007967.8640   3221444.1676   5    0   8     4.6707     7.0029     3.8352    -4.3970     3.6720    -2.7160   0.00    0.0   -5.37056   -3.34624    4.20049   21.34451   21.50259   21.30307   -2.19284    1.83132   -1.35447
1974 193577.010  -2270110.4195   5007967.8472   3221444.1886   5    0   8     4.6859     7.0227     3.8491    -4.4080     3.6811    -2.7228   0.00    0.0   -5.37803   -3.34996    4.19212   21.34451   21.50259   21.30307   -2.19284    1.83132   -1.35447
1974 193577.015  -2270110.4464   5007967.8305   3221444.2095   5    0   8     4.7035     7.0442     3.8660    -4.4190     3.6903    -2.7296   0.00    0.0   -5.38310   -3.35421    4.18340   21.34451   21.50259   21.30307   -2.19284    1.83132   -1.35447
1974 193577.020  -2270110.4734   5007967.8137   3221444.2304   5    0   8     4.7235     7.0672     3.8856    -4.4299     3.6994    -2.7364   0.00    0.0   -5.38826   -3.35668    4.17606   21.34451   21.50259   21.30308   -2.19284    1.83133   -1.35446
1974 193577.025  -2270110.5003   5007967.7969   3221444.2512   5    0   8     4.7458     7.0918     3.9081    -4.4409     3.7086    -2.7431   0.00    0.0   -5.39241   -3.36132    4.16672   21.34451   21.50259   21.30308   -2.19284    1.83133   -1.35446
1974 193577.030  -2270110.5273   5007967.7801   3221444.2720   5    0   8     4.7704     7.1179     3.9334    -4.4519     3.7177    -2.7499   0.00    0.0   -5.39716   -3.36571    4.15829   21.34451   21.50259   21.30308   -2.19284    1.83133   -1.35446
1974 193577.035  -2270110.5543   5007967.7632   3221444.2928   5    0   8     4.7972     7.1455     3.9613    -4.4628     3.7269    -2.7567   0.00    0.0   -5.40244   -3.36924    4.15091   21.34451   21.50259   21.30308   -2.19284    1.83133   -1.35446
1974 193577.040  -2270110.5814   5007967.7463   3221444.3135   5    0   8     4.8262     7.1747     3.9919    -4.4738     3.7361    -2.7634   0.00    0.0   -5.40719   -3.37541    4.14077   21.34451   21.50259   21.30308   -2.19283    1.83133   -1.35446
1974 193577.045  -2270110.6084   5007967.7294   3221444.3341   5    0   8     4.8574     7.2053     4.0251    -4.4847     3.7452    -2.7702   0.00    0.0   -5.41400   -3.37931    4.13296   21.34451   21.50259   21.30308   -2.19283    1.83133   -1.35446
1974 193577.050  -2270110.6355   5007967.7125   3221444.3547   5    0   8     4.8907     7.2374     4.0608    -4.4957     3.7544    -2.7770   0.00    0.0   -5.42021   -3.38436    4.12351   21.34451   21.50259   21.30308   -2.19283    1.83133   -1.35446
1974 193577.055  -2270110.6627   5007967.6956   3221444.3753   5    0   8     4.9261     7.2710     4.0990    -4.5067     3.7635    -2.7838   0.00    0.0   -5.42603   -3.39010    4.11319   21.34451   21.50259   21.30308   -2.19283    1.83133   -1.35446
1974 193577.060  -2270110.6898   5007967.6786   3221444.3958   5    0   8     4.9636     7.3059     4.1395    -4.5176     3.7727    -2.7905   0.00    0.0   -5.43075   -3.39565    4.10340   21.34451   21.50259   21.30308   -2.19283    1.83133   -1.35446
1974 193577.065  -2270110.7170   5007967.6616   3221444.4163   5    0   8     5.0031     7.3423     4.1824    -4.5286     3.7818    -2.7973   0.00    0.0   -5.43435   -3.40439    4.09214   21.34451   21.50259   21.30308   -2.19283    1.83133   -1.35446
1974 193577.070  -2270110.7442   5007967.6445   3221444.4367   5    0   8     5.0445     7.3801     4.2275    -4.5396     3.7910    -2.8041   0.00    0.0   -5.43713   -3.41318    4.07986   21.34451   21.50259   21.30308   -2.19283    1.83133   -1.35445
1974 193577.075  -2270110.7714   5007967.6274   3221444.4570   5    0   8     5.0878     7.4192     4.2748    -4.5505     3.8002    -2.8109   0.00    0.0   -5.44164   -3.41928    4.06952   21.34451   21.50259   21.30308   -2.19283    1.83133   -1.35445
1974 193577.080  -2270110.7986   5007967.6103   3221444.4773   5    0   8     5.1329     7.4597     4.3242    -4.5615     3.8093    -2.8176   0.00    0.0   -5.44741   -3.42624    4.05885   21.34451   21.50259   21.30308   -2.19283    1.83133   -1.35445
1974 193577.085  -2270110.8259   5007967.5931   3221444.4976   5    0   8     5.1799     7.5015     4.3757    -4.5725     3.8185    -2.8244   0.00    0.0   -5.45259   -3.43254    4.04853   21.34451   21.50260   21.30308   -2.19282    1.83133   -1.35445
1974 193577.090  -2270110.8532   5007967.5759   3221444.5178   5    0   8     5.2286     7.5446     4.4291    -4.5834     3.8276    -2.8312   0.00    0.0   -5.45773   -3.43885    4.03907   21.34451   21.50260   21.30308   -2.19282    1.83133   -1.35445
1974 193577.095  -2270110.8805   5007967.5587   3221444.5379   5    0   8     5.2791     7.5890     4.4844    -4.5944     3.8368    -2.8379   0.00    0.0   -5.46387   -3.44352    4.03062   21.34451   21.50260   21.30308   -2.19282    1.83133   -1.35445
1974 193577.100  -2270110.9078   5007967.5415   3221444.5580   5    0   8     5.3311     7.6346     4.5415    -4.6054     3.8459    -2.8447   0.00    0.0   -5.47052   -3.44498    4.02288   21.34451   21.50260   21.30308   -2.19282    1.83133   -1.35445
1974 193577.105  -2270110.9352   5007967.5242   3221444.5781   5    0   8     5.3848     7.6815     4.6004    -4.6163     3.8551    -2.8515   0.00    0.0   -5.47582   -3.44669    4.01350   21.34451   21.50260   21.30308   -2.19282    1.83133   -1.35445
1974 193577.110  -2270110.9626   5007967.5070   3221444.5981   5    0   8     5.4401     7.7296     4.6610    -4.6273     3.8643    -2.8583   0.00    0.0   -5.48217   -3.44757    4.00589   21.34451   21.50260   21.30308   -2.19282    1.83133   -1.35445
1974 193577.115  -2270110.9901   5007967.4897   3221444.6181   5    0   8     5.4969     7.7788     4.7232    -4.6382     3.8734    -2.8650   0.00    0.0   -5.48733   -3.45117    3.99748   21.34451   21.50260   21.30308   -2.19282    1.83133   -1.35445
1974 193577.120  -2270111.0175   5007967.4725   3221444.6381   5    0   8     5.5551     7.8293     4.7869    -4.6492     3.8826    -2.8718   0.00    0.0   -5.49258   -3.45380    3.98981   21.34451   21.50260   21.30308   -2.19282    1.83133   -1.35445
1974 193577.125  -2270111.0450   5007967.4552   3221444.6580   5    0   8     5.6148     7.8809     4.8522    -4.6602     3.8917    -2.8786   0.00    0.0   -5.49967   -3.45270    3.98460   21.34451   21.50260   21.30308   -2.19281    1.83133   -1.35444
1974 193577.130  -2270111.0726   5007967.4380   3221444.6779   5    0   8     5.6759     7.9336     4.9189    -4.6711     3.9009    -2.8854   0.00    0.0   -5.50789   -3.45123    3.98055   21.34451   21.50260   21.30308   -2.19281    1.83133   -1.35444
1974 193577.135  -2270111.1001   5007967.4207   3221444.6978   5    0   8     5.7383     7.9874     4.9870    -4.6821     3.9100    -2.8921   0.00    0.0   -5.51580   -3.44790    3.97732   21.34451   21.50260   21.30308   -2.19281    1.83133   -1.35444
1974 193577.140  -2270111.1278   5007967.4035   3221444.7176   5    0   8     5.8020     8.0423     5.0564    -4.6931     3.9192    -2.8989   0.00    0.0   -5.52320   -3.44670    3.97078   21.34451   21.50260   21.30308   -2.19281    1.83134   -1.35444
1974 193577.145  -2270111.1554   5007967.3862   3221444.7375   5    0   8     5.8669     8.0982     5.1271    -4.7040     3.9284    -2.9057   0.00    0.0   -5.53066   -3.44565    3.96434   21.34451   21.50260   21.30308   -2.19281    1.83134   -1.35444
1974 193577.150  -2270111.1831   5007967.3690   3221444.7573   5    0   8     5.9330     8.1552     5.1990    -4.7150     3.9375    -2.9124   0.00    0.0   -5.53890   -3.44358    3.95992   21.34451   21.50260   21.30308   -2.19281    1.83134   -1.35444
1974 193577.155  -2270111.2108   5007967.3518   3221444.7770   5    0   8     6.0003     8.2131     5.2721    -4.7260     3.9467    -2.9192   0.00    0.0   -5.54577   -3.44191    3.95558   21.34451   21.50260   21.30308   -2.19281    1.83134   -1.35444
1974 193577.160  -2270111.2386   5007967.3346   3221444.7968   5    0   8     6.0688     8.2721     5.3463    -4.7369     3.9558    -2.9260   0.00    0.0   -5.55247   -3.43941    3.95212   21.34451   21.50260   21.30308   -2.19281    1.83134   -1.35444
1974 193577.165  -2270111.2664   5007967.3174   3221444.8165   5    0   8     6.1383     8.3321     5.4216    -4.7479     3.9650    -2.9328   0.00    0.0   -5.55948   -3.43622    3.94955   21.34451   21.50260   21.30308   -2.19281    1.83134   -1.35444
1974 193577.170  -2270111.2942   5007967.3003   3221444.8363   5    0   8     6.2089     8.3930     5.4979    -4.7589     3.9741    -2.9395   0.00    0.0   -5.56561   -3.43346    3.94675   21.34451   21.50260   21.30308   -2.19280    1.83134   -1.35444
1974 193577.175  -2270111.3221   5007967.2831   3221444.8560   5    0   8     6.2805     8.4548     5.5752    -4.7698     3.9833    -2.9463   0.00    0.0   -5.57114   -3.43019    3.94477   21.34451   21.50260   21.30308   -2.19280    1.83134   -1.35444
1974 193577.180  -2270111.3500   5007967.2660   3221444.8757   5    0   8     6.3531     8.5175     5.6534    -4.7808     3.9925    -2.9531   0.00    0.0   -5.57771   -3.42792    3.94282   21.34451   21.50260   21.30308   -2.19280    1.83134   -1.35443
1974 193577.185  -2270111.3779   5007967.2489   3221444.8954   5    0   8     6.4267     8.5811     5.7326    -4.7918     4.0016    -2.9599   0.00    0.0   -5.58348   -3.42582    3.94115   21.34451   21.50260   21.30308   -2.19280    1.83134   -1.35443
1974 193577.190  -2270111.4058   5007967.2317   3221444.9151   5    0   8     6.5011     8.6456     5.8126    -4.8027     4.0108    -2.9666   0.00    0.0   -5.58933   -3.42452    3.93883   21.34451   21.50260   21.30308   -2.19280    1.83134   -1.35443
1974 193577.195  -2270111.4338   5007967.2146   3221444.9348   5    0   8     6.5765     8.7109     5.8935    -4.8137     4.0199    -2.9734   0.00    0.0   -5.59634   -3.42291    3.93718   21.34451   21.50260   21.30308   -2.19280    1.83134   -1.35443
1974 193577.200  -2270111.4618   5007967.1975   3221444.9545   5    0   8     6.6527     8.7771     5.9752    -4.8246     4.0291    -2.9802   0.00    0.0   -5.60354   -3.42040    3.93737   21.34451   21.50260   21.30308   -2.19280    1.83134   -1.35443
1974 193577.205  -2270111.4899   5007967.1804   3221444.9742   5    0   8     6.7298     8.8441     6.0576    -4.8356     4.0382    -2.9869   0.00    0.0   -5.61059   -3.41842    3.93751   21.34451   21.50260   21.30308   -2.19280    1.83134   -1.35443
1974 193577.210  -2270111.5180   5007967.1633   3221444.9939   5    0   8     6.8076     8.9119     6.1408    -4.8466     4.0474    -2.9937   0.00    0.0   -5.61672   -3.41654    3.93825   21.34451   21.50260   21.30308   -2.19280    1.83134   -1.35443
1974 193577.215  -2270111.5461   5007967.1463   3221445.0136   5    0   8     6.8862     8.9804     6.2247    -4.8575     4.0566    -3.0005   0.00    0.0   -5.62342   -3.41286    3.94079   21.34451   21.50260   21.30308   -2.19279    1.83134   -1.35443
1974 193577.220  -2270111.5742   5007967.1292   3221445.0333   5    0   8     6.9656     9.0497     6.3093    -4.8685     4.0657    -3.0073   0.00    0.0   -5.62811   -3.40860    3.94207   21.34451   21.50260   21.30308   -2.19279    1.83134   -1.35443
1974 193577.225  -2270111.6024   5007967.1122   3221445.0530   5    0   8     7.0457     9.1198     6.3946    -4.8795     4.0749    -3.0140   0.00    0.0   -5.63403   -3.40233    3.94472   21.34451   21.50260   21.30308   -2.19279    1.83134   -1.35443
1974 193577.230  -2270111.6306   5007967.0952   3221445.0727   5    0   8     7.1265     9.1905     6.4804    -4.8904     4.0840    -3.0208   0.00    0.0   -5.63938   -3.39749    3.94655   21.34451   21.50260   21.30308   -2.19279    1.83134   -1.35443
1974 193577.235  -2270111.6588   5007967.0783   3221445.0925   5    0   8     7.2079     9.2620     6.5669    -4.9014     4.0932    -3.0276   0.00    0.0   -5.64366   -3.39456    3.94826   21.34451   21.50260   21.30308   -2.19279    1.83134   -1.35442
1974 193577.240  -2270111.6870   5007967.0613   3221445.1122   5    0   8     7.2901     9.3342     6.6540    -4.9124     4.1023    -3.0343   0.00    0.0   -5.64877   -3.39046    3.95117   21.34451   21.50260   21.30308   -2.19279    1.83135   -1.35442
1974 193577.245  -2270111.7153   5007967.0444   3221445.1320   5    0   8     7.3728     9.4070     6.7416    -4.9233     4.1115    -3.0411   0.00    0.0   -5.65412   -3.38723    3.95285   21.34451   21.50260   21.30308   -2.19279    1.83135   -1.35442
1974 193577.250  -2270111.7436   5007967.0275   3221445.1518   5    0   8     7.4562     9.4805     6.8297    -4.9343     4.1207    -3.0479   0.00    0.0   -5.66048   -3.38167    3.95554   21.34451   21.50260   21.30308   -2.19279    1.83135   -1.35442
1974 193577.255  -2270111.7720   5007967.0106   3221445.1716   5    0   8     7.5401     9.5547     6.9184    -4.9453     4.1298    -3.0547   0.00    0.0   -5.66685   -3.37593    3.95848   21.34451   21.50260   21.30308   -2.19279    1.83135   -1.35442
1974 193577.260  -2270111.8003   5007966.9937   3221445.1914   5    0   8     7.6246     9.6295     7.0076    -4.9562     4.1390    -3.0614   0.00    0.0   -5.67316   -3.37053    3.96253   21.34451   21.50260   21.30308   -2.19278    1.83135   -1.35442
1974 193577.265  -2270111.8287   5007966.9769   3221445.2112   5    0   8     7.7097     9.7048     7.0972    -4.9672     4.1481    -3.0682   0.00    0.0   -5.68006   -3.36439    3.96589   21.34451   21.50260   21.30308   -2.19278    1.83135   -1.35442
1974 193577.270  -2270111.8572   5007966.9601   3221445.2310   5    0   8     7.7953     9.7808     7.1873    -4.9781     4.1573    -3.0750   0.00    0.0   -5.68631   -3.35860    3.96750   21.34451   21.50260   21.30308   -2.19278    1.83135   -1.35442
1974 193577.275  -2270111.8856   5007966.9434   3221445.2509   5    0   8     7.8814     9.8574     7.2779    -4.9891     4.1664    -3.0818   0.00    0.0   -5.69246   -3.35219    3.97058   21.34451   21.50261   21.30308   -2.19278    1.83135   -1.35442
1974 193577.280  -2270111.9141   5007966.9266   3221445.2708   5    0   8     7.9680     9.9346     7.3689    -5.0001     4.1756    -3.0885   0.00    0.0   -5.70011   -3.34546    3.97457   21.34451   21.50261   21.30308   -2.19278    1.83135   -1.35442
1974 193577.285  -2270111.9427   5007966.9099   3221445.2907   5    0   8     8.0551    10.0123     7.4602    -5.0110     4.1848    -3.0953   0.00    0.0   -5.70813   -3.33891    3.97823   21.34451   21.50261   21.30308   -2.19278    1.83135   -1.35442
1974 193577.290  -2270111.9712   5007966.8933   3221445.3106   5    0   8     8.1427    10.0905     7.5520    -5.0220     4.1939    -3.1021   0.00    0.0   -5.71484   -3.33276    3.98276   21.34451   21.50261   21.30308   -2.19278    1.83135   -1.35442
1974 193577.295  -2270111.9998   5007966.8766   3221445.3305   5    0   8     8.2307    10.1693     7.6442    -5.0330     4.2031    -3.1088   0.00    0.0   -5.72261   -3.32744    3.98678   21.34451   21.50261   21.30308   -2.19278    1.83135   -1.35441
1974 193577.300  -2270112.0285   5007966.8600   3221445.3505   5    0   8     8.3191    10.2487     7.7367    -5.0439     4.2122    -3.1156   0.00    0.0   -5.73039   -3.32182    3.99013   21.34451   21.50261   21.30308   -2.19278    1.83135   -1.35441
1974 193577.305  -2270112.0572   5007966.8434   3221445.3704   5    0   8     8.4080    10.3285     7.8296    -5.0549     4.2214    -3.1224   0.00    0.0   -5.73599   -3.31655    3.99294   21.34451   21.50261   21.30308   -2.19277    1.83135   -1.35441
1974 193577.310  -2270112.0859   5007966.8269   3221445.3904   5    0   8     8.4973    10.4088     7.9229    -5.0659     4.2305    -3.1292   0.00    0.0   -5.74391   -3.31082    3.99519   21.34451   21.50261   21.30308   -2.19277    1.83135   -1.35441
1974 193577.315  -2270112.1146   5007966.8104   3221445.4104   5    0   8     8.5870    10.4896     8.0164    -5.0768     4.2397    -3.1359   0.00    0.0   -5.75044   -3.30728    3.99548   21.34451   21.50261   21.30308   -2.19277    1.83135   -1.35441
1974 193577.320  -2270112.1434   5007966.7938   3221445.4304   5    0   8     8.6771    10.5709     8.1103    -5.0878     4.2489    -3.1427   0.00    0.0   -5.75485   -3.30578    3.99490   21.34451   21.50261   21.30308   -2.19277    1.83135   -1.35441
1974 193577.325  -2270112.1722   5007966.7773   3221445.4503   5    0   8     8.7675    10.6527     8.2045    -5.0988     4.2580    -3.1495   0.00    0.0   -5.76335   -3.30138    3.99665   21.34451   21.50261   21.30308   -2.19277    1.83135   -1.35441
1974 193577.330  -2270112.2011   5007966.7608   3221445.4703   5    0   8     8.8583    10.7349     8.2990    -5.1097     4.2672    -3.1563   0.00    0.0   -5.77069   -3.29906    3.99607   21.34451   21.50261   21.30308   -2.19277    1.83136   -1.35441
1974 193577.335  -2270112.2300   5007966.7443   3221445.4903   5    0   8     8.9495    10.8175     8.3938    -5.1207     4.2763    -3.1630   0.00    0.0   -5.77741   -3.29520    3.99540   21.34451   21.50261   21.30308   -2.19277    1.83136   -1.35441
1974 193577.340  -2270112.2589   5007966.7279   3221445.5103   5    0   8     9.0410    10.9006     8.4888    -5.1316     4.2855    -3.1698   0.00    0.0   -5.78452   -3.29065    3.99468   21.34451   21.50261   21.30308   -2.19277    1.83136   -1.35441
1974 193577.345  -2270112.2879   5007966.7114   3221445.5302   5    0   8     9.1328    10.9841     8.5841    -5.1426     4.2946    -3.1766   0.00    0.0   -5.79178   -3.28965    3.99228   21.34451   21.50261   21.30308   -2.19277    1.83136   -1.35441
1974 193577.350  -2270112.3168   5007966.6950   3221445.5502   5    0   8     9.2249    11.0680     8.6797    -5.1536     4.3038    -3.1833   0.00    0.0   -5.79760   -3.28599    3.99139   21.34451   21.50261   21.30308   -2.19276    1.83136   -1.35441
1974 193577.355  -2270112.3459   5007966.6786   3221445.5701   5    0   8     9.3174    11.1524     8.7756    -5.1645     4.3130    -3.1901   0.00    0.0   -5.80376   -3.28348    3.98887   21.34451   21.50261   21.30308   -2.19276    1.83136   -1.35440
1974 193577.360  -2270112.3749   5007966.6622   3221445.5901   5    0   8     9.4102    11.2371     8.8716    -5.1755     4.3221    -3.1969   0.00    0.0   -5.81198   -3.27985    3.98613   21.34451   21.50261   21.30308   -2.19276    1.83136   -1.35440
1974 193577.365  -2270112.4040   5007966.6458   3221445.6100   5    0   8     9.5032    11.3222     8.9680    -5.1865     4.3313    -3.2037   0.00    0.0   -5.81824   -3.27648    3.98296   21.34451   21.50261   21.30308   -2.19276    1.83136   -1.35440
1974 193577.370  -2270112.4331   5007966.6294   3221445.6299   5    0   8     9.5966    11.4077     9.0645    -5.1974     4.3404    -3.2104   0.00    0.0   -5.82307   -3.27570    3.97858   21.34451   21.50261   21.30308   -2.19276    1.83136   -1.35440
1974 193577.375  -2270112.4623   5007966.6131   3221445.6497   5    0   8     9.6902    11.4935     9.1613    -5.2084     4.3496    -3.2172   0.00    0.0   -5.82975   -3.27476    3.97496   21.34451   21.50261   21.30308   -2.19276    1.83136   -1.35440
1974 193577.380  -2270112.4915   5007966.5967   3221445.6696   5    0   8     9.7841    11.5798     9.2583    -5.2194     4.3587    -3.2240   0.00    0.0   -5.83603   -3.27157    3.97258   21.34451   21.50261   21.30308   -2.19276    1.83136   -1.35440
1974 193577.385  -2270112.5207   5007966.5804   3221445.6895   5    0   8     9.8782    11.6663     9.3554    -5.2303     4.3679    -3.2307   0.00    0.0   -5.84243   -3.26849    3.96829   21.34450   21.50261   21.30308   -2.19276    1.83136   -1.35440
1974 193577.390  -2270112.5499   5007966.5640   3221445.7093   5    0   8     9.9726    11.7533     9.4528    -5.2413     4.3771    -3.2375   0.00    0.0   -5.85094   -3.26634    3.96273   21.34450   21.50261   21.30308   -2.19276    1.83136   -1.35440
1974 193577.395  -2270112.5792   5007966.5477   3221445.7291   5    0   8    10.0673    11.8405     9.5504    -5.2522     4.3862    -3.2443   0.00    0.0   -5.85840   -3.26461    3.95978   21.34450   21.50261   21.30308   -2.19276    1.83137   -1.35440
1974 193577.400  -2270112.6085   5007966.5314   3221445.7488   5    0   8    10.1621    11.9281     9.6482    -5.2632     4.3954    -3.2511   0.00    0.0   -5.86400   -3.26467    3.95603   21.34450   21.50261   21.30308   -2.19275    1.83137   -1.35440
1974 193577.405  -2270112.6379   5007966.5151   3221445.7686   5    0   8    10.2573    12.0160     9.7461    -5.2742     4.4045    -3.2578   0.00    0.0   -5.86975   -3.26470    3.95070   21.34450   21.50261   21.30308   -2.19275    1.83137   -1.35440
1974 193577.410  -2270112.6673   5007966.4987   3221445.7883   5    0   8    10.3526    12.1042     9.8443    -5.2851     4.4137    -3.2646   0.00    0.0   -5.87654   -3.26262    3.94587   21.34450   21.50261   21.30308   -2.19275    1.83137   -1.35440
1974 193577.415  -2270112.6967   5007966.4824   3221445.8080   5    0   8    10.4482    12.1928     9.9426    -5.2961     4.4228    -3.2714   0.00    0.0   -5.88095   -3.26264    3.93969   21.34450   21.50261   21.30308   -2.19275    1.83137   -1.35440
1974 193577.420  -2270112.7261   5007966.4661   3221445.8277   5    0   8    10.5439    12.2816    10.0411    -5.3071     4.4320    -3.2782   0.00    0.0   -5.88547   -3.26475    3.93408   21.34450   21.50261   21.30308   -2.19275    1.83137   -1.35439
1974 193577.425  -2270112.7556   5007966.4498   3221445.8473   5    0   8    10.6399    12.3708    10.1397    -5.3180     4.4412    -3.2849   0.00    0.0   -5.89099   -3.26706    3.92933   21.34450   21.50261   21.30308   -2.19275    1.83137   -1.35439
1974 193577.430  -2270112.7850   5007966.4334   3221445.8670   5    0   8    10.7361    12.4602    10.2385    -5.3290     4.4503    -3.2917   0.00    0.0   -5.89521   -3.26993    3.92305   21.34450   21.50261   21.30308   -2.19275    1.83137   -1.35439
1974 193577.435  -2270112.8145   5007966.4171   3221445.8865   5    0   8    10.8325    12.5499    10.3374    -5.3400     4.4595    -3.2985   0.00    0.0   -5.90181   -3.27105    3.91635   21.34450   21.50261   21.30308   -2.19275    1.83137   -1.35439
1974 193577.440  -2270112.8441   5007966.4007   3221445.9061   5    0   8    10.9291    12.6399    10.4365    -5.3509     4.4686    -3.3052   0.00    0.0   -5.91036   -3.27024    3.91047   21.34450   21.50261   21.30308   -2.19275    1.83137   -1.35439
1974 193577.445  -2270112.8737   5007966.3844   3221445.9256   5    0   8    11.0258    12.7301    10.5358    -5.3619     4.4778    -3.3120   0.00    0.0   -5.91649   -3.27340    3.90372   21.34450   21.50261   21.30308   -2.19275    1.83137   -1.35439
1974 193577.450  -2270112.9033   5007966.3680   3221445.9451   5    0   8    11.1228    12.8207    10.6352    -5.3729     4.4869    -3.3188   0.00    0.0   -5.92045   -3.27775    3.89646   21.34450   21.50261   21.30308   -2.19274    1.83137   -1.35439
1974 193577.455  -2270112.9329   5007966.3516   3221445.9645   5    0   8    11.2199    12.9115    10.7347    -5.3838     4.4961    -3.3256   0.00    0.0   -5.92633   -3.28037    3.88899   21.34450   21.50262   21.30308   -2.19274    1.83138   -1.35439
1974 193577.460  -2270112.9626   5007966.3352   3221445.9839   5    0   8    11.3172    13.0025    10.8343    -5.3948     4.5053    -3.3323   0.00    0.0   -5.93165   -3.28192    3.88059   21.34450   21.50262   21.30308   -2.19274    1.83138   -1.35439
1974 193577.465  -2270112.9923   5007966.3187   3221446.0033   5    0   8    11.4147    13.0938    10.9341    -5.4057     4.5144    -3.3391   0.00    0.0   -5.93747   -3.28214    3.87229   21.34450   21.50262   21.30308   -2.19274    1.83138   -1.35439
1974 193577.470  -2270113.0220   5007966.3023   3221446.0226   5    0   8    11.5123    13.1853    11.0340    -5.4167     4.5236    -3.3459   0.00    0.0   -5.94208   -3.28579    3.86225   21.34450   21.50262   21.30309   -2.19274    1.83138   -1.35439
1974 193577.475  -2270113.0517   5007966.2859   3221446.0419   5    0   8    11.6101    13.2771    11.1340    -5.4277     4.5327    -3.3526   0.00    0.0   -5.94780   -3.29031    3.85474   21.34450   21.50262   21.30309   -2.19274    1.83138   -1.35439
1974 193577.480  -2270113.0815   5007966.2694   3221446.0611   5    0   8    11.7080    13.3691    11.2342    -5.4386     4.5419    -3.3594   0.00    0.0   -5.95244   -3.29309    3.84724   21.34450   21.50262   21.30309   -2.19274    1.83138   -1.35439
1974 193577.485  -2270113.1113   5007966.2529   3221446.0803   5    0   8    11.8061    13.4614    11.3345    -5.4496     4.5510    -3.3662   0.00    0.0   -5.95674   -3.29561    3.83822   21.34450   21.50262   21.30309   -2.19274    1.83138   -1.35439
1974 193577.490  -2270113.1411   5007966.2364   3221446.0995   5    0   8    11.9044    13.5538    11.4348    -5.4606     4.5602    -3.3730   0.00    0.0   -5.96324   -3.29641    3.83034   21.34450   21.50262   21.30309   -2.19274    1.83138   -1.35439
1974 193577.495  -2270113.1709   5007966.2199   3221446.1186   5    0   8    12.0028    13.6465    11.5353    -5.4715     4.5694    -3.3797   0.00    0.0   -5.96757   -3.30172    3.82092   21.34450   21.50262   21.30309   -2.19274    1.83138   -1.35439
1974 193577.500  -2270113.2008   5007966.2034   3221446.1376   5    0   8    12.1013    13.7394    11.6359    -5.4825     4.5785    -3.3865   0.00    0.0   -5.96988   -3.30888    3.81264   21.34450   21.50262   21.30309   -2.19274    1.83138   -1.35438
1974 193577.505  -2270113.2306   5007966.1868   3221446.1567   5    0   8    12.2000    13.8325    11.7366    -5.4935     4.5877    -3.3933   0.00    0.0   -5.97354   -3.31378    3.80442   21.34450   21.50262   21.30309   -2.19273    1.83138   -1.35438
1974 193577.510  -2270113.2605   5007966.1702   3221446.1756   5    0   8    12.2988    13.9259    11.8374    -5.5044     4.5968    -3.4001   0.00    0.0   -5.97696   -3.31902    3.79357   21.34450   21.50262   21.30309   -2.19273    1.83139   -1.35438
1974 193577.515  -2270113.2904   5007966.1536   3221446.1945   5    0   8    12.3977    14.0194    11.9383    -5.5154     4.6060    -3.4068   0.00    0.0   -5.97899   -3.32344    3.78371   21.34450   21.50262   21.30309   -2.19273    1.83139   -1.35438
1974 193577.520  -2270113.3203   5007966.1370   3221446.2134   5    0   8    12.4968    14.1131    12.0393    -5.5263     4.6151    -3.4136   0.00    0.0   -5.98441   -3.32845    3.77433   21.34450   21.50262   21.30309   -2.19273    1.83139   -1.35438
1974 193577.525  -2270113.3503   5007966.1203   3221446.2322   5    0   8    12.5960    14.2070    12.1404    -5.5373     4.6243    -3.4204   0.00    0.0   -5.98783   -3.33555    3.76445   21.34450   21.50262   21.30309   -2.19273    1.83139   -1.35438
1974 193577.530  -2270113.3802   5007966.1036   3221446.2510   5    0   8    12.6953    14.3011    12.2416    -5.5483     4.6335    -3.4271   0.00    0.0   -5.99075   -3.34003    3.75726   21.34450   21.50262   21.30309   -2.19273    1.83139   -1.35438
1974 193577.535  -2270113.4102   5007966.0869   3221446.2698   5    0   8    12.7947    14.3954    12.3429    -5.5592     4.6426    -3.4339   0.00    0.0   -5.99523   -3.34360    3.74812   21.34450   21.50262   21.30309   -2.19273    1.83139   -1.35438
1974 193577.540  -2270113.4402   5007966.0701   3221446.2885   5    0   8    12.8943    14.4899    12.4442    -5.5702     4.6518    -3.4407   0.00    0.0   -6.00108   -3.34672    3.73897   21.34450   21.50262   21.30309   -2.19273    1.83139   -1.35438
1974 193577.545  -2270113.4702   5007966.0534   3221446.3071   5    0   8    12.9939    14.5846    12.5457    -5.5812     4.6609    -3.4475   0.00    0.0   -6.00540   -3.34989    3.73202   21.34450   21.50262   21.30309   -2.19273    1.83139   -1.35438
1974 193577.550  -2270113.5003   5007966.0366   3221446.3257   5    0   8    13.0937    14.6794    12.6472    -5.5921     4.6701    -3.4542   0.00    0.0   -6.01108   -3.35289    3.72509   21.34450   21.50262   21.30309   -2.19273    1.83139   -1.35438
1974 193577.555  -2270113.5304   5007966.0198   3221446.3443   5    0   8    13.1936    14.7744    12.7488    -5.6031     4.6792    -3.4610   0.00    0.0   -6.01666   -3.35820    3.71467   21.34450   21.50262   21.30309   -2.19273    1.83139   -1.35438
1974 193577.560  -2270113.5605   5007966.0030   3221446.3628   5    0   8    13.2936    14.8696    12.8505    -5.6141     4.6884    -3.4678   0.00    0.0   -6.01974   -3.36241    3.70520   21.34450   21.50262   21.30309   -2.19273    1.83140   -1.35438
1974 193577.565  -2270113.5906   5007965.9862   3221446.3813   5    0   8    13.3937    14.9650    12.9523    -5.6250     4.6976    -3.4745   0.00    0.0   -6.02218   -3.36569    3.69822   21.34450   21.50262   21.30309   -2.19272    1.83140   -1.35438
1974 193577.570  -2270113.6207   5007965.9693   3221446.3998   5    0   8    13.4939    15.0605    13.0541    -5.6360     4.7067    -3.4813   0.00    0.0   -6.02819   -3.36814    3.69281   21.34450   21.50262   21.30309   -2.19272    1.83140   -1.35438
1974 193577.575  -2270113.6509   5007965.9525   3221446.4182   5    0   8    13.5942    15.1562    13.1560    -5.6470     4.7159    -3.4881   0.00    0.0   -6.03413   -3.36912    3.68720   21.34450   21.50262   21.30309   -2.19272    1.83140   -1.35438
1974 193577.580  -2270113.6811   5007965.9356   3221446.4366   5    0   8    13.6945    15.2520    13.2580    -5.6579     4.7250    -3.4949   0.00    0.0   -6.03960   -3.37042    3.68075   21.34450   21.50262   21.30309   -2.19272    1.83140   -1.35438
1974 193577.585  -2270113.7113   5007965.9188   3221446.4550   5    0   8    13.7950    15.3480    13.3601    -5.6689     4.7342    -3.5016   0.00    0.0   -6.04603   -3.37430    3.67290   21.34450   21.50262   21.30309   -2.19272    1.83140   -1.35437
1974 193577.590  -2270113.7416   5007965.9019   3221446.4733   5    0   8    13.8956    15.4441    13.4622    -5.6798     4.7433    -3.5084   0.00    0.0   -6.05196   -3.37661    3.66726   21.34450   21.50263   21.30309   -2.19272    1.83140   -1.35437
1974 193577.595  -2270113.7719   5007965.8850   3221446.4916   5    0   8    13.9963    15.5404    13.5644    -5.6908     4.7525    -3.5152   0.00    0.0   -6.05583   -3.37804    3.66219   21.34450   21.50263   21.30309   -2.19272    1.83140   -1.35437
1974 193577.600  -2270113.8021   5007965.8681   3221446.5099   5    0   8    14.0970    15.6368    13.6667    -5.7018     4.7617    -3.5220   0.00    0.0   -6.05833   -3.37941    3.65680   21.34450   21.50263   21.30309   -2.19272    1.83140   -1.35437
1974 193577.605  -2270113.8325   5007965.8512   3221446.5282   5    0   8    14.1979    15.7334    13.7690    -5.7127     4.7708    -3.5287   0.00    0.0   -6.06373   -3.37989    3.65211   21.34450   21.50263   21.30309   -2.19272    1.83141   -1.35437
1974 193577.610  -2270113.8628   5007965.8343   3221446.5464   5    0   8    14.2988    15.8301    13.8714    -5.7237     4.7800    -3.5355   0.00    0.0   -6.06675   -3.38308    3.64528   21.34450   21.50263   21.30309   -2.19272    1.83141   -1.35437
1974 193577.615  -2270113.8932   5007965.8174   3221446.5646   5    0   8    14.3998    15.9270    13.9738    -5.7347     4.7891    -3.5423   0.00    0.0   -6.07032   -3.38601    3.64102   21.34450   21.50263   21.30309   -2.19272    1.83141   -1.35437
1974 193577.620  -2270113.9235   5007965.8004   3221446.5828   5    0   8    14.5009    16.0240    14.0764    -5.7456     4.7983    -3.5490   0.00    0.0   -6.07468   -3.39084    3.63694   21.34450   21.50263   21.30309   -2.19271    1.83141   -1.35437
1974 193577.625  -2270113.9539   5007965.7834   3221446.6010   5    0   8    14.6021    16.1211    14.1789    -5.7566     4.8074    -3.5558   0.00    0.0   -6.07787   -3.39560    3.63141   21.34450   21.50263   21.30309   -2.19271    1.83141   -1.35437
1974 193577.630  -2270113.9843   5007965.7664   3221446.6191   5    0   8    14.7033    16.2184    14.2816    -5.7676     4.8166    -3.5626   0.00    0.0   -6.08168   -3.39726    3.62709   21.34450   21.50263   21.30309   -2.19271    1.83141   -1.35437
1974 193577.635  -2270114.0148   5007965.7494   3221446.6372   5    0   8    14.8047    16.3158    14.3842    -5.7785     4.8258    -3.5694   0.00    0.0   -6.08589   -3.40091    3.62224   21.34450   21.50263   21.30309   -2.19271    1.83141   -1.35437
1974 193577.640  -2270114.0452   5007965.7324   3221446.6553   5    0   8    14.9061    16.4133    14.4870    -5.7895     4.8349    -3.5761   0.00    0.0   -6.09060   -3.40251    3.61961   21.34450   21.50263   21.30309   -2.19271    1.83141   -1.35437
1974 193577.645  -2270114.0757   5007965.7154   3221446.6734   5    0   8    15.0076    16.5109    14.5898    -5.8004     4.8441    -3.5829   0.00    0.0   -6.09294   -3.40612    3.61469   21.34450   21.50263   21.30309   -2.19271    1.83141   -1.35437
1974 193577.650  -2270114.1062   5007965.6983   3221446.6914   5    0   8    15.1091    16.6087    14.6926    -5.8114     4.8532    -3.5897   0.00    0.0   -6.09631   -3.40974    3.60993   21.34450   21.50263   21.30309   -2.19271    1.83141   -1.35437
1974 193577.655  -2270114.1367   5007965.6813   3221446.7095   5    0   8    15.2107    16.7066    14.7955    -5.8224     4.8624    -3.5964   0.00    0.0   -6.10144   -3.41069    3.60641   21.34450   21.50263   21.30309   -2.19271    1.83142   -1.35437
1974 193577.660  -2270114.1672   5007965.6642   3221446.7275   5    0   8    15.3124    16.8046    14.8985    -5.8333     4.8715    -3.6032   0.00    0.0   -6.10593   -3.41422    3.60068   21.34450   21.50263   21.30309   -2.19271    1.83142   -1.35437
1974 193577.665  -2270114.1977   5007965.6471   3221446.7455   5    0   8    15.4142    16.9027    15.0015    -5.8443     4.8807    -3.6100   0.00    0.0   -6.11142   -3.41732    3.59694   21.34450   21.50263   21.30309   -2.19271    1.83142   -1.35437
1974 193577.670  -2270114.2283   5007965.6300   3221446.7634   5    0   8    15.5160    17.0009    15.1045    -5.8553     4.8899    -3.6168   0.00    0.0   -6.11814   -3.42005    3.59370   21.34450   21.50263   21.30309   -2.19271    1.83142   -1.35437
1974 193577.675  -2270114.2589   5007965.6129   3221446.7814   5    0   8    15.6179    17.0992    15.2076    -5.8662     4.8990    -3.6235   0.00    0.0   -6.12172   -3.42358    3.58812   21.34450   21.50263   21.30309   -2.19271    1.83142   -1.35436
1974 193577.680  -2270114.2896   5007965.5958   3221446.7993   5    0   8    15.7199    17.1977    15.3108    -5.8772     4.9082    -3.6303   0.00    0.0   -6.12645   -3.42339    3.58358   21.34450   21.50263   21.30309   -2.19271    1.83142   -1.35436
1974 193577.685  -2270114.3202   5007965.5787   3221446.8172   5    0   8    15.8219    17.2962    15.4140    -5.8882     4.9173    -3.6371   0.00    0.0   -6.12942   -3.42611    3.57929   21.34450   21.50263   21.30309   -2.19270    1.83142   -1.35436
1974 193577.690  -2270114.3509   5007965.5615   3221446.8351   5    0   8    15.9240    17.3949    15.5172    -5.8991     4.9265    -3.6438   0.00    0.0   -6.13329   -3.42852    3.57627   21.34450   21.50263   21.30309   -2.19270    1.83142   -1.35436
1974 193577.695  -2270114.3816   5007965.5444   3221446.8529   5    0   8    16.0261    17.4937    15.6205    -5.9101     4.9356    -3.6506   0.00    0.0   -6.13794   -3.42911    3.57240   21.34450   21.50263   21.30309   -2.19270    1.83143   -1.35436
1974 193577.700  -2270114.4123   5007965.5272   3221446.8708   5    0   8    16.1283    17.5925    15.7238    -5.9210     4.9448    -3.6574   0.00    0.0   -6.14383   -3.43021    3.56887   21.34450   21.50263   21.30309   -2.19270    1.83143   -1.35436
1974 193577.705  -2270114.4431   5007965.5101   3221446.8886   5    0   8    16.2306    17.6915    15.8272    -5.9320     4.9540    -3.6642   0.00    0.0   -6.15115   -3.43091    3.56535   21.34450   21.50263   21.30309   -2.19270    1.83143   -1.35436
1974 193577.710  -2270114.4738   5007965.4929   3221446.9064   5    0   8    16.3329    17.7906    15.9306    -5.9430     4.9631    -3.6709   0.00    0.0   -6.15698   -3.43254    3.56167   21.34450   21.50263   21.30309   -2.19270    1.83143   -1.35436
1974 193577.715  -2270114.5047   5007965.4757   3221446.9242   5    0   8    16.4353    17.8897    16.0340    -5.9539     4.9723    -3.6777   0.00    0.0   -6.16274   -3.43344    3.56005   21.34450   21.50263   21.30309   -2.19270    1.83143   -1.35436
1974 193577.720  -2270114.5355   5007965.4586   3221446.9420   5    0   8    16.5377    17.9890    16.1375    -5.9649     4.9814    -3.6845   0.00    0.0   -6.16763   -3.43424    3.55844   21.34450   21.50264   21.30309   -2.19270    1.83143   -1.35436
1974 193577.725  -2270114.5663   5007965.4414   3221446.9598   5    0   8    16.6402    18.0884    16.2410    -5.9759     4.9906    -3.6913   0.00    0.0   -6.17099   -3.43578    3.55532   21.34450   21.50264   21.30309   -2.19270    1.83143   -1.35436
1974 193577.730  -2270114.5972   5007965.4242   3221446.9775   5    0   8    16.7427    18.1878    16.3446    -5.9868     4.9997    -3.6980   0.00    0.0   -6.17566   -3.43451    3.55427   21.34450   21.50264   21.30309   -2.19270    1.83143   -1.35436
1974 193577.735  -2270114.6281   5007965.4071   3221446.9953   5    0   8    16.8453    18.2874    16.4482    -5.9978     5.0089    -3.7048   0.00    0.0   -6.18146   -3.43340    3.55292   21.34450   21.50264   21.30309   -2.19270    1.83143   -1.35436
1974 193577.740  -2270114.6591   5007965.3899   3221447.0131   5    0   8    16.9479    18.3870    16.5518    -6.0088     5.0181    -3.7116   0.00    0.0   -6.18754   -3.43521    3.54870   21.34450   21.50264   21.30309   -2.19270    1.83144   -1.35436
1974 193577.745  -2270114.6900   5007965.3727   3221447.0308   5    0   8    17.0506    18.4867    16.6555    -6.0197     5.0272    -3.7183   0.00    0.0   -6.19458   -3.43499    3.54713   21.34450   21.50264   21.30309   -2.19270    1.83144   -1.35436
1974 193577.750  -2270114.7211   5007965.3555   3221447.0485   5    0   8    17.1534    18.5865    16.7592    -6.0307     5.0364    -3.7251   0.00    0.0   -6.20205   -3.43757    3.54389   21.34450   21.50264   21.30309   -2.19269    1.83144   -1.35436
1974 193577.755  -2270114.7521   5007965.3383   3221447.0662   5    0   8    17.2561    18.6864    16.8630    -6.0416     5.0455    -3.7319   0.00    0.0   -6.20842   -3.43853    3.54108   21.34450   21.50264   21.30309   -2.19269    1.83144   -1.35436
1974 193577.760  -2270114.7832   5007965.3211   3221447.0839   5    0   8    17.3590    18.7864    16.9667    -6.0526     5.0547    -3.7387   0.00    0.0   -6.21417   -3.43616    3.53929   21.34450   21.50264   21.30309   -2.19269    1.83144   -1.35436
1974 193577.765  -2270114.8143   5007965.3040   3221447.1016   5    0   8    17.4619    18.8864    17.0706    -6.0636     5.0639    -3.7454   0.00    0.0   -6.22054   -3.43523    3.53573   21.34450   21.50264   21.30309   -2.19269    1.83144   -1.35436
1974 193577.770  -2270114.8454   5007965.2868   3221447.1192   5    0   8    17.5648    18.9866    17.1744    -6.0745     5.0730    -3.7522   0.00    0.0   -6.22832   -3.43391    3.53272   21.34450   21.50264   21.30309   -2.19269    1.83144   -1.35436
1974 193577.775  -2270114.8766   5007965.2696   3221447.1369   5    0   8    17.6677    19.0868    17.2783    -6.0855     5.0822    -3.7590   0.00    0.0   -6.23533   -3.43313    3.52897   21.34450   21.50264   21.30309   -2.19269    1.83144   -1.35436
1974 193577.780  -2270114.9078   5007965.2525   3221447.1545   5    0   8    17.7708    19.1871    17.3822    -6.0965     5.0913    -3.7657   0.00    0.0   -6.24314   -3.43285    3.52474   21.34450   21.50264   21.30309   -2.19269    1.83145   -1.35435
1974 193577.785  -2270114.9391   5007965.2353   3221447.1721   5    0   8    17.8738    19.2875    17.4861    -6.1074     5.1005    -3.7725   0.00    0.0   -6.25211   -3.43161    3.52111   21.34450   21.50264   21.30309   -2.19269    1.83145   -1.35435
1974 193577.790  -2270114.9704   5007965.2182   3221447.1897   5    0   8    17.9769    19.3879    17.5901    -6.1184     5.1096    -3.7793   0.00    0.0   -6.25892   -3.42996    3.51839   21.34450   21.50264   21.30309   -2.19269    1.83145   -1.35435
1974 193577.795  -2270115.0017   5007965.2010   3221447.2073   5    0   8    18.0801    19.4885    17.6941    -6.1294     5.1188    -3.7861   0.00    0.0   -6.26482   -3.42788    3.51684   21.34450   21.50264   21.30309   -2.19269    1.83145   -1.35435
1974 193577.800  -2270115.0330   5007965.1839   3221447.2249   5    0   8    18.1832    19.5891    17.7981    -6.1403     5.1280    -3.7928   0.00    0.0   -6.27194   -3.42559    3.51534   21.34450   21.50264   21.30309   -2.19269    1.83145   -1.35435
1974 193577.805  -2270115.0644   5007965.1668   3221447.2424   5    0   8    18.2865    19.6897    17.9022    -6.1513     5.1371    -3.7996   0.00    0.0   -6.28041   -3.42330    3.51339   21.34450   21.50264   21.30309   -2.19269    1.83145   -1.35435
1974 193577.810  -2270115.0959   5007965.1497   3221447.2600   5    0   8    18.3897    19.7905    18.0063    -6.1622     5.1463    -3.8064   0.00    0.0   -6.28754   -3.42081    3.51061   21.34450   21.50264   21.30309   -2.19269    1.83145   -1.35435
1974 193577.815  -2270115.1274   5007965.1326   3221447.2775   5    0   8    18.4930    19.8913    18.1104    -6.1732     5.1554    -3.8131   0.00    0.0   -6.29742   -3.41677    3.50927   21.34450   21.50264   21.30310   -2.19268    1.83145   -1.35435
1974 193577.820  -2270115.1589   5007965.1155   3221447.2951   5    0   8    18.5964    19.9922    18.2146    -6.1842     5.1646    -3.8199   0.00    0.0   -6.30727   -3.41420    3.50627   21.34450   21.50264   21.30310   -2.19268    1.83146   -1.35435
1974 193577.825  -2270115.1905   5007965.0985   3221447.3126   5    0   8    18.6998    20.0931    18.3187    -6.1951     5.1737    -3.8267   0.00    0.0   -6.31481   -3.41218    3.50380   21.34450   21.50264   21.30310   -2.19268    1.83146   -1.35435
1974 193577.830  -2270115.2221   5007965.0814   3221447.3301   5    0   8    18.8032    20.1942    18.4229    -6.2061     5.1829    -3.8335   0.00    0.0   -6.32179   -3.40949    3.50278   21.34450   21.50265   21.30310   -2.19268    1.83146   -1.35435
1974 193577.835  -2270115.2537   5007965.0644   3221447.3476   5    0   8    18.9066    20.2953    18.5272    -6.2171     5.1921    -3.8402   0.00    0.0   -6.32811   -3.40877    3.49898   21.34450   21.50265   21.30310   -2.19268    1.83146   -1.35435
1974 193577.840  -2270115.2854   5007965.0473   3221447.3651   5    0   8    19.0101    20.3964    18.6314    -6.2280     5.2012    -3.8470   0.00    0.0   -6.33540   -3.40608    3.49584   21.34450   21.50265   21.30310   -2.19268    1.83146   -1.35435
1974 193577.845  -2270115.3171   5007965.0303   3221447.3826   5    0   8    19.1137    20.4976    18.7357    -6.2390     5.2104    -3.8538   0.00    0.0   -6.34420   -3.40164    3.49473   21.34450   21.50265   21.30310   -2.19268    1.83146   -1.35435
1974 193577.850  -2270115.3489   5007965.0133   3221447.4000   5    0   8    19.2172    20.5989    18.8400    -6.2500     5.2195    -3.8606   0.00    0.0   -6.35415   -3.40023    3.49195   21.34450   21.50265   21.30310   -2.19268    1.83146   -1.35435
1974 193577.855  -2270115.3807   5007964.9963   3221447.4175   5    0   8    19.3208    20.7003    18.9443    -6.2609     5.2287    -3.8673   0.00    0.0   -6.36351   -3.39902    3.48970   21.34450   21.50265   21.30310   -2.19268    1.83147   -1.35435
1974 193577.860  -2270115.4126   5007964.9793   3221447.4349   5    0   8    19.4244    20.8017    19.0487    -6.2719     5.2378    -3.8741   0.00    0.0   -6.37209   -3.39762    3.48729   21.34450   21.50265   21.30310   -2.19268    1.83147   -1.35435
1974 193577.865  -2270115.4445   5007964.9624   3221447.4523   5    0   8    19.5281    20.9032    19.1531    -6.2828     5.2470    -3.8809   0.00    0.0   -6.38269   -3.39437    3.48471   21.34450   21.50265   21.30310   -2.19268    1.83147   -1.35435
1974 193577.870  -2270115.4764   5007964.9454   3221447.4697   5    0   8    19.6318    21.0047    19.2575    -6.2938     5.2562    -3.8876   0.00    0.0   -6.39079   -3.39137    3.48117   21.34450   21.50265   21.30310   -2.19268    1.83147   -1.35435
1974 193577.875  -2270115.5084   5007964.9285   3221447.4871   5    0   8    19.7355    21.1063    19.3619    -6.3048     5.2653    -3.8944   0.00    0.0   -6.39645   -3.38851    3.48062   21.34450   21.50265   21.30310   -2.19268    1.83147   -1.35435
1974 193577.880  -2270115.5404   5007964.9115   3221447.5045   5    0   8    19.8393    21.2079    19.4663    -6.3157     5.2745    -3.9012   0.00    0.0   -6.40394   -3.38664    3.47878   21.34450   21.50265   21.30310   -2.19268    1.83147   -1.35435
1974 193577.885  -2270115.5725   5007964.8946   3221447.5219   5    0   8    19.9431    21.3096    19.5708    -6.3267     5.2836    -3.9080   0.00    0.0   -6.41148   -3.38499    3.47576   21.34450   21.50265   21.30310   -2.19267    1.83147   -1.35435
1974 193577.890  -2270115.6046   5007964.8777   3221447.5393   5    0   8    20.0469    21.4114    19.6753    -6.3377     5.2928    -3.9147   0.00    0.0   -6.41840   -3.38272    3.47408   21.34450   21.50265   21.30310   -2.19267    1.83148   -1.35435
1974 193577.895  -2270115.6367   5007964.8608   3221447.5566   5    0   8    20.1508    21.5132    19.7798    -6.3486     5.3019    -3.9215   0.00    0.0   -6.42866   -3.38028    3.47039   21.34450   21.50265   21.30310   -2.19267    1.83148   -1.35434
1974 193577.900  -2270115.6689   5007964.8439   3221447.5740   5    0   8    20.2546    21.6151    19.8843    -6.3596     5.3111    -3.9283   0.00    0.0   -6.43887   -3.37827    3.46625   21.34450   21.50265   21.30310   -2.19267    1.83148   -1.35434
1974 193577.905  -2270115.7012   5007964.8270   3221447.5913   5    0   8    20.3585    21.7170    19.9889    -6.3706     5.3203    -3.9350   0.00    0.0   -6.44594   -3.37726    3.46429   21.34450   21.50265   21.30310   -2.19267    1.83148   -1.35434
1974 193577.910  -2270115.7334   5007964.8101   3221447.6086   5    0   8    20.4625    21.8190    20.0935    -6.3815     5.3294    -3.9418   0.00    0.0   -6.45123   -3.37577    3.46032   21.34450   21.50265   21.30310   -2.19267    1.83148   -1.35434
1974 193577.915  -2270115.7657   5007964.7933   3221447.6258   5    0   8    20.5665    21.9210    20.1981    -6.3925     5.3386    -3.9486   0.00    0.0   -6.45647   -3.37597    3.45335   21.34450   21.50265   21.30310   -2.19267    1.83148   -1.35434
1974 193577.920  -2270115.7980   5007964.7764   3221447.6431   5    0   8    20.6705    22.0231    20.3027    -6.4034     5.3477    -3.9554   0.00    0.0   -6.46278   -3.37198    3.45342   21.34450   21.50265   21.30310   -2.19267    1.83148   -1.35434
1974 193577.925  -2270115.8304   5007964.7595   3221447.6604   5    0   8    20.7745    22.1253    20.4073    -6.4144     5.3569    -3.9621   0.00    0.0   -6.46936   -3.37079    3.45104   21.34450   21.50265   21.30310   -2.19267    1.83149   -1.35434
1974 193577.930  -2270115.8627   5007964.7427   3221447.6776   5    0   8    20.8785    22.2275    20.5120    -6.4254     5.3660    -3.9689   0.00    0.0   -6.47751   -3.37062    3.44663   21.34450   21.50265   21.30310   -2.19267    1.83149   -1.35434
1974 193577.935  -2270115.8952   5007964.7258   3221447.6948   5    0   8    20.9826    22.3297    20.6166    -6.4363     5.3752    -3.9757   0.00    0.0   -6.48493   -3.36904    3.44485   21.34450   21.50266   21.30310   -2.19267    1.83149   -1.35434
1974 193577.940  -2270115.9276   5007964.7090   3221447.7120   5    0   8    21.0867    22.4320    20.7213    -6.4473     5.3844    -3.9824   0.00    0.0   -6.49291   -3.36922    3.44321   21.34450   21.50266   21.30310   -2.19267    1.83149   -1.35434
1974 193577.945  -2270115.9601   5007964.6922   3221447.7292   5    0   8    21.1908    22.5343    20.8260    -6.4583     5.3935    -3.9892   0.00    0.0   -6.49829   -3.36932    3.43968   21.34450   21.50266   21.30310   -2.19267    1.83149   -1.35434
1974 193577.950  -2270115.9927   5007964.6753   3221447.7464   5    0   8    21.2950    22.6367    20.9308    -6.4692     5.4027    -3.9960   0.00    0.0   -6.50588   -3.36598    3.43932   21.34450   21.50266   21.30310   -2.19267    1.83149   -1.35434
1974 193577.955  -2270116.0252   5007964.6585   3221447.7636   5    0   8    21.3992    22.7391    21.0355    -6.4802     5.4118    -4.0028   0.00    0.0   -6.51114   -3.36616    3.43559   21.34450   21.50266   21.30310   -2.19267    1.83149   -1.35434
1974 193577.960  -2270116.0578   5007964.6416   3221447.7808   5    0   8    21.5034    22.8416    21.1403    -6.4912     5.4210    -4.0095   0.00    0.0   -6.51613   -3.36887    3.42995   21.34450   21.50266   21.30310   -2.19266    1.83150   -1.35434
1974 193577.965  -2270116.0904   5007964.6248   3221447.7979   5    0   8    21.6076    22.9442    21.2450    -6.5021     5.4301    -4.0163   0.00    0.0   -6.52312   -3.36703    3.42882   21.34450   21.50266   21.30310   -2.19266    1.83150   -1.35434
1974 193577.970  -2270116.1231   5007964.6080   3221447.8150   5    0   8    21.7119    23.0467    21.3498    -6.5131     5.4393    -4.0231   0.00    0.0   -6.53175   -3.36674    3.42557   21.34450   21.50266   21.30310   -2.19266    1.83150   -1.35434
1974 193577.975  -2270116.1558   5007964.5912   3221447.8322   5    0   8    21.8162    23.1493    21.4547    -6.5240     5.4485    -4.0298   0.00    0.0   -6.54063   -3.36348    3.42405   21.34450   21.50266   21.30310   -2.19266    1.83150   -1.35434
1974 193577.980  -2270116.1885   5007964.5744   3221447.8493   5    0   8    21.9205    23.2520    21.5595    -6.5350     5.4576    -4.0366   0.00    0.0   -6.54940   -3.36140    3.42087   21.34450   21.50266   21.30310   -2.19266    1.83150   -1.35434
1974 193577.985  -2270116.2213   5007964.5575   3221447.8663   5    0   8    22.0248    23.3547    21.6643    -6.5460     5.4668    -4.0434   0.00    0.0   -6.55495   -3.36405    3.41430   21.34450   21.50266   21.30310   -2.19266    1.83150   -1.35434
1974 193577.990  -2270116.2541   5007964.5407   3221447.8834   5    0   8    22.1291    23.4575    21.7692    -6.5569     5.4759    -4.0502   0.00    0.0   -6.56029   -3.36611    3.41066   21.34450   21.50266   21.30310   -2.19266    1.83150   -1.35434
1974 193577.995  -2270116.2869   5007964.5239   3221447.9004   5    0   8    22.2335    23.5602    21.8741    -6.5679     5.4851    -4.0569   0.00    0.0   -6.56489   -3.36547    3.40771   21.34450   21.50266   21.30310   -2.19266    1.83151   -1.35434
1974 193578.000  -2270115.3595   5007963.2991   3221445.4892   5    0   8     4.5614     6.7743     3.7658    -4.2196     3.5269    -2.6115   0.00    0.0   -5.76635   -4.29989    1.13019    5.77024    8.33104    4.81605   -5.05536    4.24347   -3.16100
1974 193578.005  -2270115.3884   5007963.2776   3221445.4948   5    0   8     4.5809     6.8026     3.7821    -4.2369     3.5414    -2.6223   0.00    0.0   -5.77173   -4.29988    1.12754    5.77024    8.33104    4.81605   -5.05536    4.24347   -3.16100
1974 193578.010  -2270115.4173   5007963.2561   3221445.5004   5    0   8     4.6005     6.8310     3.7983    -4.2541     3.5559    -2.6331   0.00    0.0   -5.77842   -4.30142    1.12517    5.77024    8.33104    4.81605   -5.05536    4.24347   -3.16099
1974 193578.015  -2270115.4462   5007963.2346   3221445.5061   5    0   8     4.6202     6.8595     3.8147    -4.2715     3.5705    -2.6440   0.00    0.0   -5.78454   -4.30531    1.12223    5.77023    8.33105    4.81605   -5.05536    4.24347   -3.16099
1974 193578.020  -2270115.4752   5007963.2130   3221445.5117   5    0   8     4.6400     6.8882     3.8311    -4.2889     3.5851    -2.6549   0.00    0.0   -5.79066   -4.30661    1.12199    5.77023    8.33105    4.81605   -5.05535    4.24347   -3.16099
1974 193578.025  -2270115.5041   5007963.1915   3221445.5173   5    0   8     4.6599     6.9170     3.8476    -4.3065     3.5999    -2.6659   0.00    0.0   -5.79776   -4.30578    1.12037    5.77023    8.33105    4.81605   -5.05535    4.24347   -3.16099
1974 193578.030  -2270115.5332   5007963.1700   3221445.5228   5    0   8     4.6799     6.9459     3.8642    -4.3241     3.6147    -2.6769   0.00    0.0   -5.80439   -4.30562    1.11739    5.77023    8.33105    4.81605   -5.05535    4.24347   -3.16099
1974 193578.035  -2270115.5622   5007963.1485   3221445.5284   5    0   8     4.7000     6.9750     3.8809    -4.3417     3.6295    -2.6880   0.00    0.0   -5.81052   -4.30563    1.11509    5.77022    8.33106    4.81605   -5.05535    4.24347   -3.16098
1974 193578.040  -2270115.5913   5007963.1269   3221445.5340   5    0   8     4.7201     7.0042     3.8977    -4.3595     3.6444    -2.6991   0.00    0.0   -5.81569   -4.30835    1.11027    5.77022    8.33106    4.81605   -5.05534    4.24347   -3.16098
1974 193578.045  -2270115.6204   5007963.1053   3221445.5395   5    0   8     4.7404     7.0335     3.9145    -4.3773     3.6594    -2.7103   0.00    0.0   -5.82038   -4.31264    1.10541    5.77022    8.33106    4.81605   -5.05534    4.24347   -3.16098
1974 193578.050  -2270115.6495   5007963.0838   3221445.5450   5    0   8     4.7607     7.0629     3.9314    -4.3952     3.6744    -2.7215   0.00    0.0   -5.82435   -4.31588    1.10270    5.77021    8.33106    4.81605   -5.05534    4.24347   -3.16098
1974 193578.055  -2270115.6787   5007963.0622   3221445.5505   5    0   8     4.7812     7.0925     3.9484    -4.4132     3.6895    -2.7327   0.00    0.0   -5.82852   -4.31866    1.09956    5.77021    8.33107    4.81605   -5.05534    4.24347   -3.16098
1974 193578.060  -2270115.7078   5007963.0406   3221445.5560   5    0   8     4.8017     7.1222     3.9654    -4.4312     3.7047    -2.7440   0.00    0.0   -5.83301   -4.32130    1.09668    5.77021    8.33107    4.81605   -5.05533    4.24348   -3.16097
1974 193578.065  -2270115.7370   5007963.0190   3221445.5615   5    0   8     4.8223     7.1520     3.9826    -4.4493     3.7199    -2.7554   0.00    0.0   -5.83846   -4.32224    1.09594    5.77020    8.33107    4.81605   -5.05533    4.24348   -3.16097
1974 193578.070  -2270115.7662   5007962.9973   3221445.5669   5    0   8     4.8430     7.1819     3.9998    -4.4675     3.7352    -2.7668   0.00    0.0   -5.84479   -4.32533    1.09312    5.77020    8.33107    4.81606   -5.05533    4.24348   -3.16097
1974 193578.075  -2270115.7955   5007962.9757   3221445.5724   5    0   8     4.8637     7.2119     4.0170    -4.4857     3.7505    -2.7782   0.00    0.0   -5.85059   -4.32926    1.09018    5.77020    8.33108    4.81606   -5.05533    4.24348   -3.16097
1974 193578.080  -2270115.8248   5007962.9540   3221445.5778   5    0   8     4.8846     7.2420     4.0344    -4.5041     3.7659    -2.7897   0.00    0.0   -5.85707   -4.33279    1.08639    5.77019    8.33108    4.81606   -5.05532    4.24348   -3.16097
1974 193578.085  -2270115.8541   5007962.9323   3221445.5832   5    0   8     4.9055     7.2723     4.0518    -4.5224     3.7814    -2.8012   0.00    0.0   -5.86179   -4.33833    1.08019    5.77019    8.33108    4.81606   -5.05532    4.24348   -3.16096
1974 193578.090  -2270115.8834   5007962.9106   3221445.5886   5    0   8     4.9265     7.3027     4.0692    -4.5409     3.7969    -2.8128   0.00    0.0   -5.86726   -4.34217    1.07600    5.77019    8.33108    4.81606   -5.05532    4.24348   -3.16096
1974 193578.095  -2270115.9128   5007962.8889   3221445.5940   5    0   8     4.9476     7.3332     4.0868    -4.5594     3.8124    -2.8244   0.00    0.0   -5.87263   -4.34562    1.07146    5.77019    8.33109    4.81606   -5.05531    4.24348   -3.16096
1974 193578.100  -2270115.9422   5007962.8671   3221445.5993   5    0   8     4.9688     7.3638     4.1044    -4.5780     3.8280    -2.8360   0.00    0.0   -5.87706   -4.35122    1.06608    5.77018    8.33109    4.81606   -5.05531    4.24348   -3.16096
1974 193578.105  -2270115.9716   5007962.8454   3221445.6046   5    0   8     4.9901     7.3945     4.1221    -4.5966     3.8437    -2.8477   0.00    0.0   -5.88279   -4.35469    1.06381    5.77018    8.33109    4.81606   -5.05531    4.24348   -3.16095
1974 193578.110  -2270116.0010   5007962.8236   3221445.6099   5    0   8     5.0114     7.4253     4.1398    -4.6153     3.8594    -2.8594   0.00    0.0   -5.88804   -4.35864    1.05926    5.77018    8.33109    4.81606   -5.05531    4.24348   -3.16095
1974 193578.115  -2270116.0305   5007962.8018   3221445.6152   5    0   8     5.0328     7.4562     4.1576    -4.6341     3.8752    -2.8712   0.00    0.0   -5.89276   -4.36233    1.05363    5.77017    8.33109    4.81606   -5.05530    4.24348   -3.16095
1974 193578.120  -2270116.0600   5007962.7799   3221445.6204   5    0   8     5.0543     7.4872     4.1755    -4.6529     3.8910    -2.8830   0.00    0.0   -5.89845   -4.36313    1.05126    5.77017    8.33110    4.81606   -5.05530    4.24349   -3.16095
1974 193578.125  -2270116.0895   5007962.7581   3221445.6257   5    0   8     5.0758     7.5183     4.1934    -4.6718     3.9069    -2.8948   0.00    0.0   -5.90355   -4.36747    1.04679    5.77017    8.33110    4.81606   -5.05530    4.24349   -3.16095
1974 193578.130  -2270116.1190   5007962.7362   3221445.6309   5    0   8     5.0974     7.5495     4.2114    -4.6908     3.9228    -2.9067   0.00    0.0   -5.90757   -4.37179    1.04183    5.77016    8.33110    4.81606   -5.05530    4.24349   -3.16094
1974 193578.135  -2270116.1486   5007962.7144   3221445.6361   5    0   8     5.1191     7.5809     4.2294    -4.7098     3.9388    -2.9186   0.00    0.0   -5.91276   -4.37355    1.03835    5.77016    8.33110    4.81606   -5.05529    4.24349   -3.16094
1974 193578.140  -2270116.1782   5007962.6925   3221445.6412   5    0   8     5.1409     7.6123     4.2475    -4.7288     3.9548    -2.9305   0.00    0.0   -5.91783   -4.37522    1.03473    5.77016    8.33111    4.81606   -5.05529    4.24349   -3.16094
1974 193578.145  -2270116.2078   5007962.6706   3221445.6464   5    0   8     5.1627     7.6438     4.2657    -4.7480     3.9709    -2.9425   0.00    0.0   -5.92300   -4.37671    1.03243    5.77016    8.33111    4.81606   -5.05529    4.24349   -3.16094
1974 193578.150  -2270116.2375   5007962.6487   3221445.6516   5    0   8     5.1846     7.6754     4.2839    -4.7672     3.9870    -2.9545   0.00    0.0   -5.92881   -4.37849    1.03140    5.77015    8.33111    4.81606   -5.05529    4.24349   -3.16094
1974 193578.155  -2270116.2671   5007962.6268   3221445.6567   5    0   8     5.2066     7.7071     4.3022    -4.7864     4.0032    -2.9666   0.00    0.0   -5.93307   -4.38273    1.02809    5.77015    8.33111    4.81606   -5.05528    4.24349   -3.16093
1974 193578.160  -2270116.2968   5007962.6049   3221445.6618   5    0   8     5.2286     7.7389     4.3206    -4.8057     4.0194    -2.9787   0.00    0.0   -5.93747   -4.38627    1.02516    5.77015    8.33112    4.81606   -5.05528    4.24349   -3.16093
1974 193578.165  -2270116.3265   5007962.5829   3221445.6669   5    0   8     5.2507     7.7708     4.3390    -4.8250     4.0356    -2.9908   0.00    0.0   -5.94320   -4.38913    1.02205    5.77014    8.33112    4.81606   -5.05528    4.24349   -3.16093
1974 193578.170  -2270116.3563   5007962.5610   3221445.6720   5    0   8     5.2729     7.8028     4.3574    -4.8444     4.0519    -3.0030   0.00    0.0   -5.94917   -4.39199    1.01843    5.77014    8.33112    4.81606   -5.05528    4.24349   -3.16093
1974 193578.175  -2270116.3860   5007962.5390   3221445.6771   5    0   8     5.2951     7.8349     4.3759    -4.8639     4.0683    -3.0152   0.00    0.0   -5.95509   -4.39434    1.01586    5.77014    8.33112    4.81606   -5.05527    4.24350   -3.16093
1974 193578.180  -2270116.4158   5007962.5170   3221445.6822   5    0   8     5.3174     7.8671     4.3945    -4.8834     4.0847    -3.0274   0.00    0.0   -5.96103   -4.39791    1.01192    5.77013    8.33113    4.81606   -5.05527    4.24350   -3.16092
1974 193578.185  -2270116.4457   5007962.4950   3221445.6872   5    0   8     5.3397     7.8993     4.4131    -4.9030     4.1011    -3.0397   0.00    0.0   -5.96638   -4.40272    1.00698    5.77013    8.33113    4.81606   -5.05527    4.24350   -3.16092
1974 193578.190  -2270116.4755   5007962.4730   3221445.6922   5    0   8     5.3622     7.9317     4.4318    -4.9226     4.1176    -3.0520   0.00    0.0   -5.97247   -4.40617    1.00284    5.77013    8.33113    4.81606   -5.05527    4.24350   -3.16092
1974 193578.195  -2270116.5054   5007962.4509   3221445.6972   5    0   8     5.3846     7.9641     4.4505    -4.9423     4.1342    -3.0643   0.00    0.0   -5.97897   -4.40791    0.99910    5.77013    8.33113    4.81606   -5.05526    4.24350   -3.16092
1974 193578.200  -2270116.5354   5007962.4289   3221445.7022   5    0   8     5.4072     7.9966     4.4692    -4.9620     4.1507    -3.0766   0.00    0.0   -5.98686   -4.40949    0.99479    5.77012    8.33114    4.81606   -5.05526    4.24350   -3.16092
1974 193578.205  -2270116.5653   5007962.4068   3221445.7071   5    0   8     5.4298     8.0292     4.4881    -4.9818     4.1673    -3.0890   0.00    0.0   -5.99309   -4.41364    0.98884    5.77012    8.33114    4.81606   -5.05526    4.24350   -3.16091
1974 193578.210  -2270116.5953   5007962.3847   3221445.7120   5    0   8     5.4524     8.0619     4.5069    -5.0016     4.1840    -3.1014   0.00    0.0   -6.00047   -4.41663    0.98328    5.77012    8.33114    4.81606   -5.05525    4.24350   -3.16091
1974 193578.215  -2270116.6254   5007962.3626   3221445.7169   5    0   8     5.4751     8.0947     4.5259    -5.0214     4.2007    -3.1139   0.00    0.0   -6.00859   -4.41869    0.97760    5.77011    8.33114    4.81606   -5.05525    4.24350   -3.16091
1974 193578.220  -2270116.6555   5007962.3405   3221445.7218   5    0   8     5.4979     8.1275     4.5448    -5.0414     4.2174    -3.1264   0.00    0.0   -6.01579   -4.41980    0.97341    5.77011    8.33115    4.81606   -5.05525    4.24350   -3.16091
1974 193578.225  -2270116.6856   5007962.3184   3221445.7266   5    0   8     5.5207     8.1605     4.5638    -5.0613     4.2342    -3.1389   0.00    0.0   -6.02179   -4.42107    0.96899    5.77011    8.33115    4.81606   -5.05525    4.24350   -3.16090
1974 193578.230  -2270116.7157   5007962.2963   3221445.7315   5    0   8     5.5436     8.1935     4.5829    -5.0813     4.2510    -3.1514   0.00    0.0   -6.02617   -4.42385    0.96404    5.77010    8.33115    4.81606   -5.05524    4.24350   -3.16090
1974 193578.235  -2270116.7459   5007962.2742   3221445.7363   5    0   8     5.5666     8.2266     4.6020    -5.1014     4.2679    -3.1640   0.00    0.0   -6.03166   -4.42419    0.96217    5.77010    8.33115    4.81606   -5.05524    4.24351   -3.16090
1974 193578.240  -2270116.7760   5007962.2521   3221445.7411   5    0   8     5.5896     8.2597     4.6212    -5.1215     4.2848    -3.1766   0.00    0.0   -6.03720   -4.42418    0.95943    5.77010    8.33116    4.81606   -5.05524    4.24351   -3.16090
1974 193578.245  -2270116.8063   5007962.2299   3221445.7458   5    0   8     5.6126     8.2930     4.6404    -5.1417     4.3017    -3.1892   0.00    0.0   -6.04414   -4.42408    0.95453    5.77010    8.33116    4.81606   -5.05524    4.24351   -3.16090
1974 193578.250  -2270116.8365   5007962.2078   3221445.7506   5    0   8     5.6357     8.3263     4.6596    -5.1619     4.3187    -3.2019   0.00    0.0   -6.05109   -4.42464    0.95011    5.77009    8.33116    4.81607   -5.05523    4.24351   -3.16089
1974 193578.255  -2270116.8668   5007962.1857   3221445.7553   5    0   8     5.6589     8.3597     4.6789    -5.1821     4.3357    -3.2146   0.00    0.0   -6.05832   -4.42784    0.94556    5.77009    8.33116    4.81607   -5.05523    4.24351   -3.16089
1974 193578.260  -2270116.8971   5007962.1635   3221445.7600   5    0   8     5.6821     8.3932     4.6983    -5.2024     4.3527    -3.2273   0.00    0.0   -6.06460   -4.42976    0.94332    5.77009    8.33117    4.81607   -5.05523    4.24351   -3.16089
1974 193578.265  -2270116.9275   5007962.1414   3221445.7647   5    0   8     5.7054     8.4267     4.7176    -5.2227     4.3698    -3.2400   0.00    0.0   -6.06940   -4.43181    0.94000    5.77008    8.33117    4.81607   -5.05523    4.24351   -3.16089
1974 193578.270  -2270116.9579   5007962.1192   3221445.7694   5    0   8     5.7287     8.4603     4.7371    -5.2431     4.3869    -3.2528   0.00    0.0   -6.07666   -4.43106    0.93670    5.77008    8.33117    4.81607   -5.05522    4.24351   -3.16089
1974 193578.275  -2270116.9883   5007962.0971   3221445.7741   5    0   8     5.7520     8.4940     4.7565    -5.2635     4.4041    -3.2656   0.00    0.0   -6.08373   -4.43033    0.93402    5.77008    8.33117    4.81607   -5.05522    4.24351   -3.16088
1974 193578.280  -2270117.0187   5007962.0749   3221445.7787   5    0   8     5.7754     8.5277     4.7760    -5.2839     4.4213    -3.2784   0.00    0.0   -6.09164   -4.43134    0.93041    5.77007    8.33117    4.81607   -5.05522    4.24351   -3.16088
1974 193578.285  -2270117.0492   5007962.0528   3221445.7834   5    0   8     5.7989     8.5616     4.7956    -5.3044     4.4385    -3.2912   0.00    0.0   -6.10001   -4.43189    0.92581    5.77007    8.33118    4.81607   -5.05522    4.24351   -3.16088
1974 193578.290  -2270117.0798   5007962.0306   3221445.7880   5    0   8     5.8224     8.5955     4.8152    -5.3250     4.4558    -3.3041   0.00    0.0   -6.10918   -4.43290    0.92149    5.77007    8.33118    4.81607   -5.05521    4.24352   -3.16088
1974 193578.295  -2270117.1104   5007962.0084   3221445.7926   5    0   8     5.8460     8.6294     4.8348    -5.3456     4.4730    -3.3170   0.00    0.0   -6.11665   -4.43331    0.91909    5.77007    8.33118    4.81607   -5.05521    4.24352   -3.16088
1974 193578.300  -2270117.1410   5007961.9863   3221445.7972   5    0   8     5.8696     8.6635     4.8545    -5.3662     4.4904    -3.3299   0.00    0.0   -6.12366   -4.43494    0.91558    5.77006    8.33118    4.81607   -5.05521    4.24352   -3.16087
1974 193578.305  -2270117.1716   5007961.9641   3221445.8017   5    0   8     5.8932     8.6975     4.8742    -5.3868     4.5077    -3.3428   0.00    0.0   -6.13035   -4.43588    0.91215    5.77006    8.33119    4.81607   -5.05520    4.24352   -3.16087
1974 193578.310  -2270117.2023   5007961.9419   3221445.8063   5    0   8     5.9169     8.7317     4.8940    -5.4075     4.5251    -3.3558   0.00    0.0   -6.13751   -4.43822    0.90779    5.77006    8.33119    4.81607   -5.05520    4.24352   -3.16087
1974 193578.315  -2270117.2331   5007961.9197   3221445.8108   5    0   8     5.9406     8.7659     4.9138    -5.4283     4.5425    -3.3688   0.00    0.0   -6.14408   -4.44233    0.90168    5.77005    8.33119    4.81607   -5.05520    4.24352   -3.16087
1974 193578.320  -2270117.2638   5007961.8974   3221445.8152   5    0   8     5.9644     8.8002     4.9336    -5.4490     4.5600    -3.3818   0.00    0.0   -6.15029   -4.44677    0.89583    5.77005    8.33119    4.81607   -5.05520    4.24352   -3.16086
1974 193578.325  -2270117.2946   5007961.8752   3221445.8197   5    0   8     5.9883     8.8346     4.9534    -5.4699     4.5775    -3.3949   0.00    0.0   -6.15598   -4.45004    0.89144    5.77005    8.33120    4.81607   -5.05519    4.24352   -3.16086
1974 193578.330  -2270117.3254   5007961.8529   3221445.8241   5    0   8     6.0121     8.8690     4.9734    -5.4907     4.5950    -3.4079   0.00    0.0   -6.16209   -4.45120    0.88872    5.77005    8.33120    4.81607   -5.05519    4.24352   -3.16086
1974 193578.335  -2270117.3562   5007961.8307   3221445.8286   5    0   8     6.0361     8.9035     4.9933    -5.5116     4.6126    -3.4210   0.00    0.0   -6.16817   -4.45295    0.88496    5.77004    8.33120    4.81607   -5.05519    4.24352   -3.16086
1974 193578.340  -2270117.3871   5007961.8084   3221445.8330   5    0   8     6.0600     8.9380     5.0133    -5.5325     4.6301    -3.4341   0.00    0.0   -6.17357   -4.45447    0.88027    5.77004    8.33120    4.81607   -5.05519    4.24352   -3.16086
1974 193578.345  -2270117.4180   5007961.7861   3221445.8373   5    0   8     6.0840     8.9726     5.0333    -5.5535     4.6478    -3.4473   0.00    0.0   -6.17944   -4.45699    0.87490    5.77004    8.33121    4.81607   -5.05518    4.24352   -3.16085
1974 193578.350  -2270117.4489   5007961.7638   3221445.8417   5    0   8     6.1081     9.0073     5.0533    -5.5745     4.6654    -3.4604   0.00    0.0   -6.18567   -4.45797    0.87137    5.77003    8.33121    4.81607   -5.05518    4.24353   -3.16085
1974 193578.355  -2270117.4799   5007961.7415   3221445.8460   5    0   8     6.1322     9.0420     5.0734    -5.5955     4.6831    -3.4736   0.00    0.0   -6.19339   -4.45728    0.86690    5.77003    8.33121    4.81607   -5.05518    4.24353   -3.16085
1974 193578.360  -2270117.5109   5007961.7192   3221445.8503   5    0   8     6.1563     9.0768     5.0935    -5.6166     4.7008    -3.4868   0.00    0.0   -6.19955   -4.45698    0.86159    5.77003    8.33121    4.81607   -5.05518    4.24353   -3.16085
1974 193578.365  -2270117.5419   5007961.6970   3221445.8546   5    0   8     6.1805     9.1116     5.1137    -5.6377     4.7185    -3.5000   0.00    0.0   -6.20724   -4.45427    0.85997    5.77002    8.33122    4.81607   -5.05517    4.24353   -3.16085
1974 193578.370  -2270117.5730   5007961.6747   3221445.8589   5    0   8     6.2047     9.1465     5.1339    -5.6588     4.7363    -3.5132   0.00    0.0   -6.21378   -4.45507    0.85633    5.77002    8.33122    4.81607   -5.05517    4.24353   -3.16084
1974 193578.375  -2270117.6041   5007961.6524   3221445.8632   5    0   8     6.2289     9.1814     5.1541    -5.6800     4.7541    -3.5265   0.00    0.0   -6.22022   -4.45496    0.85351    5.77002    8.33122    4.81607   -5.05517    4.24353   -3.16084
1974 193578.380  -2270117.6352   5007961.6302   3221445.8674   5    0   8     6.2532     9.2164     5.1743    -5.7012     4.7719    -3.5398   0.00    0.0   -6.22687   -4.45395    0.85008    5.77002    8.33122    4.81607   -5.05517    4.24353   -3.16084
1974 193578.385  -2270117.6664   5007961.6079   3221445.8717   5    0   8     6.2775     9.2515     5.1946    -5.7224     4.7897    -3.5531   0.00    0.0   -6.23315   -4.45534    0.84477    5.77001    8.33123    4.81607   -5.05516    4.24353   -3.16084
1974 193578.390  -2270117.6976   5007961.5856   3221445.8759   5    0   8     6.3019     9.2866     5.2149    -5.7437     4.8076    -3.5664   0.00    0.0   -6.24206   -4.45464    0.84260    5.77001    8.33123    4.81607   -5.05516    4.24353   -3.16084
1974 193578.395  -2270117.7289   5007961.5633   3221445.8801   5    0   8     6.3263     9.3218     5.2353    -5.7650     4.8255    -3.5798   0.00    0.0   -6.25008   -4.45667    0.83810    5.77001    8.33123    4.81608   -5.05516    4.24353   -3.16083
1974 193578.400  -2270117.7601   5007961.5410   3221445.8842   5    0   8     6.3507     9.3570     5.2557    -5.7863     4.8434    -3.5931   0.00    0.0   -6.25626   -4.45921    0.83405    5.77000    8.33123    4.81608   -5.05516    4.24353   -3.16083
1974 193578.405  -2270117.7915   5007961.5187   3221445.8884   5    0   8     6.3752     9.3923     5.2761    -5.8077     4.8614    -3.6065   0.00    0.0   -6.26307   -4.46133    0.83109    5.77000    8.33124    4.81608   -5.05515    4.24353   -3.16083
1974 193578.410  -2270117.8228   5007961.4964   3221445.8925   5    0   8     6.3997     9.4276     5.2965    -5.8291     4.8793    -3.6199   0.00    0.0   -6.26914   -4.46340    0.82747    5.77000    8.33124    4.81608   -5.05515    4.24354   -3.16083
1974 193578.415  -2270117.8542   5007961.4741   3221445.8967   5    0   8     6.4243     9.4630     5.3170    -5.8505     4.8973    -3.6333   0.00    0.0   -6.27441   -4.46420    0.82307    5.77000    8.33124    4.81608   -5.05515    4.24354   -3.16082
1974 193578.420  -2270117.8856   5007961.4518   3221445.9007   5    0   8     6.4489     9.4984     5.3375    -5.8720     4.9154    -3.6468   0.00    0.0   -6.28078   -4.46466    0.81936    5.76999    8.33124    4.81608   -5.05514    4.24354   -3.16082
1974 193578.425  -2270117.9170   5007961.4294   3221445.9048   5    0   8     6.4735     9.5339     5.3580    -5.8935     4.9334    -3.6602   0.00    0.0   -6.28837   -4.46560    0.81730    5.76999    8.33125    4.81608   -5.05514    4.24354   -3.16082
1974 193578.430  -2270117.9485   5007961.4071   3221445.9089   5    0   8     6.4981     9.5694     5.3786    -5.9150     4.9515    -3.6737   0.00    0.0   -6.29681   -4.46761    0.81494    5.76999    8.33125    4.81608   -5.05514    4.24354   -3.16082
1974 193578.435  -2270117.9800   5007961.3847   3221445.9130   5    0   8     6.5228     9.6050     5.3992    -5.9365     4.9696    -3.6872   0.00    0.0   -6.30529   -4.46827    0.81101    5.76998    8.33125    4.81608   -5.05514    4.24354   -3.16082
1974 193578.440  -2270118.0116   5007961.3624   3221445.9170   5    0   8     6.5475     9.6406     5.4198    -5.9581     4.9877    -3.7007   0.00    0.0   -6.31273   -4.46637    0.80806    5.76998    8.33125    4.81608   -5.05513    4.24354   -3.16081
1974 193578.445  -2270118.0432   5007961.3401   3221445.9210   5    0   8     6.5723     9.6763     5.4405    -5.9797     5.0059    -3.7143   0.00    0.0   -6.31805   -4.46690    0.80527    5.76998    8.33126    4.81608   -5.05513    4.24354   -3.16081
1974 193578.450  -2270118.0748   5007961.3177   3221445.9250   5    0   8     6.5971     9.7120     5.4611    -6.0013     5.0241    -3.7278   0.00    0.0   -6.32298   -4.46837    0.80236    5.76997    8.33126    4.81608   -5.05513    4.24354   -3.16081
1974 193578.455  -2270118.1064   5007961.2954   3221445.9290   5    0   8     6.6219     9.7477     5.4818    -6.0230     5.0423    -3.7414   0.00    0.0   -6.32895   -4.46806    0.79982    5.76997    8.33126    4.81608   -5.05513    4.24354   -3.16081
1974 193578.460  -2270118.1381   5007961.2731   3221445.9330   5    0   8     6.6468     9.7836     5.5026    -6.0447     5.0605    -3.7550   0.00    0.0   -6.33522   -4.46598    0.79764    5.76997    8.33126    4.81608   -5.05512    4.24354   -3.16081
1974 193578.465  -2270118.1698   5007961.2508   3221445.9370   5    0   8     6.6716     9.8194     5.5233    -6.0664     5.0787    -3.7686   0.00    0.0   -6.34370   -4.46264    0.79607    5.76997    8.33127    4.81608   -5.05512    4.24354   -3.16080
1974 193578.470  -2270118.2016   5007961.2284   3221445.9410   5    0   8     6.6966     9.8553     5.5441    -6.0881     5.0970    -3.7822   0.00    0.0   -6.35265   -4.46159    0.79460    5.76996    8.33127    4.81608   -5.05512    4.24355   -3.16080
1974 193578.475  -2270118.2334   5007961.2061   3221445.9450   5    0   8     6.7215     9.8913     5.5649    -6.1099     5.1153    -3.7959   0.00    0.0   -6.36094   -4.46051    0.79500    5.76996    8.33127    4.81608   -5.05512    4.24355   -3.16080
1974 193578.480  -2270118.2653   5007961.1839   3221445.9489   5    0   8     6.7465     9.9273     5.5858    -6.1317     5.1336    -3.8095   0.00    0.0   -6.36869   -4.45800    0.79577    5.76996    8.33127    4.81608   -5.05511    4.24355   -3.16080
1974 193578.485  -2270118.2971   5007961.1616   3221445.9529   5    0   8     6.7715     9.9633     5.6066    -6.1535     5.1519    -3.8232   0.00    0.0   -6.37630   -4.45548    0.79417    5.76995    8.33128    4.81608   -5.05511    4.24355   -3.16080
1974 193578.490  -2270118.3290   5007961.1393   3221445.9569   5    0   8     6.7966     9.9994     5.6275    -6.1754     5.1703    -3.8369   0.00    0.0   -6.38218   -4.45465    0.79070    5.76995    8.33128    4.81608   -5.05511    4.24355   -3.16079
1974 193578.495  -2270118.3610   5007961.1170   3221445.9608   5    0   8     6.8216    10.0355     5.6484    -6.1973     5.1887    -3.8506   0.00    0.0   -6.38800   -4.45603    0.78770    5.76995    8.33128    4.81608   -5.05511    4.24355   -3.16079
1974 193578.500  -2270118.3930   5007961.0947   3221445.9647   5    0   8     6.8467    10.0717     5.6694    -6.2192     5.2071    -3.8643   0.00    0.0   -6.39505   -4.45612    0.78753    5.76995    8.33128    4.81608   -5.05510    4.24355   -3.16079
1974 193578.505  -2270118.4250   5007961.0725   3221445.9687   5    0   8     6.8719    10.1079     5.6903    -6.2411     5.2255    -3.8780   0.00    0.0   -6.40331   -4.45500    0.78698    5.76994    8.33129    4.81608   -5.05510    4.24355   -3.16079
1974 193578.510  -2270118.4570   5007961.0502   3221445.9726   5    0   8     6.8970    10.1442     5.7113    -6.2631     5.2440    -3.8918   0.00    0.0   -6.41042   -4.45501    0.78316    5.76994    8.33129    4.81608   -5.05510    4.24355   -3.16078
1974 193578.515  -2270118.4891   5007961.0279   3221445.9765   5    0   8     6.9222    10.1805     5.7324    -6.2850     5.2624    -3.9056   0.00    0.0   -6.41886   -4.45483    0.78109    5.76994    8.33129    4.81608   -5.05509    4.24355   -3.16078
1974 193578.520  -2270118.5213   5007961.0056   3221445.9804   5    0   8     6.9474    10.2168     5.7534    -6.3070     5.2809    -3.9193   0.00    0.0   -6.42744   -4.45582    0.78019    5.76993    8.33129    4.81609   -5.05509    4.24355   -3.16078
1974 193578.525  -2270118.5534   5007960.9834   3221445.9843   5    0   8     6.9727    10.2532     5.7745    -6.3291     5.2994    -3.9331   0.00    0.0   -6.43417   -4.45791    0.77765    5.76993    8.33130    4.81609   -5.05509    4.24356   -3.16078
1974 193578.530  -2270118.5856   5007960.9611   3221445.9882   5    0   8     6.9979    10.2896     5.7955    -6.3511     5.3179    -3.9469   0.00    0.0   -6.44117   -4.45802    0.77432    5.76993    8.33130    4.81609   -5.05509    4.24356   -3.16078
1974 193578.535  -2270118.6179   5007960.9388   3221445.9920   5    0   8     7.0232    10.3260     5.8166    -6.3732     5.3365    -3.9608   0.00    0.0   -6.44751   -4.45808    0.76979    5.76993    8.33130    4.81609   -5.05508    4.24356   -3.16077
1974 193578.540  -2270118.6501   5007960.9165   3221445.9958   5    0   8     7.0486    10.3625     5.8378    -6.3953     5.3551    -3.9746   0.00    0.0   -6.45518   -4.45737    0.76806    5.76992    8.33130    4.81609   -5.05508    4.24356   -3.16077
1974 193578.545  -2270118.6825   5007960.8942   3221445.9997   5    0   8     7.0739    10.3991     5.8589    -6.4174     5.3737    -3.9885   0.00    0.0   -6.46263   -4.45747    0.76679    5.76992    8.33131    4.81609   -5.05508    4.24356   -3.16077
1974 193578.550  -2270118.7148   5007960.8719   3221446.0035   5    0   8     7.0993    10.4356     5.8801    -6.4396     5.3923    -4.0023   0.00    0.0   -6.46857   -4.45865    0.76557    5.76992    8.33131    4.81609   -5.05508    4.24356   -3.16077
1974 193578.555  -2270118.7472   5007960.8496   3221446.0073   5    0   8     7.1247    10.4722     5.9013    -6.4617     5.4109    -4.0162   0.00    0.0   -6.47524   -4.45685    0.76690    5.76991    8.33131    4.81609   -5.05507    4.24356   -3.16077
1974 193578.560  -2270118.7796   5007960.8273   3221446.0112   5    0   8     7.1502    10.5089     5.9225    -6.4839     5.4295    -4.0301   0.00    0.0   -6.48208   -4.45431    0.76718    5.76991    8.33131    4.81609   -5.05507    4.24356   -3.16076
1974 193578.565  -2270118.8120   5007960.8051   3221446.0150   5    0   8     7.1756    10.5456     5.9438    -6.5062     5.4482    -4.0440   0.00    0.0   -6.48916   -4.45220    0.76783    5.76991    8.33132    4.81609   -5.05507    4.24356   -3.16076
1974 193578.570  -2270118.8445   5007960.7828   3221446.0189   5    0   8     7.2011    10.5823     5.9650    -6.5284     5.4669    -4.0580   0.00    0.0   -6.49538   -4.45261    0.76724    5.76991    8.33132    4.81609   -5.05507    4.24356   -3.16076
1974 193578.575  -2270118.8770   5007960.7606   3221446.0227   5    0   8     7.2266    10.6191     5.9863    -6.5506     5.4856    -4.0719   0.00    0.0   -6.50202   -4.45463    0.76490    5.76990    8.33132    4.81609   -5.05506    4.24356   -3.16076
1974 193578.580  -2270118.9096   5007960.7383   3221446.0265   5    0   8     7.2521    10.6559     6.0076    -6.5729     5.5043    -4.0859   0.00    0.0   -6.50917   -4.45550    0.76390    5.76990    8.33132    4.81609   -5.05506    4.24356   -3.16076
1974 193578.585  -2270118.9421   5007960.7160   3221446.0303   5    0   8     7.2777    10.6927     6.0290    -6.5952     5.5230    -4.0998   0.00    0.0   -6.51451   -4.45784    0.76243    5.76990    8.33133    4.81609   -5.05506    4.24357   -3.16075
1974 193578.590  -2270118.9747   5007960.6937   3221446.0341   5    0   8     7.3033    10.7295     6.0503    -6.6176     5.5418    -4.1138   0.00    0.0   -6.51943   -4.45919    0.76046    5.76989    8.33133    4.81609   -5.05506    4.24357   -3.16075
1974 193578.595  -2270119.0074   5007960.6714   3221446.0379   5    0   8     7.3289    10.7665     6.0717    -6.6399     5.5606    -4.1278   0.00    0.0   -6.52425   -4.45997    0.75885    5.76989    8.33133    4.81609   -5.05505    4.24357   -3.16075
1974 193578.600  -2270119.0400   5007960.6491   3221446.0417   5    0   8     7.3545    10.8034     6.0931    -6.6623     5.5794    -4.1418   0.00    0.0   -6.52836   -4.46255    0.75773    5.76989    8.33133    4.81609   -5.05505    4.24357   -3.16075
1974 193578.605  -2270119.0727   5007960.6268   3221446.0455   5    0   8     7.3802    10.8404     6.1145    -6.6847     5.5982    -4.1558   0.00    0.0   -6.53429   -4.46407    0.75599    5.76989    8.33134    4.81609   -5.05505    4.24357   -3.16074
1974 193578.610  -2270119.1054   5007960.6044   3221446.0492   5    0   8     7.4059    10.8774     6.1359    -6.7071     5.6170    -4.1699   0.00    0.0   -6.54128   -4.46711    0.75169    5.76988    8.33134    4.81609   -5.05504    4.24357   -3.16074
1974 193578.615  -2270119.1381   5007960.5821   3221446.0530   5    0   8     7.4316    10.9144     6.1574    -6.7295     5.6358    -4.1839   0.00    0.0   -6.54872   -4.46845    0.74904    5.76988    8.33134    4.81609   -5.05504    4.24357   -3.16074
1974 193578.620  -2270119.1709   5007960.5597   3221446.0567   5    0   8     7.4573    10.9515     6.1788    -6.7519     5.6547    -4.1980   0.00    0.0   -6.55649   -4.46930    0.74653    5.76988    8.33134    4.81609   -5.05504    4.24357   -3.16074
1974 193578.625  -2270119.2037   5007960.5374   3221446.0604   5    0   8     7.4831    10.9886     6.2003    -6.7744     5.6736    -4.2121   0.00    0.0   -6.56250   -4.47193    0.74199    5.76987    8.33135    4.81609   -5.05504    4.24357   -3.16074
1974 193578.630  -2270119.2366   5007960.5150   3221446.0641   5    0   8     7.5088    11.0257     6.2218    -6.7969     5.6925    -4.2261   0.00    0.0   -6.56863   -4.47223    0.73979    5.76987    8.33135    4.81610   -5.05503    4.24357   -3.16073
1974 193578.635  -2270119.2694   5007960.4926   3221446.0678   5    0   8     7.5346    11.0629     6.2434    -6.8194     5.7114    -4.2402   0.00    0.0   -6.57394   -4.47462    0.73747    5.76987    8.33135    4.81610   -5.05503    4.24357   -3.16073
1974 193578.640  -2270119.3023   5007960.4703   3221446.0715   5    0   8     7.5604    11.1001     6.2649    -6.8419     5.7303    -4.2543   0.00    0.0   -6.57924   -4.47753    0.73603    5.76987    8.33135    4.81610   -5.05503    4.24357   -3.16073
1974 193578.645  -2270119.3353   5007960.4479   3221446.0752   5    0   8     7.5863    11.1373     6.2865    -6.8645     5.7492    -4.2685   0.00    0.0   -6.58485   -4.47993    0.73485    5.76986    8.33136    4.81610   -5.05503    4.24358   -3.16073
1974 193578.650  -2270119.3682   5007960.4254   3221446.0788   5    0   8     7.6121    11.1746     6.3080    -6.8870     5.7682    -4.2826   0.00    0.0   -6.59067   -4.48342    0.73250    5.76986    8.33136    4.81610   -5.05502    4.24358   -3.16073
1974 193578.655  -2270119.4012   5007960.4030   3221446.0825   5    0   8     7.6380    11.2119     6.3296    -6.9096     5.7872    -4.2967   0.00    0.0   -6.59647   -4.48361    0.73289    5.76986    8.33136    4.81610   -5.05502    4.24358   -3.16072
1974 193578.660  -2270119.4342   5007960.3806   3221446.0861   5    0   8     7.6639    11.2492     6.3513    -6.9322     5.8061    -4.3109   0.00    0.0   -6.60023   -4.48577    0.73205    5.76985    8.33136    4.81610   -5.05502    4.24358   -3.16072
1974 193578.665  -2270119.4672   5007960.3581   3221446.0898   5    0   8     7.6899    11.2865     6.3729    -6.9548     5.8251    -4.3251   0.00    0.0   -6.60436   -4.48775    0.73108    5.76985    8.33137    4.81610   -5.05502    4.24358   -3.16072
1974 193578.670  -2270119.5003   5007960.3357   3221446.0934   5    0   8     7.7158    11.3239     6.3945    -6.9775     5.8442    -4.3392   0.00    0.0   -6.60836   -4.49114    0.72880    5.76985    8.33137    4.81610   -5.05501    4.24358   -3.16072
1974 193578.675  -2270119.5333   5007960.3132   3221446.0971   5    0   8     7.7418    11.3613     6.4162    -7.0001     5.8632    -4.3534   0.00    0.0   -6.61223   -4.49423    0.72755    5.76985    8.33137    4.81610   -5.05501    4.24358   -3.16072
1974 193578.680  -2270119.5664   5007960.2907   3221446.1007   5    0   8     7.7677    11.3988     6.4379    -7.0228     5.8822    -4.3676   0.00    0.0   -6.61738   -4.49573    0.72692    5.76984    8.33138    4.81610   -5.05501    4.24358   -3.16071
1974 193578.685  -2270119.5995   5007960.2682   3221446.1043   5    0   8     7.7938    11.4362     6.4596    -7.0455     5.9013    -4.3818   0.00    0.0   -6.62212   -4.49899    0.72441    5.76984    8.33138    4.81610   -5.05501    4.24358   -3.16071
1974 193578.690  -2270119.6326   5007960.2457   3221446.1080   5    0   8     7.8198    11.4737     6.4813    -7.0682     5.9204    -4.3961   0.00    0.0   -6.62701   -4.50138    0.72246    5.76984    8.33138    4.81610   -5.05500    4.24358   -3.16071
1974 193578.695  -2270119.6658   5007960.2232   3221446.1116   5    0   8     7.8458    11.5113     6.5031    -7.0909     5.9395    -4.4103   0.00    0.0   -6.63444   -4.50257    0.72110    5.76983    8.33138    4.81610   -5.05500    4.24358   -3.16071
1974 193578.700  -2270119.6990   5007960.2007   3221446.1152   5    0   8     7.8719    11.5488     6.5248    -7.1137     5.9586    -4.4245   0.00    0.0   -6.64032   -4.50480    0.71813    5.76983    8.33139    4.81610   -5.05500    4.24358   -3.16070
1974 193578.705  -2270119.7323   5007960.1782   3221446.1187   5    0   8     7.8980    11.5864     6.5466    -7.1364     5.9777    -4.4388   0.00    0.0   -6.64616   -4.50790    0.71397    5.76983    8.33139    4.81610   -5.05499    4.24359   -3.16070
1974 193578.710  -2270119.7655   5007960.1556   3221446.1223   5    0   8     7.9241    11.6240     6.5684    -7.1592     5.9968    -4.4530   0.00    0.0   -6.65272   -4.50994    0.71116    5.76983    8.33139    4.81610   -5.05499    4.24359   -3.16070
1974 193578.715  -2270119.7988   5007960.1331   3221446.1258   5    0   8     7.9502    11.6617     6.5902    -7.1820     6.0160    -4.4673   0.00    0.0   -6.65926   -4.51183    0.70922    5.76982    8.33139    4.81610   -5.05499    4.24359   -3.16070
1974 193578.720  -2270119.8321   5007960.1105   3221446.1294   5    0   8     7.9763    11.6993     6.6120    -7.2048     6.0352    -4.4816   0.00    0.0   -6.66465   -4.51401    0.70805    5.76982    8.33140    4.81610   -5.05499    4.24359   -3.16070
1974 193578.725  -2270119.8655   5007960.0879   3221446.1329   5    0   8     8.0025    11.7370     6.6338    -7.2277     6.0543    -4.4959   0.00    0.0   -6.67156   -4.51544    0.70691    5.76982    8.33140    4.81610   -5.05498    4.24359   -3.16069
1974 193578.730  -2270119.8989   5007960.0653   3221446.1364   5    0   8     8.0287    11.7748     6.6557    -7.2505     6.0735    -4.5102   0.00    0.0   -6.67701   -4.51786    0.70353    5.76981    8.33140    4.81610   -5.05498    4.24359   -3.16069
1974 193578.735  -2270119.9323   5007960.0427   3221446.1399   5    0   8     8.0549    11.8125     6.6775    -7.2734     6.0927    -4.5245   0.00    0.0   -6.68028   -4.52182    0.69989    5.76981    8.33140    4.81611   -5.05498    4.24359   -3.16069
1974 193578.740  -2270119.9657   5007960.0201   3221446.1434   5    0   8     8.0811    11.8503     6.6994    -7.2962     6.1119    -4.5388   0.00    0.0   -6.68530   -4.52486    0.69945    5.76981    8.33141    4.81611   -5.05498    4.24359   -3.16069
1974 193578.745  -2270119.9992   5007959.9974   3221446.1469   5    0   8     8.1073    11.8881     6.7213    -7.3191     6.1312    -4.5532   0.00    0.0   -6.69025   -4.52865    0.69742    5.76981    8.33141    4.81611   -5.05497    4.24359   -3.16069
1974 193578.750  -2270120.0326   5007959.9748   3221446.1504   5    0   8     8.1336    11.9259     6.7432    -7.3420     6.1504    -4.5675   0.00    0.0   -6.69626   -4.52859    0.69673    5.76980    8.33141    4.81611   -5.05497    4.24359   -3.16068
1974 193578.755  -2270120.0661   5007959.9522   3221446.1539   5    0   8     8.1598    11.9638     6.7651    -7.3650     6.1697    -4.5819   0.00    0.0   -6.70234   -4.52717    0.69626    5.76980    8.33141    4.81611   -5.05497    4.24359   -3.16068
1974 193578.760  -2270120.0997   5007959.9295   3221446.1573   5    0   8     8.1861    12.0016     6.7871    -7.3879     6.1889    -4.5962   0.00    0.0   -6.70772   -4.53000    0.69371    5.76980    8.33142    4.81611   -5.05497    4.24360   -3.16068
1974 193578.765  -2270120.1333   5007959.9069   3221446.1608   5    0   8     8.2124    12.0395     6.8090    -7.4108     6.2082    -4.6106   0.00    0.0   -6.71464   -4.53267    0.69340    5.76979    8.33142    4.81611   -5.05496    4.24360   -3.16068
1974 193578.770  -2270120.1669   5007959.8842   3221446.1643   5    0   8     8.2387    12.0775     6.8310    -7.4338     6.2275    -4.6250   0.00    0.0   -6.72017   -4.53349    0.69475    5.76979    8.33142    4.81611   -5.05496    4.24360   -3.16067
1974 193578.775  -2270120.2005   5007959.8615   3221446.1677   5    0   8     8.2651    12.1154     6.8530    -7.4568     6.2468    -4.6394   0.00    0.0   -6.72636   -4.53064    0.69356    5.76979    8.33142    4.81611   -5.05496    4.24360   -3.16067
1974 193578.780  -2270120.2342   5007959.8389   3221446.1712   5    0   8     8.2914    12.1534     6.8750    -7.4798     6.2661    -4.6538   0.00    0.0   -6.73184   -4.52931    0.68987    5.76979    8.33143    4.81611   -5.05496    4.24360   -3.16067
1974 193578.785  -2270120.2678   5007959.8162   3221446.1746   5    0   8     8.3178    12.1914     6.8970    -7.5028     6.2855    -4.6682   0.00    0.0   -6.73738   -4.53177    0.68777    5.76978    8.33143    4.81611   -5.05495    4.24360   -3.16067
1974 193578.790  -2270120.3016   5007959.7935   3221446.1781   5    0   8     8.3442    12.2294     6.9190    -7.5258     6.3048    -4.6826   0.00    0.0   -6.74354   -4.53506    0.68818    5.76978    8.33143    4.81611   -5.05495    4.24360   -3.16067
1974 193578.795  -2270120.3353   5007959.7709   3221446.1815   5    0   8     8.3706    12.2675     6.9410    -7.5489     6.3242    -4.6970   0.00    0.0   -6.75006   -4.53730    0.68759    5.76978    8.33143    4.81611   -5.05495    4.24360   -3.16066
1974 193578.800  -2270120.3691   5007959.7482   3221446.1849   5    0   8     8.3970    12.3055     6.9631    -7.5719     6.3435    -4.7115   0.00    0.0   -6.75612   -4.53686    0.68514    5.76978    8.33144    4.81611   -5.05494    4.24360   -3.16066
1974 193578.805  -2270120.4029   5007959.7255   3221446.1883   5    0   8     8.4234    12.3436     6.9852    -7.5950     6.3629    -4.7259   0.00    0.0   -6.76208   -4.53950    0.68101    5.76977    8.33144    4.81611   -5.05494    4.24360   -3.16066
1974 193578.810  -2270120.4367   5007959.7028   3221446.1917   5    0   8     8.4499    12.3818     7.0072    -7.6181     6.3823    -4.7404   0.00    0.0   -6.76882   -4.54277    0.67948    5.76977    8.33144    4.81611   -5.05494    4.24360   -3.16066
1974 193578.815  -2270120.4706   5007959.6800   3221446.1951   5    0   8     8.4764    12.4199     7.0293    -7.6412     6.4017    -4.7548   0.00    0.0   -6.77508   -4.54452    0.67880    5.76977    8.33144    4.81611   -5.05494    4.24360   -3.16066
1974 193578.820  -2270120.5045   5007959.6573   3221446.1985   5    0   8     8.5028    12.4581     7.0514    -7.6643     6.4211    -4.7693   0.00    0.0   -6.77977   -4.54685    0.67655    5.76976    8.33145    4.81611   -5.05493    4.24361   -3.16065
1974 193578.825  -2270120.5384   5007959.6346   3221446.2019   5    0   8     8.5293    12.4962     7.0735    -7.6874     6.4406    -4.7838   0.00    0.0   -6.78515   -4.54833    0.67463    5.76976    8.33145    4.81611   -5.05493    4.24361   -3.16065
1974 193578.830  -2270120.5724   5007959.6118   3221446.2052   5    0   8     8.5558    12.5345     7.0957    -7.7106     6.4600    -4.7983   0.00    0.0   -6.79155   -4.54992    0.67241    5.76976    8.33145    4.81612   -5.05493    4.24361   -3.16065
1974 193578.835  -2270120.6064   5007959.5891   3221446.2086   5    0   8     8.5824    12.5727     7.1178    -7.7337     6.4794    -4.8128   0.00    0.0   -6.79667   -4.55271    0.67113    5.76976    8.33145    4.81612   -5.05493    4.24361   -3.16065
1974 193578.840  -2270120.6404   5007959.5663   3221446.2120   5    0   8     8.6089    12.6109     7.1400    -7.7569     6.4989    -4.8273   0.00    0.0   -6.80139   -4.55668    0.67143    5.76975    8.33146    4.81612   -5.05492    4.24361   -3.16065
1974 193578.845  -2270120.6744   5007959.5435   3221446.2153   5    0   8     8.6355    12.6492     7.1621    -7.7801     6.5184    -4.8418   0.00    0.0   -6.80610   -4.56147    0.66885    5.76975    8.33146    4.81612   -5.05492    4.24361   -3.16064
1974 193578.850  -2270120.7085   5007959.5206   3221446.2186   5    0   8     8.6620    12.6875     7.1843    -7.8032     6.5379    -4.8563   0.00    0.0   -6.81095   -4.56473    0.66678    5.76975    8.33146    4.81612   -5.05492    4.24361   -3.16064
1974 193578.855  -2270120.7426   5007959.4978   3221446.2220   5    0   8     8.6886    12.7258     7.2065    -7.8265     6.5573    -4.8708   0.00    0.0   -6.81584   -4.56623    0.66780    5.76974    8.33146    4.81612   -5.05492    4.24361   -3.16064
1974 193578.860  -2270120.7767   5007959.4750   3221446.2253   5    0   8     8.7152    12.7641     7.2287    -7.8497     6.5768    -4.8854   0.00    0.0   -6.82052   -4.56943    0.66663    5.76974    8.33147    4.81612   -5.05491    4.24361   -3.16064
1974 193578.865  -2270120.8108   5007959.4521   3221446.2286   5    0   8     8.7418    12.8025     7.2509    -7.8729     6.5964    -4.8999   0.00    0.0   -6.82519   -4.57288    0.66605    5.76974    8.33147    4.81612   -5.05491    4.24361   -3.16063
1974 193578.870  -2270120.8449   5007959.4292   3221446.2320   5    0   8     8.7685    12.8409     7.2732    -7.8961     6.6159    -4.9145   0.00    0.0   -6.82941   -4.57541    0.66667    5.76974    8.33147    4.81612   -5.05491    4.24361   -3.16063
1974 193578.875  -2270120.8791   5007959.4063   3221446.2353   5    0   8     8.7951    12.8793     7.2954    -7.9194     6.6354    -4.9290   0.00    0.0   -6.83578   -4.57603    0.66623    5.76973    8.33148    4.81612   -5.05491    4.24361   -3.16063
1974 193578.880  -2270120.9133   5007959.3835   3221446.2386   5    0   8     8.8218    12.9177     7.3176    -7.9427     6.6550    -4.9436   0.00    0.0   -6.84223   -4.57546    0.66466    5.76973    8.33148    4.81612   -5.05490    4.24362   -3.16063
1974 193578.885  -2270120.9476   5007959.3606   3221446.2420   5    0   8     8.8484    12.9561     7.3399    -7.9659     6.6745    -4.9582   0.00    0.0   -6.84925   -4.57468    0.66510    5.76973    8.33148    4.81612   -5.05490    4.24362   -3.16063
1974 193578.890  -2270120.9818   5007959.3377   3221446.2453   5    0   8     8.8751    12.9946     7.3622    -7.9892     6.6941    -4.9727   0.00    0.0   -6.85514   -4.57736    0.66406    5.76973    8.33148    4.81612   -5.05490    4.24362   -3.16062
1974 193578.895  -2270121.0161   5007959.3148   3221446.2486   5    0   8     8.9018    13.0331     7.3845    -8.0125     6.7137    -4.9873   0.00    0.0   -6.86044   -4.58030    0.66263    5.76972    8.33149    4.81612   -5.05490    4.24362   -3.16062
1974 193578.900  -2270121.0505   5007959.2919   3221446.2519   5    0   8     8.9285    13.0716     7.4068    -8.0358     6.7332    -5.0019   0.00    0.0   -6.86392   -4.58201    0.66164    5.76972    8.33149    4.81612   -5.05489    4.24362   -3.16062
1974 193578.905  -2270121.0848   5007959.2690   3221446.2552   5    0   8     8.9552    13.1101     7.4291    -8.0592     6.7528    -5.0165   0.00    0.0   -6.86872   -4.58346    0.66014    5.76972    8.33149    4.81612   -5.05489    4.24362   -3.16062
1974 193578.910  -2270121.1192   5007959.2461   3221446.2585   5    0   8     8.9820    13.1486     7.4514    -8.0825     6.7724    -5.0311   0.00    0.0   -6.87525   -4.58391    0.65970    5.76971    8.33149    4.81612   -5.05489    4.24362   -3.16062
1974 193578.915  -2270121.1536   5007959.2231   3221446.2618   5    0   8     9.0087    13.1872     7.4737    -8.1059     6.7921    -5.0458   0.00    0.0   -6.88325   -4.58441    0.66088    5.76971    8.33150    4.81612   -5.05488    4.24362   -3.16061
1974 193578.920  -2270121.1880   5007959.2002   3221446.2651   5    0   8     9.0355    13.2257     7.4961    -8.1292     6.8117    -5.0604   0.00    0.0   -6.88976   -4.58848    0.65872    5.76971    8.33150    4.81613   -5.05488    4.24362   -3.16061
1974 193578.925  -2270121.2225   5007959.1772   3221446.2684   5    0   8     9.0623    13.2643     7.5184    -8.1526     6.8313    -5.0750   0.00    0.0   -6.89760   -4.59148    0.65523    5.76971    8.33150    4.81613   -5.05488    4.24362   -3.16061
1974 193578.930  -2270121.2571   5007959.1543   3221446.2716   5    0   8     9.0891    13.3029     7.5408    -8.1760     6.8510    -5.0896   0.00    0.0   -6.90376   -4.59289    0.65438    5.76970    8.33150    4.81613   -5.05488    4.24362   -3.16061
1974 193578.935  -2270121.2916   5007959.1313   3221446.2749   5    0   8     9.1159    13.3416     7.5631    -8.1994     6.8706    -5.1043   0.00    0.0   -6.90929   -4.59444    0.65357    5.76970    8.33151    4.81613   -5.05487    4.24362   -3.16060
1974 193578.940  -2270121.3262   5007959.1083   3221446.2782   5    0   8     9.1427    13.3802     7.5855    -8.2228     6.8903    -5.1189   0.00    0.0   -6.91346   -4.59632    0.65278    5.76970    8.33151    4.81613   -5.05487    4.24363   -3.16060
1974 193578.945  -2270121.3608   5007959.0853   3221446.2814   5    0   8     9.1695    13.4189     7.6079    -8.2462     6.9099    -5.1336   0.00    0.0   -6.91722   -4.59806    0.65337    5.76970    8.33151    4.81613   -5.05487    4.24363   -3.16060
1974 193578.950  -2270121.3954   5007959.0623   3221446.2847   5    0   8     9.1963    13.4576     7.6303    -8.2696     6.9296    -5.1483   0.00    0.0   -6.92118   -4.59962    0.65279    5.76969    8.33151    4.81613   -5.05487    4.24363   -3.16060
1974 193578.955  -2270121.4300   5007959.0393   3221446.2880   5    0   8     9.2232    13.4963     7.6527    -8.2931     6.9493    -5.1629   0.00    0.0   -6.92632   -4.60045    0.65171    5.76969    8.33152    4.81613   -5.05486    4.24363   -3.16060
1974 193578.960  -2270121.4647   5007959.0163   3221446.2912   5    0   8     9.2500    13.5350     7.6752    -8.3165     6.9690    -5.1776   0.00    0.0   -6.93299   -4.60019    0.65201    5.76969    8.33152    4.81613   -5.05486    4.24363   -3.16059
1974 193578.965  -2270121.4994   5007958.9933   3221446.2945   5    0   8     9.2769    13.5737     7.6976    -8.3400     6.9887    -5.1923   0.00    0.0   -6.94076   -4.60246    0.64993    5.76968    8.33152    4.81613   -5.05486    4.24363   -3.16059
1974 193578.970  -2270121.5341   5007958.9703   3221446.2977   5    0   8     9.3038    13.6125     7.7200    -8.3635     7.0084    -5.2070   0.00    0.0   -6.94843   -4.60340    0.65251    5.76968    8.33152    4.81613   -5.05486    4.24363   -3.16059
1974 193578.975  -2270121.5689   5007958.9473   3221446.3010   5    0   8     9.3307    13.6512     7.7425    -8.3869     7.0281    -5.2217   0.00    0.0   -6.95600   -4.60301    0.65522    5.76968    8.33153    4.81613   -5.05485    4.24363   -3.16059
1974 193578.980  -2270121.6037   5007958.9243   3221446.3043   5    0   8     9.3576    13.6900     7.7649    -8.4104     7.0479    -5.2364   0.00    0.0   -6.96212   -4.60318    0.65263    5.76968    8.33153    4.81613   -5.05485    4.24363   -3.16059
1974 193578.985  -2270121.6385   5007958.9013   3221446.3075   5    0   8     9.3845    13.7288     7.7874    -8.4339     7.0676    -5.2511   0.00    0.0   -6.96817   -4.60144    0.65181    5.76967    8.33153    4.81613   -5.05485    4.24363   -3.16058
1974 193578.990  -2270121.6734   5007958.8782   3221446.3108   5    0   8     9.4115    13.7676     7.8099    -8.4574     7.0874    -5.2658   0.00    0.0   -6.97214   -4.60420    0.65044    5.76967    8.33154    4.81613   -5.05484    4.24363   -3.16058
1974 193578.995  -2270121.7083   5007958.8552   3221446.3140   5    0   8     9.4384    13.8065     7.8324    -8.4810     7.1071    -5.2806   0.00    0.0   -6.97820   -4.60680    0.64993    5.76967    8.33154    4.81613   -5.05484    4.24363   -3.16058
1974 193579.000  -2270121.3895   5007959.0793   3221446.6650   5    0   8     4.2560     6.3507     3.5066    -3.9715     3.3172    -2.4538   0.00    0.0   -6.77326   -4.46464    0.85482    3.09111    4.60740    2.53662   -2.87582    2.40584   -1.78311
1974 193579.005  -2270121.4234   5007959.0569   3221446.6692   5    0   8     4.2676     6.3682     3.5160    -3.9825     3.3264    -2.4607   0.00    0.0   -6.77874   -4.46655    0.85479    3.09111    4.60740    2.53662   -2.87582    2.40584   -1.78311
1974 193579.010  -2270121.4574   5007959.0346   3221446.6735   5    0   8     4.2793     6.3857     3.5255    -3.9936     3.3357    -2.4675   0.00    0.0   -6.78711   -4.46840    0.85526    3.09111    4.60740    2.53662   -2.87581    2.40584   -1.78311
1974 193579.015  -2270121.4913   5007959.0122   3221446.6778   5    0   8     4.2909     6.4033     3.5349    -4.0047     3.3449    -2.4744   0.00    0.0   -6.79393   -4.47119    0.85829    3.09111    4.60741    2.53662   -2.87581    2.40584   -1.78311
1974 193579.020  -2270121.5253   5007958.9899   3221446.6821   5    0   8     4.3026     6.4209     3.5444    -4.0158     3.3542    -2.4813   0.00    0.0   -6.80044   -4.47459    0.86095    3.09110    4.60741    2.53662   -2.87581    2.40584   -1.78311
1974 193579.025  -2270121.5594   5007958.9675   3221446.6864   5    0   8     4.3143     6.4386     3.5539    -4.0269     3.3635    -2.4882   0.00    0.0   -6.80821   -4.47397    0.86227    3.09110    4.60741    2.53662   -2.87581    2.40584   -1.78311
1974 193579.030  -2270121.5934   5007958.9451   3221446.6907   5    0   8     4.3260     6.4563     3.5634    -4.0380     3.3729    -2.4951   0.00    0.0   -6.81451   -4.47301    0.86366    3.09110    4.60741    2.53662   -2.87581    2.40584   -1.78310
1974 193579.035  -2270121.6275   5007958.9228   3221446.6951   5    0   8     4.3377     6.4740     3.5729    -4.0492     3.3822    -2.5020   0.00    0.0   -6.82058   -4.47570    0.86446    3.09110    4.60741    2.53662   -2.87581    2.40584   -1.78310
1974 193579.040  -2270121.6617   5007958.9004   3221446.6994   5    0   8     4.3495     6.4917     3.5825    -4.0604     3.3915    -2.5089   0.00    0.0   -6.82740   -4.47923    0.86645    3.09110    4.60741    2.53662   -2.87580    2.40584   -1.78310
1974 193579.045  -2270121.6959   5007958.8780   3221446.7037   5    0   8     4.3613     6.5095     3.5920    -4.0716     3.4009    -2.5159   0.00    0.0   -6.83366   -4.48184    0.86742    3.09110    4.60742    2.53662   -2.87580    2.40584   -1.78310
1974 193579.050  -2270121.7300   5007958.8555   3221446.7081   5    0   8     4.3731     6.5273     3.6016    -4.0828     3.4103    -2.5228   0.00    0.0   -6.83879   -4.48289    0.86739    3.09110    4.60742    2.53662   -2.87580    2.40584   -1.78310
1974 193579.055  -2270121.7643   5007958.8331   3221446.7124   5    0   8     4.3849     6.5452     3.6112    -4.0940     3.4197    -2.5298   0.00    0.0   -6.84545   -4.48239    0.86943    3.09110    4.60742    2.53662   -2.87580    2.40584   -1.78310
1974 193579.060  -2270121.7985   5007958.8107   3221446.7168   5    0   8     4.3968     6.5630     3.6208    -4.1053     3.4291    -2.5368   0.00    0.0   -6.85108   -4.48596    0.86988    3.09109    4.60742    2.53662   -2.87580    2.40584   -1.78310
1974 193579.065  -2270121.8328   5007958.7883   3221446.7211   5    0   8     4.4087     6.5809     3.6305    -4.1166     3.4386    -2.5438   0.00    0.0   -6.85736   -4.48794    0.87257    3.09109    4.60742    2.53663   -2.87580    2.40584   -1.78310
1974 193579.070  -2270121.8671   5007958.7658   3221446.7255   5    0   8     4.4206     6.5989     3.6402    -4.1279     3.4480    -2.5508   0.00    0.0   -6.86252   -4.48911    0.87360    3.09109    4.60742    2.53663   -2.87579    2.40584   -1.78309
1974 193579.075  -2270121.9015   5007958.7434   3221446.7299   5    0   8     4.4325     6.6169     3.6498    -4.1392     3.4575    -2.5578   0.00    0.0   -6.86620   -4.49255    0.87122    3.09109    4.60743    2.53663   -2.87579    2.40584   -1.78309
1974 193579.080  -2270121.9358   5007958.7209   3221446.7342   5    0   8     4.4444     6.6349     3.6595    -4.1505     3.4670    -2.5648   0.00    0.0   -6.87393   -4.49309    0.87198    3.09109    4.60743    2.53663   -2.87579    2.40584   -1.78309
1974 193579.085  -2270121.9702   5007958.6984   3221446.7386   5    0   8     4.4564     6.6529     3.6692    -4.1619     3.4765    -2.5719   0.00    0.0   -6.88105   -4.49666    0.87179    3.09109    4.60743    2.53663   -2.87579    2.40584   -1.78309
1974 193579.090  -2270122.0047   5007958.6759   3221446.7429   5    0   8     4.4684     6.6710     3.6790    -4.1732     3.4860    -2.5789   0.00    0.0   -6.88749   -4.49828    0.87452    3.09109    4.60743    2.53663   -2.87579    2.40584   -1.78309
1974 193579.095  -2270122.0391   5007958.6534   3221446.7473   5    0   8     4.4804     6.6891     3.6887    -4.1846     3.4955    -2.5860   0.00    0.0   -6.89371   -4.49868    0.87627    3.09108    4.60743    2.53663   -2.87579    2.40585   -1.78309
1974 193579.100  -2270122.0736   5007958.6309   3221446.7517   5    0   8     4.4924     6.7072     3.6985    -4.1960     3.5051    -2.5931   0.00    0.0   -6.89790   -4.50305    0.87410    3.09108    4.60743    2.53663   -2.87578    2.40585   -1.78309
1974 193579.105  -2270122.1082   5007958.6084   3221446.7561   5    0   8     4.5045     6.7254     3.7083    -4.2075     3.5147    -2.6002   0.00    0.0   -6.90468   -4.50368    0.87850    3.09108    4.60744    2.53663   -2.87578    2.40585   -1.78308
1974 193579.110  -2270122.1427   5007958.5858   3221446.7605   5    0   8     4.5166     6.7436     3.7181    -4.2189     3.5242    -2.6073   0.00    0.0   -6.90904   -4.50767    0.88191    3.09108    4.60744    2.53663   -2.87578    2.40585   -1.78308
1974 193579.115  -2270122.1773   5007958.5633   3221446.7649   5    0   8     4.5287     6.7618     3.7279    -4.2304     3.5338    -2.6144   0.00    0.0   -6.91310   -4.51173    0.88147    3.09108    4.60744    2.53663   -2.87578    2.40585   -1.78308
1974 193579.120  -2270122.2119   5007958.5407   3221446.7693   5    0   8     4.5408     6.7800     3.7378    -4.2419     3.5434    -2.6215   0.00    0.0   -6.91830   -4.51443    0.88057    3.09108    4.60744    2.53663   -2.87578    2.40585   -1.78308
1974 193579.125  -2270122.2465   5007958.5181   3221446.7737   5    0   8     4.5529     6.7983     3.7476    -4.2534     3.5531    -2.6286   0.00    0.0   -6.92447   -4.51866    0.88077    3.09108    4.60744    2.53663   -2.87578    2.40585   -1.78308
1974 193579.130  -2270122.2811   5007958.4955   3221446.7781   5    0   8     4.5650     6.8166     3.7575    -4.2649     3.5627    -2.6358   0.00    0.0   -6.93289   -4.52045    0.88317    3.09108    4.60744    2.53663   -2.87577    2.40585   -1.78308
1974 193579.135  -2270122.3158   5007958.4729   3221446.7825   5    0   8     4.5772     6.8349     3.7674    -4.2764     3.5723    -2.6429   0.00    0.0   -6.93849   -4.52567    0.88272    3.09107    4.60745    2.53664   -2.87577    2.40585   -1.78308
1974 193579.140  -2270122.3505   5007958.4502   3221446.7870   5    0   8     4.5894     6.8533     3.7773    -4.2880     3.5820    -2.6501   0.00    0.0   -6.94240   -4.53006    0.88186    3.09107    4.60745    2.53664   -2.87577    2.40585   -1.78308
1974 193579.145  -2270122.3853   5007958.4276   3221446.7914   5    0   8     4.6016     6.8717     3.7872    -4.2995     3.5917    -2.6573   0.00    0.0   -6.94596   -4.53337    0.88278    3.09107    4.60745    2.53664   -2.87577    2.40585   -1.78307
1974 193579.150  -2270122.4200   5007958.4049   3221446.7958   5    0   8     4.6139     6.8901     3.7972    -4.3111     3.6014    -2.6645   0.00    0.0   -6.95055   -4.53633    0.88440    3.09107    4.60745    2.53664   -2.87577    2.40585   -1.78307
1974 193579.155  -2270122.4548   5007958.3822   3221446.8002   5    0   8     4.6261     6.9085     3.8071    -4.3227     3.6111    -2.6716   0.00    0.0   -6.95673   -4.53849    0.88493    3.09107    4.60745    2.53664   -2.87577    2.40585   -1.78307
1974 193579.160  -2270122.4896   5007958.3595   3221446.8046   5    0   8     4.6384     6.9270     3.8171    -4.3343     3.6208    -2.6789   0.00    0.0   -6.96252   -4.54184    0.88582    3.09107    4.60745    2.53664   -2.87577    2.40585   -1.78307
1974 193579.165  -2270122.5245   5007958.3368   3221446.8091   5    0   8     4.6507     6.9455     3.8271    -4.3460     3.6306    -2.6861   0.00    0.0   -6.96909   -4.54550    0.88591    3.09107    4.60746    2.53664   -2.87576    2.40585   -1.78307
1974 193579.170  -2270122.5593   5007958.3140   3221446.8135   5    0   8     4.6630     6.9641     3.8371    -4.3576     3.6403    -2.6933   0.00    0.0   -6.97554   -4.54931    0.88496    3.09107    4.60746    2.53664   -2.87576    2.40585   -1.78307
1974 193579.175  -2270122.5943   5007958.2913   3221446.8179   5    0   8     4.6753     6.9826     3.8471    -4.3693     3.6501    -2.7005   0.00    0.0   -6.98062   -4.55229    0.88801    3.09106    4.60746    2.53664   -2.87576    2.40585   -1.78307
1974 193579.180  -2270122.6292   5007958.2685   3221446.8224   5    0   8     4.6876     7.0012     3.8571    -4.3810     3.6599    -2.7078   0.00    0.0   -6.98424   -4.55650    0.89113    3.09106    4.60746    2.53664   -2.87576    2.40585   -1.78306
1974 193579.185  -2270122.6641   5007958.2457   3221446.8269   5    0   8     4.7000     7.0198     3.8672    -4.3927     3.6696    -2.7150   0.00    0.0   -6.98716   -4.56088    0.89309    3.09106    4.60746    2.53664   -2.87576    2.40585   -1.78306
1974 193579.190  -2270122.6991   5007958.2228   3221446.8313   5    0   8     4.7124     7.0384     3.8773    -4.4044     3.6795    -2.7223   0.00    0.0   -6.99062   -4.56428    0.89627    3.09106    4.60747    2.53664   -2.87576    2.40585   -1.78306
1974 193579.195  -2270122.7340   5007958.2000   3221446.8358   5    0   8     4.7248     7.0571     3.8873    -4.4161     3.6893    -2.7296   0.00    0.0   -6.99501   -4.56960    0.89681    3.09106    4.60747    2.53664   -2.87575    2.40585   -1.78306
1974 193579.200  -2270122.7691   5007958.1771   3221446.8403   5    0   8     4.7372     7.0758     3.8974    -4.4279     3.6991    -2.7369   0.00    0.0   -7.00269   -4.57215    0.89841    3.09106    4.60747    2.53665   -2.87575    2.40585   -1.78306
1974 193579.205  -2270122.8041   5007958.1543   3221446.8448   5    0   8     4.7496     7.0945     3.9076    -4.4396     3.7089    -2.7442   0.00    0.0   -7.01026   -4.57416    0.90083    3.09106    4.60747    2.53665   -2.87575    2.40585   -1.78306
1974 193579.210  -2270122.8392   5007958.1314   3221446.8493   5    0   8     4.7621     7.1132     3.9177    -4.4514     3.7188    -2.7515   0.00    0.0   -7.01538   -4.57999    0.89978    3.09106    4.60747    2.53665   -2.87575    2.40585   -1.78306
1974 193579.215  -2270122.8743   5007958.1084   3221446.8538   5    0   8     4.7746     7.1320     3.9278    -4.4632     3.7287    -2.7588   0.00    0.0   -7.02044   -4.58528    0.89942    3.09105    4.60747    2.53665   -2.87575    2.40585   -1.78305
1974 193579.220  -2270122.9094   5007958.0855   3221446.8583   5    0   8     4.7871     7.1508     3.9380    -4.4750     3.7386    -2.7661   0.00    0.0   -7.02362   -4.58959    0.90178    3.09105    4.60748    2.53665   -2.87575    2.40585   -1.78305
1974 193579.225  -2270122.9445   5007958.0625   3221446.8628   5    0   8     4.7996     7.1696     3.9482    -4.4868     3.7485    -2.7734   0.00    0.0   -7.02945   -4.59153    0.90407    3.09105    4.60748    2.53665   -2.87574    2.40585   -1.78305
1974 193579.230  -2270122.9797   5007958.0396   3221446.8674   5    0   8     4.8121     7.1884     3.9584    -4.4987     3.7584    -2.7808   0.00    0.0   -7.03568   -4.59231    0.90415    3.09105    4.60748    2.53665   -2.87574    2.40585   -1.78305
1974 193579.235  -2270123.0149   5007958.0166   3221446.8719   5    0   8     4.8246     7.2073     3.9686    -4.5105     3.7683    -2.7881   0.00    0.0   -7.04095   -4.59544    0.90417    3.09105    4.60748    2.53665   -2.87574    2.40585   -1.78305
1974 193579.240  -2270123.0502   5007957.9936   3221446.8764   5    0   8     4.8372     7.2262     3.9788    -4.5224     3.7782    -2.7955   0.00    0.0   -7.04810   -4.59912    0.90444    3.09105    4.60748    2.53665   -2.87574    2.40585   -1.78305
1974 193579.245  -2270123.0855   5007957.9706   3221446.8809   5    0   8     4.8497     7.2451     3.9890    -4.5343     3.7882    -2.8029   0.00    0.0   -7.05597   -4.60287    0.90630    3.09105    4.60748    2.53665   -2.87574    2.40585   -1.78305
1974 193579.250  -2270123.1208   5007957.9476   3221446.8855   5    0   8     4.8623     7.2640     3.9992    -4.5462     3.7981    -2.8102   0.00    0.0   -7.06207   -4.60500    0.90941    3.09105    4.60749    2.53665   -2.87574    2.40585   -1.78305
1974 193579.255  -2270123.1561   5007957.9245   3221446.8900   5    0   8     4.8749     7.2830     4.0095    -4.5581     3.8081    -2.8176   0.00    0.0   -7.06776   -4.60884    0.90920    3.09104    4.60749    2.53665   -2.87573    2.40585   -1.78304
1974 193579.260  -2270123.1915   5007957.9014   3221446.8946   5    0   8     4.8876     7.3019     4.0198    -4.5700     3.8181    -2.8250   0.00    0.0   -7.07164   -4.61415    0.91008    3.09104    4.60749    2.53666   -2.87573    2.40585   -1.78304
1974 193579.265  -2270123.2268   5007957.8784   3221446.8992   5    0   8     4.9002     7.3209     4.0301    -4.5820     3.8280    -2.8324   0.00    0.0   -7.07495   -4.61900    0.91368    3.09104    4.60749    2.53666   -2.87573    2.40585   -1.78304
1974 193579.270  -2270123.2622   5007957.8552   3221446.9037   5    0   8     4.9129     7.3400     4.0404    -4.5939     3.8381    -2.8399   0.00    0.0   -7.07814   -4.62385    0.91648    3.09104    4.60749    2.53666   -2.87573    2.40586   -1.78304
1974 193579.275  -2270123.2976   5007957.8321   3221446.9083   5    0   8     4.9255     7.3590     4.0507    -4.6059     3.8481    -2.8473   0.00    0.0   -7.08323   -4.62618    0.91988    3.09104    4.60749    2.53666   -2.87573    2.40586   -1.78304
1974 193579.280  -2270123.3331   5007957.8090   3221446.9129   5    0   8     4.9382     7.3781     4.0610    -4.6179     3.8581    -2.8547   0.00    0.0   -7.09006   -4.62840    0.92091    3.09104    4.60750    2.53666   -2.87573    2.40586   -1.78304
1974 193579.285  -2270123.3686   5007957.7858   3221446.9175   5    0   8     4.9509     7.3972     4.0713    -4.6299     3.8681    -2.8621   0.00    0.0   -7.09636   -4.63216    0.92075    3.09104    4.60750    2.53666   -2.87572    2.40586   -1.78304
1974 193579.290  -2270123.4041   5007957.7626   3221446.9222   5    0   8     4.9636     7.4163     4.0817    -4.6419     3.8782    -2.8696   0.00    0.0   -7.10341   -4.63681    0.92149    3.09104    4.60750    2.53666   -2.87572    2.40586   -1.78303
1974 193579.295  -2270123.4396   5007957.7394   3221446.9268   5    0   8     4.9764     7.4354     4.0921    -4.6539     3.8882    -2.8770   0.00    0.0   -7.10811   -4.64209    0.92233    3.09103    4.60750    2.53666   -2.87572    2.40586   -1.78303
1974 193579.300  -2270123.4752   5007957.7162   3221446.9314   5    0   8     4.9891     7.4546     4.1024    -4.6659     3.8983    -2.8845   0.00    0.0   -7.11161   -4.64690    0.92378    3.09103    4.60750    2.53666   -2.87572    2.40586   -1.78303
1974 193579.305  -2270123.5108   5007957.6929   3221446.9360   5    0   8     5.0019     7.4738     4.1128    -4.6780     3.9084    -2.8920   0.00    0.0   -7.11596   -4.65027    0.92605    3.09103    4.60750    2.53666   -2.87572    2.40586   -1.78303
1974 193579.310  -2270123.5464   5007957.6697   3221446.9407   5    0   8     5.0147     7.4930     4.1232    -4.6900     3.9185    -2.8995   0.00    0.0   -7.12122   -4.65254    0.92949    3.09103    4.60751    2.53666   -2.87572    2.40586   -1.78303
1974 193579.315  -2270123.5820   5007957.6464   3221446.9453   5    0   8     5.0275     7.5122     4.1336    -4.7021     3.9286    -2.9070   0.00    0.0   -7.12616   -4.65709    0.93076    3.09103    4.60751    2.53667   -2.87571    2.40586   -1.78303
1974 193579.320  -2270123.6177   5007957.6231   3221446.9500   5    0   8     5.0403     7.5315     4.1441    -4.7142     3.9387    -2.9145   0.00    0.0   -7.13096   -4.66261    0.93124    3.09103    4.60751    2.53667   -2.87571    2.40586   -1.78303
1974 193579.325  -2270123.6534   5007957.5997   3221446.9546   5    0   8     5.0531     7.5507     4.1545    -4.7263     3.9488    -2.9220   0.00    0.0   -7.13801   -4.66708    0.93283    3.09103    4.60751    2.53667   -2.87571    2.40586   -1.78302
1974 193579.330  -2270123.6891   5007957.5764   3221446.9593   5    0   8     5.0659     7.5700     4.1650    -4.7384     3.9590    -2.9295   0.00    0.0   -7.14174   -4.67470    0.93286    3.09103    4.60751    2.53667   -2.87571    2.40586   -1.78302
1974 193579.335  -2270123.7248   5007957.5530   3221446.9640   5    0   8     5.0788     7.5893     4.1754    -4.7505     3.9691    -2.9370   0.00    0.0   -7.14606   -4.67953    0.93563    3.09102    4.60752    2.53667   -2.87571    2.40586   -1.78302
1974 193579.340  -2270123.7605   5007957.5295   3221446.9687   5    0   8     5.0916     7.6087     4.1859    -4.7627     3.9793    -2.9445   0.00    0.0   -7.15104   -4.68391    0.93658    3.09102    4.60752    2.53667   -2.87571    2.40586   -1.78302
1974 193579.345  -2270123.7963   5007957.5061   3221446.9733   5    0   8     5.1045     7.6280     4.1964    -4.7748     3.9894    -2.9521   0.00    0.0   -7.15535   -4.68942    0.93712    3.09102    4.60752    2.53667   -2.87570    2.40586   -1.78302
1974 193579.350  -2270123.8321   5007957.4826   3221446.9780   5    0   8     5.1174     7.6474     4.2069    -4.7870     3.9996    -2.9596   0.00    0.0   -7.15927   -4.69403    0.94042    3.09102    4.60752    2.53667   -2.87570    2.40586   -1.78302
1974 193579.355  -2270123.8679   5007957.4591   3221446.9828   5    0   8     5.1303     7.6668     4.2174    -4.7992     4.0098    -2.9672   0.00    0.0   -7.16428   -4.69960    0.94157    3.09102    4.60752    2.53667   -2.87570    2.40586   -1.78302
1974 193579.360  -2270123.9038   5007957.4356   3221446.9875   5    0   8     5.1433     7.6862     4.2280    -4.8113     4.0200    -2.9747   0.00    0.0   -7.17031   -4.70306    0.94216    3.09102    4.60752    2.53667   -2.87570    2.40586   -1.78301
1974 193579.365  -2270123.9397   5007957.4121   3221446.9922   5    0   8     5.1562     7.7056     4.2385    -4.8235     4.0302    -2.9823   0.00    0.0   -7.17588   -4.70465    0.94497    3.09102    4.60753    2.53667   -2.87570    2.40586   -1.78301
1974 193579.370  -2270123.9756   5007957.3885   3221446.9969   5    0   8     5.1692     7.7251     4.2490    -4.8358     4.0404    -2.9899   0.00    0.0   -7.18025   -4.71029    0.94480    3.09102    4.60753    2.53667   -2.87570    2.40586   -1.78301
1974 193579.375  -2270124.0115   5007957.3649   3221447.0016   5    0   8     5.1821     7.7446     4.2596    -4.8480     4.0507    -2.9974   0.00    0.0   -7.18427   -4.71641    0.94542    3.09101    4.60753    2.53668   -2.87569    2.40586   -1.78301
1974 193579.380  -2270124.0474   5007957.3413   3221447.0064   5    0   8     5.1951     7.7641     4.2702    -4.8602     4.0609    -3.0050   0.00    0.0   -7.18868   -4.72037    0.94861    3.09101    4.60753    2.53668   -2.87569    2.40586   -1.78301
1974 193579.385  -2270124.0834   5007957.3177   3221447.0111   5    0   8     5.2081     7.7836     4.2808    -4.8725     4.0712    -3.0126   0.00    0.0   -7.19308   -4.72424    0.95092    3.09101    4.60753    2.53668   -2.87569    2.40586   -1.78301
1974 193579.390  -2270124.1194   5007957.2941   3221447.0159   5    0   8     5.2211     7.8031     4.2914    -4.8847     4.0814    -3.0202   0.00    0.0   -7.19826   -4.72822    0.95370    3.09101    4.60753    2.53668   -2.87569    2.40586   -1.78301
1974 193579.395  -2270124.1554   5007957.2704   3221447.0207   5    0   8     5.2341     7.8227     4.3020    -4.8970     4.0917    -3.0278   0.00    0.0   -7.20599   -4.73213    0.95626    3.09101    4.60754    2.53668   -2.87569    2.40586   -1.78300
1974 193579.400  -2270124.1915   5007957.2467   3221447.0255   5    0   8     5.2471     7.8422     4.3126    -4.9093     4.1020    -3.0355   0.00    0.0   -7.21182   -4.73743    0.95651    3.09101    4.60754    2.53668   -2.87569    2.40586   -1.78300
1974 193579.405  -2270124.2276   5007957.2230   3221447.0303   5    0   8     5.2602     7.8618     4.3232    -4.9216     4.1123    -3.0431   0.00    0.0   -7.21697   -4.74203    0.95826    3.09101    4.60754    2.53668   -2.87568    2.40586   -1.78300
1974 193579.410  -2270124.2637   5007957.1993   3221447.0351   5    0   8     5.2733     7.8814     4.3339    -4.9339     4.1225    -3.0507   0.00    0.0   -7.22216   -4.74559    0.96121    3.09101    4.60754    2.53668   -2.87568    2.40586   -1.78300
1974 193579.415  -2270124.2998   5007957.1755   3221447.0399   5    0   8     5.2863     7.9010     4.3445    -4.9462     4.1329    -3.0583   0.00    0.0   -7.22782   -4.75070    0.96240    3.09101    4.60754    2.53668   -2.87568    2.40586   -1.78300
1974 193579.420  -2270124.3360   5007957.1518   3221447.0447   5    0   8     5.2994     7.9207     4.3552    -4.9585     4.1432    -3.0660   0.00    0.0   -7.23131   -4.75556    0.96563    3.09100    4.60755    2.53668   -2.87568    2.40586   -1.78300
1974 193579.425  -2270124.3722   5007957.1280   3221447.0496   5    0   8     5.3125     7.9403     4.3659    -4.9708     4.1535    -3.0736   0.00    0.0   -7.23624   -4.75915    0.96894    3.09100    4.60755    2.53668   -2.87568    2.40586   -1.78300
1974 193579.430  -2270124.4084   5007957.1042   3221447.0544   5    0   8     5.3256     7.9600     4.3765    -4.9832     4.1638    -3.0813   0.00    0.0   -7.24269   -4.76292    0.96931    3.09100    4.60755    2.53669   -2.87568    2.40586   -1.78299
1974 193579.435  -2270124.4446   5007957.0803   3221447.0592   5    0   8     5.3387     7.9797     4.3872    -4.9956     4.1742    -3.0890   0.00    0.0   -7.24847   -4.76820    0.96961    3.09100    4.60755    2.53669   -2.87567    2.40586   -1.78299
1974 193579.440  -2270124.4809   5007957.0565   3221447.0641   5    0   8     5.3519     7.9994     4.3979    -5.0079     4.1845    -3.0966   0.00    0.0   -7.25467   -4.77141    0.97390    3.09100    4.60755    2.53669   -2.87567    2.40586   -1.78299
1974 193579.445  -2270124.5172   5007957.0326   3221447.0690   5    0   8     5.3650     8.0192     4.4087    -5.0203     4.1949    -3.1043   0.00    0.0   -7.25877   -4.77657    0.97667    3.09100    4.60755    2.53669   -2.87567    2.40586   -1.78299
1974 193579.450  -2270124.5535   5007957.0087   3221447.0739   5    0   8     5.3782     8.0389     4.4194    -5.0327     4.2053    -3.1120   0.00    0.0   -7.26440   -4.77995    0.97958    3.09100    4.60756    2.53669   -2.87567    2.40586   -1.78299
1974 193579.455  -2270124.5898   5007956.9848   3221447.0788   5    0   8     5.3914     8.0587     4.4301    -5.0451     4.2156    -3.1197   0.00    0.0   -7.26886   -4.78161    0.98261    3.09100    4.60756    2.53669   -2.87567    2.40586   -1.78299
1974 193579.460  -2270124.6262   5007956.9608   3221447.0837   5    0   8     5.4045     8.0785     4.4409    -5.0575     4.2260    -3.1274   0.00    0.0   -7.27393   -4.78674    0.98439    3.09100    4.60756    2.53669   -2.87567    2.40586   -1.78299
1974 193579.465  -2270124.6626   5007956.9369   3221447.0887   5    0   8     5.4177     8.0983     4.4516    -5.0699     4.2364    -3.1351   0.00    0.0   -7.28104   -4.78672    0.99136    3.09099    4.60756    2.53669   -2.87566    2.40586   -1.78298
1974 193579.470  -2270124.6991   5007956.9129   3221447.0937   5    0   8     5.4309     8.1181     4.4624    -5.0824     4.2468    -3.1428   0.00    0.0   -7.28834   -4.79023    0.99259    3.09099    4.60756    2.53669   -2.87566    2.40587   -1.78298
1974 193579.475  -2270124.7355   5007956.8890   3221447.0986   5    0   8     5.4442     8.1379     4.4732    -5.0948     4.2572    -3.1505   0.00    0.0   -7.29214   -4.79533    0.99379    3.09099    4.60756    2.53669   -2.87566    2.40587   -1.78298
1974 193579.480  -2270124.7720   5007956.8650   3221447.1036   5    0   8     5.4574     8.1578     4.4840    -5.1073     4.2677    -3.1583   0.00    0.0   -7.29709   -4.79610    1.00059    3.09099    4.60757    2.53670   -2.87566    2.40587   -1.78298
1974 193579.485  -2270124.8085   5007956.8410   3221447.1086   5    0   8     5.4706     8.1777     4.4948    -5.1197     4.2781    -3.1660   0.00    0.0   -7.30312   -4.79774    1.00222    3.09099    4.60757    2.53670   -2.87566    2.40587   -1.78298
1974 193579.490  -2270124.8451   5007956.8170   3221447.1137   5    0   8     5.4839     8.1975     4.5056    -5.1322     4.2885    -3.1737   0.00    0.0   -7.30916   -4.79868    1.00431    3.09099    4.60757    2.53670   -2.87566    2.40587   -1.78298
1974 193579.495  -2270124.8816   5007956.7930   3221447.1187   5    0   8     5.4972     8.2175     4.5164    -5.1447     4.2990    -3.1815   0.00    0.0   -7.31599   -4.80261    1.00941    3.09099    4.60757    2.53670   -2.87565    2.40587   -1.78298
1974 193579.500  -2270124.9183   5007956.7689   3221447.1238   5    0   8     5.5104     8.2374     4.5272    -5.1572     4.3094    -3.1892   0.00    0.0   -7.32264   -4.81022    1.00960    3.09099    4.60757    2.53670   -2.87565    2.40587   -1.78297
1974 193579.505  -2270124.9549   5007956.7449   3221447.1288   5    0   8     5.5237     8.2573     4.5381    -5.1697     4.3199    -3.1970   0.00    0.0   -7.32920   -4.81441    1.01067    3.09099    4.60758    2.53670   -2.87565    2.40587   -1.78297
1974 193579.510  -2270124.9916   5007956.7208   3221447.1339   5    0   8     5.5370     8.2773     4.5489    -5.1822     4.3304    -3.2047   0.00    0.0   -7.33387   -4.81757    1.01355    3.09098    4.60758    2.53670   -2.87565    2.40587   -1.78297
1974 193579.515  -2270125.0283   5007956.6967   3221447.1390   5    0   8     5.5503     8.2972     4.5598    -5.1947     4.3408    -3.2125   0.00    0.0   -7.33892   -4.82201    1.01544    3.09098    4.60758    2.53670   -2.87565    2.40587   -1.78297
1974 193579.520  -2270125.0650   5007956.6725   3221447.1440   5    0   8     5.5637     8.3172     4.5706    -5.2072     4.3513    -3.2203   0.00    0.0   -7.34251   -4.82685    1.01659    3.09098    4.60758    2.53670   -2.87565    2.40587   -1.78297
1974 193579.525  -2270125.1017   5007956.6484   3221447.1491   5    0   8     5.5770     8.3372     4.5815    -5.2198     4.3618    -3.2280   0.00    0.0   -7.34597   -4.83088    1.02091    3.09098    4.60758    2.53670   -2.87564    2.40587   -1.78297
1974 193579.530  -2270125.1385   5007956.6242   3221447.1543   5    0   8     5.5903     8.3572     4.5924    -5.2323     4.3723    -3.2358   0.00    0.0   -7.35028   -4.83484    1.02503    3.09098    4.60758    2.53671   -2.87564    2.40587   -1.78297
1974 193579.535  -2270125.1753   5007956.6000   3221447.1594   5    0   8     5.6037     8.3773     4.6033    -5.2449     4.3828    -3.2436   0.00    0.0   -7.35767   -4.83861    1.02457    3.09098    4.60759    2.53671   -2.87564    2.40587   -1.78296
1974 193579.540  -2270125.2121   5007956.5758   3221447.1645   5    0   8     5.6171     8.3973     4.6142    -5.2575     4.3934    -3.2514   0.00    0.0   -7.36354   -4.84088    1.02696    3.09098    4.60759    2.53671   -2.87564    2.40587   -1.78296
1974 193579.545  -2270125.2489   5007956.5516   3221447.1697   5    0   8     5.6304     8.4174     4.6251    -5.2700     4.4039    -3.2592   0.00    0.0   -7.37014   -4.84501    1.03103    3.09098    4.60759    2.53671   -2.87564    2.40587   -1.78296
1974 193579.550  -2270125.2858   5007956.5273   3221447.1748   5    0   8     5.6438     8.4374     4.6360    -5.2826     4.4144    -3.2670   0.00    0.0   -7.37589   -4.85090    1.03192    3.09098    4.60759    2.53671   -2.87564    2.40587   -1.78296
1974 193579.555  -2270125.3227   5007956.5031   3221447.1800   5    0   8     5.6572     8.4575     4.6469    -5.2952     4.4250    -3.2748   0.00    0.0   -7.38077   -4.85216    1.03551    3.09097    4.60759    2.53671   -2.87563    2.40587   -1.78296
1974 193579.560  -2270125.3596   5007956.4788   3221447.1852   5    0   8     5.6706     8.4776     4.6579    -5.3078     4.4355    -3.2827   0.00    0.0   -7.38458   -4.85518    1.03893    3.09097    4.60760    2.53671   -2.87563    2.40587   -1.78296
1974 193579.565  -2270125.3966   5007956.4545   3221447.1904   5    0   8     5.6840     8.4978     4.6688    -5.3204     4.4461    -3.2905   0.00    0.0   -7.38958   -4.85924    1.04200    3.09097    4.60760    2.53671   -2.87563    2.40587   -1.78296
1974 193579.570  -2270125.4336   5007956.4302   3221447.1957   5    0   8     5.6975     8.5179     4.6798    -5.3331     4.4566    -3.2983   0.00    0.0   -7.39663   -4.86159    1.04615    3.09097    4.60760    2.53671   -2.87563    2.40587   -1.78295
1974 193579.575  -2270125.4706   5007956.4058   3221447.2009   5    0   8     5.7109     8.5381     4.6907    -5.3457     4.4672    -3.3062   0.00    0.0   -7.39956   -4.86844    1.04684    3.09097    4.60760    2.53671   -2.87563    2.40587   -1.78295
1974 193579.580  -2270125.5076   5007956.3815   3221447.2061   5    0   8     5.7244     8.5582     4.7017    -5.3583     4.4778    -3.3140   0.00    0.0   -7.40595   -4.87140    1.05163    3.09097    4.60760    2.53672   -2.87563    2.40587   -1.78295
1974 193579.585  -2270125.5447   5007956.3571   3221447.2114   5    0   8     5.7378     8.5784     4.7127    -5.3710     4.4884    -3.3218   0.00    0.0   -7.41297   -4.87300    1.05628    3.09097    4.60760    2.53672   -2.87562    2.40587   -1.78295
1974 193579.590  -2270125.5817   5007956.3327   3221447.2167   5    0   8     5.7513     8.5986     4.7237    -5.3837     4.4990    -3.3297   0.00    0.0   -7.41817   -4.87840    1.05856    3.09097    4.60761    2.53672   -2.87562    2.40587   -1.78295
1974 193579.595  -2270125.6189   5007956.3083   3221447.2220   5    0   8     5.7648     8.6188     4.7347    -5.3963     4.5096    -3.3375   0.00    0.0   -7.42430   -4.88104    1.06463    3.09097    4.60761    2.53672   -2.87562    2.40587   -1.78295
1974 193579.600  -2270125.6560   5007956.2839   3221447.2274   5    0   8     5.7783     8.6390     4.7457    -5.4090     4.5202    -3.3454   0.00    0.0   -7.42963   -4.88763    1.06527    3.09096    4.60761    2.53672   -2.87562    2.40587   -1.78295
1974 193579.605  -2270125.6932   5007956.2594   3221447.2327   5    0   8     5.7918     8.6593     4.7567    -5.4217     4.5308    -3.3533   0.00    0.0   -7.43406   -4.89231    1.06808    3.09096    4.60761    2.53672   -2.87562    2.40587   -1.78294
1974 193579.610  -2270125.7304   5007956.2350   3221447.2381   5    0   8     5.8053     8.6795     4.7677    -5.4344     4.5414    -3.3611   0.00    0.0   -7.44087   -4.89600    1.07062    3.09096    4.60761    2.53672   -2.87562    2.40587   -1.78294
1974 193579.615  -2270125.7676   5007956.2104   3221447.2434   5    0   8     5.8188     8.6998     4.7788    -5.4471     4.5520    -3.3690   0.00    0.0   -7.44623   -4.90260    1.07014    3.09096    4.60762    2.53672   -2.87561    2.40587   -1.78294
1974 193579.620  -2270125.8049   5007956.1859   3221447.2488   5    0   8     5.8323     8.7201     4.7898    -5.4598     4.5627    -3.3769   0.00    0.0   -7.45052   -4.90691    1.07380    3.09096    4.60762    2.53672   -2.87561    2.40587   -1.78294
1974 193579.625  -2270125.8421   5007956.1613   3221447.2542   5    0   8     5.8458     8.7404     4.8009    -5.4725     4.5733    -3.3848   0.00    0.0   -7.45484   -4.91073    1.07804    3.09096    4.60762    2.53673   -2.87561    2.40587   -1.78294
1974 193579.630  -2270125.8794   5007956.1368   3221447.2596   5    0   8     5.8594     8.7607     4.8119    -5.4852     4.5840    -3.3927   0.00    0.0   -7.45925   -4.91512    1.07976    3.09096    4.60762    2.53673   -2.87561    2.40587   -1.78294
1974 193579.635  -2270125.9168   5007956.1122   3221447.2650   5    0   8     5.8729     8.7810     4.8230    -5.4980     4.5946    -3.4006   0.00    0.0   -7.46469   -4.91642    1.08472    3.09096    4.60762    2.53673   -2.87561    2.40587   -1.78294
1974 193579.640  -2270125.9541   5007956.0876   3221447.2704   5    0   8     5.8865     8.8013     4.8340    -5.5107     4.6053    -3.4085   0.00    0.0   -7.46708   -4.92125    1.08775    3.09096    4.60763    2.53673   -2.87561    2.40587   -1.78293
1974 193579.645  -2270125.9915   5007956.0630   3221447.2759   5    0   8     5.9001     8.8217     4.8451    -5.5235     4.6160    -3.4164   0.00    0.0   -7.47306   -4.92438    1.09129    3.09096    4.60763    2.53673   -2.87560    2.40587   -1.78293
1974 193579.650  -2270126.0289   5007956.0383   3221447.2814   5    0   8     5.9137     8.8420     4.8562    -5.5362     4.6266    -3.4243   0.00    0.0   -7.47766   -4.92940    1.09293    3.09095    4.60763    2.53673   -2.87560    2.40587   -1.78293
1974 193579.655  -2270126.0663   5007956.0137   3221447.2868   5    0   8     5.9273     8.8624     4.8673    -5.5490     4.6373    -3.4322   0.00    0.0   -7.48309   -4.93301    1.09713    3.09095    4.60763    2.53673   -2.87560    2.40587   -1.78293
1974 193579.660  -2270126.1037   5007955.9890   3221447.2923   5    0   8     5.9409     8.8828     4.8784    -5.5618     4.6480    -3.4402   0.00    0.0   -7.48965   -4.93544    1.09966    3.09095    4.60763    2.53673   -2.87560    2.40587   -1.78293
1974 193579.665  -2270126.1412   5007955.9643   3221447.2978   5    0   8     5.9545     8.9032     4.8895    -5.5745     4.6587    -3.4481   0.00    0.0   -7.49575   -4.93977    1.10037    3.09095    4.60764    2.53673   -2.87560    2.40587   -1.78293
1974 193579.670  -2270126.1787   5007955.9396   3221447.3034   5    0   8     5.9681     8.9236     4.9006    -5.5873     4.6694    -3.4560   0.00    0.0   -7.50088   -4.94367    1.10610    3.09095    4.60764    2.53674   -2.87560    2.40587   -1.78293
1974 193579.675  -2270126.2162   5007955.9148   3221447.3089   5    0   8     5.9817     8.9440     4.9118    -5.6001     4.6801    -3.4640   0.00    0.0   -7.50522   -4.95053    1.10853    3.09095    4.60764    2.53674   -2.87559    2.40587   -1.78292
1974 193579.680  -2270126.2538   5007955.8900   3221447.3145   5    0   8     5.9954     8.9644     4.9229    -5.6129     4.6908    -3.4719   0.00    0.0   -7.50904   -4.95379    1.11017    3.09095    4.60764    2.53674   -2.87559    2.40587   -1.78292
1974 193579.685  -2270126.2913   5007955.8653   3221447.3200   5    0   8     6.0090     8.9849     4.9341    -5.6257     4.7016    -3.4798   0.00    0.0   -7.51330   -4.95434    1.11412    3.09095    4.60764    2.53674   -2.87559    2.40587   -1.78292
1974 193579.690  -2270126.3289   5007955.8405   3221447.3256   5    0   8     6.0227     9.0054     4.9452    -5.6386     4.7123    -3.4878   0.00    0.0   -7.51785   -4.95902    1.11585    3.09095    4.60764    2.53674   -2.87559    2.40587   -1.78292
1974 193579.695  -2270126.3665   5007955.8157   3221447.3312   5    0   8     6.0363     9.0258     4.9564    -5.6514     4.7230    -3.4958   0.00    0.0   -7.52400   -4.96360    1.11725    3.09095    4.60765    2.53674   -2.87559    2.40587   -1.78292
1974 193579.700  -2270126.4042   5007955.7908   3221447.3368   5    0   8     6.0500     9.0463     4.9675    -5.6642     4.7338    -3.5037   0.00    0.0   -7.53087   -4.96662    1.12021    3.09094    4.60765    2.53674   -2.87559    2.40587   -1.78292
1974 193579.705  -2270126.4419   5007955.7660   3221447.3424   5    0   8     6.0637     9.0668     4.9787    -5.6771     4.7445    -3.5117   0.00    0.0   -7.53604   -4.97068    1.12283    3.09094    4.60765    2.53674   -2.87558    2.40587   -1.78292
1974 193579.710  -2270126.4796   5007955.7411   3221447.3480   5    0   8     6.0774     9.0873     4.9899    -5.6899     4.7553    -3.5196   0.00    0.0   -7.54244   -4.97456    1.12499    3.09094    4.60765    2.53674   -2.87558    2.40587   -1.78291
1974 193579.715  -2270126.5173   5007955.7162   3221447.3537   5    0   8     6.0911     9.1079     5.0011    -5.7028     4.7660    -3.5276   0.00    0.0   -7.54613   -4.98040    1.12727    3.09094    4.60765    2.53675   -2.87558    2.40588   -1.78291
1974 193579.720  -2270126.5551   5007955.6913   3221447.3593   5    0   8     6.1048     9.1284     5.0122    -5.7156     4.7768    -3.5356   0.00    0.0   -7.55024   -4.98593    1.13120    3.09094    4.60766    2.53675   -2.87558    2.40588   -1.78291
1974 193579.725  -2270126.5928   5007955.6663   3221447.3650   5    0   8     6.1185     9.1489     5.0234    -5.7285     4.7876    -3.5436   0.00    0.0   -7.55433   -4.99038    1.13396    3.09094    4.60766    2.53675   -2.87558    2.40588   -1.78291
1974 193579.730  -2270126.6306   5007955.6413   3221447.3707   5    0   8     6.1322     9.1695     5.0347    -5.7414     4.7983    -3.5516   0.00    0.0   -7.55935   -4.99443    1.13626    3.09094    4.60766    2.53675   -2.87558    2.40588   -1.78291
1974 193579.735  -2270126.6685   5007955.6163   3221447.3764   5    0   8     6.1460     9.1901     5.0459    -5.7543     4.8091    -3.5596   0.00    0.0   -7.56542   -4.99846    1.13774    3.09094    4.60766    2.53675   -2.87557    2.40588   -1.78291
1974 193579.740  -2270126.7063   5007955.5913   3221447.3821   5    0   8     6.1597     9.2107     5.0571    -5.7672     4.8199    -3.5676   0.00    0.0   -7.57047   -5.00505    1.13771    3.09094    4.60766    2.53675   -2.87557    2.40588   -1.78291
1974 193579.745  -2270126.7442   5007955.5663   3221447.3878   5    0   8     6.1734     9.2312     5.0683    -5.7801     4.8307    -3.5756   0.00    0.0   -7.57504   -5.00955    1.14113    3.09094    4.60767    2.53675   -2.87557    2.40588   -1.78290
1974 193579.750  -2270126.7821   5007955.5412   3221447.3935   5    0   8     6.1872     9.2519     5.0796    -5.7930     4.8415    -3.5836   0.00    0.0   -7.57939   -5.01308    1.14364    3.09093    4.60767    2.53675   -2.87557    2.40588   -1.78290
1974 193579.755  -2270126.8200   5007955.5161   3221447.3992   5    0   8     6.2010     9.2725     5.0908    -5.8059     4.8523    -3.5916   0.00    0.0   -7.58223   -5.01801    1.14524    3.09093    4.60767    2.53675   -2.87557    2.40588   -1.78290
1974 193579.760  -2270126.8579   5007955.4910   3221447.4050   5    0   8     6.2147     9.2931     5.1020    -5.8188     4.8631    -3.5996   0.00    0.0   -7.58712   -5.02082    1.15064    3.09093    4.60767    2.53676   -2.87557    2.40588   -1.78290
1974 193579.765  -2270126.8959   5007955.4659   3221447.4107   5    0   8     6.2285     9.3137     5.1133    -5.8317     4.8739    -3.6076   0.00    0.0   -7.59265   -5.02441    1.15348    3.09093    4.60767    2.53676   -2.87556    2.40588   -1.78290
1974 193579.770  -2270126.9339   5007955.4408   3221447.4165   5    0   8     6.2423     9.3344     5.1246    -5.8447     4.8848    -3.6156   0.00    0.0   -7.59923   -5.02783    1.15560    3.09093    4.60767    2.53676   -2.87556    2.40588   -1.78290
1974 193579.775  -2270126.9719   5007955.4156   3221447.4223   5    0   8     6.2561     9.3551     5.1358    -5.8576     4.8956    -3.6237   0.00    0.0   -7.60545   -5.03133    1.15769    3.09093    4.60768    2.53676   -2.87556    2.40588   -1.78289
1974 193579.780  -2270127.0100   5007955.3904   3221447.4281   5    0   8     6.2699     9.3757     5.1471    -5.8706     4.9064    -3.6317   0.00    0.0   -7.61047   -5.03772    1.15723    3.09093    4.60768    2.53676   -2.87556    2.40588   -1.78289
1974 193579.785  -2270127.0480   5007955.3652   3221447.4339   5    0   8     6.2837     9.3964     5.1584    -5.8835     4.9173    -3.6397   0.00    0.0   -7.61356   -5.04454    1.15849    3.09093    4.60768    2.53676   -2.87556    2.40588   -1.78289
1974 193579.790  -2270127.0861   5007955.3399   3221447.4397   5    0   8     6.2975     9.4171     5.1697    -5.8965     4.9281    -3.6478   0.00    0.0   -7.61722   -5.05037    1.16143    3.09093    4.60768    2.53676   -2.87556    2.40588   -1.78289
1974 193579.795  -2270127.1242   5007955.3147   3221447.4455   5    0   8     6.3114     9.4378     5.1810    -5.9094     4.9390    -3.6558   0.00    0.0   -7.62079   -5.05521    1.16555    3.09093    4.60768    2.53676   -2.87555    2.40588   -1.78289
1974 193579.800  -2270127.1624   5007955.2894   3221447.4514   5    0   8     6.3252     9.4585     5.1923    -5.9224     4.9498    -3.6639   0.00    0.0   -7.62527   -5.06009    1.16816    3.09093    4.60769    2.53676   -2.87555    2.40588   -1.78289
1974 193579.805  -2270127.2005   5007955.2640   3221447.4572   5    0   8     6.3390     9.4793     5.2036    -5.9354     4.9607    -3.6719   0.00    0.0   -7.63003   -5.06278    1.17152    3.09092    4.60769    2.53677   -2.87555    2.40588   -1.78289
1974 193579.810  -2270127.2387   5007955.2387   3221447.4631   5    0   8     6.3529     9.5000     5.2149    -5.9484     4.9716    -3.6800   0.00    0.0   -7.63664   -5.06518    1.17294    3.09092    4.60769    2.53677   -2.87555    2.40588   -1.78288
1974 193579.815  -2270127.2769   5007955.2134   3221447.4689   5    0   8     6.3667     9.5207     5.2262    -5.9614     4.9824    -3.6880   0.00    0.0   -7.64295   -5.06976    1.17411    3.09092    4.60769    2.53677   -2.87555    2.40588   -1.78288
1974 193579.820  -2270127.3152   5007955.1880   3221447.4748   5    0   8     6.3806     9.5415     5.2375    -5.9744     4.9933    -3.6961   0.00    0.0   -7.64894   -5.07334    1.17842    3.09092    4.60769    2.53677   -2.87555    2.40588   -1.78288
1974 193579.825  -2270127.3534   5007955.1626   3221447.4807   5    0   8     6.3945     9.5623     5.2489    -5.9874     5.0042    -3.7041   0.00    0.0   -7.65487   -5.07796    1.18093    3.09092    4.60770    2.53677   -2.87554    2.40588   -1.78288
1974 193579.830  -2270127.3917   5007955.1372   3221447.4867   5    0   8     6.4083     9.5831     5.2602    -6.0004     5.0151    -3.7122   0.00    0.0   -7.65887   -5.08068    1.18510    3.09092    4.60770    2.53677   -2.87554    2.40588   -1.78288
1974 193579.835  -2270127.4300   5007955.1118   3221447.4926   5    0   8     6.4222     9.6038     5.2715    -6.0134     5.0260    -3.7203   0.00    0.0   -7.66312   -5.08399    1.18873    3.09092    4.60770    2.53677   -2.87554    2.40588   -1.78288
1974 193579.840  -2270127.4684   5007955.0863   3221447.4986   5    0   8     6.4361     9.6246     5.2829    -6.0264     5.0369    -3.7284   0.00    0.0   -7.66687   -5.08916    1.19024    3.09092    4.60770    2.53677   -2.87554    2.40588   -1.78288
1974 193579.845  -2270127.5067   5007955.0609   3221447.5045   5    0   8     6.4500     9.6455     5.2943    -6.0395     5.0478    -3.7364   0.00    0.0   -7.67330   -5.09166    1.19504    3.09092    4.60770    2.53678   -2.87554    2.40588   -1.78287
1974 193579.850  -2270127.5451   5007955.0354   3221447.5105   5    0   8     6.4639     9.6663     5.3056    -6.0525     5.0587    -3.7445   0.00    0.0   -7.67840   -5.09610    1.19800    3.09092    4.60771    2.53678   -2.87553    2.40588   -1.78287
1974 193579.855  -2270127.5836   5007955.0099   3221447.5165   5    0   8     6.4778     9.6871     5.3170    -6.0655     5.0696    -3.7526   0.00    0.0   -7.68406   -5.09951    1.20011    3.09092    4.60771    2.53678   -2.87553    2.40588   -1.78287
1974 193579.860  -2270127.6220   5007954.9844   3221447.5225   5    0   8     6.4918     9.7079     5.3284    -6.0786     5.0805    -3.7607   0.00    0.0   -7.68973   -5.10324    1.20059    3.09091    4.60771    2.53678   -2.87553    2.40588   -1.78287
1974 193579.865  -2270127.6605   5007954.9588   3221447.5285   5    0   8     6.5057     9.7288     5.3397    -6.0916     5.0915    -3.7688   0.00    0.0   -7.69378   -5.10849    1.20271    3.09091    4.60771    2.53678   -2.87553    2.40588   -1.78287
1974 193579.870  -2270127.6990   5007954.9333   3221447.5346   5    0   8     6.5196     9.7497     5.3511    -6.1047     5.1024    -3.7769   0.00    0.0   -7.69782   -5.11307    1.20669    3.09091    4.60771    2.53678   -2.87553    2.40588   -1.78287
1974 193579.875  -2270127.7375   5007954.9077   3221447.5406   5    0   8     6.5336     9.7705     5.3625    -6.1178     5.1133    -3.7850   0.00    0.0   -7.70173   -5.11909    1.20692    3.09091    4.60771    2.53678   -2.87553    2.40588   -1.78287
1974 193579.880  -2270127.7760   5007954.8821   3221447.5467   5    0   8     6.5475     9.7914     5.3739    -6.1308     5.1243    -3.7931   0.00    0.0   -7.70624   -5.12247    1.20817    3.09091    4.60772    2.53678   -2.87552    2.40588   -1.78286
1974 193579.885  -2270127.8146   5007954.8564   3221447.5527   5    0   8     6.5615     9.8123     5.3853    -6.1439     5.1352    -3.8012   0.00    0.0   -7.71053   -5.12663    1.20962    3.09091    4.60772    2.53678   -2.87552    2.40588   -1.78286
1974 193579.890  -2270127.8531   5007954.8308   3221447.5588   5    0   8     6.5754     9.8332     5.3967    -6.1570     5.1462    -3.8094   0.00    0.0   -7.71635   -5.13015    1.21300    3.09091    4.60772    2.53679   -2.87552    2.40588   -1.78286
1974 193579.895  -2270127.8917   5007954.8051   3221447.5648   5    0   8     6.5894     9.8541     5.4081    -6.1701     5.1571    -3.8175   0.00    0.0   -7.72180   -5.13456    1.21532    3.09091    4.60772    2.53679   -2.87552    2.40588   -1.78286
1974 193579.900  -2270127.9304   5007954.7794   3221447.5709   5    0   8     6.6034     9.8750     5.4196    -6.1832     5.1681    -3.8256   0.00    0.0   -7.72596   -5.14055    1.21647    3.09091    4.60772    2.53679   -2.87552    2.40588   -1.78286
1974 193579.905  -2270127.9690   5007954.7537   3221447.5770   5    0   8     6.6174     9.8960     5.4310    -6.1963     5.1790    -3.8337   0.00    0.0   -7.73031   -5.14468    1.21963    3.09091    4.60773    2.53679   -2.87552    2.40588   -1.78286
1974 193579.910  -2270128.0077   5007954.7279   3221447.5831   5    0   8     6.6313     9.9169     5.4424    -6.2094     5.1900    -3.8418   0.00    0.0   -7.73425   -5.15074    1.22075    3.09091    4.60773    2.53679   -2.87551    2.40588   -1.78285
1974 193579.915  -2270128.0464   5007954.7022   3221447.5892   5    0   8     6.6453     9.9378     5.4539    -6.2225     5.2010    -3.8500   0.00    0.0   -7.73823   -5.15548    1.22335    3.09090    4.60773    2.53679   -2.87551    2.40588   -1.78285
1974 193579.920  -2270128.0851   5007954.6763   3221447.5954   5    0   8     6.6593     9.9588     5.4653    -6.2356     5.2120    -3.8581   0.00    0.0   -7.74138   -5.16303    1.22381    3.09090    4.60773    2.53679   -2.87551    2.40588   -1.78285
1974 193579.925  -2270128.1238   5007954.6505   3221447.6015   5    0   8     6.6733     9.9798     5.4768    -6.2488     5.2229    -3.8663   0.00    0.0   -7.74597   -5.16848    1.22757    3.09090    4.60773    2.53679   -2.87551    2.40588   -1.78285
1974 193579.930  -2270128.1626   5007954.6246   3221447.6077   5    0   8     6.6874    10.0007     5.4882    -6.2619     5.2339    -3.8744   0.00    0.0   -7.75178   -5.17155    1.23145    3.09090    4.60774    2.53680   -2.87551    2.40588   -1.78285
1974 193579.935  -2270128.2014   5007954.5988   3221447.6138   5    0   8     6.7014    10.0217     5.4997    -6.2750     5.2449    -3.8825   0.00    0.0   -7.75527   -5.17710    1.23133    3.09090    4.60774    2.53680   -2.87551    2.40588   -1.78285
1974 193579.940  -2270128.2402   5007954.5729   3221447.6200   5    0   8     6.7154    10.0427     5.5111    -6.2882     5.2559    -3.8907   0.00    0.0   -7.76002   -5.17947    1.23486    3.09090    4.60774    2.53680   -2.87550    2.40588   -1.78285
1974 193579.945  -2270128.2790   5007954.5469   3221447.6262   5    0   8     6.7294    10.0637     5.5226    -6.3013     5.2669    -3.8988   0.00    0.0   -7.76442   -5.18604    1.23357    3.09090    4.60774    2.53680   -2.87550    2.40588   -1.78284
1974 193579.950  -2270128.3178   5007954.5210   3221447.6323   5    0   8     6.7435    10.0847     5.5341    -6.3144     5.2779    -3.9070   0.00    0.0   -7.76896   -5.19231    1.23457    3.09090    4.60774    2.53680   -2.87550    2.40588   -1.78284
1974 193579.955  -2270128.3567   5007954.4950   3221447.6385   5    0   8     6.7575    10.1057     5.5456    -6.3276     5.2889    -3.9152   0.00    0.0   -7.77328   -5.19800    1.23771    3.09090    4.60775    2.53680   -2.87550    2.40588   -1.78284
1974 193579.960  -2270128.3956   5007954.4690   3221447.6447   5    0   8     6.7716    10.1268     5.5570    -6.3408     5.2999    -3.9233   0.00    0.0   -7.77706   -5.20532    1.23676    3.09090    4.60775    2.53680   -2.87550    2.40588   -1.78284
1974 193579.965  -2270128.4345   5007954.4429   3221447.6509   5    0   8     6.7856    10.1478     5.5685    -6.3539     5.3110    -3.9315   0.00    0.0   -7.78269   -5.20739    1.23869    3.09090    4.60775    2.53680   -2.87550    2.40588   -1.78284
1974 193579.970  -2270128.4734   5007954.4169   3221447.6571   5    0   8     6.7997    10.1689     5.5800    -6.3671     5.3220    -3.9397   0.00    0.0   -7.78743   -5.21116    1.24130    3.09089    4.60775    2.53681   -2.87549    2.40588   -1.78284
1974 193579.975  -2270128.5124   5007954.3908   3221447.6633   5    0   8     6.8138    10.1899     5.5915    -6.3803     5.3330    -3.9478   0.00    0.0   -7.79348   -5.21695    1.24257    3.09089    4.60775    2.53681   -2.87549    2.40588   -1.78284
1974 193579.980  -2270128.5514   5007954.3647   3221447.6695   5    0   8     6.8278    10.2110     5.6030    -6.3935     5.3440    -3.9560   0.00    0.0   -7.79998   -5.22044    1.24506    3.09089    4.60776    2.53681   -2.87549    2.40588   -1.78283
1974 193579.985  -2270128.5904   5007954.3385   3221447.6758   5    0   8     6.8419    10.2320     5.6145    -6.4067     5.3551    -3.9642   0.00    0.0   -7.80345   -5.22635    1.24565    3.09089    4.60776    2.53681   -2.87549    2.40588   -1.78283
1974 193579.990  -2270128.6295   5007954.3124   3221447.6820   5    0   8     6.8560    10.2531     5.6261    -6.4198     5.3661    -3.9724   0.00    0.0   -7.81033   -5.22759    1.24909    3.09089    4.60776    2.53681   -2.87549    2.40588   -1.78283
1974 193579.995  -2270128.6685   5007954.2862   3221447.6883   5    0   8     6.8701    10.2742     5.6376    -6.4330     5.3772    -3.9806   0.00    0.0   -7.81622   -5.23096    1.25083    3.09089    4.60776    2.53681   -2.87549    2.40588   -1.78283
1974 193580.000  -2270128.6238   5007955.5264   3221447.1621   5    0   8     3.9476     5.8893     3.2555    -3.6822     3.0744    -2.2731   0.00    0.0   -7.77626   -4.70709    1.02492    1.99786    3.00561    1.63156   -1.88969    1.57939   -1.16858
1974 193580.005  -2270128.6627   5007955.5028   3221447.1673   5    0   8     3.9554     5.9012     3.2618    -3.6898     3.0807    -2.2778   0.00    0.0   -7.78163   -4.71164    1.02953    1.99786    3.00561    1.63157   -1.88969    1.57939   -1.16858
1974 193580.010  -2270128.7017   5007955.4792   3221447.1724   5    0   8     3.9631     5.9130     3.2680    -3.6974     3.0870    -2.2825   0.00    0.0   -7.78725   -4.71698    1.03117    1.99786    3.00562    1.63157   -1.88969    1.57939   -1.16858
1974 193580.015  -2270128.7406   5007955.4556   3221447.1776   5    0   8     3.9709     5.9249     3.2743    -3.7049     3.0933    -2.2871   0.00    0.0   -7.79342   -4.72062    1.03643    1.99786    3.00562    1.63157   -1.88968    1.57939   -1.16858
1974 193580.020  -2270128.7796   5007955.4320   3221447.1828   5    0   8     3.9787     5.9368     3.2805    -3.7125     3.0997    -2.2918   0.00    0.0   -7.79960   -4.72675    1.03937    1.99786    3.00562    1.63157   -1.88968    1.57939   -1.16858
1974 193580.025  -2270128.8187   5007955.4083   3221447.1880   5    0   8     3.9865     5.9487     3.2868    -3.7201     3.1060    -2.2965   0.00    0.0   -7.80466   -4.73447    1.04084    1.99786    3.00562    1.63157   -1.88968    1.57939   -1.16858
1974 193580.030  -2270128.8577   5007955.3846   3221447.1933   5    0   8     3.9943     5.9607     3.2931    -3.7277     3.1124    -2.3012   0.00    0.0   -7.80948   -4.73903    1.04689    1.99786    3.00562    1.63157   -1.88968    1.57939   -1.16858
1974 193580.035  -2270128.8968   5007955.3609   3221447.1985   5    0   8     4.0021     5.9726     3.2994    -3.7353     3.1187    -2.3059   0.00    0.0   -7.81418   -4.74469    1.05024    1.99786    3.00562    1.63157   -1.88968    1.57939   -1.16858
1974 193580.040  -2270128.9359   5007955.3371   3221447.2038   5    0   8     4.0099     5.9846     3.3057    -3.7429     3.1251    -2.3106   0.00    0.0   -7.82015   -4.74989    1.05199    1.99786    3.00563    1.63158   -1.88968    1.57939   -1.16857
1974 193580.045  -2270128.9750   5007955.3133   3221447.2090   5    0   8     4.0177     5.9965     3.3120    -3.7505     3.1314    -2.3153   0.00    0.0   -7.82616   -4.75614    1.05411    1.99786    3.00563    1.63158   -1.88968    1.57939   -1.16857
1974 193580.050  -2270129.0142   5007955.2895   3221447.2143   5    0   8     4.0256     6.0085     3.3183    -3.7581     3.1378    -2.3200   0.00    0.0   -7.83150   -4.76491    1.05594    1.99786    3.00563    1.63158   -1.88968    1.57939   -1.16857
1974 193580.055  -2270129.0534   5007955.2656   3221447.2196   5    0   8     4.0334     6.0205     3.3246    -3.7658     3.1442    -2.3247   0.00    0.0   -7.83756   -4.77203    1.05905    1.99786    3.00563    1.63158   -1.88967    1.57939   -1.16857
1974 193580.060  -2270129.0926   5007955.2418   3221447.2249   5    0   8     4.0413     6.0325     3.3309    -3.7734     3.1506    -2.3295   0.00    0.0   -7.84173   -4.77831    1.06146    1.99786    3.00563    1.63158   -1.88967    1.57939   -1.16857
1974 193580.065  -2270129.1318   5007955.2178   3221447.2302   5    0   8     4.0491     6.0445     3.3373    -3.7810     3.1570    -2.3342   0.00    0.0   -7.84533   -4.78255    1.06561    1.99786    3.00563    1.63158   -1.88967    1.57939   -1.16857
1974 193580.070  -2270129.1710   5007955.1939   3221447.2356   5    0   8     4.0570     6.0566     3.3436    -3.7887     3.1634    -2.3389   0.00    0.0   -7.85007   -4.78705    1.07064    1.99786    3.00563    1.63158   -1.88967    1.57939   -1.16857
1974 193580.075  -2270129.2103   5007955.1699   3221447.2410   5    0   8     4.0649     6.0686     3.3500    -3.7964     3.1698    -2.3437   0.00    0.0   -7.85470   -4.79574    1.07289    1.99786    3.00564    1.63159   -1.88967    1.57939   -1.16857
1974 193580.080  -2270129.2496   5007955.1459   3221447.2463   5    0   8     4.0728     6.0807     3.3563    -3.8040     3.1762    -2.3484   0.00    0.0   -7.85983   -4.80263    1.07767    1.99786    3.00564    1.63159   -1.88967    1.57939   -1.16856
1974 193580.085  -2270129.2889   5007955.1219   3221447.2518   5    0   8     4.0807     6.0928     3.3627    -3.8117     3.1826    -2.3532   0.00    0.0   -7.86529   -4.80822    1.08147    1.99786    3.00564    1.63159   -1.88967    1.57939   -1.16856
1974 193580.090  -2270129.3283   5007955.0978   3221447.2572   5    0   8     4.0886     6.1049     3.3691    -3.8194     3.1890    -2.3579   0.00    0.0   -7.87004   -4.81168    1.08653    1.99786    3.00564    1.63159   -1.88966    1.57939   -1.16856
1974 193580.095  -2270129.3677   5007955.0737   3221447.2626   5    0   8     4.0965     6.1170     3.3754    -3.8271     3.1955    -2.3627   0.00    0.0   -7.87576   -4.81435    1.09208    1.99786    3.00564    1.63159   -1.88966    1.57939   -1.16856
1974 193580.100  -2270129.4071   5007955.0496   3221447.2681   5    0   8     4.1045     6.1291     3.3818    -3.8348     3.2019    -2.3674   0.00    0.0   -7.88003   -4.82040    1.09572    1.99786    3.00564    1.63159   -1.88966    1.57939   -1.16856
1974 193580.105  -2270129.4465   5007955.0255   3221447.2736   5    0   8     4.1124     6.1412     3.3882    -3.8425     3.2084    -2.3722   0.00    0.0   -7.88536   -4.82461    1.10201    1.99786    3.00565    1.63160   -1.88966    1.57939   -1.16856
1974 193580.110  -2270129.4860   5007955.0014   3221447.2792   5    0   8     4.1204     6.1533     3.3946    -3.8502     3.2148    -2.3770   0.00    0.0   -7.89134   -4.82905    1.10623    1.99786    3.00565    1.63160   -1.88966    1.57939   -1.16856
1974 193580.115  -2270129.5254   5007954.9772   3221447.2847   5    0   8     4.1283     6.1655     3.4010    -3.8580     3.2213    -2.3817   0.00    0.0   -7.89677   -4.83312    1.10900    1.99786    3.00565    1.63160   -1.88966    1.57939   -1.16856
1974 193580.120  -2270129.5650   5007954.9530   3221447.2903   5    0   8     4.1363     6.1777     3.4075    -3.8657     3.2277    -2.3865   0.00    0.0   -7.90318   -4.83768    1.11243    1.99786    3.00565    1.63160   -1.88966    1.57939   -1.16855
1974 193580.125  -2270129.6045   5007954.9288   3221447.2959   5    0   8     4.1443     6.1898     3.4139    -3.8734     3.2342    -2.3913   0.00    0.0   -7.90768   -4.84443    1.11556    1.99786    3.00565    1.63160   -1.88966    1.57939   -1.16855
1974 193580.130  -2270129.6441   5007954.9046   3221447.3015   5    0   8     4.1522     6.2020     3.4203    -3.8812     3.2407    -2.3961   0.00    0.0   -7.91387   -4.84873    1.12173    1.99786    3.00565    1.63160   -1.88965    1.57939   -1.16855
1974 193580.135  -2270129.6837   5007954.8803   3221447.3071   5    0   8     4.1602     6.2142     3.4268    -3.8890     3.2472    -2.4009   0.00    0.0   -7.92012   -4.85479    1.12463    1.99786    3.00566    1.63160   -1.88965    1.57939   -1.16855
1974 193580.140  -2270129.7233   5007954.8560   3221447.3127   5    0   8     4.1682     6.2265     3.4332    -3.8967     3.2537    -2.4057   0.00    0.0   -7.92535   -4.86199    1.12686    1.99786    3.00566    1.63161   -1.88965    1.57939   -1.16855
1974 193580.145  -2270129.7629   5007954.8316   3221447.3184   5    0   8     4.1762     6.2387     3.4397    -3.9045     3.2602    -2.4105   0.00    0.0   -7.93043   -4.86901    1.13033    1.99786    3.00566    1.63161   -1.88965    1.57939   -1.16855
1974 193580.150  -2270129.8026   5007954.8072   3221447.3240   5    0   8     4.1843     6.2509     3.4461    -3.9123     3.2667    -2.4153   0.00    0.0   -7.93614   -4.87590    1.13394    1.99786    3.00566    1.63161   -1.88965    1.57939   -1.16855
1974 193580.155  -2270129.8423   5007954.7828   3221447.3297   5    0   8     4.1923     6.2632     3.4526    -3.9201     3.2732    -2.4201   0.00    0.0   -7.94196   -4.87934    1.14062    1.99786    3.00566    1.63161   -1.88965    1.57939   -1.16855
1974 193580.160  -2270129.8821   5007954.7584   3221447.3355   5    0   8     4.2003     6.2754     3.4591    -3.9279     3.2797    -2.4250   0.00    0.0   -7.94601   -4.88376    1.14584    1.99786    3.00566    1.63161   -1.88965    1.57939   -1.16854
1974 193580.165  -2270129.9218   5007954.7340   3221447.3412   5    0   8     4.2084     6.2877     3.4656    -3.9357     3.2862    -2.4298   0.00    0.0   -7.95078   -4.88833    1.14993    1.99786    3.00567    1.63161   -1.88964    1.57939   -1.16854
1974 193580.170  -2270129.9616   5007954.7095   3221447.3470   5    0   8     4.2164     6.3000     3.4721    -3.9435     3.2927    -2.4346   0.00    0.0   -7.95703   -4.89176    1.15520    1.99786    3.00567    1.63162   -1.88964    1.57939   -1.16854
1974 193580.175  -2270130.0014   5007954.6850   3221447.3528   5    0   8     4.2245     6.3123     3.4786    -3.9513     3.2993    -2.4394   0.00    0.0   -7.96351   -4.89675    1.15899    1.99786    3.00567    1.63162   -1.88964    1.57939   -1.16854
1974 193580.180  -2270130.0413   5007954.6605   3221447.3586   5    0   8     4.2326     6.3246     3.4851    -3.9591     3.3058    -2.4443   0.00    0.0   -7.96983   -4.90097    1.16209    1.99786    3.00567    1.63162   -1.88964    1.57939   -1.16854
1974 193580.185  -2270130.0812   5007954.6360   3221447.3644   5    0   8     4.2406     6.3369     3.4916    -3.9669     3.3124    -2.4491   0.00    0.0   -7.97626   -4.90455    1.16724    1.99786    3.00567    1.63162   -1.88964    1.57939   -1.16854
1974 193580.190  -2270130.1211   5007954.6115   3221447.3703   5    0   8     4.2487     6.3493     3.4981    -3.9748     3.3189    -2.4540   0.00    0.0   -7.98112   -4.90958    1.17221    1.99786    3.00567    1.63162   -1.88964    1.57939   -1.16854
1974 193580.195  -2270130.1610   5007954.5869   3221447.3762   5    0   8     4.2568     6.3616     3.5046    -3.9826     3.3255    -2.4588   0.00    0.0   -7.98638   -4.91379    1.17687    1.99786    3.00568    1.63162   -1.88964    1.57939   -1.16854
1974 193580.200  -2270130.2009   5007954.5623   3221447.3821   5    0   8     4.2649     6.3740     3.5112    -3.9905     3.3320    -2.4637   0.00    0.0   -7.99106   -4.91768    1.18132    1.99786    3.00568    1.63163   -1.88964    1.57939   -1.16853
1974 193580.205  -2270130.2409   5007954.5377   3221447.3880   5    0   8     4.2730     6.3864     3.5177    -3.9983     3.3386    -2.4685   0.00    0.0   -7.99548   -4.92285    1.18522    1.99786    3.00568    1.63163   -1.88963    1.57939   -1.16853
1974 193580.210  -2270130.2809   5007954.5131   3221447.3940   5    0   8     4.2811     6.3987     3.5243    -4.0062     3.3452    -2.4734   0.00    0.0   -8.00137   -4.92864    1.18989    1.99786    3.00568    1.63163   -1.88963    1.57939   -1.16853
1974 193580.215  -2270130.3210   5007954.4884   3221447.3999   5    0   8     4.2893     6.4111     3.5308    -4.0141     3.3518    -2.4783   0.00    0.0   -8.00769   -4.93538    1.19336    1.99786    3.00568    1.63163   -1.88963    1.57939   -1.16853
1974 193580.220  -2270130.3610   5007954.4637   3221447.4059   5    0   8     4.2974     6.4235     3.5374    -4.0220     3.3583    -2.4831   0.00    0.0   -8.01227   -4.94215    1.19581    1.99786    3.00568    1.63163   -1.88963    1.57939   -1.16853
1974 193580.225  -2270130.4011   5007954.4389   3221447.4119   5    0   8     4.3055     6.4360     3.5440    -4.0298     3.3649    -2.4880   0.00    0.0   -8.01771   -4.94703    1.19925    1.99786    3.00569    1.63163   -1.88963    1.57939   -1.16853
1974 193580.230  -2270130.4412   5007954.4142   3221447.4179   5    0   8     4.3137     6.4484     3.5505    -4.0377     3.3715    -2.4929   0.00    0.0   -8.02451   -4.95078    1.20373    1.99786    3.00569    1.63164   -1.88963    1.57939   -1.16853
1974 193580.235  -2270130.4814   5007954.3894   3221447.4240   5    0   8     4.3218     6.4608     3.5571    -4.0456     3.3781    -2.4978   0.00    0.0   -8.03059   -4.95570    1.20849    1.99786    3.00569    1.63164   -1.88963    1.57939   -1.16853
1974 193580.240  -2270130.5216   5007954.3646   3221447.4300   5    0   8     4.3300     6.4733     3.5637    -4.0535     3.3847    -2.5027   0.00    0.0   -8.03443   -4.96282    1.21049    1.99787    3.00569    1.63164   -1.88962    1.57938   -1.16852
1974 193580.245  -2270130.5618   5007954.3398   3221447.4361   5    0   8     4.3382     6.4857     3.5703    -4.0614     3.3914    -2.5075   0.00    0.0   -8.04161   -4.96623    1.21407    1.99787    3.00569    1.63164   -1.88962    1.57938   -1.16852
1974 193580.250  -2270130.6020   5007954.3149   3221447.4422   5    0   8     4.3464     6.4982     3.5769    -4.0694     3.3980    -2.5124   0.00    0.0   -8.04737   -4.97168    1.21696    1.99787    3.00569    1.63164   -1.88962    1.57938   -1.16852
1974 193580.255  -2270130.6423   5007954.2900   3221447.4483   5    0   8     4.3545     6.5107     3.5835    -4.0773     3.4046    -2.5173   0.00    0.0   -8.05278   -4.97772    1.22141    1.99787    3.00570    1.63164   -1.88962    1.57938   -1.16852
1974 193580.260  -2270130.6826   5007954.2651   3221447.4544   5    0   8     4.3627     6.5232     3.5901    -4.0852     3.4112    -2.5222   0.00    0.0   -8.05935   -4.98215    1.22680    1.99787    3.00570    1.63165   -1.88962    1.57938   -1.16852
1974 193580.265  -2270130.7229   5007954.2402   3221447.4606   5    0   8     4.3709     6.5357     3.5967    -4.0932     3.4179    -2.5272   0.00    0.0   -8.06484   -4.98708    1.23190    1.99787    3.00570    1.63165   -1.88962    1.57938   -1.16852
1974 193580.270  -2270130.7632   5007954.2152   3221447.4668   5    0   8     4.3792     6.5482     3.6034    -4.1011     3.4245    -2.5321   0.00    0.0   -8.06954   -4.99190    1.23787    1.99787    3.00570    1.63165   -1.88962    1.57938   -1.16852
1974 193580.275  -2270130.8036   5007954.1902   3221447.4730   5    0   8     4.3874     6.5607     3.6100    -4.1091     3.4312    -2.5370   0.00    0.0   -8.07472   -4.99808    1.24148    1.99787    3.00570    1.63165   -1.88961    1.57938   -1.16851
1974 193580.280  -2270130.8440   5007954.1652   3221447.4792   5    0   8     4.3956     6.5733     3.6166    -4.1170     3.4378    -2.5419   0.00    0.0   -8.07950   -5.00460    1.24508    1.99787    3.00570    1.63165   -1.88961    1.57938   -1.16851
1974 193580.285  -2270130.8844   5007954.1401   3221447.4855   5    0   8     4.4038     6.5858     3.6233    -4.1250     3.4445    -2.5468   0.00    0.0   -8.08459   -5.00884    1.25137    1.99787    3.00571    1.63165   -1.88961    1.57938   -1.16851
1974 193580.290  -2270130.9249   5007954.1151   3221447.4917   5    0   8     4.4121     6.5984     3.6299    -4.1330     3.4511    -2.5518   0.00    0.0   -8.08997   -5.01303    1.25635    1.99787    3.00571    1.63166   -1.88961    1.57938   -1.16851
1974 193580.295  -2270130.9654   5007954.0900   3221447.4980   5    0   8     4.4203     6.6109     3.6366    -4.1409     3.4578    -2.5567   0.00    0.0   -8.09624   -5.01675    1.26187    1.99787    3.00571    1.63166   -1.88961    1.57938   -1.16851
1974 193580.300  -2270131.0059   5007954.0649   3221447.5044   5    0   8     4.4286     6.6235     3.6432    -4.1489     3.4645    -2.5616   0.00    0.0   -8.10291   -5.02091    1.26612    1.99787    3.00571    1.63166   -1.88961    1.57938   -1.16851
1974 193580.305  -2270131.0464   5007954.0398   3221447.5107   5    0   8     4.4368     6.6361     3.6499    -4.1569     3.4712    -2.5666   0.00    0.0   -8.10846   -5.02577    1.26847    1.99787    3.00571    1.63166   -1.88961    1.57938   -1.16851
1974 193580.310  -2270131.0870   5007954.0146   3221447.5171   5    0   8     4.4451     6.6487     3.6566    -4.1649     3.4778    -2.5715   0.00    0.0   -8.11462   -5.03096    1.27002    1.99787    3.00571    1.63166   -1.88960    1.57938   -1.16851
1974 193580.315  -2270131.1276   5007953.9894   3221447.5234   5    0   8     4.4534     6.6613     3.6633    -4.1729     3.4845    -2.5765   0.00    0.0   -8.11990   -5.03707    1.27194    1.99787    3.00572    1.63166   -1.88960    1.57938   -1.16850
1974 193580.320  -2270131.1682   5007953.9642   3221447.5298   5    0   8     4.4616     6.6739     3.6700    -4.1809     3.4912    -2.5814   0.00    0.0   -8.12467   -5.04203    1.27521    1.99787    3.00572    1.63167   -1.88960    1.57938   -1.16850
1974 193580.325  -2270131.2089   5007953.9390   3221447.5362   5    0   8     4.4699     6.6865     3.6767    -4.1889     3.4979    -2.5864   0.00    0.0   -8.12910   -5.04479    1.28054    1.99787    3.00572    1.63167   -1.88960    1.57938   -1.16850
1974 193580.330  -2270131.2495   5007953.9137   3221447.5426   5    0   8     4.4782     6.6992     3.6834    -4.1969     3.5046    -2.5913   0.00    0.0   -8.13380   -5.04857    1.28507    1.99787    3.00572    1.63167   -1.88960    1.57938   -1.16850
1974 193580.335  -2270131.2902   5007953.8885   3221447.5491   5    0   8     4.4865     6.7118     3.6901    -4.2050     3.5113    -2.5963   0.00    0.0   -8.13859   -5.05491    1.28750    1.99787    3.00572    1.63167   -1.88960    1.57938   -1.16850
1974 193580.340  -2270131.3310   5007953.8632   3221447.5555   5    0   8     4.4948     6.7245     3.6968    -4.2130     3.5180    -2.6012   0.00    0.0   -8.14516   -5.06039    1.29176    1.99787    3.00572    1.63167   -1.88960    1.57938   -1.16850
1974 193580.345  -2270131.3717   5007953.8378   3221447.5620   5    0   8     4.5032     6.7371     3.7035    -4.2210     3.5248    -2.6062   0.00    0.0   -8.15087   -5.06583    1.29576    1.99787    3.00573    1.63168   -1.88960    1.57938   -1.16850
1974 193580.350  -2270131.4125   5007953.8125   3221447.5685   5    0   8     4.5115     6.7498     3.7102    -4.2291     3.5315    -2.6112   0.00    0.0   -8.15638   -5.07105    1.30031    1.99787    3.00573    1.63168   -1.88959    1.57938   -1.16849
1974 193580.355  -2270131.4533   5007953.7871   3221447.5750   5    0   8     4.5198     6.7625     3.7169    -4.2371     3.5382    -2.6162   0.00    0.0   -8.16125   -5.07727    1.30405    1.99787    3.00573    1.63168   -1.88959    1.57938   -1.16849
1974 193580.360  -2270131.4941   5007953.7617   3221447.5816   5    0   8     4.5281     6.7752     3.7237    -4.2452     3.5449    -2.6211   0.00    0.0   -8.16564   -5.08466    1.30731    1.99787    3.00573    1.63168   -1.88959    1.57938   -1.16849
1974 193580.365  -2270131.5350   5007953.7362   3221447.5881   5    0   8     4.5365     6.7879     3.7304    -4.2532     3.5517    -2.6261   0.00    0.0   -8.17067   -5.09011    1.31199    1.99787    3.00573    1.63168   -1.88959    1.57938   -1.16849
1974 193580.370  -2270131.5759   5007953.7107   3221447.5947   5    0   8     4.5448     6.8006     3.7372    -4.2613     3.5584    -2.6311   0.00    0.0   -8.17563   -5.09510    1.31631    1.99787    3.00574    1.63168   -1.88959    1.57938   -1.16849
1974 193580.375  -2270131.6168   5007953.6852   3221447.6013   5    0   8     4.5532     6.8133     3.7439    -4.2694     3.5652    -2.6361   0.00    0.0   -8.18052   -5.10150    1.31804    1.99787    3.00574    1.63169   -1.88959    1.57938   -1.16849
1974 193580.380  -2270131.6577   5007953.6597   3221447.6079   5    0   8     4.5616     6.8261     3.7507    -4.2774     3.5719    -2.6411   0.00    0.0   -8.18628   -5.10715    1.32134    1.99787    3.00574    1.63169   -1.88959    1.57938   -1.16849
1974 193580.385  -2270131.6987   5007953.6341   3221447.6145   5    0   8     4.5699     6.8388     3.7574    -4.2855     3.5787    -2.6461   0.00    0.0   -8.19278   -5.11166    1.32653    1.99787    3.00574    1.63169   -1.88958    1.57938   -1.16849
1974 193580.390  -2270131.7397   5007953.6086   3221447.6212   5    0   8     4.5783     6.8516     3.7642    -4.2936     3.5854    -2.6511   0.00    0.0   -8.19998   -5.11570    1.33059    1.99787    3.00574    1.63169   -1.88958    1.57938   -1.16848
1974 193580.395  -2270131.7807   5007953.5830   3221447.6279   5    0   8     4.5867     6.8643     3.7710    -4.3017     3.5922    -2.6561   0.00    0.0   -8.20622   -5.12078    1.33290    1.99787    3.00574    1.63169   -1.88958    1.57938   -1.16848
1974 193580.400  -2270131.8217   5007953.5573   3221447.6345   5    0   8     4.5951     6.8771     3.7777    -4.3098     3.5990    -2.6611   0.00    0.0   -8.21124   -5.12735    1.33509    1.99787    3.00575    1.63169   -1.88958    1.57938   -1.16848
1974 193580.405  -2270131.8628   5007953.5317   3221447.6412   5    0   8     4.6035     6.8899     3.7845    -4.3179     3.6057    -2.6661   0.00    0.0   -8.21558   -5.13487    1.33745    1.99787    3.00575    1.63170   -1.88958    1.57938   -1.16848
1974 193580.410  -2270131.9039   5007953.5059   3221447.6479   5    0   8     4.6119     6.9027     3.7913    -4.3260     3.6125    -2.6711   0.00    0.0   -8.22025   -5.14076    1.34159    1.99787    3.00575    1.63170   -1.88958    1.57938   -1.16848
1974 193580.415  -2270131.9450   5007953.4802   3221447.6547   5    0   8     4.6203     6.9154     3.7981    -4.3341     3.6193    -2.6761   0.00    0.0   -8.22447   -5.14607    1.34463    1.99787    3.00575    1.63170   -1.88958    1.57938   -1.16848
1974 193580.420  -2270131.9862   5007953.4545   3221447.6614   5    0   8     4.6287     6.9283     3.8049    -4.3423     3.6261    -2.6812   0.00    0.0   -8.22912   -5.15112    1.34780    1.99787    3.00575    1.63170   -1.88957    1.57937   -1.16848
1974 193580.425  -2270132.0274   5007953.4287   3221447.6682   5    0   8     4.6371     6.9411     3.8117    -4.3504     3.6329    -2.6862   0.00    0.0   -8.23523   -5.15591    1.35374    1.99787    3.00575    1.63170   -1.88957    1.57937   -1.16847
1974 193580.430  -2270132.0686   5007953.4029   3221447.6749   5    0   8     4.6455     6.9539     3.8185    -4.3585     3.6397    -2.6912   0.00    0.0   -8.24076   -5.16315    1.35719    1.99787    3.00576    1.63171   -1.88957    1.57937   -1.16847
1974 193580.435  -2270132.1098   5007953.3770   3221447.6817   5    0   8     4.6540     6.9667     3.8253    -4.3666     3.6465    -2.6963   0.00    0.0   -8.24643   -5.16924    1.35973    1.99788    3.00576    1.63171   -1.88957    1.57937   -1.16847
1974 193580.440  -2270132.1511   5007953.3512   3221447.6886   5    0   8     4.6624     6.9796     3.8322    -4.3748     3.6533    -2.7013   0.00    0.0   -8.25055   -5.17414    1.36338    1.99788    3.00576    1.63171   -1.88957    1.57937   -1.16847
1974 193580.445  -2270132.1923   5007953.3253   3221447.6954   5    0   8     4.6708     6.9924     3.8390    -4.3829     3.6601    -2.7063   0.00    0.0   -8.25542   -5.17893    1.36692    1.99788    3.00576    1.63171   -1.88957    1.57937   -1.16847
1974 193580.450  -2270132.2336   5007953.2993   3221447.7022   5    0   8     4.6793     7.0053     3.8458    -4.3911     3.6669    -2.7114   0.00    0.0   -8.26015   -5.18424    1.36999    1.99788    3.00576    1.63171   -1.88957    1.57937   -1.16847
1974 193580.455  -2270132.2750   5007953.2734   3221447.7091   5    0   8     4.6878     7.0181     3.8527    -4.3992     3.6737    -2.7164   0.00    0.0   -8.26570   -5.19030    1.37335    1.99788    3.00576    1.63171   -1.88956    1.57937   -1.16847
1974 193580.460  -2270132.3163   5007953.2474   3221447.7160   5    0   8     4.6962     7.0310     3.8595    -4.4074     3.6806    -2.7215   0.00    0.0   -8.27247   -5.19492    1.37822    1.99788    3.00577    1.63172   -1.88956    1.57937   -1.16846
1974 193580.465  -2270132.3577   5007953.2214   3221447.7229   5    0   8     4.7047     7.0439     3.8664    -4.4156     3.6874    -2.7265   0.00    0.0   -8.27905   -5.20045    1.38153    1.99788    3.00577    1.63172   -1.88956    1.57937   -1.16846
1974 193580.470  -2270132.3991   5007953.1954   3221447.7298   5    0   8     4.7132     7.0568     3.8732    -4.4237     3.6942    -2.7316   0.00    0.0   -8.28445   -5.20733    1.38371    1.99788    3.00577    1.63172   -1.88956    1.57937   -1.16846
1974 193580.475  -2270132.4406   5007953.1693   3221447.7368   5    0   8     4.7216     7.0697     3.8801    -4.4319     3.7011    -2.7366   0.00    0.0   -8.28894   -5.21541    1.38604    1.99788    3.00577    1.63172   -1.88956    1.57937   -1.16846
1974 193580.480  -2270132.4821   5007953.1432   3221447.7437   5    0   8     4.7301     7.0826     3.8869    -4.4401     3.7079    -2.7417   0.00    0.0   -8.29375   -5.22317    1.38972    1.99788    3.00577    1.63172   -1.88956    1.57937   -1.16846
1974 193580.485  -2270132.5235   5007953.1170   3221447.7507   5    0   8     4.7386     7.0955     3.8938    -4.4483     3.7147    -2.7467   0.00    0.0   -8.29892   -5.22960    1.39375    1.99788    3.00578    1.63173   -1.88956    1.57937   -1.16846
1974 193580.490  -2270132.5651   5007953.0908   3221447.7577   5    0   8     4.7471     7.1084     3.9007    -4.4565     3.7216    -2.7518   0.00    0.0   -8.30367   -5.23755    1.39608    1.99788    3.00578    1.63173   -1.88955    1.57937   -1.16846
1974 193580.495  -2270132.6066   5007953.0646   3221447.7646   5    0   8     4.7556     7.1214     3.9075    -4.4647     3.7285    -2.7569   0.00    0.0   -8.30888   -5.24566    1.39816    1.99788    3.00578    1.63173   -1.88955    1.57937   -1.16846
1974 193580.500  -2270132.6482   5007953.0384   3221447.7717   5    0   8     4.7641     7.1343     3.9144    -4.4729     3.7353    -2.7619   0.00    0.0   -8.31536   -5.25110    1.40232    1.99788    3.00578    1.63173   -1.88955    1.57937   -1.16845
1974 193580.505  -2270132.6898   5007953.0121   3221447.7787   5    0   8     4.7726     7.1473     3.9213    -4.4811     3.7422    -2.7670   0.00    0.0   -8.32043   -5.25678    1.40765    1.99788    3.00578    1.63173   -1.88955    1.57937   -1.16845
1974 193580.510  -2270132.7314   5007952.9858   3221447.7858   5    0   8     4.7812     7.1602     3.9282    -4.4893     3.7490    -2.7721   0.00    0.0   -8.32525   -5.26343    1.41201    1.99788    3.00578    1.63174   -1.88955    1.57937   -1.16845
1974 193580.515  -2270132.7731   5007952.9594   3221447.7928   5    0   8     4.7897     7.1732     3.9351    -4.4975     3.7559    -2.7772   0.00    0.0   -8.33003   -5.26980    1.41538    1.99788    3.00579    1.63174   -1.88955    1.57937   -1.16845
1974 193580.520  -2270132.8147   5007952.9330   3221447.7999   5    0   8     4.7982     7.1862     3.9420    -4.5058     3.7628    -2.7823   0.00    0.0   -8.33533   -5.27520    1.41899    1.99788    3.00579    1.63174   -1.88955    1.57937   -1.16845
1974 193580.525  -2270132.8564   5007952.9066   3221447.8070   5    0   8     4.8068     7.1992     3.9489    -4.5140     3.7697    -2.7873   0.00    0.0   -8.34104   -5.28009    1.42215    1.99788    3.00579    1.63174   -1.88954    1.57937   -1.16845
1974 193580.530  -2270132.8982   5007952.8802   3221447.8142   5    0   8     4.8153     7.2122     3.9558    -4.5222     3.7765    -2.7924   0.00    0.0   -8.34639   -5.28587    1.42551    1.99788    3.00579    1.63174   -1.88954    1.57937   -1.16845
1974 193580.535  -2270132.9399   5007952.8537   3221447.8213   5    0   8     4.8239     7.2252     3.9627    -4.5304     3.7834    -2.7975   0.00    0.0   -8.35014   -5.29396    1.42866    1.99788    3.00579    1.63174   -1.88954    1.57937   -1.16844
1974 193580.540  -2270132.9817   5007952.8272   3221447.8285   5    0   8     4.8324     7.2382     3.9697    -4.5387     3.7903    -2.8026   0.00    0.0   -8.35418   -5.30025    1.43443    1.99788    3.00580    1.63175   -1.88954    1.57937   -1.16844
1974 193580.545  -2270133.0235   5007952.8007   3221447.8357   5    0   8     4.8410     7.2512     3.9766    -4.5469     3.7972    -2.8077   0.00    0.0   -8.35807   -5.30545    1.43936    1.99788    3.00580    1.63175   -1.88954    1.57937   -1.16844
1974 193580.550  -2270133.0653   5007952.7741   3221447.8429   5    0   8     4.8495     7.2642     3.9835    -4.5552     3.8041    -2.8128   0.00    0.0   -8.36160   -5.31222    1.44188    1.99788    3.00580    1.63175   -1.88954    1.57937   -1.16844
1974 193580.555  -2270133.1071   5007952.7475   3221447.8501   5    0   8     4.8581     7.2772     3.9904    -4.5634     3.8110    -2.8179   0.00    0.0   -8.36742   -5.31948    1.44446    1.99788    3.00580    1.63175   -1.88954    1.57937   -1.16844
1974 193580.560  -2270133.1490   5007952.7209   3221447.8574   5    0   8     4.8667     7.2903     3.9974    -4.5717     3.8179    -2.8230   0.00    0.0   -8.37403   -5.32726    1.44752    1.99788    3.00580    1.63175   -1.88954    1.57937   -1.16844
1974 193580.565  -2270133.1909   5007952.6942   3221447.8646   5    0   8     4.8753     7.3033     4.0043    -4.5800     3.8248    -2.8282   0.00    0.0   -8.37918   -5.33578    1.44896    1.99788    3.00580    1.63176   -1.88953    1.57937   -1.16844
1974 193580.570  -2270133.2328   5007952.6675   3221447.8719   5    0   8     4.8839     7.3164     4.0113    -4.5882     3.8317    -2.8333   0.00    0.0   -8.38365   -5.34169    1.45120    1.99789    3.00581    1.63176   -1.88953    1.57937   -1.16843
1974 193580.575  -2270133.2748   5007952.6408   3221447.8791   5    0   8     4.8924     7.3294     4.0182    -4.5965     3.8386    -2.8384   0.00    0.0   -8.38861   -5.34602    1.45413    1.99789    3.00581    1.63176   -1.88953    1.57936   -1.16843
1974 193580.580  -2270133.3167   5007952.6140   3221447.8864   5    0   8     4.9010     7.3425     4.0252    -4.6048     3.8456    -2.8435   0.00    0.0   -8.39378   -5.35018    1.45809    1.99789    3.00581    1.63176   -1.88953    1.57936   -1.16843
1974 193580.585  -2270133.3587   5007952.5873   3221447.8937   5    0   8     4.9096     7.3556     4.0322    -4.6131     3.8525    -2.8486   0.00    0.0   -8.39861   -5.35546    1.46250    1.99789    3.00581    1.63176   -1.88953    1.57936   -1.16843
1974 193580.590  -2270133.4007   5007952.5605   3221447.9011   5    0   8     4.9183     7.3687     4.0391    -4.6214     3.8594    -2.8537   0.00    0.0   -8.40483   -5.36164    1.46712    1.99789    3.00581    1.63177   -1.88953    1.57936   -1.16843
1974 193580.595  -2270133.4428   5007952.5336   3221447.9084   5    0   8     4.9269     7.3817     4.0461    -4.6296     3.8664    -2.8589   0.00    0.0   -8.41290   -5.36538    1.47170    1.99789    3.00582    1.63177   -1.88953    1.57936   -1.16843
1974 193580.600  -2270133.4849   5007952.5068   3221447.9158   5    0   8     4.9355     7.3948     4.0531    -4.6379     3.8733    -2.8640   0.00    0.0   -8.41955   -5.36954    1.47563    1.99789    3.00582    1.63177   -1.88952    1.57936   -1.16843
1974 193580.605  -2270133.5270   5007952.4799   3221447.9232   5    0   8     4.9441     7.4079     4.0600    -4.6462     3.8802    -2.8691   0.00    0.0   -8.42437   -5.37572    1.47894    1.99789    3.00582    1.63177   -1.88952    1.57936   -1.16842
1974 193580.610  -2270133.5692   5007952.4530   3221447.9306   5    0   8     4.9527     7.4211     4.0670    -4.6545     3.8872    -2.8743   0.00    0.0   -8.42951   -5.38208    1.48249    1.99789    3.00582    1.63177   -1.88952    1.57936   -1.16842
1974 193580.615  -2270133.6113   5007952.4260   3221447.9380   5    0   8     4.9614     7.4342     4.0740    -4.6629     3.8941    -2.8794   0.00    0.0   -8.43289   -5.38866    1.48672    1.99789    3.00582    1.63178   -1.88952    1.57936   -1.16842
1974 193580.620  -2270133.6535   5007952.3991   3221447.9455   5    0   8     4.9700     7.4473     4.0810    -4.6712     3.9011    -2.8845   0.00    0.0   -8.43600   -5.39496    1.49142    1.99789    3.00583    1.63178   -1.88952    1.57936   -1.16842
1974 193580.625  -2270133.6957   5007952.3721   3221447.9530   5    0   8     4.9787     7.4604     4.0880    -4.6795     3.9080    -2.8897   0.00    0.0   -8.44007   -5.40157    1.49376    1.99789    3.00583    1.63178   -1.88952    1.57936   -1.16842
1974 193580.630  -2270133.7380   5007952.3450   3221447.9605   5    0   8     4.9873     7.4736     4.0950    -4.6878     3.9150    -2.8948   0.00    0.0   -8.44576   -5.40684    1.49753    1.99789    3.00583    1.63178   -1.88952    1.57936   -1.16842
1974 193580.635  -2270133.7802   5007952.3180   3221447.9680   5    0   8     4.9960     7.4867     4.1020    -4.6961     3.9219    -2.9000   0.00    0.0   -8.45252   -5.41150    1.50219    1.99789    3.00583    1.63178   -1.88951    1.57936   -1.16842
1974 193580.640  -2270133.8225   5007952.2909   3221447.9755   5    0   8     5.0046     7.4999     4.1090    -4.7045     3.9289    -2.9051   0.00    0.0   -8.45998   -5.41662    1.50469    1.99789    3.00583    1.63179   -1.88951    1.57936   -1.16841
1974 193580.645  -2270133.8648   5007952.2638   3221447.9830   5    0   8     5.0133     7.5130     4.1160    -4.7128     3.9359    -2.9103   0.00    0.0   -8.46616   -5.42266    1.50562    1.99789    3.00583    1.63179   -1.88951    1.57936   -1.16841
1974 193580.650  -2270133.9072   5007952.2366   3221447.9905   5    0   8     5.0220     7.5262     4.1231    -4.7211     3.9428    -2.9154   0.00    0.0   -8.47140   -5.42863    1.50677    1.99789    3.00584    1.63179   -1.88951    1.57936   -1.16841
1974 193580.655  -2270133.9496   5007952.2095   3221447.9981   5    0   8     5.0306     7.5394     4.1301    -4.7295     3.9498    -2.9206   0.00    0.0   -8.47739   -5.43325    1.50985    1.99789    3.00584    1.63179   -1.88951    1.57936   -1.16841
1974 193580.660  -2270133.9920   5007952.1823   3221448.0057   5    0   8     5.0393     7.5526     4.1371    -4.7378     3.9568    -2.9258   0.00    0.0   -8.48205   -5.43907    1.51155    1.99789    3.00584    1.63179   -1.88951    1.57936   -1.16841
1974 193580.665  -2270134.0344   5007952.1550   3221448.0132   5    0   8     5.0480     7.5658     4.1441    -4.7462     3.9638    -2.9309   0.00    0.0   -8.48573   -5.44522    1.51331    1.99789    3.00584    1.63180   -1.88950    1.57936   -1.16841
1974 193580.670  -2270134.0769   5007952.1278   3221448.0208   5    0   8     5.0567     7.5790     4.1512    -4.7545     3.9708    -2.9361   0.00    0.0   -8.49060   -5.45103    1.51594    1.99789    3.00584    1.63180   -1.88950    1.57936   -1.16841
1974 193580.675  -2270134.1194   5007952.1005   3221448.0284   5    0   8     5.0654     7.5922     4.1582    -4.7629     3.9777    -2.9413   0.00    0.0   -8.49644   -5.45589    1.51975    1.99790    3.00585    1.63180   -1.88950    1.57936   -1.16840
1974 193580.680  -2270134.1619   5007952.0732   3221448.0360   5    0   8     5.0741     7.6054     4.1653    -4.7713     3.9847    -2.9464   0.00    0.0   -8.50180   -5.46127    1.52314    1.99790    3.00585    1.63180   -1.88950    1.57936   -1.16840
1974 193580.685  -2270134.2044   5007952.0459   3221448.0436   5    0   8     5.0828     7.6186     4.1723    -4.7796     3.9917    -2.9516   0.00    0.0   -8.50705   -5.46757    1.52549    1.99790    3.00585    1.63180   -1.88950    1.57936   -1.16840
1974 193580.690  -2270134.2470   5007952.0185   3221448.0513   5    0   8     5.0915     7.6318     4.1794    -4.7880     3.9987    -2.9568   0.00    0.0   -8.51300   -5.47282    1.52981    1.99790    3.00585    1.63181   -1.88950    1.57936   -1.16840
1974 193580.695  -2270134.2896   5007951.9911   3221448.0590   5    0   8     5.1002     7.6451     4.1864    -4.7964     4.0057    -2.9620   0.00    0.0   -8.51740   -5.47996    1.53455    1.99790    3.00585    1.63181   -1.88950    1.57936   -1.16840
1974 193580.700  -2270134.3322   5007951.9637   3221448.0667   5    0   8     5.1089     7.6583     4.1935    -4.8047     4.0127    -2.9671   0.00    0.0   -8.52147   -5.48683    1.53834    1.99790    3.00585    1.63181   -1.88949    1.57936   -1.16840
1974 193580.705  -2270134.3748   5007951.9362   3221448.0744   5    0   8     5.1176     7.6715     4.2005    -4.8131     4.0197    -2.9723   0.00    0.0   -8.52640   -5.49168    1.54236    1.99790    3.00586    1.63181   -1.88949    1.57936   -1.16840
1974 193580.710  -2270134.4175   5007951.9087   3221448.0821   5    0   8     5.1264     7.6848     4.2076    -4.8215     4.0268    -2.9775   0.00    0.0   -8.53250   -5.49656    1.54645    1.99790    3.00586    1.63181   -1.88949    1.57935   -1.16839
1974 193580.715  -2270134.4602   5007951.8812   3221448.0899   5    0   8     5.1351     7.6980     4.2147    -4.8299     4.0338    -2.9827   0.00    0.0   -8.53925   -5.50225    1.55081    1.99790    3.00586    1.63182   -1.88949    1.57935   -1.16839
1974 193580.720  -2270134.5029   5007951.8537   3221448.0976   5    0   8     5.1438     7.7113     4.2218    -4.8383     4.0408    -2.9879   0.00    0.0   -8.54522   -5.50979    1.55313    1.99790    3.00586    1.63182   -1.88949    1.57935   -1.16839
1974 193580.725  -2270134.5456   5007951.8261   3221448.1054   5    0   8     5.1526     7.7246     4.2288    -4.8467     4.0478    -2.9931   0.00    0.0   -8.55213   -5.51546    1.55611    1.99790    3.00586    1.63182   -1.88949    1.57935   -1.16839
1974 193580.730  -2270134.5884   5007951.7985   3221448.1132   5    0   8     5.1613     7.7379     4.2359    -4.8551     4.0548    -2.9983   0.00    0.0   -8.55895   -5.51933    1.56059    1.99790    3.00587    1.63182   -1.88949    1.57935   -1.16839
1974 193580.735  -2270134.6313   5007951.7709   3221448.1210   5    0   8     5.1701     7.7511     4.2430    -4.8635     4.0619    -3.0035   0.00    0.0   -8.56482   -5.52430    1.56448    1.99790    3.00587    1.63183   -1.88948    1.57935   -1.16839
1974 193580.740  -2270134.6741   5007951.7432   3221448.1289   5    0   8     5.1788     7.7644     4.2501    -4.8719     4.0689    -3.0087   0.00    0.0   -8.57107   -5.52992    1.56584    1.99790    3.00587    1.63183   -1.88948    1.57935   -1.16839
1974 193580.745  -2270134.7170   5007951.7155   3221448.1367   5    0   8     5.1876     7.7777     4.2572    -4.8803     4.0759    -3.0139   0.00    0.0   -8.57710   -5.53610    1.56725    1.99790    3.00587    1.63183   -1.88948    1.57935   -1.16838
1974 193580.750  -2270134.7599   5007951.6878   3221448.1445   5    0   8     5.1963     7.7910     4.2643    -4.8888     4.0830    -3.0191   0.00    0.0   -8.58286   -5.54189    1.57032    1.99790    3.00587    1.63183   -1.88948    1.57935   -1.16838
1974 193580.755  -2270134.8029   5007951.6601   3221448.1524   5    0   8     5.2051     7.8043     4.2714    -4.8972     4.0900    -3.0243   0.00    0.0   -8.58917   -5.54797    1.57223    1.99790    3.00588    1.63183   -1.88948    1.57935   -1.16838
1974 193580.760  -2270134.8458   5007951.6323   3221448.1603   5    0   8     5.2139     7.8177     4.2785    -4.9056     4.0970    -3.0295   0.00    0.0   -8.59492   -5.55343    1.57626    1.99790    3.00588    1.63184   -1.88948    1.57935   -1.16838
1974 193580.765  -2270134.8888   5007951.6045   3221448.1682   5    0   8     5.2226     7.8310     4.2856    -4.9140     4.1041    -3.0347   0.00    0.0   -8.59990   -5.55869    1.58131    1.99791    3.00588    1.63184   -1.88948    1.57935   -1.16838
1974 193580.770  -2270134.9319   5007951.5767   3221448.1761   5    0   8     5.2314     7.8443     4.2927    -4.9225     4.1111    -3.0399   0.00    0.0   -8.60463   -5.56375    1.58609    1.99791    3.00588    1.63184   -1.88947    1.57935   -1.16838
1974 193580.775  -2270134.9749   5007951.5489   3221448.1841   5    0   8     5.2402     7.8576     4.2998    -4.9309     4.1182    -3.0452   0.00    0.0   -8.60762   -5.57128    1.58877    1.99791    3.00588    1.63184   -1.88947    1.57935   -1.16838
1974 193580.780  -2270135.0180   5007951.5210   3221448.1920   5    0   8     5.2490     7.8710     4.3070    -4.9393     4.1253    -3.0504   0.00    0.0   -8.61091   -5.57977    1.59142    1.99791    3.00589    1.63184   -1.88947    1.57935   -1.16837
1974 193580.785  -2270135.0610   5007951.4930   3221448.2000   5    0   8     5.2578     7.8843     4.3141    -4.9478     4.1323    -3.0556   0.00    0.0   -8.61803   -5.58419    1.59770    1.99791    3.00589    1.63185   -1.88947    1.57935   -1.16837
1974 193580.790  -2270135.1042   5007951.4651   3221448.2080   5    0   8     5.2666     7.8977     4.3212    -4.9562     4.1394    -3.0608   0.00    0.0   -8.62391   -5.59072    1.60039    1.99791    3.00589    1.63185   -1.88947    1.57935   -1.16837
1974 193580.795  -2270135.1473   5007951.4371   3221448.2160   5    0   8     5.2754     7.9110     4.3283    -4.9647     4.1464    -3.0660   0.00    0.0   -8.62986   -5.59670    1.60340    1.99791    3.00589    1.63185   -1.88947    1.57935   -1.16837
1974 193580.800  -2270135.1905   5007951.4091   3221448.2241   5    0   8     5.2842     7.9244     4.3355    -4.9731     4.1535    -3.0713   0.00    0.0   -8.63494   -5.60348    1.60569    1.99791    3.00589    1.63185   -1.88947    1.57935   -1.16837
1974 193580.805  -2270135.2337   5007951.3810   3221448.2321   5    0   8     5.2930     7.9378     4.3426    -4.9816     4.1606    -3.0765   0.00    0.0   -8.63932   -5.61223    1.60704    1.99791    3.00590    1.63186   -1.88946    1.57935   -1.16837
1974 193580.810  -2270135.2769   5007951.3529   3221448.2402   5    0   8     5.3018     7.9511     4.3498    -4.9901     4.1677    -3.0817   0.00    0.0   -8.64526   -5.61813    1.61214    1.99791    3.00590    1.63186   -1.88946    1.57935   -1.16837
1974 193580.815  -2270135.3202   5007951.3248   3221448.2482   5    0   8     5.3106     7.9645     4.3569    -4.9985     4.1747    -3.0870   0.00    0.0   -8.64861   -5.62682    1.61268    1.99791    3.00590    1.63186   -1.88946    1.57935   -1.16836
1974 193580.820  -2270135.3634   5007951.2966   3221448.2563   5    0   8     5.3195     7.9779     4.3641    -5.0070     4.1818    -3.0922   0.00    0.0   -8.65404   -5.63352    1.61388    1.99791    3.00590    1.63186   -1.88946    1.57935   -1.16836
1974 193580.825  -2270135.4067   5007951.2684   3221448.2644   5    0   8     5.3283     7.9913     4.3712    -5.0155     4.1889    -3.0974   0.00    0.0   -8.66089   -5.63854    1.61749    1.99791    3.00590    1.63186   -1.88946    1.57935   -1.16836
1974 193580.830  -2270135.4501   5007951.2402   3221448.2725   5    0   8     5.3371     8.0047     4.3784    -5.0239     4.1960    -3.1027   0.00    0.0   -8.66634   -5.64602    1.61932    1.99791    3.00590    1.63187   -1.88946    1.57934   -1.16836
1974 193580.835  -2270135.4934   5007951.2120   3221448.2806   5    0   8     5.3460     8.0181     4.3855    -5.0324     4.2031    -3.1079   0.00    0.0   -8.67222   -5.65033    1.62396    1.99791    3.00591    1.63187   -1.88945    1.57934   -1.16836
1974 193580.840  -2270135.5368   5007951.1837   3221448.2887   5    0   8     5.3548     8.0315     4.3927    -5.0409     4.2102    -3.1132   0.00    0.0   -8.67753   -5.65582    1.62833    1.99791    3.00591    1.63187   -1.88945    1.57934   -1.16836
1974 193580.845  -2270135.5802   5007951.1554   3221448.2969   5    0   8     5.3636     8.0449     4.3999    -5.0494     4.2173    -3.1184   0.00    0.0   -8.68288   -5.66188    1.63291    1.99792    3.00591    1.63187   -1.88945    1.57934   -1.16835
1974 193580.850  -2270135.6237   5007951.1270   3221448.3051   5    0   8     5.3725     8.0584     4.4070    -5.0579     4.2243    -3.1237   0.00    0.0   -8.68780   -5.66772    1.63819    1.99792    3.00591    1.63187   -1.88945    1.57934   -1.16835
1974 193580.855  -2270135.6671   5007951.0987   3221448.3133   5    0   8     5.3813     8.0718     4.4142    -5.0664     4.2314    -3.1289   0.00    0.0   -8.69338   -5.67292    1.64305    1.99792    3.00591    1.63188   -1.88945    1.57934   -1.16835
1974 193580.860  -2270135.7106   5007951.0703   3221448.3215   5    0   8     5.3902     8.0852     4.4214    -5.0749     4.2386    -3.1342   0.00    0.0   -8.70043   -5.67687    1.64811    1.99792    3.00592    1.63188   -1.88945    1.57934   -1.16835
1974 193580.865  -2270135.7542   5007951.0419   3221448.3298   5    0   8     5.3990     8.0987     4.4286    -5.0834     4.2457    -3.1394   0.00    0.0   -8.70700   -5.68301    1.65149    1.99792    3.00592    1.63188   -1.88945    1.57934   -1.16835
1974 193580.870  -2270135.7977   5007951.0134   3221448.3381   5    0   8     5.4079     8.1121     4.4358    -5.0919     4.2528    -3.1447   0.00    0.0   -8.71255   -5.69054    1.65339    1.99792    3.00592    1.63188   -1.88944    1.57934   -1.16835
1974 193580.875  -2270135.8413   5007950.9849   3221448.3464   5    0   8     5.4168     8.1255     4.4429    -5.1004     4.2599    -3.1499   0.00    0.0   -8.71821   -5.69619    1.65658    1.99792    3.00592    1.63189   -1.88944    1.57934   -1.16835
1974 193580.880  -2270135.8849   5007950.9564   3221448.3547   5    0   8     5.4256     8.1390     4.4501    -5.1089     4.2670    -3.1552   0.00    0.0   -8.72329   -5.70238    1.65989    1.99792    3.00592    1.63189   -1.88944    1.57934   -1.16834
1974 193580.885  -2270135.9286   5007950.9279   3221448.3630   5    0   8     5.4345     8.1525     4.4573    -5.1174     4.2741    -3.1605   0.00    0.0   -8.72711   -5.70939    1.66324    1.99792    3.00593    1.63189   -1.88944    1.57934   -1.16834
1974 193580.890  -2270135.9722   5007950.8993   3221448.3713   5    0   8     5.4434     8.1659     4.4645    -5.1259     4.2812    -3.1657   0.00    0.0   -8.73202   -5.71711    1.66617    1.99792    3.00593    1.63189   -1.88944    1.57934   -1.16834
1974 193580.895  -2270136.0159   5007950.8707   3221448.3796   5    0   8     5.4523     8.1794     4.4717    -5.1344     4.2884    -3.1710   0.00    0.0   -8.73869   -5.72251    1.66951    1.99792    3.00593    1.63189   -1.88944    1.57934   -1.16834
1974 193580.900  -2270136.0597   5007950.8420   3221448.3880   5    0   8     5.4612     8.1929     4.4789    -5.1430     4.2955    -3.1763   0.00    0.0   -8.74614   -5.72702    1.67289    1.99792    3.00593    1.63190   -1.88944    1.57934   -1.16834
1974 193580.905  -2270136.1034   5007950.8134   3221448.3964   5    0   8     5.4701     8.2064     4.4861    -5.1515     4.3026    -3.1815   0.00    0.0   -8.75241   -5.73417    1.67437    1.99792    3.00593    1.63190   -1.88943    1.57934   -1.16834
1974 193580.910  -2270136.1472   5007950.7847   3221448.4048   5    0   8     5.4789     8.2198     4.4933    -5.1600     4.3097    -3.1868   0.00    0.0   -8.75820   -5.74062    1.67706    1.99792    3.00594    1.63190   -1.88943    1.57934   -1.16834
1974 193580.915  -2270136.1910   5007950.7559   3221448.4132   5    0   8     5.4878     8.2333     4.5006    -5.1685     4.3169    -3.1921   0.00    0.0   -8.76465   -5.74629    1.68211    1.99792    3.00594    1.63190   -1.88943    1.57934   -1.16833
1974 193580.920  -2270136.2349   5007950.7272   3221448.4216   5    0   8     5.4967     8.2468     4.5078    -5.1771     4.3240    -3.1974   0.00    0.0   -8.76893   -5.75031    1.68844    1.99793    3.00594    1.63191   -1.88943    1.57934   -1.16833
1974 193580.925  -2270136.2787   5007950.6984   3221448.4301   5    0   8     5.5057     8.2603     4.5150    -5.1856     4.3311    -3.2027   0.00    0.0   -8.77354   -5.75381    1.69239    1.99793    3.00594    1.63191   -1.88943    1.57934   -1.16833
1974 193580.930  -2270136.3226   5007950.6696   3221448.4386   5    0   8     5.5146     8.2739     4.5222    -5.1942     4.3383    -3.2079   0.00    0.0   -8.77842   -5.75989    1.69447    1.99793    3.00594    1.63191   -1.88943    1.57934   -1.16833
1974 193580.935  -2270136.3666   5007950.6408   3221448.4471   5    0   8     5.5235     8.2874     4.5295    -5.2027     4.3454    -3.2132   0.00    0.0   -8.78669   -5.76441    1.70036    1.99793    3.00595    1.63191   -1.88942    1.57934   -1.16833
1974 193580.940  -2270136.4105   5007950.6119   3221448.4556   5    0   8     5.5324     8.3009     4.5367    -5.2113     4.3526    -3.2185   0.00    0.0   -8.79231   -5.77089    1.70330    1.99793    3.00595    1.63192   -1.88942    1.57933   -1.16833
1974 193580.945  -2270136.4545   5007950.5831   3221448.4641   5    0   8     5.5413     8.3144     4.5439    -5.2198     4.3597    -3.2238   0.00    0.0   -8.79699   -5.77632    1.70563    1.99793    3.00595    1.63192   -1.88942    1.57933   -1.16832
1974 193580.950  -2270136.4985   5007950.5542   3221448.4726   5    0   8     5.5502     8.3279     4.5512    -5.2284     4.3669    -3.2291   0.00    0.0   -8.80383   -5.77965    1.70924    1.99793    3.00595    1.63192   -1.88942    1.57933   -1.16832
1974 193580.955  -2270136.5426   5007950.5252   3221448.4812   5    0   8     5.5592     8.3415     4.5584    -5.2369     4.3740    -3.2344   0.00    0.0   -8.80952   -5.78735    1.71157    1.99793    3.00595    1.63192   -1.88942    1.57933   -1.16832
1974 193580.960  -2270136.5867   5007950.4962   3221448.4898   5    0   8     5.5681     8.3550     4.5656    -5.2455     4.3812    -3.2397   0.00    0.0   -8.81380   -5.79570    1.71571    1.99793    3.00596    1.63192   -1.88942    1.57933   -1.16832
1974 193580.965  -2270136.6307   5007950.4672   3221448.4984   5    0   8     5.5770     8.3686     4.5729    -5.2540     4.3883    -3.2450   0.00    0.0   -8.81852   -5.80353    1.71778    1.99793    3.00596    1.63193   -1.88942    1.57933   -1.16832
1974 193580.970  -2270136.6749   5007950.4382   3221448.5070   5    0   8     5.5860     8.3821     4.5801    -5.2626     4.3955    -3.2503   0.00    0.0   -8.82420   -5.81065    1.71894    1.99793    3.00596    1.63193   -1.88941    1.57933   -1.16832
1974 193580.975  -2270136.7190   5007950.4091   3221448.5156   5    0   8     5.5949     8.3957     4.5874    -5.2712     4.4027    -3.2556   0.00    0.0   -8.83035   -5.81654    1.72180    1.99793    3.00596    1.63193   -1.88941    1.57933   -1.16832
1974 193580.980  -2270136.7632   5007950.3800   3221448.5242   5    0   8     5.6038     8.4092     4.5946    -5.2797     4.4098    -3.2609   0.00    0.0   -8.83523   -5.82389    1.72396    1.99793    3.00596    1.63193   -1.88941    1.57933   -1.16831
1974 193580.985  -2270136.8074   5007950.3508   3221448.5328   5    0   8     5.6128     8.4228     4.6019    -5.2883     4.4170    -3.2662   0.00    0.0   -8.84173   -5.83065    1.72566    1.99794    3.00597    1.63194   -1.88941    1.57933   -1.16831
1974 193580.990  -2270136.8517   5007950.3216   3221448.5415   5    0   8     5.6217     8.4364     4.6092    -5.2969     4.4242    -3.2715   0.00    0.0   -8.84911   -5.83656    1.72882    1.99794    3.00597    1.63194   -1.88941    1.57933   -1.16831
1974 193580.995  -2270136.8959   5007950.2924   3221448.5501   5    0   8     5.6307     8.4499     4.6164    -5.3055     4.4313    -3.2768   0.00    0.0   -8.85463   -5.84286    1.73107    1.99794    3.00597    1.63194   -1.88941    1.57933   -1.16831
1974 193581.000  -2270136.7848   5007951.8769   3221447.9866   5    0   8     3.6866     5.4905     3.0461    -3.4275     2.8611    -2.1146   0.00    0.0   -8.80127   -5.32009    1.54223    1.42717    2.15577    1.16356   -1.35895    1.13544   -0.83914
1974 193581.005  -2270136.8288   5007951.8503   3221447.9943   5    0   8     3.6923     5.4992     3.0506    -3.4330     2.8657    -2.1180   0.00    0.0   -8.80676   -5.32517    1.54867    1.42717    2.15578    1.16356   -1.35894    1.13544   -0.83914
1974 193581.010  -2270136.8729   5007951.8236   3221448.0021   5    0   8     3.6979     5.5078     3.0551    -3.4386     2.8704    -2.1214   0.00    0.0   -8.81247   -5.33136    1.55434    1.42717    2.15578    1.16356   -1.35894    1.13543   -0.83914
1974 193581.015  -2270136.9170   5007951.7969   3221448.0099   5    0   8     3.7035     5.5165     3.0596    -3.4441     2.8750    -2.1249   0.00    0.0   -8.81685   -5.33892    1.55794    1.42717    2.15578    1.16356   -1.35894    1.13543   -0.83914
1974 193581.020  -2270136.9611   5007951.7702   3221448.0177   5    0   8     3.7091     5.5252     3.0641    -3.4497     2.8796    -2.1283   0.00    0.0   -8.82273   -5.34540    1.56181    1.42717    2.15578    1.16357   -1.35894    1.13543   -0.83914
1974 193581.025  -2270137.0053   5007951.7434   3221448.0255   5    0   8     3.7148     5.5339     3.0687    -3.4552     2.8843    -2.1317   0.00    0.0   -8.83059   -5.35325    1.56554    1.42718    2.15578    1.16357   -1.35894    1.13543   -0.83913
1974 193581.030  -2270137.0495   5007951.7166   3221448.0334   5    0   8     3.7204     5.5426     3.0732    -3.4608     2.8889    -2.1351   0.00    0.0   -8.83778   -5.36240    1.57029    1.42718    2.15579    1.16357   -1.35894    1.13543   -0.83913
1974 193581.035  -2270137.0937   5007951.6897   3221448.0412   5    0   8     3.7261     5.5513     3.0777    -3.4663     2.8936    -2.1386   0.00    0.0   -8.84183   -5.37202    1.57397    1.42718    2.15579    1.16357   -1.35894    1.13543   -0.83913
1974 193581.040  -2270137.1379   5007951.6628   3221448.0491   5    0   8     3.7317     5.5600     3.0822    -3.4719     2.8982    -2.1420   0.00    0.0   -8.84566   -5.38031    1.57880    1.42718    2.15579    1.16358   -1.35893    1.13543   -0.83913
1974 193581.045  -2270137.1821   5007951.6359   3221448.0571   5    0   8     3.7374     5.5687     3.0868    -3.4775     2.9029    -2.1454   0.00    0.0   -8.84984   -5.38803    1.58524    1.42718    2.15579    1.16358   -1.35893    1.13543   -0.83913
1974 193581.050  -2270137.2264   5007951.6089   3221448.0650   5    0   8     3.7431     5.5774     3.0913    -3.4831     2.9076    -2.1489   0.00    0.0   -8.85391   -5.39708    1.58898    1.42718    2.15579    1.16358   -1.35893    1.13543   -0.83913
1974 193581.055  -2270137.2707   5007951.5819   3221448.0730   5    0   8     3.7487     5.5861     3.0959    -3.4886     2.9122    -2.1523   0.00    0.0   -8.86011   -5.40418    1.59301    1.42718    2.15580    1.16358   -1.35893    1.13543   -0.83913
1974 193581.060  -2270137.3150   5007951.5548   3221448.0809   5    0   8     3.7544     5.5949     3.1004    -3.4942     2.9169    -2.1558   0.00    0.0   -8.86723   -5.41081    1.59633    1.42719    2.15580    1.16359   -1.35893    1.13543   -0.83912
1974 193581.065  -2270137.3594   5007951.5278   3221448.0889   5    0   8     3.7601     5.6036     3.1050    -3.4998     2.9216    -2.1592   0.00    0.0   -8.87439   -5.41806    1.59812    1.42719    2.15580    1.16359   -1.35893    1.13543   -0.83912
1974 193581.070  -2270137.4038   5007951.5006   3221448.0969   5    0   8     3.7658     5.6124     3.1095    -3.5054     2.9262    -2.1627   0.00    0.0   -8.88097   -5.42522    1.60090    1.42719    2.15580    1.16359   -1.35893    1.13543   -0.83912
1974 193581.075  -2270137.4482   5007951.4735   3221448.1050   5    0   8     3.7714     5.6211     3.1141    -3.5110     2.9309    -2.1661   0.00    0.0   -8.88571   -5.43305    1.60484    1.42719    2.15580    1.16360   -1.35893    1.13543   -0.83912
1974 193581.080  -2270137.4927   5007951.4463   3221448.1130   5    0   8     3.7771     5.6299     3.1187    -3.5166     2.9356    -2.1696   0.00    0.0   -8.89172   -5.43800    1.61128    1.42719    2.15581    1.16360   -1.35892    1.13542   -0.83912
1974 193581.085  -2270137.5372   5007951.4191   3221448.1211   5    0   8     3.7828     5.6386     3.1232    -3.5222     2.9403    -2.1731   0.00    0.0   -8.89639   -5.44322    1.61668    1.42719    2.15581    1.16360   -1.35892    1.13542   -0.83912
1974 193581.090  -2270137.5817   5007951.3918   3221448.1292   5    0   8     3.7885     5.6474     3.1278    -3.5278     2.9450    -2.1765   0.00    0.0   -8.89987   -5.45104    1.61937    1.42719    2.15581    1.16360   -1.35892    1.13542   -0.83911
1974 193581.095  -2270137.6262   5007951.3645   3221448.1373   5    0   8     3.7942     5.6562     3.1324    -3.5334     2.9497    -2.1800   0.00    0.0   -8.90704   -5.45648    1.62458    1.42720    2.15581    1.16361   -1.35892    1.13542   -0.83911
1974 193581.100  -2270137.6708   5007951.3372   3221448.1455   5    0   8     3.8000     5.6650     3.1370    -3.5391     2.9543    -2.1834   0.00    0.0   -8.91364   -5.46365    1.63038    1.42720    2.15581    1.16361   -1.35892    1.13542   -0.83911
1974 193581.105  -2270137.7154   5007951.3098   3221448.1537   5    0   8     3.8057     5.6738     3.1416    -3.5447     2.9590    -2.1869   0.00    0.0   -8.91945   -5.47245    1.63500    1.42720    2.15582    1.16361   -1.35892    1.13542   -0.83911
1974 193581.110  -2270137.7600   5007951.2824   3221448.1619   5    0   8     3.8114     5.6826     3.1461    -3.5503     2.9637    -2.1904   0.00    0.0   -8.92580   -5.47983    1.64039    1.42720    2.15582    1.16361   -1.35892    1.13542   -0.83911
1974 193581.115  -2270137.8047   5007951.2550   3221448.1701   5    0   8     3.8171     5.6914     3.1507    -3.5559     2.9685    -2.1939   0.00    0.0   -8.93049   -5.48859    1.64487    1.42720    2.15582    1.16362   -1.35891    1.13542   -0.83911
1974 193581.120  -2270137.8493   5007951.2275   3221448.1783   5    0   8     3.8229     5.7002     3.1553    -3.5616     2.9732    -2.1973   0.00    0.0   -8.93600   -5.49540    1.65162    1.42720    2.15582    1.16362   -1.35891    1.13542   -0.83911
1974 193581.125  -2270137.8941   5007951.2000   3221448.1866   5    0   8     3.8286     5.7091     3.1599    -3.5672     2.9779    -2.2008   0.00    0.0   -8.94033   -5.50358    1.65768    1.42720    2.15582    1.16362   -1.35891    1.13542   -0.83910
1974 193581.130  -2270137.9388   5007951.1724   3221448.1949   5    0   8     3.8343     5.7179     3.1646    -3.5729     2.9826    -2.2043   0.00    0.0   -8.94601   -5.51181    1.66353    1.42721    2.15583    1.16362   -1.35891    1.13542   -0.83910
1974 193581.135  -2270137.9835   5007951.1449   3221448.2033   5    0   8     3.8401     5.7267     3.1692    -3.5785     2.9873    -2.2078   0.00    0.0   -8.95340   -5.51726    1.67011    1.42721    2.15583    1.16363   -1.35891    1.13542   -0.83910
1974 193581.140  -2270138.0283   5007951.1172   3221448.2117   5    0   8     3.8458     5.7356     3.1738    -3.5842     2.9920    -2.2113   0.00    0.0   -8.96009   -5.52441    1.67251    1.42721    2.15583    1.16363   -1.35891    1.13542   -0.83910
1974 193581.145  -2270138.0732   5007951.0896   3221448.2200   5    0   8     3.8516     5.7444     3.1784    -3.5898     2.9968    -2.2148   0.00    0.0   -8.96633   -5.53239    1.67454    1.42721    2.15583    1.16363   -1.35891    1.13541   -0.83910
1974 193581.150  -2270138.1180   5007951.0619   3221448.2284   5    0   8     3.8573     5.7533     3.1830    -3.5955     3.0015    -2.2183   0.00    0.0   -8.97367   -5.54077    1.67928    1.42721    2.15583    1.16364   -1.35890    1.13541   -0.83910
1974 193581.155  -2270138.1629   5007951.0341   3221448.2368   5    0   8     3.8631     5.7621     3.1877    -3.6011     3.0062    -2.2218   0.00    0.0   -8.97843   -5.55080    1.68321    1.42721    2.15584    1.16364   -1.35890    1.13541   -0.83909
1974 193581.160  -2270138.2079   5007951.0063   3221448.2453   5    0   8     3.8689     5.7710     3.1923    -3.6068     3.0110    -2.2253   0.00    0.0   -8.98243   -5.55627    1.68999    1.42722    2.15584    1.16364   -1.35890    1.13541   -0.83909
1974 193581.165  -2270138.2528   5007950.9785   3221448.2538   5    0   8     3.8747     5.7799     3.1969    -3.6125     3.0157    -2.2288   0.00    0.0   -8.98659   -5.56110    1.69487    1.42722    2.15584    1.16364   -1.35890    1.13541   -0.83909
1974 193581.170  -2270138.2978   5007950.9507   3221448.2623   5    0   8     3.8804     5.7888     3.2016    -3.6181     3.0204    -2.2323   0.00    0.0   -8.99338   -5.56638    1.69995    1.42722    2.15584    1.16365   -1.35890    1.13541   -0.83909
1974 193581.175  -2270138.3428   5007950.9228   3221448.2708   5    0   8     3.8862     5.7977     3.2062    -3.6238     3.0252    -2.2358   0.00    0.0   -9.00120   -5.57203    1.70712    1.42722    2.15584    1.16365   -1.35890    1.13541   -0.83909
1974 193581.180  -2270138.3878   5007950.8949   3221448.2794   5    0   8     3.8920     5.8066     3.2109    -3.6295     3.0299    -2.2393   0.00    0.0   -9.00682   -5.58111    1.71100    1.42722    2.15585    1.16365   -1.35890    1.13541   -0.83909
1974 193581.185  -2270138.4329   5007950.8670   3221448.2879   5    0   8     3.8978     5.8155     3.2155    -3.6352     3.0347    -2.2428   0.00    0.0   -9.01390   -5.58654    1.71776    1.42722    2.15585    1.16366   -1.35889    1.13541   -0.83909
1974 193581.190  -2270138.4780   5007950.8390   3221448.2966   5    0   8     3.9036     5.8244     3.2202    -3.6409     3.0394    -2.2463   0.00    0.0   -9.02027   -5.59155    1.72516    1.42723    2.15585    1.16366   -1.35889    1.13541   -0.83908
1974 193581.195  -2270138.5231   5007950.8110   3221448.3052   5    0   8     3.9094     5.8333     3.2248    -3.6466     3.0442    -2.2498   0.00    0.0   -9.02425   -5.59838    1.73191    1.42723    2.15585    1.16366   -1.35889    1.13541   -0.83908
1974 193581.200  -2270138.5682   5007950.7830   3221448.3139   5    0   8     3.9152     5.8422     3.2295    -3.6523     3.0490    -2.2533   0.00    0.0   -9.02966   -5.60380    1.74052    1.42723    2.15585    1.16366   -1.35889    1.13541   -0.83908
1974 193581.205  -2270138.6134   5007950.7550   3221448.3227   5    0   8     3.9210     5.8511     3.2341    -3.6580     3.0537    -2.2568   0.00    0.0   -9.03563   -5.61167    1.74668    1.42723    2.15586    1.16367   -1.35889    1.13540   -0.83908
1974 193581.210  -2270138.6586   5007950.7269   3221448.3314   5    0   8     3.9268     5.8601     3.2388    -3.6637     3.0585    -2.2604   0.00    0.0   -9.04292   -5.61833    1.75220    1.42723    2.15586    1.16367   -1.35889    1.13540   -0.83908
1974 193581.215  -2270138.7039   5007950.6988   3221448.3402   5    0   8     3.9326     5.8690     3.2435    -3.6694     3.0633    -2.2639   0.00    0.0   -9.04929   -5.62345    1.75751    1.42723    2.15586    1.16367   -1.35889    1.13540   -0.83908
1974 193581.220  -2270138.7492   5007950.6706   3221448.3490   5    0   8     3.9385     5.8780     3.2482    -3.6751     3.0680    -2.2674   0.00    0.0   -9.05686   -5.62820    1.76396    1.42724    2.15586    1.16368   -1.35888    1.13540   -0.83907
1974 193581.225  -2270138.7945   5007950.6425   3221448.3579   5    0   8     3.9443     5.8869     3.2528    -3.6808     3.0728    -2.2709   0.00    0.0   -9.06553   -5.63282    1.77036    1.42724    2.15586    1.16368   -1.35888    1.13540   -0.83907
1974 193581.230  -2270138.8398   5007950.6143   3221448.3668   5    0   8     3.9501     5.8959     3.2575    -3.6865     3.0776    -2.2745   0.00    0.0   -9.07166   -5.63975    1.77542    1.42724    2.15587    1.16368   -1.35888    1.13540   -0.83907
1974 193581.235  -2270138.8852   5007950.5860   3221448.3757   5    0   8     3.9560     5.9048     3.2622    -3.6923     3.0824    -2.2780   0.00    0.0   -9.07726   -5.64669    1.78086    1.42724    2.15587    1.16368   -1.35888    1.13540   -0.83907
1974 193581.240  -2270138.9307   5007950.5578   3221448.3846   5    0   8     3.9618     5.9138     3.2669    -3.6980     3.0872    -2.2815   0.00    0.0   -9.08414   -5.65236    1.78718    1.42724    2.15587    1.16369   -1.35888    1.13540   -0.83907
1974 193581.245  -2270138.9761   5007950.5295   3221448.3936   5    0   8     3.9676     5.9228     3.2716    -3.7037     3.0919    -2.2851   0.00    0.0   -9.09141   -5.65584    1.79573    1.42724    2.15587    1.16369   -1.35888    1.13540   -0.83907
1974 193581.250  -2270139.0216   5007950.5012   3221448.4026   5    0   8     3.9735     5.9318     3.2763    -3.7094     3.0967    -2.2886   0.00    0.0   -9.09745   -5.66045    1.80317    1.42725    2.15587    1.16369   -1.35888    1.13540   -0.83906
1974 193581.255  -2270139.0671   5007950.4729   3221448.4116   5    0   8     3.9793     5.9408     3.2810    -3.7152     3.1015    -2.2921   0.00    0.0   -9.10465   -5.66666    1.80968    1.42725    2.15588    1.16370   -1.35887    1.13540   -0.83906
1974 193581.260  -2270139.1127   5007950.4445   3221448.4207   5    0   8     3.9852     5.9498     3.2857    -3.7209     3.1063    -2.2957   0.00    0.0   -9.11293   -5.67292    1.81719    1.42725    2.15588    1.16370   -1.35887    1.13539   -0.83906
1974 193581.265  -2270139.1583   5007950.4161   3221448.4298   5    0   8     3.9911     5.9588     3.2904    -3.7267     3.1111    -2.2992   0.00    0.0   -9.11863   -5.68106    1.82274    1.42725    2.15588    1.16370   -1.35887    1.13539   -0.83906
1974 193581.270  -2270139.2039   5007950.3877   3221448.4390   5    0   8     3.9969     5.9678     3.2951    -3.7324     3.1159    -2.3028   0.00    0.0   -9.12574   -5.68581    1.83054    1.42725    2.15588    1.16370   -1.35887    1.13539   -0.83906
1974 193581.275  -2270139.2496   5007950.3592   3221448.4482   5    0   8     4.0028     5.9768     3.2999    -3.7382     3.1207    -2.3063   0.00    0.0   -9.13313   -5.69089    1.83851    1.42726    2.15589    1.16371   -1.35887    1.13539   -0.83906
1974 193581.280  -2270139.2953   5007950.3307   3221448.4574   5    0   8     4.0087     5.9858     3.3046    -3.7439     3.1255    -2.3099   0.00    0.0   -9.13847   -5.69858    1.84569    1.42726    2.15589    1.16371   -1.35887    1.13539   -0.83905
1974 193581.285  -2270139.3410   5007950.3022   3221448.4667   5    0   8     4.0145     5.9948     3.3093    -3.7497     3.1304    -2.3134   0.00    0.0   -9.14312   -5.70552    1.85313    1.42726    2.15589    1.16371   -1.35887    1.13539   -0.83905
1974 193581.290  -2270139.3867   5007950.2736   3221448.4760   5    0   8     4.0204     6.0039     3.3140    -3.7554     3.1352    -2.3170   0.00    0.0   -9.14741   -5.71306    1.85645    1.42726    2.15589    1.16372   -1.35886    1.13539   -0.83905
1974 193581.295  -2270139.4325   5007950.2450   3221448.4853   5    0   8     4.0263     6.0129     3.3188    -3.7612     3.1400    -2.3206   0.00    0.0   -9.15541   -5.71687    1.86113    1.42726    2.15589    1.16372   -1.35886    1.13539   -0.83905
1974 193581.300  -2270139.4783   5007950.2164   3221448.4946   5    0   8     4.0322     6.0219     3.3235    -3.7670     3.1448    -2.3241   0.00    0.0   -9.16138   -5.72315    1.86603    1.42726    2.15590    1.16372   -1.35886    1.13539   -0.83905
1974 193581.305  -2270139.5241   5007950.1878   3221448.5040   5    0   8     4.0381     6.0310     3.3282    -3.7727     3.1496    -2.3277   0.00    0.0   -9.16791   -5.73123    1.87166    1.42727    2.15590    1.16373   -1.35886    1.13539   -0.83905
1974 193581.310  -2270139.5700   5007950.1591   3221448.5134   5    0   8     4.0440     6.0400     3.3330    -3.7785     3.1545    -2.3312   0.00    0.0   -9.17551   -5.73653    1.87806    1.42727    2.15590    1.16373   -1.35886    1.13539   -0.83904
1974 193581.315  -2270139.6159   5007950.1304   3221448.5228   5    0   8     4.0499     6.0491     3.3377    -3.7843     3.1593    -2.3348   0.00    0.0   -9.18166   -5.74052    1.88416    1.42727    2.15590    1.16373   -1.35886    1.13538   -0.83904
1974 193581.320  -2270139.6619   5007950.1016   3221448.5322   5    0   8     4.0558     6.0582     3.3425    -3.7901     3.1641    -2.3384   0.00    0.0   -9.18722   -5.74462    1.89046    1.42727    2.15590    1.16373   -1.35886    1.13538   -0.83904
1974 193581.325  -2270139.7078   5007950.0729   3221448.5417   5    0   8     4.0617     6.0672     3.3472    -3.7959     3.1690    -2.3419   0.00    0.0   -9.19496   -5.74988    1.89801    1.42727    2.15591    1.16374   -1.35885    1.13538   -0.83904
1974 193581.330  -2270139.7538   5007950.0441   3221448.5512   5    0   8     4.0676     6.0763     3.3520    -3.8017     3.1738    -2.3455   0.00    0.0   -9.20282   -5.75626    1.90506    1.42728    2.15591    1.16374   -1.35885    1.13538   -0.83904
1974 193581.335  -2270139.7999   5007950.0153   3221448.5608   5    0   8     4.0735     6.0854     3.3567    -3.8075     3.1786    -2.3491   0.00    0.0   -9.20868   -5.76091    1.91145    1.42728    2.15591    1.16374   -1.35885    1.13538   -0.83904
1974 193581.340  -2270139.8460   5007949.9865   3221448.5704   5    0   8     4.0794     6.0945     3.3615    -3.8132     3.1835    -2.3527   0.00    0.0   -9.21397   -5.76554    1.91683    1.42728    2.15591    1.16375   -1.35885    1.13538   -0.83903
1974 193581.345  -2270139.8921   5007949.9576   3221448.5800   5    0   8     4.0854     6.1036     3.3663    -3.8190     3.1883    -2.3563   0.00    0.0   -9.22080   -5.77160    1.92351    1.42728    2.15592    1.16375   -1.35885    1.13538   -0.83903
1974 193581.350  -2270139.9382   5007949.9287   3221448.5897   5    0   8     4.0913     6.1127     3.3710    -3.8248     3.1932    -2.3598   0.00    0.0   -9.22787   -5.77880    1.93170    1.42728    2.15592    1.16375   -1.35885    1.13538   -0.83903
1974 193581.355  -2270139.9844   5007949.8998   3221448.5994   5    0   8     4.0972     6.1218     3.3758    -3.8307     3.1980    -2.3634   0.00    0.0   -9.23189   -5.78625    1.93913    1.42728    2.15592    1.16376   -1.35885    1.13538   -0.83903
1974 193581.360  -2270140.0306   5007949.8708   3221448.6091   5    0   8     4.1032     6.1309     3.3806    -3.8365     3.2029    -2.3670   0.00    0.0   -9.23796   -5.79188    1.94579    1.42729    2.15592    1.16376   -1.35884    1.13538   -0.83903
1974 193581.365  -2270140.0768   5007949.8418   3221448.6188   5    0   8     4.1091     6.1400     3.3853    -3.8423     3.2077    -2.3706   0.00    0.0   -9.24615   -5.79821    1.95186    1.42729    2.15592    1.16376   -1.35884    1.13537   -0.83903
1974 193581.370  -2270140.1231   5007949.8128   3221448.6286   5    0   8     4.1151     6.1491     3.3901    -3.8481     3.2126    -2.3742   0.00    0.0   -9.25354   -5.80584    1.95928    1.42729    2.15593    1.16377   -1.35884    1.13537   -0.83902
1974 193581.375  -2270140.1694   5007949.7838   3221448.6385   5    0   8     4.1210     6.1582     3.3949    -3.8539     3.2175    -2.3778   0.00    0.0   -9.26095   -5.81222    1.96575    1.42729    2.15593    1.16377   -1.35884    1.13537   -0.83902
1974 193581.380  -2270140.2157   5007949.7547   3221448.6483   5    0   8     4.1270     6.1674     3.3997    -3.8597     3.2223    -2.3814   0.00    0.0   -9.26794   -5.81780    1.97021    1.42729    2.15593    1.16377   -1.35884    1.13537   -0.83902
1974 193581.385  -2270140.2621   5007949.7256   3221448.6582   5    0   8     4.1329     6.1765     3.4045    -3.8656     3.2272    -2.3850   0.00    0.0   -9.27462   -5.82366    1.97622    1.42730    2.15593    1.16377   -1.35884    1.13537   -0.83902
1974 193581.390  -2270140.3085   5007949.6964   3221448.6681   5    0   8     4.1389     6.1857     3.4093    -3.8714     3.2321    -2.3886   0.00    0.0   -9.27981   -5.83072    1.98347    1.42730    2.15594    1.16378   -1.35883    1.13537   -0.83902
1974 193581.395  -2270140.3549   5007949.6672   3221448.6781   5    0   8     4.1448     6.1948     3.4141    -3.8772     3.2369    -2.3922   0.00    0.0   -9.28548   -5.83651    1.99317    1.42730    2.15594    1.16378   -1.35883    1.13537   -0.83901
1974 193581.400  -2270140.4014   5007949.6380   3221448.6881   5    0   8     4.1508     6.2040     3.4189    -3.8830     3.2418    -2.3958   0.00    0.0   -9.29138   -5.84125    2.00125    1.42730    2.15594    1.16378   -1.35883    1.13537   -0.83901
1974 193581.405  -2270140.4478   5007949.6088   3221448.6981   5    0   8     4.1568     6.2131     3.4237    -3.8889     3.2467    -2.3994   0.00    0.0   -9.29736   -5.84553    2.00611    1.42730    2.15594    1.16379   -1.35883    1.13537   -0.83901
1974 193581.410  -2270140.4944   5007949.5795   3221448.7082   5    0   8     4.1627     6.2223     3.4285    -3.8947     3.2516    -2.4030   0.00    0.0   -9.30321   -5.85137    2.00991    1.42731    2.15594    1.16379   -1.35883    1.13537   -0.83901
1974 193581.415  -2270140.5409   5007949.5502   3221448.7183   5    0   8     4.1687     6.2314     3.4333    -3.9006     3.2565    -2.4066   0.00    0.0   -9.31023   -5.85804    2.01719    1.42731    2.15595    1.16379   -1.35883    1.13536   -0.83901
1974 193581.420  -2270140.5875   5007949.5209   3221448.7284   5    0   8     4.1747     6.2406     3.4381    -3.9064     3.2613    -2.4102   0.00    0.0   -9.31691   -5.86453    2.02496    1.42731    2.15595    1.16380   -1.35883    1.13536   -0.83901
1974 193581.425  -2270140.6341   5007949.4915   3221448.7385   5    0   8     4.1807     6.2498     3.4429    -3.9123     3.2662    -2.4138   0.00    0.0   -9.32089   -5.87239    2.02852    1.42731    2.15595    1.16380   -1.35882    1.13536   -0.83900
1974 193581.430  -2270140.6807   5007949.4622   3221448.7487   5    0   8     4.1867     6.2590     3.4477    -3.9181     3.2711    -2.4174   0.00    0.0   -9.32714   -5.87782    2.03567    1.42731    2.15595    1.16380   -1.35882    1.13536   -0.83900
1974 193581.435  -2270140.7274   5007949.4327   3221448.7589   5    0   8     4.1927     6.2682     3.4526    -3.9240     3.2760    -2.4210   0.00    0.0   -9.33416   -5.88569    2.04213    1.42732    2.15596    1.16381   -1.35882    1.13536   -0.83900
1974 193581.440  -2270140.7741   5007949.4033   3221448.7691   5    0   8     4.1987     6.2774     3.4574    -3.9298     3.2809    -2.4246   0.00    0.0   -9.34015   -5.89591    2.04583    1.42732    2.15596    1.16381   -1.35882    1.13536   -0.83900
1974 193581.445  -2270140.8208   5007949.3737   3221448.7794   5    0   8     4.2047     6.2865     3.4622    -3.9357     3.2858    -2.4283   0.00    0.0   -9.34725   -5.90218    2.05221    1.42732    2.15596    1.16381   -1.35882    1.13536   -0.83900
1974 193581.450  -2270140.8676   5007949.3442   3221448.7897   5    0   8     4.2107     6.2958     3.4671    -3.9416     3.2907    -2.4319   0.00    0.0   -9.35396   -5.90998    2.05631    1.42732    2.15596    1.16381   -1.35882    1.13536   -0.83900
1974 193581.455  -2270140.9144   5007949.3146   3221448.8000   5    0   8     4.2167     6.3050     3.4719    -3.9474     3.2956    -2.4355   0.00    0.0   -9.36008   -5.91747    2.06089    1.42732    2.15596    1.16382   -1.35882    1.13536   -0.83899
1974 193581.460  -2270140.9612   5007949.2850   3221448.8103   5    0   8     4.2227     6.3142     3.4767    -3.9533     3.3005    -2.4391   0.00    0.0   -9.36528   -5.92419    2.06675    1.42732    2.15597    1.16382   -1.35881    1.13536   -0.83899
1974 193581.465  -2270141.0081   5007949.2553   3221448.8207   5    0   8     4.2287     6.3234     3.4816    -3.9592     3.3054    -2.4427   0.00    0.0   -9.37185   -5.93169    2.07135    1.42733    2.15597    1.16382   -1.35881    1.13536   -0.83899
1974 193581.470  -2270141.0550   5007949.2256   3221448.8311   5    0   8     4.2347     6.3326     3.4864    -3.9651     3.3103    -2.4464   0.00    0.0   -9.37953   -5.93786    2.07756    1.42733    2.15597    1.16383   -1.35881    1.13535   -0.83899
1974 193581.475  -2270141.1019   5007949.1959   3221448.8415   5    0   8     4.2407     6.3418     3.4913    -3.9709     3.3153    -2.4500   0.00    0.0   -9.38591   -5.94387    2.08344    1.42733    2.15597    1.16383   -1.35881    1.13535   -0.83899
1974 193581.480  -2270141.1489   5007949.1662   3221448.8519   5    0   8     4.2467     6.3511     3.4961    -3.9768     3.3202    -2.4536   0.00    0.0   -9.38912   -5.95046    2.08679    1.42733    2.15597    1.16383   -1.35881    1.13535   -0.83899
1974 193581.485  -2270141.1958   5007949.1364   3221448.8624   5    0   8     4.2528     6.3603     3.5010    -3.9827     3.3251    -2.4573   0.00    0.0   -9.39594   -5.95590    2.09372    1.42733    2.15598    1.16384   -1.35881    1.13535   -0.83898
1974 193581.490  -2270141.2429   5007949.1066   3221448.8729   5    0   8     4.2588     6.3696     3.5058    -3.9886     3.3300    -2.4609   0.00    0.0   -9.40336   -5.96389    2.09983    1.42734    2.15598    1.16384   -1.35880    1.13535   -0.83898
1974 193581.495  -2270141.2899   5007949.0767   3221448.8834   5    0   8     4.2648     6.3788     3.5107    -3.9945     3.3349    -2.4645   0.00    0.0   -9.40971   -5.97235    2.10597    1.42734    2.15598    1.16384   -1.35880    1.13535   -0.83898
1974 193581.500  -2270141.3370   5007949.0468   3221448.8940   5    0   8     4.2709     6.3881     3.5155    -4.0004     3.3399    -2.4682   0.00    0.0   -9.41730   -5.97848    2.11390    1.42734    2.15598    1.16385   -1.35880    1.13535   -0.83898
1974 193581.505  -2270141.3841   5007949.0169   3221448.9046   5    0   8     4.2769     6.3973     3.5204    -4.0063     3.3448    -2.4718   0.00    0.0   -9.42415   -5.98602    2.11846    1.42734    2.15599    1.16385   -1.35880    1.13535   -0.83898
1974 193581.510  -2270141.4313   5007948.9869   3221448.9152   5    0   8     4.2830     6.4066     3.5253    -4.0122     3.3497    -2.4755   0.00    0.0   -9.43022   -5.99257    2.12464    1.42734    2.15599    1.16385   -1.35880    1.13535   -0.83897
1974 193581.515  -2270141.4785   5007948.9569   3221448.9259   5    0   8     4.2890     6.4158     3.5301    -4.0181     3.3546    -2.4791   0.00    0.0   -9.43577   -6.00032    2.13159    1.42735    2.15599    1.16386   -1.35880    1.13534   -0.83897
1974 193581.520  -2270141.5257   5007948.9269   3221448.9365   5    0   8     4.2951     6.4251     3.5350    -4.0240     3.3596    -2.4827   0.00    0.0   -9.44174   -6.00929    2.13806    1.42735    2.15599    1.16386   -1.35880    1.13534   -0.83897
1974 193581.525  -2270141.5729   5007948.8968   3221448.9473   5    0   8     4.3011     6.4344     3.5399    -4.0299     3.3645    -2.4864   0.00    0.0   -9.44779   -6.01623    2.14403    1.42735    2.15600    1.16386   -1.35879    1.13534   -0.83897
1974 193581.530  -2270141.6202   5007948.8667   3221448.9580   5    0   8     4.3072     6.4437     3.5448    -4.0358     3.3695    -2.4900   0.00    0.0   -9.45137   -6.02267    2.14790    1.42735    2.15600    1.16387   -1.35879    1.13534   -0.83897
1974 193581.535  -2270141.6674   5007948.8365   3221448.9688   5    0   8     4.3132     6.4530     3.5496    -4.0417     3.3744    -2.4937   0.00    0.0   -9.45690   -6.02921    2.15120    1.42735    2.15600    1.16387   -1.35879    1.13534   -0.83897
1974 193581.540  -2270141.7148   5007948.8063   3221448.9795   5    0   8     4.3193     6.4622     3.5545    -4.0476     3.3793    -2.4973   0.00    0.0   -9.46506   -6.03613    2.15527    1.42736    2.15600    1.16387   -1.35879    1.13534   -0.83896
1974 193581.545  -2270141.7621   5007948.7761   3221448.9903   5    0   8     4.3254     6.4715     3.5594    -4.0535     3.3843    -2.5010   0.00    0.0   -9.47022   -6.04429    2.15892    1.42736    2.15600    1.16388   -1.35879    1.13534   -0.83896
1974 193581.550  -2270141.8095   5007948.7459   3221449.0011   5    0   8     4.3314     6.4808     3.5643    -4.0595     3.3892    -2.5046   0.00    0.0   -9.47328   -6.05296    2.16229    1.42736    2.15601    1.16388   -1.35879    1.13534   -0.83896
1974 193581.555  -2270141.8569   5007948.7156   3221449.0120   5    0   8     4.3375     6.4901     3.5692    -4.0654     3.3942    -2.5083   0.00    0.0   -9.47941   -6.05940    2.16762    1.42736    2.15601    1.16388   -1.35879    1.13534   -0.83896
1974 193581.560  -2270141.9043   5007948.6852   3221449.0229   5    0   8     4.3436     6.4994     3.5741    -4.0713     3.3991    -2.5120   0.00    0.0   -9.48458   -6.06582    2.17335    1.42736    2.15601    1.16389   -1.35878    1.13534   -0.83896
1974 193581.565  -2270141.9517   5007948.6549   3221449.0337   5    0   8     4.3497     6.5088     3.5790    -4.0772     3.4041    -2.5156   0.00    0.0   -9.48828   -6.07253    2.17967    1.42737    2.15601    1.16389   -1.35878    1.13534   -0.83896
1974 193581.570  -2270141.9992   5007948.6245   3221449.0447   5    0   8     4.3557     6.5181     3.5839    -4.0832     3.4091    -2.5193   0.00    0.0   -9.49482   -6.07833    2.18685    1.42737    2.15602    1.16389   -1.35878    1.13533   -0.83895
1974 193581.575  -2270142.0467   5007948.5940   3221449.0556   5    0   8     4.3618     6.5274     3.5888    -4.0891     3.4140    -2.5229   0.00    0.0   -9.50072   -6.08718    2.19168    1.42737    2.15602    1.16390   -1.35878    1.13533   -0.83895
1974 193581.580  -2270142.0943   5007948.5636   3221449.0666   5    0   8     4.3679     6.5367     3.5937    -4.0951     3.4190    -2.5266   0.00    0.0   -9.50616   -6.09568    2.19768    1.42737    2.15602    1.16390   -1.35878    1.13533   -0.83895
1974 193581.585  -2270142.1418   5007948.5331   3221449.0777   5    0   8     4.3740     6.5461     3.5986    -4.1010     3.4239    -2.5303   0.00    0.0   -9.51170   -6.10105    2.20553    1.42738    2.15602    1.16390   -1.35878    1.13533   -0.83895
1974 193581.590  -2270142.1894   5007948.5025   3221449.0887   5    0   8     4.3801     6.5554     3.6035    -4.1069     3.4289    -2.5339   0.00    0.0   -9.51892   -6.10689    2.21352    1.42738    2.15603    1.16391   -1.35877    1.13533   -0.83895
1974 193581.595  -2270142.2370   5007948.4719   3221449.0998   5    0   8     4.3862     6.5647     3.6084    -4.1129     3.4339    -2.5376   0.00    0.0   -9.52396   -6.11623    2.21837    1.42738    2.15603    1.16391   -1.35877    1.13533   -0.83894
1974 193581.600  -2270142.2847   5007948.4413   3221449.1109   5    0   8     4.3923     6.5741     3.6134    -4.1188     3.4388    -2.5413   0.00    0.0   -9.52777   -6.12678    2.22103    1.42738    2.15603    1.16391   -1.35877    1.13533   -0.83894
1974 193581.605  -2270142.3323   5007948.4106   3221449.1220   5    0   8     4.3984     6.5834     3.6183    -4.1248     3.4438    -2.5450   0.00    0.0   -9.53270   -6.13544    2.22486    1.42738    2.15603    1.16391   -1.35877    1.13533   -0.83894
1974 193581.610  -2270142.3800   5007948.3799   3221449.1332   5    0   8     4.4045     6.5928     3.6232    -4.1307     3.4488    -2.5486   0.00    0.0   -9.54161   -6.14025    2.23056    1.42739    2.15603    1.16392   -1.35877    1.13533   -0.83894
1974 193581.615  -2270142.4278   5007948.3492   3221449.1444   5    0   8     4.4106     6.6021     3.6281    -4.1367     3.4538    -2.5523   0.00    0.0   -9.54765   -6.14668    2.23397    1.42739    2.15604    1.16392   -1.35877    1.13532   -0.83894
1974 193581.620  -2270142.4755   5007948.3184   3221449.1556   5    0   8     4.4168     6.6115     3.6330    -4.1427     3.4588    -2.5560   0.00    0.0   -9.55389   -6.15413    2.24052    1.42739    2.15604    1.16392   -1.35877    1.13532   -0.83894
1974 193581.625  -2270142.5234   5007948.2876   3221449.1668   5    0   8     4.4229     6.6209     3.6380    -4.1486     3.4637    -2.5597   0.00    0.0   -9.56225   -6.16156    2.24742    1.42739    2.15604    1.16393   -1.35876    1.13532   -0.83893
1974 193581.630  -2270142.5712   5007948.2568   3221449.1781   5    0   8     4.4290     6.6302     3.6429    -4.1546     3.4687    -2.5634   0.00    0.0   -9.56702   -6.16929    2.25178    1.42739    2.15604    1.16393   -1.35876    1.13532   -0.83893
1974 193581.635  -2270142.6190   5007948.2259   3221449.1894   5    0   8     4.4351     6.6396     3.6478    -4.1605     3.4737    -2.5670   0.00    0.0   -9.57147   -6.17514    2.25674    1.42740    2.15605    1.16393   -1.35876    1.13532   -0.83893
1974 193581.640  -2270142.6669   5007948.1950   3221449.2007   5    0   8     4.4412     6.6490     3.6528    -4.1665     3.4787    -2.5707   0.00    0.0   -9.57783   -6.18238    2.26254    1.42740    2.15605    1.16394   -1.35876    1.13532   -0.83893
1974 193581.645  -2270142.7148   5007948.1640   3221449.2120   5    0   8     4.4474     6.6584     3.6577    -4.1725     3.4837    -2.5744   0.00    0.0   -9.58236   -6.19368    2.26711    1.42740    2.15605    1.16394   -1.35876    1.13532   -0.83893
1974 193581.650  -2270142.7628   5007948.1330   3221449.2234   5    0   8     4.4535     6.6678     3.6627    -4.1785     3.4887    -2.5781   0.00    0.0   -9.58390   -6.20320    2.27228    1.42740    2.15605    1.16394   -1.35876    1.13532   -0.83892
1974 193581.655  -2270142.8107   5007948.1020   3221449.2347   5    0   8     4.4596     6.6771     3.6676    -4.1844     3.4937    -2.5818   0.00    0.0   -9.58768   -6.21029    2.27695    1.42740    2.15605    1.16395   -1.35875    1.13532   -0.83892
1974 193581.660  -2270142.8587   5007948.0709   3221449.2462   5    0   8     4.4658     6.6865     3.6726    -4.1904     3.4987    -2.5855   0.00    0.0   -9.59330   -6.21890    2.28099    1.42741    2.15606    1.16395   -1.35875    1.13532   -0.83892
1974 193581.665  -2270142.9067   5007948.0397   3221449.2576   5    0   8     4.4719     6.6959     3.6775    -4.1964     3.5037    -2.5892   0.00    0.0   -9.59945   -6.22873    2.28508    1.42741    2.15606    1.16395   -1.35875    1.13531   -0.83892
1974 193581.670  -2270142.9547   5007948.0085   3221449.2690   5    0   8     4.4781     6.7053     3.6825    -4.2024     3.5087    -2.5929   0.00    0.0   -9.60414   -6.23887    2.28775    1.42741    2.15606    1.16396   -1.35875    1.13531   -0.83892
1974 193581.675  -2270143.0027   5007947.9773   3221449.2805   5    0   8     4.4842     6.7148     3.6874    -4.2084     3.5137    -2.5966   0.00    0.0   -9.61100   -6.24762    2.29079    1.42741    2.15606    1.16396   -1.35875    1.13531   -0.83892
1974 193581.680  -2270143.0508   5007947.9460   3221449.2919   5    0   8     4.4904     6.7242     3.6924    -4.2144     3.5187    -2.6002   0.00    0.0   -9.61780   -6.25395    2.29414    1.42741    2.15607    1.16396   -1.35875    1.13531   -0.83891
1974 193581.685  -2270143.0989   5007947.9147   3221449.3034   5    0   8     4.4965     6.7336     3.6973    -4.2203     3.5237    -2.6039   0.00    0.0   -9.62219   -6.26158    2.29536    1.42742    2.15607    1.16397   -1.35875    1.13531   -0.83891
1974 193581.690  -2270143.1471   5007947.8834   3221449.3149   5    0   8     4.5027     6.7430     3.7023    -4.2263     3.5287    -2.6076   0.00    0.0   -9.62802   -6.27031    2.29838    1.42742    2.15607    1.16397   -1.35874    1.13531   -0.83891
1974 193581.695  -2270143.1953   5007947.8520   3221449.3264   5    0   8     4.5088     6.7524     3.7073    -4.2323     3.5337    -2.6113   0.00    0.0   -9.63444   -6.27942    2.30276    1.42742    2.15607    1.16397   -1.35874    1.13531   -0.83891
1974 193581.700  -2270143.2434   5007947.8205   3221449.3380   5    0   8     4.5150     6.7619     3.7122    -4.2383     3.5387    -2.6151   0.00    0.0   -9.63773   -6.28775    2.30612    1.42742    2.15608    1.16398   -1.35874    1.13531   -0.83891
1974 193581.705  -2270143.2917   5007947.7891   3221449.3495   5    0   8     4.5212     6.7713     3.7172    -4.2443     3.5437    -2.6188   0.00    0.0   -9.64178   -6.29339    2.31219    1.42743    2.15608    1.16398   -1.35874    1.13531   -0.83891
1974 193581.710  -2270143.3399   5007947.7576   3221449.3611   5    0   8     4.5273     6.7807     3.7222    -4.2503     3.5488    -2.6225   0.00    0.0   -9.64859   -6.29999    2.31928    1.42743    2.15608    1.16398   -1.35874    1.13531   -0.83890
1974 193581.715  -2270143.3882   5007947.7260   3221449.3727   5    0   8     4.5335     6.7902     3.7272    -4.2563     3.5538    -2.6262   0.00    0.0   -9.65387   -6.31117    2.32221    1.42743    2.15608    1.16399   -1.35874    1.13530   -0.83890
1974 193581.720  -2270143.4365   5007947.6944   3221449.3844   5    0   8     4.5397     6.7996     3.7321    -4.2624     3.5588    -2.6299   0.00    0.0   -9.65910   -6.32053    2.32649    1.42743    2.15609    1.16399   -1.35873    1.13530   -0.83890
1974 193581.725  -2270143.4848   5007947.6627   3221449.3960   5    0   8     4.5458     6.8091     3.7371    -4.2684     3.5638    -2.6336   0.00    0.0   -9.66588   -6.32953    2.32943    1.42743    2.15609    1.16399   -1.35873    1.13530   -0.83890
1974 193581.730  -2270143.5332   5007947.6311   3221449.4077   5    0   8     4.5520     6.8185     3.7421    -4.2744     3.5688    -2.6373   0.00    0.0   -9.67291   -6.33848    2.33357    1.42744    2.15609    1.16400   -1.35873    1.13530   -0.83890
1974 193581.735  -2270143.5815   5007947.5993   3221449.4194   5    0   8     4.5582     6.8280     3.7471    -4.2804     3.5739    -2.6410   0.00    0.0   -9.67695   -6.34790    2.33850    1.42744    2.15609    1.16400   -1.35873    1.13530   -0.83889
1974 193581.740  -2270143.6300   5007947.5675   3221449.4311   5    0   8     4.5644     6.8374     3.7521    -4.2864     3.5789    -2.6447   0.00    0.0   -9.68200   -6.35654    2.34391    1.42744    2.15610    1.16400   -1.35873    1.13530   -0.83889
1974 193581.745  -2270143.6784   5007947.5357   3221449.4428   5    0   8     4.5706     6.8469     3.7571    -4.2924     3.5839    -2.6484   0.00    0.0   -9.68952   -6.36476    2.34872    1.42744    2.15610    1.16401   -1.35873    1.13530   -0.83889
1974 193581.750  -2270143.7269   5007947.5038   3221449.4546   5    0   8     4.5768     6.8564     3.7621    -4.2985     3.5890    -2.6522   0.00    0.0   -9.69478   -6.37377    2.35243    1.42744    2.15610    1.16401   -1.35873    1.13530   -0.83889
1974 193581.755  -2270143.7754   5007947.4719   3221449.4664   5    0   8     4.5830     6.8658     3.7671    -4.3045     3.5940    -2.6559   0.00    0.0   -9.70034   -6.38052    2.35667    1.42745    2.15610    1.16401   -1.35872    1.13530   -0.83889
1974 193581.760  -2270143.8239   5007947.4400   3221449.4782   5    0   8     4.5892     6.8753     3.7721    -4.3105     3.5990    -2.6596   0.00    0.0   -9.70739   -6.38692    2.36092    1.42745    2.15610    1.16402   -1.35872    1.13529   -0.83888
1974 193581.765  -2270143.8725   5007947.4080   3221449.4900   5    0   8     4.5954     6.8848     3.7771    -4.3165     3.6041    -2.6633   0.00    0.0   -9.71362   -6.39402    2.36505    1.42745    2.15611    1.16402   -1.35872    1.13529   -0.83888
1974 193581.770  -2270143.9211   5007947.3760   3221449.5018   5    0   8     4.6016     6.8943     3.7821    -4.3226     3.6091    -2.6670   0.00    0.0   -9.71651   -6.40179    2.36796    1.42745    2.15611    1.16403   -1.35872    1.13529   -0.83888
1974 193581.775  -2270143.9697   5007947.3440   3221449.5137   5    0   8     4.6078     6.9038     3.7871    -4.3286     3.6142    -2.6708   0.00    0.0   -9.72256   -6.40804    2.37261    1.42746    2.15611    1.16403   -1.35872    1.13529   -0.83888
1974 193581.780  -2270144.0183   5007947.3119   3221449.5256   5    0   8     4.6140     6.9133     3.7921    -4.3346     3.6192    -2.6745   0.00    0.0   -9.73101   -6.41372    2.37944    1.42746    2.15611    1.16403   -1.35872    1.13529   -0.83888
1974 193581.785  -2270144.0670   5007947.2798   3221449.5375   5    0   8     4.6202     6.9227     3.7971    -4.3407     3.6242    -2.6782   0.00    0.0   -9.73465   -6.42190    2.38297    1.42746    2.15612    1.16404   -1.35871    1.13529   -0.83888
1974 193581.790  -2270144.1157   5007947.2477   3221449.5495   5    0   8     4.6264     6.9322     3.8021    -4.3467     3.6293    -2.6819   0.00    0.0   -9.73931   -6.42632    2.38860    1.42746    2.15612    1.16404   -1.35871    1.13529   -0.83887
1974 193581.795  -2270144.1644   5007947.2155   3221449.5614   5    0   8     4.6326     6.9417     3.8071    -4.3528     3.6343    -2.6857   0.00    0.0   -9.74676   -6.43188    2.39294    1.42747    2.15612    1.16404   -1.35871    1.13529   -0.83887
1974 193581.800  -2270144.2132   5007947.1833   3221449.5734   5    0   8     4.6388     6.9513     3.8121    -4.3588     3.6394    -2.6894   0.00    0.0   -9.75210   -6.44133    2.39659    1.42747    2.15612    1.16405   -1.35871    1.13529   -0.83887
1974 193581.805  -2270144.2620   5007947.1511   3221449.5854   5    0   8     4.6450     6.9608     3.8172    -4.3648     3.6444    -2.6931   0.00    0.0   -9.75803   -6.44889    2.40271    1.42747    2.15613    1.16405   -1.35871    1.13528   -0.83887
1974 193581.810  -2270144.3108   5007947.1188   3221449.5975   5    0   8     4.6513     6.9703     3.8222    -4.3709     3.6495    -2.6969   0.00    0.0   -9.76384   -6.45656    2.40885    1.42747    2.15613    1.16405   -1.35871    1.13528   -0.83887
1974 193581.815  -2270144.3597   5007947.0865   3221449.6095   5    0   8     4.6575     6.9798     3.8272    -4.3769     3.6546    -2.7006   0.00    0.0   -9.77057   -6.46297    2.41665    1.42747    2.15613    1.16406   -1.35870    1.13528   -0.83886
1974 193581.820  -2270144.4085   5007947.0541   3221449.6217   5    0   8     4.6637     6.9893     3.8322    -4.3830     3.6596    -2.7043   0.00    0.0   -9.77417   -6.47034    2.42313    1.42748    2.15613    1.16406   -1.35870    1.13528   -0.83886
1974 193581.825  -2270144.4574   5007947.0217   3221449.6338   5    0   8     4.6700     6.9988     3.8373    -4.3891     3.6647    -2.7081   0.00    0.0   -9.78026   -6.47755    2.42977    1.42748    2.15614    1.16406   -1.35870    1.13528   -0.83886
1974 193581.830  -2270144.5064   5007946.9893   3221449.6460   5    0   8     4.6762     7.0084     3.8423    -4.3951     3.6697    -2.7118   0.00    0.0   -9.78878   -6.48461    2.43640    1.42748    2.15614    1.16407   -1.35870    1.13528   -0.83886
1974 193581.835  -2270144.5553   5007946.9568   3221449.6582   5    0   8     4.6824     7.0179     3.8473    -4.4012     3.6748    -2.7156   0.00    0.0   -9.79469   -6.49219    2.44034    1.42748    2.15614    1.16407   -1.35870    1.13528   -0.83886
1974 193581.840  -2270144.6044   5007946.9244   3221449.6704   5    0   8     4.6887     7.0274     3.8523    -4.4072     3.6799    -2.7193   0.00    0.0   -9.80133   -6.49705    2.44644    1.42749    2.15614    1.16408   -1.35870    1.13528   -0.83885
1974 193581.845  -2270144.6534   5007946.8918   3221449.6827   5    0   8     4.6949     7.0370     3.8574    -4.4133     3.6849    -2.7230   0.00    0.0   -9.81088   -6.50268    2.45345    1.42749    2.15615    1.16408   -1.35870    1.13528   -0.83885
1974 193581.850  -2270144.7025   5007946.8593   3221449.6950   5    0   8     4.7011     7.0465     3.8624    -4.4194     3.6900    -2.7268   0.00    0.0   -9.81712   -6.51096    2.45830    1.42749    2.15615    1.16408   -1.35869    1.13527   -0.83885
1974 193581.855  -2270144.7516   5007946.8267   3221449.7073   5    0   8     4.7074     7.0561     3.8675    -4.4254     3.6951    -2.7305   0.00    0.0   -9.82019   -6.51706    2.46448    1.42749    2.15615    1.16409   -1.35869    1.13527   -0.83885
1974 193581.860  -2270144.8007   5007946.7941   3221449.7197   5    0   8     4.7136     7.0656     3.8725    -4.4315     3.7001    -2.7343   0.00    0.0   -9.82579   -6.52169    2.47182    1.42750    2.15615    1.16409   -1.35869    1.13527   -0.83885
1974 193581.865  -2270144.8499   5007946.7615   3221449.7321   5    0   8     4.7199     7.0752     3.8776    -4.4376     3.7052    -2.7380   0.00    0.0   -9.83291   -6.52817    2.47802    1.42750    2.15616    1.16409   -1.35869    1.13527   -0.83884
1974 193581.870  -2270144.8991   5007946.7288   3221449.7445   5    0   8     4.7261     7.0847     3.8826    -4.4436     3.7103    -2.7418   0.00    0.0   -9.83934   -6.53453    2.48542    1.42750    2.15616    1.16410   -1.35869    1.13527   -0.83884
1974 193581.875  -2270144.9483   5007946.6961   3221449.7570   5    0   8     4.7324     7.0943     3.8877    -4.4497     3.7154    -2.7455   0.00    0.0   -9.84648   -6.54105    2.49300    1.42750    2.15616    1.16410   -1.35869    1.13527   -0.83884
1974 193581.880  -2270144.9976   5007946.6633   3221449.7694   5    0   8     4.7387     7.1039     3.8927    -4.4558     3.7205    -2.7493   0.00    0.0   -9.85429   -6.54916    2.49828    1.42751    2.15616    1.16411   -1.35868    1.13527   -0.83884
1974 193581.885  -2270145.0469   5007946.6305   3221449.7820   5    0   8     4.7449     7.1134     3.8978    -4.4619     3.7255    -2.7530   0.00    0.0   -9.85908   -6.55806    2.50297    1.42751    2.15617    1.16411   -1.35868    1.13527   -0.83884
1974 193581.890  -2270145.0962   5007946.5977   3221449.7945   5    0   8     4.7512     7.1230     3.9028    -4.4680     3.7306    -2.7568   0.00    0.0   -9.86431   -6.56519    2.51044    1.42751    2.15617    1.16411   -1.35868    1.13526   -0.83883
1974 193581.895  -2270145.1456   5007946.5648   3221449.8071   5    0   8     4.7574     7.1326     3.9079    -4.4741     3.7357    -2.7606   0.00    0.0   -9.87246   -6.57306    2.51873    1.42751    2.15617    1.16412   -1.35868    1.13526   -0.83883
1974 193581.900  -2270145.1950   5007946.5319   3221449.8197   5    0   8     4.7637     7.1421     3.9129    -4.4801     3.7408    -2.7643   0.00    0.0   -9.87877   -6.58096    2.52559    1.42752    2.15617    1.16412   -1.35868    1.13526   -0.83883
1974 193581.905  -2270145.2444   5007946.4990   3221449.8324   5    0   8     4.7700     7.1517     3.9180    -4.4862     3.7459    -2.7681   0.00    0.0   -9.88243   -6.58757    2.53142    1.42752    2.15618    1.16412   -1.35868    1.13526   -0.83883
1974 193581.910  -2270145.2938   5007946.4660   3221449.8451   5    0   8     4.7763     7.1613     3.9231    -4.4923     3.7510    -2.7718   0.00    0.0   -9.88837   -6.59423    2.53682    1.42752    2.15618    1.16413   -1.35867    1.13526   -0.83883
1974 193581.915  -2270145.3433   5007946.4330   3221449.8578   5    0   8     4.7825     7.1709     3.9281    -4.4984     3.7561    -2.7756   0.00    0.0   -9.89604   -6.60052    2.54399    1.42752    2.15618    1.16413   -1.35867    1.13526   -0.83882
1974 193581.920  -2270145.3928   5007946.4000   3221449.8705   5    0   8     4.7888     7.1805     3.9332    -4.5045     3.7612    -2.7793   0.00    0.0   -9.90183   -6.60616    2.55119    1.42753    2.15618    1.16413   -1.35867    1.13526   -0.83882
1974 193581.925  -2270145.4423   5007946.3669   3221449.8833   5    0   8     4.7951     7.1901     3.9383    -4.5106     3.7663    -2.7831   0.00    0.0   -9.90847   -6.61203    2.55801    1.42753    2.15619    1.16414   -1.35867    1.13526   -0.83882
1974 193581.930  -2270145.4919   5007946.3338   3221449.8962   5    0   8     4.8014     7.1997     3.9433    -4.5167     3.7714    -2.7869   0.00    0.0   -9.91789   -6.61847    2.56543    1.42753    2.15619    1.16414   -1.35867    1.13525   -0.83882
1974 193581.935  -2270145.5416   5007946.3007   3221449.9090   5    0   8     4.8077     7.2093     3.9484    -4.5228     3.7765    -2.7906   0.00    0.0   -9.92384   -6.62612    2.57225    1.42753    2.15619    1.16415   -1.35867    1.13525   -0.83882
1974 193581.940  -2270145.5912   5007946.2676   3221449.9219   5    0   8     4.8140     7.2189     3.9535    -4.5289     3.7816    -2.7944   0.00    0.0   -9.92902   -6.63153    2.58058    1.42754    2.15619    1.16415   -1.35866    1.13525   -0.83881
1974 193581.945  -2270145.6409   5007946.2344   3221449.9349   5    0   8     4.8202     7.2285     3.9586    -4.5350     3.7867    -2.7982   0.00    0.0   -9.93697   -6.63703    2.59008    1.42754    2.15620    1.16415   -1.35866    1.13525   -0.83881
1974 193581.950  -2270145.6906   5007946.2011   3221449.9479   5    0   8     4.8265     7.2381     3.9637    -4.5411     3.7918    -2.8019   0.00    0.0   -9.94336   -6.64561    2.59766    1.42754    2.15620    1.16416   -1.35866    1.13525   -0.83881
1974 193581.955  -2270145.7404   5007946.1679   3221449.9609   5    0   8     4.8328     7.2477     3.9687    -4.5472     3.7969    -2.8057   0.00    0.0   -9.95012   -6.65205    2.60668    1.42754    2.15620    1.16416   -1.35866    1.13525   -0.83881
1974 193581.960  -2270145.7901   5007946.1346   3221449.9740   5    0   8     4.8391     7.2573     3.9738    -4.5533     3.8020    -2.8095   0.00    0.0   -9.95801   -6.65970    2.61487    1.42755    2.15621    1.16416   -1.35866    1.13525   -0.83881
1974 193581.965  -2270145.8400   5007946.1012   3221449.9871   5    0   8     4.8454     7.2670     3.9789    -4.5595     3.8071    -2.8133   0.00    0.0   -9.96738   -6.66740    2.62290    1.42755    2.15621    1.16417   -1.35866    1.13525   -0.83880
1974 193581.970  -2270145.8899   5007946.0679   3221450.0002   5    0   8     4.8517     7.2766     3.9840    -4.5656     3.8122    -2.8170   0.00    0.0   -9.97434   -6.67449    2.62963    1.42755    2.15621    1.16417   -1.35865    1.13524   -0.83880
1974 193581.975  -2270145.9398   5007946.0345   3221450.0134   5    0   8     4.8580     7.2862     3.9891    -4.5717     3.8173    -2.8208   0.00    0.0   -9.97971   -6.68181    2.63589    1.42755    2.15621    1.16418   -1.35865    1.13524   -0.83880
1974 193581.980  -2270145.9897   5007946.0010   3221450.0266   5    0   8     4.8643     7.2958     3.9942    -4.5778     3.8224    -2.8246   0.00    0.0   -9.98619   -6.68844    2.64359    1.42756    2.15622    1.16418   -1.35865    1.13524   -0.83880
1974 193581.985  -2270146.0396   5007945.9675   3221450.0399   5    0   8     4.8706     7.3055     3.9993    -4.5839     3.8275    -2.8284   0.00    0.0   -9.98996   -6.69671    2.64764    1.42756    2.15622    1.16418   -1.35865    1.13524   -0.83880
1974 193581.990  -2270146.0896   5007945.9340   3221450.0531   5    0   8     4.8770     7.3151     4.0044    -4.5900     3.8326    -2.8321   0.00    0.0   -9.99499   -6.70129    2.65421    1.42756    2.15622    1.16419   -1.35865    1.13524   -0.83879
1974 193581.995  -2270146.1396   5007945.9005   3221450.0665   5    0   8     4.8833     7.3248     4.0095    -4.5962     3.8378    -2.8359   0.00    0.0  -10.00330   -6.70570    2.66196    1.42757    2.15622    1.16419   -1.35865    1.13524   -0.83879
1974 193584.000  -2270166.3412   5007939.9634   3221447.2334   5    0   8     4.6623     6.9910     3.8230    -4.3927     3.6648    -2.7112   0.00    0.0  -11.46831   -3.88882    0.13332   21.34426   21.50262   21.30253   -2.19619    1.83235   -1.35543
1974 193584.005  -2270166.3986   5007939.9439   3221447.2340   5    0   8     4.6752     7.0093     3.8340    -4.4037     3.6740    -2.7180   0.00    0.0  -11.46723   -3.88992    0.13366   21.34426   21.50262   21.30253   -2.19618    1.83235   -1.35543
1974 193584.010  -2270166.4559   5007939.9245   3221447.2347   5    0   8     4.6904     7.0292     3.8480    -4.4147     3.6832    -2.7247   0.00    0.0  -11.46805   -3.89138    0.13421   21.34426   21.50262   21.30253   -2.19618    1.83235   -1.35543
1974 193584.015  -2270166.5133   5007939.9050   3221447.2354   5    0   8     4.7081     7.0507     3.8648    -4.4257     3.6923    -2.7315   0.00    0.0  -11.46817   -3.89510    0.13380   21.34426   21.50262   21.30253   -2.19618    1.83235   -1.35543
1974 193584.020  -2270166.5706   5007939.8855   3221447.2360   5    0   8     4.7280     7.0737     3.8845    -4.4367     3.7015    -2.7383   0.00    0.0  -11.46841   -3.89769    0.13500   21.34426   21.50262   21.30253   -2.19618    1.83235   -1.35543
1974 193584.025  -2270166.6279   5007939.8660   3221447.2367   5    0   8     4.7503     7.0983     3.9070    -4.4476     3.7107    -2.7451   0.00    0.0  -11.46802   -3.89949    0.13486   21.34426   21.50262   21.30253   -2.19618    1.83235   -1.35543
1974 193584.030  -2270166.6853   5007939.8465   3221447.2374   5    0   8     4.7749     7.1244     3.9322    -4.4586     3.7198    -2.7519   0.00    0.0  -11.46766   -3.90132    0.13479   21.34426   21.50263   21.30253   -2.19618    1.83235   -1.35542
1974 193584.035  -2270166.7426   5007939.8270   3221447.2381   5    0   8     4.8017     7.1521     3.9602    -4.4696     3.7290    -2.7586   0.00    0.0  -11.46654   -3.90408    0.13633   21.34426   21.50263   21.30253   -2.19618    1.83235   -1.35542
1974 193584.040  -2270166.7999   5007939.8075   3221447.2388   5    0   8     4.8307     7.1812     3.9908    -4.4806     3.7382    -2.7654   0.00    0.0  -11.46431   -3.90755    0.13741   21.34426   21.50263   21.30253   -2.19618    1.83235   -1.35542
1974 193584.045  -2270166.8573   5007939.7879   3221447.2395   5    0   8     4.8619     7.2119     4.0240    -4.4916     3.7473    -2.7722   0.00    0.0  -11.46274   -3.90796    0.13858   21.34426   21.50263   21.30253   -2.19617    1.83235   -1.35542
1974 193584.050  -2270166.9146   5007939.7684   3221447.2401   5    0   8     4.8952     7.2440     4.0597    -4.5025     3.7565    -2.7790   0.00    0.0  -11.46172   -3.90738    0.13930   21.34426   21.50263   21.30253   -2.19617    1.83235   -1.35542
1974 193584.055  -2270166.9719   5007939.7488   3221447.2408   5    0   8     4.9306     7.2775     4.0978    -4.5135     3.7656    -2.7857   0.00    0.0  -11.46163   -3.90852    0.13966   21.34426   21.50263   21.30253   -2.19617    1.83235   -1.35542
1974 193584.060  -2270167.0292   5007939.7293   3221447.2416   5    0   8     4.9681     7.3125     4.1384    -4.5245     3.7748    -2.7925   0.00    0.0  -11.46254   -3.90969    0.14147   21.34426   21.50263   21.30253   -2.19617    1.83235   -1.35542
1974 193584.065  -2270167.0865   5007939.7097   3221447.2423   5    0   8     5.0075     7.3489     4.1813    -4.5355     3.7840    -2.7993   0.00    0.0  -11.46164   -3.91226    0.14166   21.34426   21.50263   21.30253   -2.19617    1.83235   -1.35542
1974 193584.070  -2270167.1438   5007939.6902   3221447.2430   5    0   8     5.0489     7.3866     4.2264    -4.5465     3.7931    -2.8061   0.00    0.0  -11.46072   -3.91310    0.14221   21.34426   21.50263   21.30253   -2.19617    1.83235   -1.35542
1974 193584.075  -2270167.2011   5007939.6706   3221447.2437   5    0   8     5.0922     7.4258     4.2737    -4.5575     3.8023    -2.8128   0.00    0.0  -11.45866   -3.91458    0.14274   21.34426   21.50263   21.30253   -2.19617    1.83235   -1.35542
1974 193584.080  -2270167.2584   5007939.6510   3221447.2444   5    0   8     5.1373     7.4662     4.3231    -4.5684     3.8115    -2.8196   0.00    0.0  -11.45689   -3.91661    0.14378   21.34426   21.50263   21.30253   -2.19617    1.83236   -1.35542
1974 193584.085  -2270167.3157   5007939.6314   3221447.2451   5    0   8     5.1843     7.5080     4.3746    -4.5794     3.8206    -2.8264   0.00    0.0  -11.45616   -3.91856    0.14569   21.34426   21.50263   21.30253   -2.19617    1.83236   -1.35541
1974 193584.090  -2270167.3729   5007939.6118   3221447.2459   5    0   8     5.2330     7.5511     4.4280    -4.5904     3.8298    -2.8332   0.00    0.0  -11.45439   -3.92268    0.14511   21.34426   21.50263   21.30253   -2.19616    1.83236   -1.35541
1974 193584.095  -2270167.4302   5007939.5922   3221447.2466   5    0   8     5.2834     7.5955     4.4833    -4.6014     3.8389    -2.8400   0.00    0.0  -11.45354   -3.92507    0.14468   21.34426   21.50263   21.30253   -2.19616    1.83236   -1.35541
1974 193584.100  -2270167.4875   5007939.5725   3221447.2473   5    0   8     5.3355     7.6411     4.5404    -4.6124     3.8481    -2.8467   0.00    0.0  -11.45258   -3.92780    0.14379   21.34426   21.50263   21.30253   -2.19616    1.83236   -1.35541
1974 193584.105  -2270167.5447   5007939.5529   3221447.2480   5    0   8     5.3892     7.6880     4.5993    -4.6233     3.8573    -2.8535   0.00    0.0  -11.45193   -3.93082    0.14461   21.34426   21.50263   21.30253   -2.19616    1.83236   -1.35541
1974 193584.110  -2270167.6020   5007939.5332   3221447.2488   5    0   8     5.4444     7.7361     4.6599    -4.6343     3.8664    -2.8603   0.00    0.0  -11.45062   -3.93508    0.14547   21.34426   21.50263   21.30253   -2.19616    1.83236   -1.35541
1974 193584.115  -2270167.6592   5007939.5135   3221447.2495   5    0   8     5.5011     7.7853     4.7221    -4.6453     3.8756    -2.8671   0.00    0.0  -11.44986   -3.93798    0.14667   21.34426   21.50263   21.30253   -2.19616    1.83236   -1.35541
1974 193584.120  -2270167.7165   5007939.4938   3221447.2502   5    0   8     5.5594     7.8357     4.7859    -4.6563     3.8848    -2.8738   0.00    0.0  -11.44908   -3.93926    0.14725   21.34426   21.50263   21.30253   -2.19616    1.83236   -1.35541
1974 193584.125  -2270167.7737   5007939.4741   3221447.2510   5    0   8     5.6190     7.8873     4.8511    -4.6673     3.8939    -2.8806   0.00    0.0  -11.44932   -3.93923    0.14780   21.34426   21.50263   21.30253   -2.19616    1.83236   -1.35541
1974 193584.130  -2270167.8310   5007939.4544   3221447.2517   5    0   8     5.6801     7.9400     4.9179    -4.6782     3.9031    -2.8874   0.00    0.0  -11.44933   -3.94113    0.14740   21.34426   21.50263   21.30253   -2.19616    1.83236   -1.35541
1974 193584.135  -2270167.8882   5007939.4347   3221447.2524   5    0   8     5.7424     7.9938     4.9859    -4.6892     3.9122    -2.8942   0.00    0.0  -11.44941   -3.94440    0.14735   21.34426   21.50263   21.30253   -2.19615    1.83236   -1.35541
1974 193584.140  -2270167.9454   5007939.4150   3221447.2532   5    0   8     5.8061     8.0486     5.0554    -4.7002     3.9214    -2.9010   0.00    0.0  -11.44794   -3.94785    0.14835   21.34426   21.50263   21.30253   -2.19615    1.83236   -1.35540
1974 193584.145  -2270168.0027   5007939.3952   3221447.2539   5    0   8     5.8710     8.1046     5.1261    -4.7112     3.9306    -2.9077   0.00    0.0  -11.44726   -3.94907    0.15008   21.34426   21.50263   21.30253   -2.19615    1.83236   -1.35540
1974 193584.150  -2270168.0599   5007939.3755   3221447.2547   5    0   8     5.9371     8.1615     5.1980    -4.7222     3.9397    -2.9145   0.00    0.0  -11.44517   -3.95144    0.15057   21.34426   21.50263   21.30253   -2.19615    1.83236   -1.35540
1974 193584.155  -2270168.1171   5007939.3557   3221447.2554   5    0   8     6.0044     8.2195     5.2711    -4.7332     3.9489    -2.9213   0.00    0.0  -11.44289   -3.95506    0.15101   21.34426   21.50263   21.30253   -2.19615    1.83236   -1.35540
1974 193584.160  -2270168.1743   5007939.3359   3221447.2562   5    0   8     6.0728     8.2784     5.3453    -4.7441     3.9581    -2.9281   0.00    0.0  -11.44206   -3.95803    0.15212   21.34426   21.50263   21.30253   -2.19615    1.83236   -1.35540
1974 193584.165  -2270168.2315   5007939.3161   3221447.2569   5    0   8     6.1423     8.3384     5.4206    -4.7551     3.9672    -2.9348   0.00    0.0  -11.44187   -3.96071    0.15030   21.34426   21.50263   21.30253   -2.19615    1.83236   -1.35540
1974 193584.170  -2270168.2888   5007939.2963   3221447.2577   5    0   8     6.2129     8.3992     5.4969    -4.7661     3.9764    -2.9416   0.00    0.0  -11.44207   -3.96140    0.15082   21.34426   21.50263   21.30253   -2.19615    1.83236   -1.35540
1974 193584.175  -2270168.3460   5007939.2765   3221447.2585   5    0   8     6.2844     8.4610     5.5742    -4.7771     3.9855    -2.9484   0.00    0.0  -11.44239   -3.96343    0.15178   21.34426   21.50263   21.30253   -2.19615    1.83236   -1.35540
1974 193584.180  -2270168.4032   5007939.2566   3221447.2592   5    0   8     6.3570     8.5238     5.6525    -4.7881     3.9947    -2.9552   0.00    0.0  -11.44352   -3.96346    0.15442   21.34426   21.50263   21.30253   -2.19614    1.83236   -1.35540
1974 193584.185  -2270168.4604   5007939.2368   3221447.2600   5    0   8     6.4305     8.5873     5.7316    -4.7990     4.0039    -2.9620   0.00    0.0  -11.44374   -3.96289    0.15559   21.34426   21.50263   21.30253   -2.19614    1.83236   -1.35540
1974 193584.190  -2270168.5176   5007939.2170   3221447.2608   5    0   8     6.5050     8.6518     5.8117    -4.8100     4.0130    -2.9687   0.00    0.0  -11.44022   -3.96536    0.15351   21.34426   21.50263   21.30253   -2.19614    1.83236   -1.35540
1974 193584.195  -2270168.5748   5007939.1972   3221447.2616   5    0   8     6.5803     8.7171     5.8926    -4.8210     4.0222    -2.9755   0.00    0.0  -11.43890   -3.96701    0.15497   21.34426   21.50263   21.30253   -2.19614    1.83236   -1.35540
1974 193584.200  -2270168.6320   5007939.1773   3221447.2623   5    0   8     6.6565     8.7833     5.9742    -4.8320     4.0313    -2.9823   0.00    0.0  -11.43940   -3.96868    0.15585   21.34426   21.50263   21.30253   -2.19614    1.83236   -1.35539
1974 193584.205  -2270168.6892   5007939.1575   3221447.2631   5    0   8     6.7335     8.8502     6.0567    -4.8430     4.0405    -2.9891   0.00    0.0  -11.43891   -3.96772    0.15696   21.34426   21.50263   21.30253   -2.19614    1.83237   -1.35539
1974 193584.210  -2270168.7464   5007939.1377   3221447.2639   5    0   8     6.8113     8.9180     6.1399    -4.8539     4.0497    -2.9958   0.00    0.0  -11.43919   -3.96493    0.15982   21.34426   21.50263   21.30253   -2.19614    1.83237   -1.35539
1974 193584.215  -2270168.8036   5007939.1178   3221447.2647   5    0   8     6.8899     8.9865     6.2238    -4.8649     4.0588    -3.0026   0.00    0.0  -11.43877   -3.96759    0.15946   21.34426   21.50263   21.30253   -2.19614    1.83237   -1.35539
1974 193584.220  -2270168.8608   5007939.0980   3221447.2655   5    0   8     6.9693     9.0558     6.3084    -4.8759     4.0680    -3.0094   0.00    0.0  -11.43909   -3.97042    0.16180   21.34426   21.50263   21.30253   -2.19614    1.83237   -1.35539
1974 193584.225  -2270168.9180   5007939.0781   3221447.2663   5    0   8     7.0493     9.1258     6.3936    -4.8869     4.0772    -3.0162   0.00    0.0  -11.43736   -3.97418    0.16408   21.34426   21.50263   21.30253   -2.19614    1.83237   -1.35539
1974 193584.230  -2270168.9751   5007939.0582   3221447.2672   5    0   8     7.1301     9.1966     6.4795    -4.8979     4.0863    -3.0229   0.00    0.0  -11.43576   -3.97623    0.16609   21.34426   21.50264   21.30253   -2.19613    1.83237   -1.35539
1974 193584.235  -2270169.0323   5007939.0383   3221447.2680   5    0   8     7.2115     9.2680     6.5660    -4.9088     4.0955    -3.0297   0.00    0.0  -11.43675   -3.97471    0.16899   21.34426   21.50264   21.30253   -2.19613    1.83237   -1.35539
1974 193584.240  -2270169.0895   5007939.0185   3221447.2689   5    0   8     7.2936     9.3402     6.6531    -4.9198     4.1046    -3.0365   0.00    0.0  -11.43798   -3.97490    0.17127   21.34426   21.50264   21.30253   -2.19613    1.83237   -1.35539
1974 193584.245  -2270169.1467   5007938.9986   3221447.2697   5    0   8     7.3763     9.4130     6.7407    -4.9308     4.1138    -3.0433   0.00    0.0  -11.43868   -3.97633    0.17391   21.34426   21.50264   21.30253   -2.19613    1.83237   -1.35539
1974 193584.250  -2270169.2039   5007938.9787   3221447.2706   5    0   8     7.4597     9.4865     6.8288    -4.9418     4.1230    -3.0501   0.00    0.0  -11.43854   -3.97870    0.17540   21.34426   21.50264   21.30253   -2.19613    1.83237   -1.35539
1974 193584.255  -2270169.2611   5007938.9588   3221447.2715   5    0   8     7.5436     9.5606     6.9175    -4.9528     4.1321    -3.0568   0.00    0.0  -11.43762   -3.98036    0.17677   21.34426   21.50264   21.30253   -2.19613    1.83237   -1.35539
1974 193584.260  -2270169.3183   5007938.9389   3221447.2724   5    0   8     7.6281     9.6354     7.0067    -4.9638     4.1413    -3.0636   0.00    0.0  -11.43663   -3.97997    0.17915   21.34426   21.50264   21.30253   -2.19613    1.83237   -1.35538
1974 193584.265  -2270169.3754   5007938.9190   3221447.2733   5    0   8     7.7131     9.7107     7.0963    -4.9747     4.1505    -3.0704   0.00    0.0  -11.43620   -3.97836    0.18231   21.34426   21.50264   21.30253   -2.19613    1.83237   -1.35538
1974 193584.270  -2270169.4326   5007938.8991   3221447.2742   5    0   8     7.7987     9.7867     7.1864    -4.9857     4.1596    -3.0772   0.00    0.0  -11.43672   -3.97724    0.18298   21.34426   21.50264   21.30253   -2.19613    1.83237   -1.35538
1974 193584.275  -2270169.4898   5007938.8792   3221447.2751   5    0   8     7.8848     9.8633     7.2770    -4.9967     4.1688    -3.0839   0.00    0.0  -11.43677   -3.97937    0.18275   21.34426   21.50264   21.30253   -2.19613    1.83237   -1.35538
1974 193584.280  -2270169.5470   5007938.8593   3221447.2761   5    0   8     7.9713     9.9404     7.3680    -5.0077     4.1779    -3.0907   0.00    0.0  -11.43652   -3.98298    0.18299   21.34426   21.50264   21.30253   -2.19612    1.83237   -1.35538
1974 193584.285  -2270169.6042   5007938.8394   3221447.2770   5    0   8     8.0584    10.0181     7.4594    -5.0187     4.1871    -3.0975   0.00    0.0  -11.43629   -3.98413    0.18396   21.34426   21.50264   21.30253   -2.19612    1.83237   -1.35538
1974 193584.290  -2270169.6614   5007938.8195   3221447.2779   5    0   8     8.1460    10.0963     7.5512    -5.0296     4.1963    -3.1043   0.00    0.0  -11.43548   -3.98411    0.18584   21.34426   21.50264   21.30253   -2.19612    1.83237   -1.35538
1974 193584.295  -2270169.7185   5007938.7995   3221447.2788   5    0   8     8.2339    10.1751     7.6433    -5.0406     4.2054    -3.1110   0.00    0.0  -11.43457   -3.98585    0.18732   21.34426   21.50264   21.30253   -2.19612    1.83237   -1.35538
1974 193584.300  -2270169.7757   5007938.7796   3221447.2798   5    0   8     8.3224    10.2544     7.7359    -5.0516     4.2146    -3.1178   0.00    0.0  -11.43363   -3.98884    0.18976   21.34426   21.50264   21.30253   -2.19612    1.83238   -1.35538
1974 193584.305  -2270169.8329   5007938.7596   3221447.2807   5    0   8     8.4112    10.3342     7.8288    -5.0626     4.2238    -3.1246   0.00    0.0  -11.43247   -3.99204    0.19148   21.34426   21.50264   21.30253   -2.19612    1.83238   -1.35538
1974 193584.310  -2270169.8900   5007938.7397   3221447.2817   5    0   8     8.5005    10.4145     7.9220    -5.0736     4.2329    -3.1314   0.00    0.0  -11.43190   -3.99255    0.19357   21.34426   21.50264   21.30253   -2.19612    1.83238   -1.35538
1974 193584.315  -2270169.9472   5007938.7197   3221447.2827   5    0   8     8.5902    10.4953     8.0156    -5.0845     4.2421    -3.1382   0.00    0.0  -11.43246   -3.99197    0.19696   21.34426   21.50264   21.30253   -2.19612    1.83238   -1.35538
1974 193584.320  -2270170.0043   5007938.6997   3221447.2837   5    0   8     8.6802    10.5765     8.1094    -5.0955     4.2512    -3.1449   0.00    0.0  -11.43196   -3.99332    0.19887   21.34426   21.50264   21.30253   -2.19612    1.83238   -1.35538
1974 193584.325  -2270170.0615   5007938.6798   3221447.2847   5    0   8     8.7706    10.6583     8.2036    -5.1065     4.2604    -3.1517   0.00    0.0  -11.43187   -3.99418    0.20138   21.34426   21.50264   21.30253   -2.19612    1.83238   -1.35537
1974 193584.330  -2270170.1187   5007938.6598   3221447.2857   5    0   8     8.8614    10.7405     8.2981    -5.1175     4.2696    -3.1585   0.00    0.0  -11.43079   -3.99600    0.20294   21.34426   21.50264   21.30253   -2.19611    1.83238   -1.35537
1974 193584.335  -2270170.1758   5007938.6398   3221447.2867   5    0   8     8.9525    10.8231     8.3929    -5.1285     4.2787    -3.1653   0.00    0.0  -11.43039   -3.99766    0.20447   21.34426   21.50264   21.30253   -2.19611    1.83238   -1.35537
1974 193584.340  -2270170.2330   5007938.6198   3221447.2878   5    0   8     9.0440    10.9062     8.4880    -5.1394     4.2879    -3.1720   0.00    0.0  -11.43107   -3.99731    0.20686   21.34426   21.50264   21.30253   -2.19611    1.83238   -1.35537
1974 193584.345  -2270170.2901   5007938.5998   3221447.2888   5    0   8     9.1358    10.9896     8.5833    -5.1504     4.2971    -3.1788   0.00    0.0  -11.43078   -3.99870    0.20831   21.34426   21.50264   21.30253   -2.19611    1.83238   -1.35537
1974 193584.350  -2270170.3473   5007938.5798   3221447.2899   5    0   8     9.2280    11.0735     8.6789    -5.1614     4.3062    -3.1856   0.00    0.0  -11.43086   -3.99841    0.21042   21.34426   21.50264   21.30253   -2.19611    1.83238   -1.35537
1974 193584.355  -2270170.4044   5007938.5598   3221447.2909   5    0   8     9.3204    11.1579     8.7747    -5.1724     4.3154    -3.1924   0.00    0.0  -11.43084   -3.99790    0.21263   21.34426   21.50264   21.30253   -2.19611    1.83238   -1.35537
1974 193584.360  -2270170.4616   5007938.5398   3221447.2920   5    0   8     9.4131    11.2426     8.8708    -5.1834     4.3245    -3.1992   0.00    0.0  -11.43025   -3.99918    0.21454   21.34426   21.50264   21.30253   -2.19611    1.83238   -1.35537
1974 193584.365  -2270170.5187   5007938.5198   3221447.2931   5    0   8     9.5062    11.3276     8.9671    -5.1944     4.3337    -3.2059   0.00    0.0  -11.43115   -3.99923    0.21886   21.34426   21.50264   21.30253   -2.19611    1.83238   -1.35537
1974 193584.370  -2270170.5759   5007938.4998   3221447.2942   5    0   8     9.5995    11.4131     9.0637    -5.2053     4.3429    -3.2127   0.00    0.0  -11.43176   -4.00032    0.22129   21.34426   21.50264   21.30253   -2.19611    1.83238   -1.35537
1974 193584.375  -2270170.6331   5007938.4798   3221447.2953   5    0   8     9.6931    11.4990     9.1604    -5.2163     4.3520    -3.2195   0.00    0.0  -11.43265   -3.99889    0.22420   21.34426   21.50264   21.30253   -2.19611    1.83238   -1.35537
1974 193584.380  -2270170.6902   5007938.4599   3221447.2965   5    0   8     9.7870    11.5851     9.2574    -5.2273     4.3612    -3.2263   0.00    0.0  -11.43317   -3.99720    0.22717   21.34426   21.50264   21.30253   -2.19611    1.83239   -1.35537
1974 193584.385  -2270170.7474   5007938.4399   3221447.2976   5    0   8     9.8811    11.6717     9.3546    -5.2383     4.3704    -3.2330   0.00    0.0  -11.43276   -3.99895    0.22889   21.34426   21.50264   21.30253   -2.19610    1.83239   -1.35537
1974 193584.390  -2270170.8045   5007938.4199   3221447.2988   5    0   8     9.9755    11.7586     9.4520    -5.2493     4.3795    -3.2398   0.00    0.0  -11.43247   -3.99940    0.23245   21.34426   21.50265   21.30253   -2.19610    1.83239   -1.35536
1974 193584.395  -2270170.8617   5007938.3999   3221447.2999   5    0   8    10.0701    11.8458     9.5496    -5.2602     4.3887    -3.2466   0.00    0.0  -11.43082   -4.00037    0.23498   21.34426   21.50265   21.30253   -2.19610    1.83239   -1.35536
1974 193584.400  -2270170.9188   5007938.3799   3221447.3011   5    0   8    10.1650    11.9334     9.6474    -5.2712     4.3978    -3.2534   0.00    0.0  -11.42872   -4.00239    0.23561   21.34426   21.50265   21.30253   -2.19610    1.83239   -1.35536
1974 193584.405  -2270170.9760   5007938.3598   3221447.3023   5    0   8    10.2601    12.0213     9.7453    -5.2822     4.4070    -3.2601   0.00    0.0  -11.42906   -4.00238    0.23734   21.34426   21.50265   21.30253   -2.19610    1.83239   -1.35536
1974 193584.410  -2270171.0331   5007938.3398   3221447.3035   5    0   8    10.3554    12.1095     9.8435    -5.2932     4.4162    -3.2669   0.00    0.0  -11.42817   -4.00542    0.23732   21.34426   21.50265   21.30253   -2.19610    1.83239   -1.35536
1974 193584.415  -2270171.0903   5007938.3198   3221447.3047   5    0   8    10.4509    12.1980     9.9418    -5.3042     4.4253    -3.2737   0.00    0.0  -11.42839   -4.00734    0.23936   21.34426   21.50265   21.30253   -2.19610    1.83239   -1.35536
1974 193584.420  -2270171.1474   5007938.2997   3221447.3059   5    0   8    10.5467    12.2868    10.0402    -5.3151     4.4345    -3.2805   0.00    0.0  -11.42854   -4.00715    0.24177   21.34426   21.50265   21.30253   -2.19610    1.83239   -1.35536
1974 193584.425  -2270171.2046   5007938.2797   3221447.3071   5    0   8    10.6427    12.3760    10.1389    -5.3261     4.4437    -3.2873   0.00    0.0  -11.42858   -4.00741    0.24359   21.34426   21.50265   21.30253   -2.19610    1.83239   -1.35536
1974 193584.430  -2270171.2617   5007938.2597   3221447.3084   5    0   8    10.7388    12.4654    10.2377    -5.3371     4.4528    -3.2940   0.00    0.0  -11.42744   -4.00706    0.24698   21.34426   21.50265   21.30253   -2.19610    1.83239   -1.35536
1974 193584.435  -2270171.3188   5007938.2396   3221447.3096   5    0   8    10.8352    12.5551    10.3366    -5.3481     4.4620    -3.3008   0.00    0.0  -11.42727   -4.00736    0.25048   21.34426   21.50265   21.30254   -2.19610    1.83239   -1.35536
1974 193584.440  -2270171.3760   5007938.2196   3221447.3109   5    0   8    10.9318    12.6450    10.4357    -5.3591     4.4711    -3.3076   0.00    0.0  -11.42667   -4.00838    0.25217   21.34426   21.50265   21.30254   -2.19609    1.83239   -1.35536
1974 193584.445  -2270171.4331   5007938.1995   3221447.3121   5    0   8    11.0285    12.7353    10.5350    -5.3700     4.4803    -3.3144   0.00    0.0  -11.42530   -4.00986    0.25280   21.34426   21.50265   21.30254   -2.19609    1.83239   -1.35536
1974 193584.450  -2270171.4902   5007938.1795   3221447.3134   5    0   8    11.1254    12.8258    10.6343    -5.3810     4.4895    -3.3211   0.00    0.0  -11.42471   -4.01230    0.25508   21.34426   21.50265   21.30254   -2.19609    1.83240   -1.35536
1974 193584.455  -2270171.5473   5007938.1594   3221447.3147   5    0   8    11.2226    12.9166    10.7339    -5.3920     4.4986    -3.3279   0.00    0.0  -11.42482   -4.01396    0.25800   21.34426   21.50265   21.30254   -2.19609    1.83240   -1.35536
1974 193584.460  -2270171.6045   5007938.1393   3221447.3160   5    0   8    11.3198    13.0076    10.8335    -5.4030     4.5078    -3.3347   0.00    0.0  -11.42550   -4.01466    0.26086   21.34426   21.50265   21.30254   -2.19609    1.83240   -1.35536
1974 193584.465  -2270171.6616   5007938.1193   3221447.3173   5    0   8    11.4173    13.0989    10.9333    -5.4140     4.5170    -3.3415   0.00    0.0  -11.42483   -4.01572    0.26295   21.34426   21.50265   21.30254   -2.19609    1.83240   -1.35535
1974 193584.470  -2270171.7187   5007938.0992   3221447.3186   5    0   8    11.5149    13.1904    11.0332    -5.4249     4.5261    -3.3482   0.00    0.0  -11.42394   -4.01758    0.26393   21.34426   21.50265   21.30254   -2.19609    1.83240   -1.35535
1974 193584.475  -2270171.7758   5007938.0791   3221447.3200   5    0   8    11.6127    13.2821    11.1332    -5.4359     4.5353    -3.3550   0.00    0.0  -11.42395   -4.01937    0.26571   21.34426   21.50265   21.30254   -2.19609    1.83240   -1.35535
1974 193584.480  -2270171.8329   5007938.0590   3221447.3213   5    0   8    11.7106    13.3741    11.2334    -5.4469     4.5444    -3.3618   0.00    0.0  -11.42331   -4.02137    0.26742   21.34426   21.50265   21.30254   -2.19609    1.83240   -1.35535
1974 193584.485  -2270171.8901   5007938.0389   3221447.3226   5    0   8    11.8087    13.4664    11.3336    -5.4579     4.5536    -3.3686   0.00    0.0  -11.42421   -4.02204    0.26990   21.34426   21.50265   21.30254   -2.19609    1.83240   -1.35535
1974 193584.490  -2270171.9472   5007938.0188   3221447.3240   5    0   8    11.9069    13.5588    11.4340    -5.4689     4.5628    -3.3754   0.00    0.0  -11.42492   -4.02143    0.27179   21.34426   21.50265   21.30254   -2.19609    1.83240   -1.35535
1974 193584.495  -2270172.0043   5007937.9987   3221447.3254   5    0   8    12.0053    13.6515    11.5345    -5.4799     4.5719    -3.3821   0.00    0.0  -11.42537   -4.02040    0.27348   21.34426   21.50265   21.30254   -2.19609    1.83240   -1.35535
1974 193584.500  -2270172.0615   5007937.9785   3221447.3268   5    0   8    12.1038    13.7444    11.6351    -5.4908     4.5811    -3.3889   0.00    0.0  -11.42640   -4.02022    0.27648   21.34426   21.50265   21.30254   -2.19608    1.83240   -1.35535
1974 193584.505  -2270172.1186   5007937.9584   3221447.3282   5    0   8    12.2025    13.8375    11.7358    -5.5018     4.5903    -3.3957   0.00    0.0  -11.42607   -4.02245    0.27999   21.34426   21.50265   21.30254   -2.19608    1.83240   -1.35535
1974 193584.510  -2270172.1757   5007937.9383   3221447.3296   5    0   8    12.3013    13.9308    11.8366    -5.5128     4.5994    -3.4025   0.00    0.0  -11.42510   -4.02356    0.28414   21.34426   21.50265   21.30254   -2.19608    1.83241   -1.35535
1974 193584.515  -2270172.2328   5007937.9182   3221447.3310   5    0   8    12.4002    14.0243    11.9375    -5.5238     4.6086    -3.4092   0.00    0.0  -11.42353   -4.02321    0.28673   21.34426   21.50265   21.30254   -2.19608    1.83241   -1.35535
1974 193584.520  -2270172.2899   5007937.8981   3221447.3324   5    0   8    12.4992    14.1180    12.0385    -5.5348     4.6177    -3.4160   0.00    0.0  -11.42153   -4.02389    0.28759   21.34426   21.50265   21.30254   -2.19608    1.83241   -1.35535
1974 193584.525  -2270172.3470   5007937.8780   3221447.3339   5    0   8    12.5984    14.2119    12.1396    -5.5457     4.6269    -3.4228   0.00    0.0  -11.42150   -4.02400    0.29087   21.34426   21.50265   21.30254   -2.19608    1.83241   -1.35535
1974 193584.530  -2270172.4041   5007937.8578   3221447.3354   5    0   8    12.6977    14.3060    12.2408    -5.5567     4.6361    -3.4296   0.00    0.0  -11.42127   -4.02606    0.29414   21.34426   21.50266   21.30254   -2.19608    1.83241   -1.35535
1974 193584.535  -2270172.4613   5007937.8377   3221447.3369   5    0   8    12.7971    14.4003    12.3420    -5.5677     4.6452    -3.4363   0.00    0.0  -11.42144   -4.02754    0.29548   21.34426   21.50266   21.30254   -2.19608    1.83241   -1.35535
1974 193584.540  -2270172.5184   5007937.8176   3221447.3383   5    0   8    12.8967    14.4947    12.4434    -5.5787     4.6544    -3.4431   0.00    0.0  -11.42142   -4.02764    0.29600   21.34426   21.50266   21.30254   -2.19608    1.83241   -1.35535
1974 193584.545  -2270172.5755   5007937.7974   3221447.3398   5    0   8    12.9963    14.5894    12.5449    -5.5897     4.6636    -3.4499   0.00    0.0  -11.42256   -4.02745    0.29687   21.34426   21.50266   21.30254   -2.19608    1.83241   -1.35534
1974 193584.550  -2270172.6326   5007937.7773   3221447.3413   5    0   8    13.0961    14.6842    12.6464    -5.6006     4.6727    -3.4567   0.00    0.0  -11.42270   -4.02770    0.29992   21.34426   21.50266   21.30254   -2.19608    1.83241   -1.35534
1974 193584.555  -2270172.6897   5007937.7571   3221447.3428   5    0   8    13.1960    14.7792    12.7480    -5.6116     4.6819    -3.4635   0.00    0.0  -11.42264   -4.02857    0.30237   21.34426   21.50266   21.30254   -2.19608    1.83241   -1.35534
1974 193584.560  -2270172.7468   5007937.7370   3221447.3443   5    0   8    13.2959    14.8744    12.8497    -5.6226     4.6910    -3.4702   0.00    0.0  -11.42141   -4.02982    0.30301   21.34426   21.50266   21.30254   -2.19607    1.83241   -1.35534
1974 193584.565  -2270172.8039   5007937.7168   3221447.3459   5    0   8    13.3960    14.9697    12.9515    -5.6336     4.7002    -3.4770   0.00    0.0  -11.42030   -4.02998    0.30342   21.34426   21.50266   21.30254   -2.19607    1.83242   -1.35534
1974 193584.570  -2270172.8610   5007937.6967   3221447.3474   5    0   8    13.4962    15.0652    13.0533    -5.6446     4.7094    -3.4838   0.00    0.0  -11.42082   -4.02826    0.30683   21.34426   21.50266   21.30254   -2.19607    1.83242   -1.35534
1974 193584.575  -2270172.9181   5007937.6765   3221447.3489   5    0   8    13.5965    15.1609    13.1552    -5.6555     4.7185    -3.4906   0.00    0.0  -11.42001   -4.02996    0.30976   21.34426   21.50266   21.30254   -2.19607    1.83242   -1.35534
1974 193584.580  -2270172.9752   5007937.6564   3221447.3505   5    0   8    13.6968    15.2567    13.2572    -5.6665     4.7277    -3.4973   0.00    0.0  -11.42074   -4.03040    0.31294   21.34426   21.50266   21.30254   -2.19607    1.83242   -1.35534
1974 193584.585  -2270173.0323   5007937.6362   3221447.3521   5    0   8    13.7973    15.3527    13.3593    -5.6775     4.7369    -3.5041   0.00    0.0  -11.41911   -4.03213    0.31429   21.34426   21.50266   21.30254   -2.19607    1.83242   -1.35534
1974 193584.590  -2270173.0894   5007937.6161   3221447.3537   5    0   8    13.8979    15.4488    13.4614    -5.6885     4.7460    -3.5109   0.00    0.0  -11.41729   -4.03485    0.31486   21.34426   21.50266   21.30254   -2.19607    1.83242   -1.35534
1974 193584.595  -2270173.1465   5007937.5959   3221447.3552   5    0   8    13.9985    15.5451    13.5636    -5.6995     4.7552    -3.5177   0.00    0.0  -11.41628   -4.03665    0.31800   21.34426   21.50266   21.30254   -2.19607    1.83242   -1.35534
1974 193584.600  -2270173.2036   5007937.5757   3221447.3568   5    0   8    14.0993    15.6415    13.6659    -5.7104     4.7643    -3.5244   0.00    0.0  -11.41587   -4.03961    0.31995   21.34426   21.50266   21.30254   -2.19607    1.83242   -1.35534
1974 193584.605  -2270173.2606   5007937.5555   3221447.3585   5    0   8    14.2001    15.7380    13.7682    -5.7214     4.7735    -3.5312   0.00    0.0  -11.41550   -4.04023    0.32258   21.34426   21.50266   21.30254   -2.19607    1.83242   -1.35534
1974 193584.610  -2270173.3177   5007937.5353   3221447.3601   5    0   8    14.3010    15.8347    13.8706    -5.7324     4.7827    -3.5380   0.00    0.0  -11.41515   -4.04106    0.32334   21.34426   21.50266   21.30254   -2.19607    1.83242   -1.35534
1974 193584.615  -2270173.3748   5007937.5151   3221447.3617   5    0   8    14.4021    15.9316    13.9730    -5.7434     4.7918    -3.5448   0.00    0.0  -11.41606   -4.04217    0.32345   21.34426   21.50266   21.30254   -2.19607    1.83242   -1.35534
1974 193584.620  -2270173.4319   5007937.4948   3221447.3633   5    0   8    14.5031    16.0286    14.0755    -5.7544     4.8010    -3.5516   0.00    0.0  -11.41625   -4.04308    0.32537   21.34426   21.50266   21.30254   -2.19607    1.83243   -1.35534
1974 193584.625  -2270173.4890   5007937.4746   3221447.3650   5    0   8    14.6043    16.1257    14.1781    -5.7653     4.8101    -3.5583   0.00    0.0  -11.41688   -4.04234    0.32830   21.34426   21.50266   21.30254   -2.19606    1.83243   -1.35534
1974 193584.630  -2270173.5460   5007937.4544   3221447.3666   5    0   8    14.7055    16.2229    14.2807    -5.7763     4.8193    -3.5651   0.00    0.0  -11.41541   -4.04120    0.33029   21.34426   21.50266   21.30254   -2.19606    1.83243   -1.35534
1974 193584.635  -2270173.6031   5007937.4342   3221447.3683   5    0   8    14.8069    16.3203    14.3834    -5.7873     4.8285    -3.5719   0.00    0.0  -11.41424   -4.04113    0.33203   21.34426   21.50266   21.30254   -2.19606    1.83243   -1.35533
1974 193584.640  -2270173.6602   5007937.4140   3221447.3699   5    0   8    14.9083    16.4178    14.4862    -5.7983     4.8376    -3.5787   0.00    0.0  -11.41434   -4.04031    0.33518   21.34426   21.50266   21.30254   -2.19606    1.83243   -1.35533
1974 193584.645  -2270173.7173   5007937.3938   3221447.3716   5    0   8    15.0097    16.5154    14.5890    -5.8093     4.8468    -3.5854   0.00    0.0  -11.41431   -4.04104    0.33779   21.34426   21.50266   21.30254   -2.19606    1.83243   -1.35533
1974 193584.650  -2270173.7743   5007937.3736   3221447.3733   5    0   8    15.1113    16.6132    14.6918    -5.8202     4.8560    -3.5922   0.00    0.0  -11.41385   -4.04261    0.34107   21.34426   21.50266   21.30254   -2.19606    1.83243   -1.35533
1974 193584.655  -2270173.8314   5007937.3534   3221447.3751   5    0   8    15.2129    16.7111    14.7947    -5.8312     4.8651    -3.5990   0.00    0.0  -11.41266   -4.04466    0.34376   21.34426   21.50266   21.30254   -2.19606    1.83243   -1.35533
1974 193584.660  -2270173.8884   5007937.3332   3221447.3768   5    0   8    15.3146    16.8090    14.8976    -5.8422     4.8743    -3.6058   0.00    0.0  -11.41083   -4.04574    0.34595   21.34426   21.50266   21.30254   -2.19606    1.83243   -1.35533
1974 193584.665  -2270173.9455   5007937.3129   3221447.3785   5    0   8    15.4163    16.9071    15.0007    -5.8532     4.8834    -3.6125   0.00    0.0  -11.40971   -4.04601    0.34891   21.34426   21.50266   21.30254   -2.19606    1.83243   -1.35533
1974 193584.670  -2270174.0025   5007937.2927   3221447.3803   5    0   8    15.5181    17.0053    15.1037    -5.8642     4.8926    -3.6193   0.00    0.0  -11.40907   -4.04787    0.35145   21.34426   21.50266   21.30254   -2.19606    1.83244   -1.35533
1974 193584.675  -2270174.0596   5007937.2724   3221447.3821   5    0   8    15.6200    17.1037    15.2068    -5.8752     4.9018    -3.6261   0.00    0.0  -11.41062   -4.04872    0.35526   21.34426   21.50266   21.30254   -2.19606    1.83244   -1.35533
1974 193584.680  -2270174.1166   5007937.2522   3221447.3839   5    0   8    15.7220    17.2021    15.3099    -5.8861     4.9109    -3.6329   0.00    0.0  -11.41204   -4.04790    0.35870   21.34426   21.50266   21.30254   -2.19606    1.83244   -1.35533
1974 193584.685  -2270174.1737   5007937.2320   3221447.3857   5    0   8    15.8240    17.3007    15.4131    -5.8971     4.9201    -3.6397   0.00    0.0  -11.41285   -4.04607    0.36177   21.34426   21.50266   21.30254   -2.19606    1.83244   -1.35533
1974 193584.690  -2270174.2308   5007937.2117   3221447.3875   5    0   8    15.9261    17.3993    15.5164    -5.9081     4.9293    -3.6464   0.00    0.0  -11.41392   -4.04425    0.36511   21.34426   21.50267   21.30254   -2.19606    1.83244   -1.35533
1974 193584.695  -2270174.2878   5007937.1915   3221447.3893   5    0   8    16.0282    17.4981    15.6196    -5.9191     4.9384    -3.6532   0.00    0.0  -11.41312   -4.04579    0.36753   21.34426   21.50267   21.30254   -2.19605    1.83244   -1.35533
1974 193584.700  -2270174.3449   5007937.1713   3221447.3912   5    0   8    16.1304    17.5969    15.7230    -5.9301     4.9476    -3.6600   0.00    0.0  -11.41211   -4.04669    0.37177   21.34426   21.50267   21.30254   -2.19605    1.83244   -1.35533
1974 193584.705  -2270174.4020   5007937.1510   3221447.3931   5    0   8    16.2326    17.6959    15.8263    -5.9410     4.9567    -3.6668   0.00    0.0  -11.41038   -4.04839    0.37500   21.34426   21.50267   21.30254   -2.19605    1.83244   -1.35533
1974 193584.710  -2270174.4590   5007937.1308   3221447.3950   5    0   8    16.3349    17.7949    15.9297    -5.9520     4.9659    -3.6735   0.00    0.0  -11.40790   -4.05095    0.37758   21.34426   21.50267   21.30254   -2.19605    1.83244   -1.35533
1974 193584.715  -2270174.5160   5007937.1105   3221447.3969   5    0   8    16.4373    17.8941    16.0332    -5.9630     4.9751    -3.6803   0.00    0.0  -11.40676   -4.05255    0.38153   21.34426   21.50267   21.30254   -2.19605    1.83244   -1.35533
1974 193584.720  -2270174.5731   5007937.0903   3221447.3988   5    0   8    16.5397    17.9933    16.1367    -5.9740     4.9842    -3.6871   0.00    0.0  -11.40498   -4.05471    0.38519   21.34426   21.50267   21.30254   -2.19605    1.83245   -1.35533
1974 193584.725  -2270174.6301   5007937.0700   3221447.4007   5    0   8    16.6422    18.0927    16.2402    -5.9850     4.9934    -3.6939   0.00    0.0  -11.40475   -4.05606    0.38929   21.34426   21.50267   21.30254   -2.19605    1.83245   -1.35533
1974 193584.730  -2270174.6871   5007937.0497   3221447.4027   5    0   8    16.7447    18.1921    16.3438    -5.9959     5.0026    -3.7006   0.00    0.0  -11.40368   -4.05708    0.39265   21.34426   21.50267   21.30254   -2.19605    1.83245   -1.35533
1974 193584.735  -2270174.7441   5007937.0294   3221447.4047   5    0   8    16.8473    18.2917    16.4473    -6.0069     5.0117    -3.7074   0.00    0.0  -11.40342   -4.05756    0.39543   21.34426   21.50267   21.30254   -2.19605    1.83245   -1.35533
1974 193584.740  -2270174.8011   5007937.0091   3221447.4067   5    0   8    16.9499    18.3913    16.5510    -6.0179     5.0209    -3.7142   0.00    0.0  -11.40338   -4.05783    0.39831   21.34426   21.50267   21.30254   -2.19605    1.83245   -1.35532
1974 193584.745  -2270174.8581   5007936.9888   3221447.4087   5    0   8    17.0526    18.4910    16.6547    -6.0289     5.0300    -3.7210   0.00    0.0  -11.40352   -4.05869    0.40122   21.34426   21.50267   21.30254   -2.19605    1.83245   -1.35532
1974 193584.750  -2270174.9152   5007936.9685   3221447.4107   5    0   8    17.1553    18.5908    16.7584    -6.0399     5.0392    -3.7278   0.00    0.0  -11.40395   -4.05846    0.40449   21.34426   21.50267   21.30254   -2.19605    1.83245   -1.35532
1974 193584.755  -2270174.9722   5007936.9482   3221447.4127   5    0   8    17.2581    18.6907    16.8621    -6.0508     5.0484    -3.7345   0.00    0.0  -11.40435   -4.05711    0.40743   21.34426   21.50267   21.30254   -2.19605    1.83245   -1.35532
1974 193584.760  -2270175.0292   5007936.9280   3221447.4148   5    0   8    17.3609    18.7906    16.9659    -6.0618     5.0575    -3.7413   0.00    0.0  -11.40493   -4.05603    0.41046   21.34426   21.50267   21.30254   -2.19605    1.83245   -1.35532
1974 193584.765  -2270175.0862   5007936.9077   3221447.4168   5    0   8    17.4638    18.8907    17.0697    -6.0728     5.0667    -3.7481   0.00    0.0  -11.40366   -4.05676    0.41307   21.34426   21.50267   21.30254   -2.19605    1.83246   -1.35532
1974 193584.770  -2270175.1432   5007936.8874   3221447.4189   5    0   8    17.5667    18.9908    17.1736    -6.0838     5.0759    -3.7549   0.00    0.0  -11.40196   -4.05797    0.41747   21.34426   21.50267   21.30255   -2.19605    1.83246   -1.35532
1974 193584.775  -2270175.2002   5007936.8671   3221447.4210   5    0   8    17.6697    19.0910    17.2774    -6.0948     5.0850    -3.7616   0.00    0.0  -11.40052   -4.05827    0.42219   21.34426   21.50267   21.30255   -2.19604    1.83246   -1.35532
1974 193584.780  -2270175.2572   5007936.8468   3221447.4232   5    0   8    17.7727    19.1913    17.3813    -6.1057     5.0942    -3.7684   0.00    0.0  -11.40050   -4.05744    0.42603   21.34426   21.50267   21.30255   -2.19604    1.83246   -1.35532
1974 193584.785  -2270175.3143   5007936.8265   3221447.4253   5    0   8    17.8757    19.2917    17.4853    -6.1167     5.1033    -3.7752   0.00    0.0  -11.40086   -4.05624    0.42984   21.34426   21.50267   21.30255   -2.19604    1.83246   -1.35532
1974 193584.790  -2270175.3713   5007936.8062   3221447.4275   5    0   8    17.9788    19.3921    17.5893    -6.1277     5.1125    -3.7820   0.00    0.0  -11.40172   -4.05659    0.43360   21.34426   21.50267   21.30255   -2.19604    1.83246   -1.35532
1974 193584.795  -2270175.4283   5007936.7860   3221447.4297   5    0   8    18.0820    19.4926    17.6933    -6.1387     5.1217    -3.7887   0.00    0.0  -11.40232   -4.05832    0.43715   21.34426   21.50267   21.30255   -2.19604    1.83246   -1.35532
1974 193584.800  -2270175.4853   5007936.7657   3221447.4319   5    0   8    18.1852    19.5932    17.7973    -6.1497     5.1308    -3.7955   0.00    0.0  -11.40212   -4.05843    0.44175   21.34426   21.50267   21.30255   -2.19604    1.83246   -1.35532
1974 193584.805  -2270175.5423   5007936.7454   3221447.4341   5    0   8    18.2884    19.6939    17.9014    -6.1606     5.1400    -3.8023   0.00    0.0  -11.40074   -4.05742    0.44651   21.34426   21.50268   21.30255   -2.19604    1.83247   -1.35532
1974 193584.810  -2270175.5993   5007936.7251   3221447.4364   5    0   8    18.3916    19.7946    18.0054    -6.1716     5.1492    -3.8091   0.00    0.0  -11.39941   -4.05533    0.45067   21.34426   21.50268   21.30255   -2.19604    1.83247   -1.35532
1974 193584.815  -2270175.6563   5007936.7048   3221447.4386   5    0   8    18.4949    19.8955    18.1096    -6.1826     5.1583    -3.8159   0.00    0.0  -11.39959   -4.05353    0.45473   21.34426   21.50268   21.30255   -2.19604    1.83247   -1.35532
1974 193584.820  -2270175.7133   5007936.6846   3221447.4409   5    0   8    18.5983    19.9963    18.2137    -6.1936     5.1675    -3.8226   0.00    0.0  -11.39896   -4.05488    0.45732   21.34426   21.50268   21.30255   -2.19604    1.83247   -1.35532
1974 193584.825  -2270175.7703   5007936.6643   3221447.4432   5    0   8    18.7016    20.0973    18.3179    -6.2046     5.1766    -3.8294   0.00    0.0  -11.39933   -4.05570    0.45916   21.34426   21.50268   21.30255   -2.19604    1.83247   -1.35532
1974 193584.830  -2270175.8273   5007936.6440   3221447.4455   5    0   8    18.8050    20.1983    18.4221    -6.2155     5.1858    -3.8362   0.00    0.0  -11.40078   -4.05404    0.46228   21.34426   21.50268   21.30255   -2.19604    1.83247   -1.35532
1974 193584.835  -2270175.8843   5007936.6237   3221447.4479   5    0   8    18.9085    20.2994    18.5263    -6.2265     5.1950    -3.8430   0.00    0.0  -11.40179   -4.05340    0.46384   21.34426   21.50268   21.30255   -2.19604    1.83247   -1.35532
1974 193584.840  -2270175.9413   5007936.6035   3221447.4502   5    0   8    19.0120    20.4005    18.6306    -6.2375     5.2041    -3.8497   0.00    0.0  -11.40213   -4.05324    0.46712   21.34426   21.50268   21.30255   -2.19604    1.83247   -1.35532
1974 193584.845  -2270175.9983   5007936.5832   3221447.4526   5    0   8    19.1155    20.5017    18.7348    -6.2485     5.2133    -3.8565   0.00    0.0  -11.40179   -4.05398    0.47085   21.34426   21.50268   21.30255   -2.19604    1.83247   -1.35532
1974 193584.850  -2270176.0553   5007936.5629   3221447.4549   5    0   8    19.2190    20.6030    18.8391    -6.2595     5.2225    -3.8633   0.00    0.0  -11.40041   -4.05570    0.47385   21.34426   21.50268   21.30255   -2.19604    1.83248   -1.35532
1974 193584.855  -2270176.1123   5007936.5426   3221447.4573   5    0   8    19.3226    20.7044    18.9435    -6.2704     5.2316    -3.8701   0.00    0.0  -11.39983   -4.05569    0.47892   21.34426   21.50268   21.30255   -2.19603    1.83248   -1.35532
1974 193584.860  -2270176.1693   5007936.5224   3221447.4597   5    0   8    19.4263    20.8058    19.0478    -6.2814     5.2408    -3.8768   0.00    0.0  -11.39848   -4.05699    0.48152   21.34426   21.50268   21.30255   -2.19603    1.83248   -1.35531
1974 193584.865  -2270176.2263   5007936.5021   3221447.4621   5    0   8    19.5299    20.9072    19.1522    -6.2924     5.2499    -3.8836   0.00    0.0  -11.39850   -4.05708    0.48517   21.34426   21.50268   21.30255   -2.19603    1.83248   -1.35531
1974 193584.870  -2270176.2833   5007936.4818   3221447.4646   5    0   8    19.6336    21.0087    19.2566    -6.3034     5.2591    -3.8904   0.00    0.0  -11.39932   -4.05814    0.48716   21.34426   21.50268   21.30255   -2.19603    1.83248   -1.35531
1974 193584.875  -2270176.3403   5007936.4615   3221447.4670   5    0   8    19.7373    21.1103    19.3610    -6.3144     5.2683    -3.8972   0.00    0.0  -11.40004   -4.05990    0.48975   21.34426   21.50268   21.30255   -2.19603    1.83248   -1.35531
1974 193584.880  -2270176.3973   5007936.4412   3221447.4695   5    0   8    19.8411    21.2120    19.4654    -6.3253     5.2774    -3.9039   0.00    0.0  -11.39962   -4.06163    0.49355   21.34426   21.50268   21.30255   -2.19603    1.83248   -1.35531
1974 193584.885  -2270176.4543   5007936.4209   3221447.4720   5    0   8    19.9449    21.3137    19.5699    -6.3363     5.2866    -3.9107   0.00    0.0  -11.39827   -4.06265    0.49721   21.34426   21.50268   21.30255   -2.19603    1.83248   -1.35531
1974 193584.890  -2270176.5113   5007936.4006   3221447.4745   5    0   8    20.0487    21.4154    19.6744    -6.3473     5.2958    -3.9175   0.00    0.0  -11.39825   -4.06147    0.50224   21.34426   21.50268   21.30255   -2.19603    1.83249   -1.35531
1974 193584.895  -2270176.5683   5007936.3802   3221447.4770   5    0   8    20.1525    21.5172    19.7789    -6.3583     5.3049    -3.9243   0.00    0.0  -11.39926   -4.06107    0.50657   21.34426   21.50268   21.30255   -2.19603    1.83249   -1.35531
1974 193584.900  -2270176.6253   5007936.3599   3221447.4796   5    0   8    20.2564    21.6191    19.8834    -6.3693     5.3141    -3.9311   0.00    0.0  -11.40079   -4.06224    0.50844   21.34426   21.50268   21.30255   -2.19603    1.83249   -1.35531
1974 193584.905  -2270176.6823   5007936.3396   3221447.4821   5    0   8    20.3603    21.7210    19.9880    -6.3802     5.3232    -3.9378   0.00    0.0  -11.40215   -4.06432    0.50920   21.34426   21.50268   21.30255   -2.19603    1.83249   -1.35531
1974 193584.910  -2270176.7393   5007936.3193   3221447.4847   5    0   8    20.4642    21.8230    20.0926    -6.3912     5.3324    -3.9446   0.00    0.0  -11.40426   -4.06723    0.51037   21.34426   21.50269   21.30255   -2.19603    1.83249   -1.35531
1974 193584.915  -2270176.7963   5007936.2989   3221447.4872   5    0   8    20.5682    21.9250    20.1972    -6.4022     5.3416    -3.9514   0.00    0.0  -11.40513   -4.07002    0.51442   21.34426   21.50269   21.30255   -2.19603    1.83249   -1.35531
1974 193584.920  -2270176.8534   5007936.2786   3221447.4898   5    0   8    20.6722    22.0271    20.3018    -6.4132     5.3507    -3.9582   0.00    0.0  -11.40488   -4.07284    0.51838   21.34426   21.50269   21.30255   -2.19603    1.83249   -1.35531
1974 193584.925  -2270176.9104   5007936.2582   3221447.4925   5    0   8    20.7762    22.1292    20.4064    -6.4242     5.3599    -3.9649   0.00    0.0  -11.40556   -4.07400    0.52326   21.34426   21.50269   21.30255   -2.19603    1.83250   -1.35531
1974 193584.930  -2270176.9674   5007936.2378   3221447.4951   5    0   8    20.8803    22.2314    20.5111    -6.4351     5.3691    -3.9717   0.00    0.0  -11.40505   -4.07488    0.52764   21.34426   21.50269   21.30255   -2.19603    1.83250   -1.35531
1974 193584.935  -2270177.0244   5007936.2174   3221447.4977   5    0   8    20.9843    22.3336    20.6157    -6.4461     5.3782    -3.9785   0.00    0.0  -11.40360   -4.07627    0.53076   21.34426   21.50269   21.30255   -2.19603    1.83250   -1.35531
1974 193584.940  -2270177.0814   5007936.1971   3221447.5004   5    0   8    21.0884    22.4359    20.7204    -6.4571     5.3874    -3.9853   0.00    0.0  -11.40428   -4.07489    0.53673   21.34426   21.50269   21.30255   -2.19603    1.83250   -1.35531
1974 193584.945  -2270177.1385   5007936.1767   3221447.5031   5    0   8    21.1926    22.5383    20.8251    -6.4681     5.3965    -3.9920   0.00    0.0  -11.40459   -4.07541    0.53980   21.34426   21.50269   21.30255   -2.19603    1.83250   -1.35531
1974 193584.950  -2270177.1955   5007936.1563   3221447.5058   5    0   8    21.2967    22.6406    20.9299    -6.4791     5.4057    -3.9988   0.00    0.0  -11.40716   -4.07437    0.54302   21.34426   21.50269   21.30255   -2.19602    1.83250   -1.35531
1974 193584.955  -2270177.2525   5007936.1359   3221447.5086   5    0   8    21.4009    22.7431    21.0346    -6.4900     5.4149    -4.0056   0.00    0.0  -11.40876   -4.07384    0.54571   21.34426   21.50269   21.30255   -2.19602    1.83250   -1.35531
1974 193584.960  -2270177.3096   5007936.1156   3221447.5113   5    0   8    21.5051    22.8455    21.1394    -6.5010     5.4240    -4.0124   0.00    0.0  -11.40942   -4.07436    0.54817   21.34426   21.50269   21.30255   -2.19602    1.83250   -1.35531
1974 193584.965  -2270177.3666   5007936.0952   3221447.5141   5    0   8    21.6093    22.9480    21.2441    -6.5120     5.4332    -4.0192   0.00    0.0  -11.41062   -4.07358    0.55254   21.34426   21.50269   21.30255   -2.19602    1.83251   -1.35531
1974 193584.970  -2270177.4237   5007936.0748   3221447.5168   5    0   8    21.7136    23.0506    21.3489    -6.5230     5.4424    -4.0259   0.00    0.0  -11.40882   -4.07473    0.55433   21.34426   21.50269   21.30255   -2.19602    1.83251   -1.35531
1974 193584.975  -2270177.4807   5007936.0545   3221447.5196   5    0   8    21.8178    23.1532    21.4537    -6.5340     5.4515    -4.0327   0.00    0.0  -11.40557   -4.07519    0.55637   21.34426   21.50269   21.30255   -2.19602    1.83251   -1.35531
1974 193584.980  -2270177.5377   5007936.0341   3221447.5224   5    0   8    21.9221    23.2559    21.5586    -6.5449     5.4607    -4.0395   0.00    0.0  -11.40275   -4.07573    0.55785   21.34426   21.50269   21.30255   -2.19602    1.83251   -1.35531
1974 193584.985  -2270177.5947   5007936.0137   3221447.5252   5    0   8    22.0265    23.3586    21.6634    -6.5559     5.4699    -4.0463   0.00    0.0  -11.40176   -4.07431    0.56255   21.34426   21.50269   21.30255   -2.19602    1.83251   -1.35531
1974 193584.990  -2270177.6518   5007935.9933   3221447.5281   5    0   8    22.1308    23.4613    21.7683    -6.5669     5.4790    -4.0530   0.00    0.0  -11.40135   -4.07362    0.56665   21.34426   21.50269   21.30255   -2.19602    1.83251   -1.35531
1974 193584.995  -2270177.7088   5007935.9730   3221447.5309   5    0   8    22.2352    23.5641    21.8732    -6.5779     5.4882    -4.0598   0.00    0.0  -11.40141   -4.07249    0.57158   21.34426   21.50269   21.30255   -2.19602    1.83251   -1.35531
1974 193585.000  -2270176.4761   5007934.6879   3221446.7241   5    0   8     4.5659     6.7801     3.7650    -4.2259     3.5287    -2.6136   0.00    0.0  -10.26031   -5.09426   -0.13588    5.77245    8.33554    4.81135   -5.06299    4.24603   -3.16381
1974 193585.005  -2270176.5274   5007934.6624   3221446.7234   5    0   8     4.5854     6.8084     3.7812    -4.2432     3.5432    -2.6244   0.00    0.0  -10.26002   -5.09663   -0.12921    5.77245    8.33554    4.81135   -5.06298    4.24603   -3.16381
1974 193585.010  -2270176.5787   5007934.6369   3221446.7228   5    0   8     4.6050     6.8368     3.7974    -4.2605     3.5578    -2.6353   0.00    0.0  -10.25994   -5.09634   -0.12182    5.77245    8.33554    4.81135   -5.06298    4.24603   -3.16381
1974 193585.015  -2270176.6300   5007934.6114   3221446.7222   5    0   8     4.6247     6.8654     3.8137    -4.2779     3.5724    -2.6462   0.00    0.0  -10.25905   -5.09712   -0.11733    5.77244    8.33554    4.81135   -5.06298    4.24604   -3.16380
1974 193585.020  -2270176.6813   5007934.5859   3221446.7216   5    0   8     4.6445     6.8940     3.8301    -4.2954     3.5870    -2.6571   0.00    0.0  -10.25949   -5.09883   -0.11290    5.77244    8.33555    4.81135   -5.06298    4.24604   -3.16380
1974 193585.025  -2270176.7326   5007934.5604   3221446.7211   5    0   8     4.6644     6.9228     3.8466    -4.3129     3.6018    -2.6681   0.00    0.0  -10.26018   -5.10167   -0.10880    5.77244    8.33555    4.81135   -5.06297    4.24604   -3.16380
1974 193585.030  -2270176.7839   5007934.5349   3221446.7206   5    0   8     4.6844     6.9518     3.8632    -4.3306     3.6166    -2.6791   0.00    0.0  -10.25978   -5.10440   -0.10481    5.77243    8.33555    4.81135   -5.06297    4.24604   -3.16380
1974 193585.035  -2270176.8352   5007934.5094   3221446.7201   5    0   8     4.7045     6.9808     3.8799    -4.3483     3.6314    -2.6902   0.00    0.0  -10.26133   -5.10368   -0.10018    5.77243    8.33555    4.81135   -5.06297    4.24604   -3.16380
1974 193585.040  -2270176.8866   5007934.4838   3221446.7196   5    0   8     4.7246     7.0100     3.8966    -4.3660     3.6464    -2.7013   0.00    0.0  -10.26161   -5.10525   -0.09738    5.77243    8.33556    4.81135   -5.06297    4.24604   -3.16379
1974 193585.045  -2270176.9379   5007934.4583   3221446.7191   5    0   8     4.7449     7.0394     3.9134    -4.3839     3.6614    -2.7125   0.00    0.0  -10.26261   -5.10651   -0.09293    5.77242    8.33556    4.81135   -5.06296    4.24604   -3.16379
1974 193585.050  -2270176.9892   5007934.4328   3221446.7187   5    0   8     4.7652     7.0688     3.9303    -4.4018     3.6764    -2.7238   0.00    0.0  -10.26364   -5.10701   -0.08725    5.77242    8.33556    4.81135   -5.06296    4.24604   -3.16379
1974 193585.055  -2270177.0405   5007934.4072   3221446.7183   5    0   8     4.7857     7.0984     3.9472    -4.4198     3.6915    -2.7350   0.00    0.0  -10.26319   -5.10880   -0.08394    5.77242    8.33556    4.81135   -5.06296    4.24604   -3.16379
1974 193585.060  -2270177.0918   5007934.3817   3221446.7179   5    0   8     4.8062     7.1281     3.9643    -4.4379     3.7067    -2.7463   0.00    0.0  -10.26323   -5.10889   -0.08043    5.77242    8.33556    4.81135   -5.06296    4.24604   -3.16379
1974 193585.065  -2270177.1431   5007934.3561   3221446.7175   5    0   8     4.8268     7.1579     3.9814    -4.4560     3.7219    -2.7577   0.00    0.0  -10.26342   -5.10982   -0.07534    5.77241    8.33557    4.81135   -5.06295    4.24604   -3.16378
1974 193585.070  -2270177.1944   5007934.3306   3221446.7171   5    0   8     4.8475     7.1878     3.9985    -4.4742     3.7372    -2.7691   0.00    0.0  -10.26224   -5.11345   -0.07088    5.77241    8.33557    4.81135   -5.06295    4.24604   -3.16378
1974 193585.075  -2270177.2457   5007934.3050   3221446.7168   5    0   8     4.8683     7.2178     4.0158    -4.4925     3.7525    -2.7806   0.00    0.0  -10.26103   -5.11814   -0.06674    5.77241    8.33557    4.81135   -5.06295    4.24605   -3.16378
1974 193585.080  -2270177.2970   5007934.2794   3221446.7165   5    0   8     4.8891     7.2480     4.0331    -4.5108     3.7679    -2.7921   0.00    0.0  -10.25930   -5.12333   -0.06311    5.77240    8.33558    4.81135   -5.06295    4.24605   -3.16378
1974 193585.085  -2270177.3483   5007934.2537   3221446.7162   5    0   8     4.9100     7.2783     4.0505    -4.5293     3.7834    -2.8036   0.00    0.0  -10.25748   -5.12758   -0.05918    5.77240    8.33558    4.81135   -5.06294    4.24605   -3.16377
1974 193585.090  -2270177.3996   5007934.2281   3221446.7159   5    0   8     4.9311     7.3087     4.0679    -4.5477     3.7989    -2.8152   0.00    0.0  -10.25739   -5.13024   -0.05478    5.77240    8.33558    4.81135   -5.06294    4.24605   -3.16377
1974 193585.095  -2270177.4509   5007934.2024   3221446.7157   5    0   8     4.9522     7.3391     4.0854    -4.5663     3.8145    -2.8268   0.00    0.0  -10.25801   -5.13379   -0.05091    5.77239    8.33558    4.81135   -5.06294    4.24605   -3.16377
1974 193585.100  -2270177.5022   5007934.1767   3221446.7154   5    0   8     4.9733     7.3698     4.1030    -4.5849     3.8301    -2.8384   0.00    0.0  -10.25809   -5.13792   -0.04706    5.77239    8.33558    4.81135   -5.06294    4.24605   -3.16377
1974 193585.105  -2270177.5535   5007934.1510   3221446.7152   5    0   8     4.9946     7.4005     4.1207    -4.6036     3.8458    -2.8501   0.00    0.0  -10.25743   -5.14055   -0.04290    5.77239    8.33559    4.81135   -5.06293    4.24605   -3.16377
1974 193585.110  -2270177.6048   5007934.1253   3221446.7150   5    0   8     5.0159     7.4313     4.1384    -4.6223     3.8615    -2.8619   0.00    0.0  -10.25725   -5.14118   -0.03782    5.77238    8.33559    4.81135   -5.06293    4.24605   -3.16376
1974 193585.115  -2270177.6561   5007934.0996   3221446.7149   5    0   8     5.0373     7.4622     4.1562    -4.6411     3.8773    -2.8736   0.00    0.0  -10.25792   -5.14208   -0.03320    5.77238    8.33559    4.81135   -5.06293    4.24605   -3.16376
1974 193585.120  -2270177.7074   5007934.0739   3221446.7147   5    0   8     5.0588     7.4932     4.1740    -4.6600     3.8931    -2.8855   0.00    0.0  -10.25940   -5.14330   -0.02802    5.77238    8.33559    4.81135   -5.06293    4.24605   -3.16376
1974 193585.125  -2270177.7587   5007934.0482   3221446.7146   5    0   8     5.0803     7.5244     4.1919    -4.6789     3.9090    -2.8973   0.00    0.0  -10.26142   -5.14588   -0.02366    5.77238    8.33560    4.81135   -5.06292    4.24605   -3.16376
1974 193585.130  -2270177.8100   5007934.0224   3221446.7145   5    0   8     5.1020     7.5556     4.2099    -4.6979     3.9250    -2.9092   0.00    0.0  -10.26296   -5.14846   -0.01932    5.77237    8.33560    4.81135   -5.06292    4.24605   -3.16376
1974 193585.135  -2270177.8613   5007933.9966   3221446.7144   5    0   8     5.1236     7.5869     4.2279    -4.7169     3.9410    -2.9211   0.00    0.0  -10.26351   -5.15196   -0.01616    5.77237    8.33560    4.81135   -5.06292    4.24606   -3.16375
1974 193585.140  -2270177.9126   5007933.9709   3221446.7144   5    0   8     5.1454     7.6184     4.2460    -4.7360     3.9570    -2.9331   0.00    0.0  -10.26240   -5.15578   -0.01185    5.77237    8.33560    4.81135   -5.06291    4.24606   -3.16375
1974 193585.145  -2270177.9639   5007933.9451   3221446.7143   5    0   8     5.1672     7.6499     4.2641    -4.7552     3.9731    -2.9451   0.00    0.0  -10.26022   -5.16035   -0.00619    5.77236    8.33561    4.81135   -5.06291    4.24606   -3.16375
1974 193585.150  -2270178.0152   5007933.9192   3221446.7143   5    0   8     5.1891     7.6815     4.2823    -4.7744     3.9892    -2.9571   0.00    0.0  -10.25845   -5.16504   -0.00028    5.77236    8.33561    4.81135   -5.06291    4.24606   -3.16375
1974 193585.155  -2270178.0665   5007933.8934   3221446.7144   5    0   8     5.2111     7.7133     4.3006    -4.7937     4.0054    -2.9692   0.00    0.0  -10.25837   -5.16781    0.00663    5.77236    8.33561    4.81135   -5.06291    4.24606   -3.16375
1974 193585.160  -2270178.1178   5007933.8676   3221446.7144   5    0   8     5.2331     7.7451     4.3189    -4.8130     4.0216    -2.9813   0.00    0.0  -10.25936   -5.16938    0.01123    5.77236    8.33561    4.81136   -5.06290    4.24606   -3.16374
1974 193585.165  -2270178.1691   5007933.8417   3221446.7145   5    0   8     5.2553     7.7770     4.3372    -4.8324     4.0379    -2.9935   0.00    0.0  -10.26027   -5.17217    0.01480    5.77235    8.33562    4.81136   -5.06290    4.24606   -3.16374
1974 193585.170  -2270178.2204   5007933.8158   3221446.7146   5    0   8     5.2774     7.8090     4.3557    -4.8518     4.0542    -3.0056   0.00    0.0  -10.26069   -5.17747    0.01761    5.77235    8.33562    4.81136   -5.06290    4.24606   -3.16374
1974 193585.175  -2270178.2717   5007933.7899   3221446.7147   5    0   8     5.2996     7.8411     4.3742    -4.8713     4.0706    -3.0178   0.00    0.0  -10.25914   -5.18481    0.01808    5.77235    8.33562    4.81136   -5.06290    4.24606   -3.16374
1974 193585.180  -2270178.3230   5007933.7639   3221446.7148   5    0   8     5.3219     7.8733     4.3927    -4.8908     4.0870    -3.0301   0.00    0.0  -10.25460   -5.19228    0.01778    5.77234    8.33562    4.81136   -5.06289    4.24606   -3.16373
1974 193585.185  -2270178.3742   5007933.7379   3221446.7149   5    0   8     5.3443     7.9055     4.4113    -4.9104     4.1034    -3.0424   0.00    0.0  -10.25123   -5.19695    0.02053    5.77234    8.33563    4.81136   -5.06289    4.24606   -3.16373
1974 193585.190  -2270178.4255   5007933.7119   3221446.7150   5    0   8     5.3667     7.9379     4.4299    -4.9301     4.1199    -3.0547   0.00    0.0  -10.24725   -5.20258    0.02361    5.77234    8.33563    4.81136   -5.06289    4.24607   -3.16373
1974 193585.195  -2270178.4767   5007933.6859   3221446.7151   5    0   8     5.3892     7.9703     4.4486    -4.9498     4.1365    -3.0670   0.00    0.0  -10.24468   -5.20744    0.02693    5.77233    8.33563    4.81136   -5.06289    4.24607   -3.16373
1974 193585.200  -2270178.5279   5007933.6598   3221446.7153   5    0   8     5.4117     8.0029     4.4674    -4.9696     4.1531    -3.0794   0.00    0.0  -10.24383   -5.20899    0.03142    5.77233    8.33563    4.81136   -5.06288    4.24607   -3.16373
1974 193585.205  -2270178.5791   5007933.6338   3221446.7154   5    0   8     5.4343     8.0355     4.4862    -4.9894     4.1697    -3.0918   0.00    0.0  -10.24394   -5.21243    0.03420    5.77233    8.33564    4.81136   -5.06288    4.24607   -3.16372
1974 193585.210  -2270178.6303   5007933.6077   3221446.7156   5    0   8     5.4570     8.0682     4.5050    -5.0092     4.1864    -3.1042   0.00    0.0  -10.24394   -5.21655    0.03689    5.77233    8.33564    4.81136   -5.06288    4.24607   -3.16372
1974 193585.215  -2270178.6815   5007933.5816   3221446.7158   5    0   8     5.4797     8.1010     4.5239    -5.0291     4.2031    -3.1167   0.00    0.0  -10.24206   -5.22063    0.03888    5.77232    8.33564    4.81136   -5.06288    4.24607   -3.16372
1974 193585.220  -2270178.7327   5007933.5555   3221446.7160   5    0   8     5.5025     8.1338     4.5428    -5.0491     4.2198    -3.1292   0.00    0.0  -10.24017   -5.22499    0.04335    5.77232    8.33564    4.81136   -5.06287    4.24607   -3.16372
1974 193585.225  -2270178.7839   5007933.5293   3221446.7163   5    0   8     5.5253     8.1668     4.5618    -5.0691     4.2366    -3.1417   0.00    0.0  -10.23749   -5.22894    0.04730    5.77232    8.33564    4.81136   -5.06287    4.24607   -3.16372
1974 193585.230  -2270178.8351   5007933.5032   3221446.7165   5    0   8     5.5482     8.1998     4.5809    -5.0891     4.2534    -3.1543   0.00    0.0  -10.23512   -5.23181    0.05034    5.77231    8.33565    4.81136   -5.06287    4.24607   -3.16371
1974 193585.235  -2270178.8863   5007933.4770   3221446.7168   5    0   8     5.5712     8.2329     4.6000    -5.1092     4.2703    -3.1669   0.00    0.0  -10.23206   -5.23539    0.05222    5.77231    8.33565    4.81136   -5.06287    4.24607   -3.16371
1974 193585.240  -2270178.9374   5007933.4508   3221446.7171   5    0   8     5.5942     8.2661     4.6191    -5.1293     4.2872    -3.1795   0.00    0.0  -10.23255   -5.23837    0.05597    5.77231    8.33565    4.81136   -5.06286    4.24607   -3.16371
1974 193585.245  -2270178.9886   5007933.4246   3221446.7174   5    0   8     5.6172     8.2993     4.6383    -5.1495     4.3042    -3.1921   0.00    0.0  -10.23463   -5.24030    0.06027    5.77230    8.33566    4.81136   -5.06286    4.24607   -3.16371
1974 193585.250  -2270179.0398   5007933.3984   3221446.7177   5    0   8     5.6403     8.3327     4.6575    -5.1697     4.3211    -3.2048   0.00    0.0  -10.23468   -5.24436    0.06077    5.77230    8.33566    4.81136   -5.06286    4.24607   -3.16371
1974 193585.255  -2270179.0910   5007933.3721   3221446.7180   5    0   8     5.6635     8.3661     4.6768    -5.1900     4.3382    -3.2175   0.00    0.0  -10.23557   -5.24744    0.06333    5.77230    8.33566    4.81136   -5.06286    4.24608   -3.16370
1974 193585.260  -2270179.1421   5007933.3459   3221446.7183   5    0   8     5.6867     8.3996     4.6961    -5.2103     4.3552    -3.2302   0.00    0.0  -10.23682   -5.25169    0.06653    5.77230    8.33566    4.81136   -5.06285    4.24608   -3.16370
1974 193585.265  -2270179.1933   5007933.3196   3221446.7187   5    0   8     5.7100     8.4331     4.7154    -5.2307     4.3723    -3.2430   0.00    0.0  -10.23633   -5.25731    0.06925    5.77229    8.33566    4.81136   -5.06285    4.24608   -3.16370
1974 193585.270  -2270179.2445   5007933.2933   3221446.7190   5    0   8     5.7333     8.4667     4.7348    -5.2511     4.3895    -3.2557   0.00    0.0  -10.23579   -5.26162    0.07384    5.77229    8.33567    4.81136   -5.06285    4.24608   -3.16370
1974 193585.275  -2270179.2957   5007933.2670   3221446.7194   5    0   8     5.7566     8.5004     4.7543    -5.2716     4.4066    -3.2685   0.00    0.0  -10.23410   -5.26639    0.07777    5.77229    8.33567    4.81136   -5.06284    4.24608   -3.16370
1974 193585.280  -2270179.3468   5007933.2406   3221446.7198   5    0   8     5.7801     8.5342     4.7737    -5.2920     4.4238    -3.2814   0.00    0.0  -10.23358   -5.26944    0.08164    5.77228    8.33567    4.81136   -5.06284    4.24608   -3.16369
1974 193585.285  -2270179.3980   5007933.2142   3221446.7203   5    0   8     5.8035     8.5680     4.7933    -5.3126     4.4411    -3.2942   0.00    0.0  -10.23225   -5.27285    0.08617    5.77228    8.33568    4.81136   -5.06284    4.24608   -3.16369
1974 193585.290  -2270179.4492   5007933.1878   3221446.7207   5    0   8     5.8270     8.6019     4.8128    -5.3331     4.4583    -3.3071   0.00    0.0  -10.23078   -5.27968    0.08741    5.77228    8.33568    4.81136   -5.06284    4.24608   -3.16369
1974 193585.295  -2270179.5003   5007933.1614   3221446.7212   5    0   8     5.8506     8.6359     4.8324    -5.3538     4.4756    -3.3200   0.00    0.0  -10.23139   -5.28521    0.09065    5.77227    8.33568    4.81136   -5.06283    4.24608   -3.16369
1974 193585.300  -2270179.5515   5007933.1350   3221446.7216   5    0   8     5.8742     8.6700     4.8521    -5.3744     4.4930    -3.3330   0.00    0.0  -10.23163   -5.29012    0.09271    5.77227    8.33568    4.81136   -5.06283    4.24608   -3.16368
1974 193585.305  -2270179.6026   5007933.1085   3221446.7221   5    0   8     5.8979     8.7041     4.8718    -5.3951     4.5103    -3.3459   0.00    0.0  -10.23142   -5.29375    0.09457    5.77227    8.33568    4.81136   -5.06283    4.24608   -3.16368
1974 193585.310  -2270179.6538   5007933.0820   3221446.7226   5    0   8     5.9216     8.7382     4.8915    -5.4158     4.5278    -3.3589   0.00    0.0  -10.23170   -5.29693    0.09708    5.77227    8.33569    4.81136   -5.06283    4.24608   -3.16368
1974 193585.315  -2270179.7049   5007933.0555   3221446.7231   5    0   8     5.9453     8.7725     4.9113    -5.4366     4.5452    -3.3719   0.00    0.0  -10.23100   -5.30145    0.09930    5.77226    8.33569    4.81136   -5.06282    4.24609   -3.16368
1974 193585.320  -2270179.7561   5007933.0290   3221446.7236   5    0   8     5.9691     8.8068     4.9311    -5.4574     4.5627    -3.3850   0.00    0.0  -10.23124   -5.30389    0.10319    5.77226    8.33569    4.81136   -5.06282    4.24609   -3.16368
1974 193585.325  -2270179.8072   5007933.0025   3221446.7241   5    0   8     5.9929     8.8412     4.9509    -5.4783     4.5802    -3.3980   0.00    0.0  -10.22997   -5.30652    0.10502    5.77226    8.33569    4.81136   -5.06282    4.24609   -3.16367
1974 193585.330  -2270179.8584   5007932.9759   3221446.7247   5    0   8     6.0168     8.8756     4.9708    -5.4991     4.5977    -3.4111   0.00    0.0  -10.23014   -5.30863    0.10819    5.77225    8.33570    4.81136   -5.06282    4.24609   -3.16367
1974 193585.335  -2270179.9096   5007932.9493   3221446.7252   5    0   8     6.0407     8.9101     4.9907    -5.5201     4.6153    -3.4242   0.00    0.0  -10.23056   -5.31247    0.11138    5.77225    8.33570    4.81136   -5.06281    4.24609   -3.16367
1974 193585.340  -2270179.9607   5007932.9228   3221446.7258   5    0   8     6.0647     8.9446     5.0107    -5.5410     4.6329    -3.4373   0.00    0.0  -10.23010   -5.31743    0.11523    5.77225    8.33570    4.81137   -5.06281    4.24609   -3.16367
1974 193585.345  -2270180.0118   5007932.8962   3221446.7264   5    0   8     6.0887     8.9792     5.0306    -5.5620     4.6505    -3.4505   0.00    0.0  -10.22883   -5.32106    0.12047    5.77225    8.33570    4.81137   -5.06281    4.24609   -3.16367
1974 193585.350  -2270180.0630   5007932.8695   3221446.7270   5    0   8     6.1128     9.0139     5.0507    -5.5830     4.6681    -3.4636   0.00    0.0  -10.22786   -5.32356    0.12404    5.77224    8.33571    4.81137   -5.06281    4.24609   -3.16366
1974 193585.355  -2270180.1141   5007932.8429   3221446.7277   5    0   8     6.1369     9.0486     5.0707    -5.6041     4.6858    -3.4768   0.00    0.0  -10.22757   -5.32487    0.12823    5.77224    8.33571    4.81137   -5.06280    4.24609   -3.16366
1974 193585.360  -2270180.1653   5007932.8163   3221446.7283   5    0   8     6.1610     9.0834     5.0908    -5.6252     4.7035    -3.4900   0.00    0.0  -10.22747   -5.32888    0.13081    5.77224    8.33571    4.81137   -5.06280    4.24609   -3.16366
1974 193585.365  -2270180.2164   5007932.7896   3221446.7290   5    0   8     6.1852     9.1183     5.1109    -5.6463     4.7213    -3.5033   0.00    0.0  -10.22698   -5.33265    0.13516    5.77223    8.33571    4.81137   -5.06280    4.24609   -3.16366
1974 193585.370  -2270180.2675   5007932.7629   3221446.7297   5    0   8     6.2094     9.1532     5.1311    -5.6675     4.7390    -3.5165   0.00    0.0  -10.22702   -5.33577    0.13944    5.77223    8.33572    4.81137   -5.06280    4.24609   -3.16366
1974 193585.375  -2270180.3187   5007932.7362   3221446.7304   5    0   8     6.2336     9.1881     5.1513    -5.6887     4.7568    -3.5298   0.00    0.0  -10.22844   -5.33680    0.14302    5.77223    8.33572    4.81137   -5.06279    4.24610   -3.16365
1974 193585.380  -2270180.3698   5007932.7096   3221446.7311   5    0   8     6.2579     9.2232     5.1715    -5.7100     4.7747    -3.5431   0.00    0.0  -10.23050   -5.33732    0.14759    5.77223    8.33572    4.81137   -5.06279    4.24610   -3.16365
1974 193585.385  -2270180.4210   5007932.6829   3221446.7319   5    0   8     6.2822     9.2582     5.1918    -5.7312     4.7925    -3.5564   0.00    0.0  -10.23098   -5.34025    0.15201    5.77222    8.33572    4.81137   -5.06279    4.24610   -3.16365
1974 193585.390  -2270180.4721   5007932.6561   3221446.7327   5    0   8     6.3066     9.2934     5.2121    -5.7525     4.8104    -3.5698   0.00    0.0  -10.23086   -5.34489    0.15588    5.77222    8.33573    4.81137   -5.06279    4.24610   -3.16365
1974 193585.395  -2270180.5233   5007932.6294   3221446.7335   5    0   8     6.3310     9.3285     5.2324    -5.7739     4.8283    -3.5831   0.00    0.0  -10.23143   -5.34840    0.16067    5.77222    8.33573    4.81137   -5.06278    4.24610   -3.16364
1974 193585.400  -2270180.5744   5007932.6026   3221446.7343   5    0   8     6.3555     9.3638     5.2527    -5.7952     4.8463    -3.5965   0.00    0.0  -10.23000   -5.35108    0.16486    5.77221    8.33573    4.81137   -5.06278    4.24610   -3.16364
1974 193585.405  -2270180.6256   5007932.5759   3221446.7352   5    0   8     6.3799     9.3991     5.2731    -5.8166     4.8642    -3.6099   0.00    0.0  -10.23062   -5.35130    0.17127    5.77221    8.33573    4.81137   -5.06278    4.24610   -3.16364
1974 193585.410  -2270180.6767   5007932.5491   3221446.7360   5    0   8     6.4045     9.4344     5.2935    -5.8381     4.8822    -3.6233   0.00    0.0  -10.22990   -5.35493    0.17451    5.77221    8.33574    4.81137   -5.06278    4.24610   -3.16364
1974 193585.415  -2270180.7279   5007932.5223   3221446.7369   5    0   8     6.4290     9.4698     5.3140    -5.8595     4.9002    -3.6368   0.00    0.0  -10.23047   -5.35939    0.17766    5.77220    8.33574    4.81137   -5.06277    4.24610   -3.16364
1974 193585.420  -2270180.7791   5007932.4955   3221446.7378   5    0   8     6.4536     9.5052     5.3345    -5.8810     4.9183    -3.6502   0.00    0.0  -10.23111   -5.36178    0.18385    5.77220    8.33574    4.81137   -5.06277    4.24610   -3.16363
1974 193585.425  -2270180.8302   5007932.4687   3221446.7388   5    0   8     6.4782     9.5407     5.3550    -5.9025     4.9363    -3.6637   0.00    0.0  -10.23088   -5.36433    0.18766    5.77220    8.33574    4.81137   -5.06277    4.24610   -3.16363
1974 193585.430  -2270180.8814   5007932.4419   3221446.7397   5    0   8     6.5029     9.5763     5.3755    -5.9241     4.9544    -3.6772   0.00    0.0  -10.23215   -5.36342    0.19312    5.77220    8.33575    4.81137   -5.06276    4.24610   -3.16363
1974 193585.435  -2270180.9325   5007932.4150   3221446.7407   5    0   8     6.5276     9.6119     5.3961    -5.9457     4.9725    -3.6907   0.00    0.0  -10.23288   -5.36404    0.19679    5.77219    8.33575    4.81137   -5.06276    4.24611   -3.16363
1974 193585.440  -2270180.9837   5007932.3882   3221446.7417   5    0   8     6.5523     9.6475     5.4167    -5.9673     4.9907    -3.7042   0.00    0.0  -10.23235   -5.36670    0.19878    5.77219    8.33575    4.81137   -5.06276    4.24611   -3.16363
1974 193585.445  -2270181.0349   5007932.3614   3221446.7427   5    0   8     6.5771     9.6832     5.4373    -5.9889     5.0089    -3.7178   0.00    0.0  -10.23248   -5.36868    0.20295    5.77219    8.33575    4.81137   -5.06276    4.24611   -3.16362
1974 193585.450  -2270181.0860   5007932.3345   3221446.7438   5    0   8     6.6019     9.7189     5.4580    -6.0106     5.0270    -3.7314   0.00    0.0  -10.23213   -5.37242    0.20550    5.77218    8.33576    4.81137   -5.06275    4.24611   -3.16362
1974 193585.455  -2270181.1372   5007932.3076   3221446.7448   5    0   8     6.6267     9.7547     5.4786    -6.0323     5.0453    -3.7449   0.00    0.0  -10.23218   -5.37473    0.20948    5.77218    8.33576    4.81137   -5.06275    4.24611   -3.16362
1974 193585.460  -2270181.1883   5007932.2807   3221446.7459   5    0   8     6.6516     9.7905     5.4993    -6.0540     5.0635    -3.7585   0.00    0.0  -10.23297   -5.37693    0.21410    5.77218    8.33576    4.81137   -5.06275    4.24611   -3.16362
1974 193585.465  -2270181.2395   5007932.2538   3221446.7470   5    0   8     6.6764     9.8264     5.5201    -6.0758     5.0818    -3.7722   0.00    0.0  -10.23316   -5.38032    0.21877    5.77218    8.33576    4.81137   -5.06275    4.24611   -3.16362
1974 193585.470  -2270181.2907   5007932.2269   3221446.7481   5    0   8     6.7014     9.8623     5.5408    -6.0975     5.1000    -3.7858   0.00    0.0  -10.23463   -5.38244    0.22453    5.77217    8.33577    4.81137   -5.06274    4.24611   -3.16361
1974 193585.475  -2270181.3419   5007932.2000   3221446.7492   5    0   8     6.7263     9.8983     5.5616    -6.1193     5.1183    -3.7995   0.00    0.0  -10.23381   -5.38700    0.22720    5.77217    8.33577    4.81137   -5.06274    4.24611   -3.16361
1974 193585.480  -2270181.3930   5007932.1730   3221446.7504   5    0   8     6.7513     9.9343     5.5824    -6.1412     5.1367    -3.8131   0.00    0.0  -10.23385   -5.38928    0.23105    5.77217    8.33577    4.81137   -5.06274    4.24611   -3.16361
1974 193585.485  -2270181.4442   5007932.1461   3221446.7516   5    0   8     6.7763     9.9704     5.6033    -6.1630     5.1550    -3.8268   0.00    0.0  -10.23325   -5.39139    0.23334    5.77216    8.33577    4.81137   -5.06274    4.24611   -3.16361
1974 193585.490  -2270181.4954   5007932.1191   3221446.7527   5    0   8     6.8014    10.0065     5.6241    -6.1849     5.1734    -3.8405   0.00    0.0  -10.23336   -5.39408    0.23594    5.77216    8.33578    4.81138   -5.06273    4.24611   -3.16360
1974 193585.495  -2270181.5465   5007932.0921   3221446.7539   5    0   8     6.8265    10.0426     5.6450    -6.2068     5.1918    -3.8542   0.00    0.0  -10.23436   -5.39577    0.24063    5.77216    8.33578    4.81138   -5.06273    4.24612   -3.16360
1974 193585.500  -2270181.5977   5007932.0652   3221446.7552   5    0   8     6.8516    10.0788     5.6659    -6.2288     5.2102    -3.8680   0.00    0.0  -10.23636   -5.39698    0.24594    5.77216    8.33578    4.81138   -5.06273    4.24612   -3.16360
1974 193585.505  -2270181.6489   5007932.0382   3221446.7564   5    0   8     6.8767    10.1150     5.6869    -6.2507     5.2286    -3.8817   0.00    0.0  -10.23875   -5.39834    0.25023    5.77215    8.33578    4.81138   -5.06273    4.24612   -3.16360
1974 193585.510  -2270181.7001   5007932.0112   3221446.7577   5    0   8     6.9019    10.1513     5.7078    -6.2727     5.2471    -3.8955   0.00    0.0  -10.24019   -5.39943    0.25431    5.77215    8.33579    4.81138   -5.06272    4.24612   -3.16360
1974 193585.515  -2270181.7513   5007931.9842   3221446.7590   5    0   8     6.9271    10.1876     5.7288    -6.2947     5.2656    -3.9093   0.00    0.0  -10.24069   -5.40143    0.25856    5.77215    8.33579    4.81138   -5.06272    4.24612   -3.16359
1974 193585.520  -2270181.8025   5007931.9571   3221446.7603   5    0   8     6.9523    10.2240     5.7498    -6.3168     5.2841    -3.9231   0.00    0.0  -10.24045   -5.40440    0.26281    5.77214    8.33579    4.81138   -5.06272    4.24612   -3.16359
1974 193585.525  -2270181.8537   5007931.9301   3221446.7616   5    0   8     6.9775    10.2604     5.7709    -6.3388     5.3026    -3.9369   0.00    0.0  -10.24025   -5.40696    0.26717    5.77214    8.33579    4.81138   -5.06272    4.24612   -3.16359
1974 193585.530  -2270181.9049   5007931.9031   3221446.7630   5    0   8     7.0028    10.2968     5.7919    -6.3609     5.3211    -3.9507   0.00    0.0  -10.23874   -5.40968    0.27020    5.77214    8.33580    4.81138   -5.06271    4.24612   -3.16359
1974 193585.535  -2270181.9561   5007931.8760   3221446.7644   5    0   8     7.0281    10.3333     5.8130    -6.3830     5.3397    -3.9646   0.00    0.0  -10.23802   -5.41284    0.27319    5.77214    8.33580    4.81138   -5.06271    4.24612   -3.16359
1974 193585.540  -2270182.0073   5007931.8489   3221446.7657   5    0   8     7.0535    10.3698     5.8341    -6.4052     5.3583    -3.9784   0.00    0.0  -10.23886   -5.41462    0.27725    5.77213    8.33580    4.81138   -5.06271    4.24612   -3.16358
1974 193585.545  -2270182.0585   5007931.8218   3221446.7671   5    0   8     7.0788    10.4063     5.8553    -6.4273     5.3769    -3.9923   0.00    0.0  -10.23993   -5.41721    0.28101    5.77213    8.33580    4.81138   -5.06271    4.24612   -3.16358
1974 193585.550  -2270182.1097   5007931.7947   3221446.7686   5    0   8     7.1042    10.4429     5.8764    -6.4495     5.3955    -4.0062   0.00    0.0  -10.23861   -5.42140    0.28302    5.77213    8.33581    4.81138   -5.06270    4.24612   -3.16358
1974 193585.555  -2270182.1609   5007931.7676   3221446.7700   5    0   8     7.1296    10.4795     5.8976    -6.4717     5.4141    -4.0201   0.00    0.0  -10.23785   -5.42386    0.28656    5.77212    8.33581    4.81138   -5.06270    4.24613   -3.16358
1974 193585.560  -2270182.2121   5007931.7405   3221446.7714   5    0   8     7.1551    10.5162     5.9188    -6.4940     5.4328    -4.0340   0.00    0.0  -10.23673   -5.42754    0.28801    5.77212    8.33581    4.81138   -5.06270    4.24613   -3.16358
1974 193585.565  -2270182.2632   5007931.7133   3221446.7729   5    0   8     7.1805    10.5529     5.9400    -6.5162     5.4515    -4.0479   0.00    0.0  -10.23625   -5.42950    0.29166    5.77212    8.33581    4.81138   -5.06269    4.24613   -3.16357
1974 193585.570  -2270182.3144   5007931.6862   3221446.7744   5    0   8     7.2060    10.5896     5.9612    -6.5385     5.4702    -4.0619   0.00    0.0  -10.23524   -5.43169    0.29519    5.77212    8.33582    4.81138   -5.06269    4.24613   -3.16357
1974 193585.575  -2270182.3656   5007931.6590   3221446.7759   5    0   8     7.2315    10.6264     5.9825    -6.5608     5.4889    -4.0758   0.00    0.0  -10.23578   -5.43485    0.29816    5.77211    8.33582    4.81138   -5.06269    4.24613   -3.16357
1974 193585.580  -2270182.4168   5007931.6318   3221446.7774   5    0   8     7.2571    10.6632     6.0038    -6.5831     5.5076    -4.0898   0.00    0.0  -10.23684   -5.43779    0.30161    5.77211    8.33582    4.81138   -5.06269    4.24613   -3.16357
1974 193585.585  -2270182.4680   5007931.6046   3221446.7789   5    0   8     7.2826    10.7001     6.0251    -6.6054     5.5264    -4.1038   0.00    0.0  -10.23777   -5.44048    0.30549    5.77211    8.33582    4.81138   -5.06268    4.24613   -3.16356
1974 193585.590  -2270182.5192   5007931.5774   3221446.7804   5    0   8     7.3082    10.7370     6.0464    -6.6278     5.5451    -4.1178   0.00    0.0  -10.23882   -5.44303    0.31043    5.77210    8.33583    4.81138   -5.06268    4.24613   -3.16356
1974 193585.595  -2270182.5703   5007931.5501   3221446.7820   5    0   8     7.3338    10.7739     6.0678    -6.6502     5.5639    -4.1318   0.00    0.0  -10.23801   -5.44629    0.31421    5.77210    8.33583    4.81138   -5.06268    4.24613   -3.16356
1974 193585.600  -2270182.6215   5007931.5229   3221446.7836   5    0   8     7.3595    10.8108     6.0891    -6.6726     5.5827    -4.1458   0.00    0.0  -10.23736   -5.44964    0.31852    5.77210    8.33583    4.81138   -5.06268    4.24613   -3.16356
1974 193585.605  -2270182.6727   5007931.4956   3221446.7852   5    0   8     7.3852    10.8478     6.1105    -6.6950     5.6015    -4.1598   0.00    0.0  -10.23568   -5.45439    0.32031    5.77210    8.33583    4.81138   -5.06267    4.24613   -3.16356
1974 193585.610  -2270182.7239   5007931.4683   3221446.7868   5    0   8     7.4108    10.8848     6.1319    -6.7174     5.6204    -4.1739   0.00    0.0  -10.23568   -5.45690    0.32350    5.77209    8.33584    4.81138   -5.06267    4.24613   -3.16355
1974 193585.615  -2270182.7751   5007931.4410   3221446.7885   5    0   8     7.4365    10.9219     6.1533    -6.7399     5.6392    -4.1880   0.00    0.0  -10.23602   -5.45895    0.32632    5.77209    8.33584    4.81139   -5.06267    4.24614   -3.16355
1974 193585.620  -2270182.8263   5007931.4137   3221446.7901   5    0   8     7.4623    10.9590     6.1748    -6.7624     5.6581    -4.2020   0.00    0.0  -10.23770   -5.46089    0.32793    5.77209    8.33584    4.81139   -5.06267    4.24614   -3.16355
1974 193585.625  -2270182.8775   5007931.3864   3221446.7918   5    0   8     7.4880    10.9961     6.1962    -6.7849     5.6770    -4.2161   0.00    0.0  -10.23910   -5.46313    0.33099    5.77208    8.33584    4.81139   -5.06266    4.24614   -3.16355
1974 193585.630  -2270182.9287   5007931.3591   3221446.7934   5    0   8     7.5138    11.0332     6.2177    -6.8074     5.6959    -4.2302   0.00    0.0  -10.23923   -5.46610    0.33491    5.77208    8.33585    4.81139   -5.06266    4.24614   -3.16355
1974 193585.635  -2270182.9798   5007931.3318   3221446.7951   5    0   8     7.5396    11.0704     6.2392    -6.8300     5.7148    -4.2443   0.00    0.0  -10.23864   -5.46951    0.33944    5.77208    8.33585    4.81139   -5.06266    4.24614   -3.16354
1974 193585.640  -2270183.0310   5007931.3044   3221446.7968   5    0   8     7.5654    11.1076     6.2607    -6.8525     5.7338    -4.2584   0.00    0.0  -10.23841   -5.47290    0.34279    5.77208    8.33585    4.81139   -5.06266    4.24614   -3.16354
1974 193585.645  -2270183.0822   5007931.2770   3221446.7986   5    0   8     7.5913    11.1449     6.2823    -6.8751     5.7527    -4.2726   0.00    0.0  -10.23702   -5.47665    0.34520    5.77207    8.33586    4.81139   -5.06265    4.24614   -3.16354
1974 193585.650  -2270183.1334   5007931.2496   3221446.8003   5    0   8     7.6172    11.1822     6.3038    -6.8977     5.7717    -4.2867   0.00    0.0  -10.23693   -5.47892    0.34755    5.77207    8.33586    4.81139   -5.06265    4.24614   -3.16354
1974 193585.655  -2270183.1846   5007931.2222   3221446.8021   5    0   8     7.6430    11.2195     6.3254    -6.9203     5.7907    -4.3009   0.00    0.0  -10.23781   -5.48128    0.35013    5.77207    8.33586    4.81139   -5.06265    4.24614   -3.16354
1974 193585.660  -2270183.2358   5007931.1948   3221446.8038   5    0   8     7.6690    11.2568     6.3470    -6.9430     5.8097    -4.3151   0.00    0.0  -10.23843   -5.48586    0.35303    5.77207    8.33586    4.81139   -5.06265    4.24614   -3.16353
1974 193585.665  -2270183.2870   5007931.1673   3221446.8056   5    0   8     7.6949    11.2942     6.3686    -6.9656     5.8287    -4.3292   0.00    0.0  -10.23770   -5.49185    0.35729    5.77206    8.33587    4.81139   -5.06264    4.24614   -3.16353
1974 193585.670  -2270183.3382   5007931.1398   3221446.8074   5    0   8     7.7208    11.3316     6.3902    -6.9883     5.8477    -4.3434   0.00    0.0  -10.23540   -5.49786    0.36066    5.77206    8.33587    4.81139   -5.06264    4.24614   -3.16353
1974 193585.675  -2270183.3893   5007931.1123   3221446.8092   5    0   8     7.7468    11.3690     6.4119    -7.0110     5.8668    -4.3576   0.00    0.0  -10.23211   -5.50158    0.36288    5.77206    8.33587    4.81139   -5.06264    4.24614   -3.16353
1974 193585.680  -2270183.4405   5007931.0848   3221446.8110   5    0   8     7.7728    11.4065     6.4335    -7.0337     5.8858    -4.3718   0.00    0.0  -10.22912   -5.50504    0.36453    5.77205    8.33587    4.81139   -5.06264    4.24615   -3.16353
1974 193585.685  -2270183.4916   5007931.0572   3221446.8129   5    0   8     7.7988    11.4440     6.4552    -7.0564     5.9049    -4.3861   0.00    0.0  -10.22867   -5.50882    0.36698    5.77205    8.33588    4.81139   -5.06263    4.24615   -3.16352
1974 193585.690  -2270183.5428   5007931.0297   3221446.8147   5    0   8     7.8248    11.4815     6.4769    -7.0792     5.9240    -4.4003   0.00    0.0  -10.23052   -5.51229    0.37001    5.77205    8.33588    4.81139   -5.06263    4.24615   -3.16352
1974 193585.695  -2270183.5939   5007931.0021   3221446.8166   5    0   8     7.8509    11.5190     6.4986    -7.1019     5.9431    -4.4146   0.00    0.0  -10.23180   -5.51573    0.36992    5.77205    8.33588    4.81139   -5.06263    4.24615   -3.16352
1974 193585.700  -2270183.6451   5007930.9745   3221446.8184   5    0   8     7.8770    11.5566     6.5203    -7.1247     5.9622    -4.4288   0.00    0.0  -10.23356   -5.51750    0.37021    5.77204    8.33588    4.81139   -5.06263    4.24615   -3.16352
1974 193585.705  -2270183.6963   5007930.9469   3221446.8203   5    0   8     7.9031    11.5942     6.5421    -7.1475     5.9814    -4.4431   0.00    0.0  -10.23499   -5.51880    0.37308    5.77204    8.33589    4.81139   -5.06262    4.24615   -3.16351
1974 193585.710  -2270183.7474   5007930.9193   3221446.8222   5    0   8     7.9292    11.6319     6.5638    -7.1703     6.0005    -4.4574   0.00    0.0  -10.23494   -5.52124    0.37755    5.77204    8.33589    4.81139   -5.06262    4.24615   -3.16351
1974 193585.715  -2270183.7986   5007930.8917   3221446.8241   5    0   8     7.9553    11.6695     6.5856    -7.1931     6.0197    -4.4716   0.00    0.0  -10.23347   -5.52329    0.38249    5.77203    8.33589    4.81139   -5.06262    4.24615   -3.16351
1974 193585.720  -2270183.8498   5007930.8641   3221446.8260   5    0   8     7.9814    11.7072     6.6074    -7.2160     6.0388    -4.4859   0.00    0.0  -10.23142   -5.52590    0.38508    5.77203    8.33589    4.81139   -5.06261    4.24615   -3.16351
1974 193585.725  -2270183.9009   5007930.8364   3221446.8280   5    0   8     8.0076    11.7449     6.6292    -7.2388     6.0580    -4.5003   0.00    0.0  -10.23060   -5.52865    0.38839    5.77203    8.33590    4.81139   -5.06261    4.24615   -3.16351
1974 193585.730  -2270183.9521   5007930.8088   3221446.8299   5    0   8     8.0338    11.7826     6.6510    -7.2617     6.0772    -4.5146   0.00    0.0  -10.23284   -5.52986    0.39263    5.77203    8.33590    4.81139   -5.06261    4.24615   -3.16350
1974 193585.735  -2270184.0033   5007930.7811   3221446.8319   5    0   8     8.0600    11.8204     6.6729    -7.2846     6.0964    -4.5289   0.00    0.0  -10.23683   -5.53086    0.39694    5.77202    8.33590    4.81140   -5.06261    4.24615   -3.16350
1974 193585.740  -2270184.0544   5007930.7535   3221446.8339   5    0   8     8.0862    11.8582     6.6947    -7.3075     6.1157    -4.5432   0.00    0.0  -10.23770   -5.53388    0.40035    5.77202    8.33590    4.81140   -5.06260    4.24616   -3.16350
1974 193585.745  -2270184.1056   5007930.7258   3221446.8359   5    0   8     8.1125    11.8960     6.7166    -7.3305     6.1349    -4.5576   0.00    0.0  -10.23710   -5.53701    0.40530    5.77202    8.33591    4.81140   -5.06260    4.24616   -3.16350
1974 193585.750  -2270184.1568   5007930.6981   3221446.8380   5    0   8     8.1387    11.9339     6.7385    -7.3534     6.1542    -4.5719   0.00    0.0  -10.23534   -5.54111    0.40872    5.77201    8.33591    4.81140   -5.06260    4.24616   -3.16350
1974 193585.755  -2270184.2080   5007930.6704   3221446.8401   5    0   8     8.1650    11.9717     6.7604    -7.3764     6.1734    -4.5863   0.00    0.0  -10.23376   -5.54281    0.41389    5.77201    8.33591    4.81140   -5.06260    4.24616   -3.16349
1974 193585.760  -2270184.2591   5007930.6426   3221446.8421   5    0   8     8.1913    12.0096     6.7823    -7.3993     6.1927    -4.6007   0.00    0.0  -10.23335   -5.54340    0.41870    5.77201    8.33591    4.81140   -5.06259    4.24616   -3.16349
1974 193585.765  -2270184.3103   5007930.6149   3221446.8443   5    0   8     8.2176    12.0476     6.8042    -7.4223     6.2120    -4.6151   0.00    0.0  -10.23477   -5.54560    0.42125    5.77201    8.33592    4.81140   -5.06259    4.24616   -3.16349
1974 193585.770  -2270184.3615   5007930.5872   3221446.8464   5    0   8     8.2439    12.0855     6.8262    -7.4453     6.2313    -4.6295   0.00    0.0  -10.23886   -5.54649    0.42380    5.77200    8.33592    4.81140   -5.06259    4.24616   -3.16349
1974 193585.775  -2270184.4127   5007930.5594   3221446.8485   5    0   8     8.2703    12.1235     6.8481    -7.4684     6.2506    -4.6439   0.00    0.0  -10.24165   -5.54842    0.42601    5.77200    8.33592    4.81140   -5.06259    4.24616   -3.16349
1974 193585.780  -2270184.4639   5007930.5317   3221446.8507   5    0   8     8.2966    12.1615     6.8701    -7.4914     6.2700    -4.6583   0.00    0.0  -10.24325   -5.54957    0.43094    5.77200    8.33592    4.81140   -5.06258    4.24616   -3.16348
1974 193585.785  -2270184.5152   5007930.5039   3221446.8528   5    0   8     8.3230    12.1995     6.8921    -7.5144     6.2893    -4.6727   0.00    0.0  -10.24391   -5.55011    0.43776    5.77200    8.33593    4.81140   -5.06258    4.24616   -3.16348
1974 193585.790  -2270184.5664   5007930.4762   3221446.8551   5    0   8     8.3494    12.2375     6.9141    -7.5375     6.3087    -4.6872   0.00    0.0  -10.24257   -5.55321    0.44206    5.77199    8.33593    4.81140   -5.06258    4.24616   -3.16348
1974 193585.795  -2270184.6176   5007930.4484   3221446.8573   5    0   8     8.3758    12.2756     6.9361    -7.5606     6.3281    -4.7016   0.00    0.0  -10.24101   -5.55534    0.44613    5.77199    8.33593    4.81140   -5.06258    4.24616   -3.16348
1974 193585.800  -2270184.6688   5007930.4206   3221446.8595   5    0   8     8.4022    12.3137     6.9581    -7.5837     6.3474    -4.7160   0.00    0.0  -10.24046   -5.55732    0.45018    5.77199    8.33593    4.81140   -5.06257    4.24616   -3.16347
1974 193585.805  -2270184.7200   5007930.3928   3221446.8618   5    0   8     8.4287    12.3518     6.9802    -7.6068     6.3668    -4.7305   0.00    0.0  -10.24226   -5.55925    0.45359    5.77198    8.33594    4.81140   -5.06257    4.24617   -3.16347
1974 193585.810  -2270184.7712   5007930.3650   3221446.8641   5    0   8     8.4551    12.3899     7.0022    -7.6299     6.3862    -4.7450   0.00    0.0  -10.24400   -5.56152    0.45600    5.77198    8.33594    4.81140   -5.06257    4.24617   -3.16347
1974 193585.815  -2270184.8224   5007930.3372   3221446.8664   5    0   8     8.4816    12.4281     7.0243    -7.6530     6.4056    -4.7595   0.00    0.0  -10.24506   -5.56420    0.45920    5.77198    8.33594    4.81140   -5.06257    4.24617   -3.16347
1974 193585.820  -2270184.8737   5007930.3094   3221446.8687   5    0   8     8.5081    12.4663     7.0463    -7.6762     6.4251    -4.7739   0.00    0.0  -10.24548   -5.56565    0.46400    5.77198    8.33595    4.81140   -5.06256    4.24617   -3.16347
1974 193585.825  -2270184.9249   5007930.2815   3221446.8710   5    0   8     8.5346    12.5045     7.0684    -7.6993     6.4445    -4.7884   0.00    0.0  -10.24550   -5.56723    0.46843    5.77197    8.33595    4.81140   -5.06256    4.24617   -3.16346
1974 193585.830  -2270184.9761   5007930.2537   3221446.8734   5    0   8     8.5611    12.5427     7.0905    -7.7225     6.4640    -4.8029   0.00    0.0  -10.24593   -5.56812    0.47452    5.77197    8.33595    4.81140   -5.06256    4.24617   -3.16346
1974 193585.835  -2270185.0273   5007930.2258   3221446.8758   5    0   8     8.5876    12.5809     7.1127    -7.7457     6.4834    -4.8174   0.00    0.0  -10.24627   -5.57003    0.47954    5.77197    8.33595    4.81140   -5.06256    4.24617   -3.16346
1974 193585.840  -2270185.0786   5007930.1980   3221446.8782   5    0   8     8.6142    12.6192     7.1348    -7.7689     6.5029    -4.8320   0.00    0.0  -10.24746   -5.57153    0.48385    5.77197    8.33596    4.81141   -5.06255    4.24617   -3.16346
1974 193585.845  -2270185.1298   5007930.1701   3221446.8807   5    0   8     8.6407    12.6575     7.1569    -7.7921     6.5224    -4.8465   0.00    0.0  -10.24880   -5.57077    0.48944    5.77196    8.33596    4.81141   -5.06255    4.24617   -3.16346
1974 193585.850  -2270185.1811   5007930.1423   3221446.8831   5    0   8     8.6673    12.6958     7.1791    -7.8153     6.5419    -4.8610   0.00    0.0  -10.25071   -5.57108    0.49382    5.77196    8.33596    4.81141   -5.06255    4.24617   -3.16345
1974 193585.855  -2270185.2323   5007930.1144   3221446.8856   5    0   8     8.6939    12.7341     7.2012    -7.8386     6.5614    -4.8756   0.00    0.0  -10.25187   -5.57211    0.49841    5.77196    8.33596    4.81141   -5.06254    4.24617   -3.16345
1974 193585.860  -2270185.2836   5007930.0865   3221446.8882   5    0   8     8.7205    12.7725     7.2234    -7.8618     6.5809    -4.8901   0.00    0.0  -10.25142   -5.57521    0.50304    5.77195    8.33597    4.81141   -5.06254    4.24617   -3.16345
1974 193585.865  -2270185.3349   5007930.0586   3221446.8907   5    0   8     8.7471    12.8109     7.2456    -7.8851     6.6004    -4.9047   0.00    0.0  -10.25126   -5.57882    0.50773    5.77195    8.33597    4.81141   -5.06254    4.24618   -3.16345
1974 193585.870  -2270185.3861   5007930.0307   3221446.8933   5    0   8     8.7738    12.8493     7.2678    -7.9084     6.6200    -4.9192   0.00    0.0  -10.25197   -5.58058    0.51179    5.77195    8.33597    4.81141   -5.06254    4.24618   -3.16345
1974 193585.875  -2270185.4374   5007930.0028   3221446.8958   5    0   8     8.8004    12.8877     7.2900    -7.9317     6.6395    -4.9338   0.00    0.0  -10.25323   -5.58112    0.51493    5.77195    8.33597    4.81141   -5.06253    4.24618   -3.16344
1974 193585.880  -2270185.4887   5007929.9749   3221446.8984   5    0   8     8.8271    12.9261     7.3123    -7.9550     6.6591    -4.9484   0.00    0.0  -10.25436   -5.58246    0.51874    5.77194    8.33598    4.81141   -5.06253    4.24618   -3.16344
1974 193585.885  -2270185.5399   5007929.9470   3221446.9010   5    0   8     8.8538    12.9646     7.3345    -7.9783     6.6786    -4.9630   0.00    0.0  -10.25502   -5.58559    0.52163    5.77194    8.33598    4.81141   -5.06253    4.24618   -3.16344
1974 193585.890  -2270185.5912   5007929.9190   3221446.9037   5    0   8     8.8805    13.0030     7.3567    -8.0016     6.6982    -4.9776   0.00    0.0  -10.25501   -5.58805    0.52501    5.77194    8.33598    4.81141   -5.06253    4.24618   -3.16344
1974 193585.895  -2270185.6425   5007929.8911   3221446.9063   5    0   8     8.9072    13.0415     7.3790    -8.0249     6.7178    -4.9922   0.00    0.0  -10.25464   -5.58831    0.52937    5.77193    8.33598    4.81141   -5.06252    4.24618   -3.16343
1974 193585.900  -2270185.6938   5007929.8632   3221446.9090   5    0   8     8.9339    13.0801     7.4013    -8.0483     6.7374    -5.0068   0.00    0.0  -10.25482   -5.58752    0.53451    5.77193    8.33599    4.81141   -5.06252    4.24618   -3.16343
1974 193585.905  -2270185.7450   5007929.8352   3221446.9117   5    0   8     8.9606    13.1186     7.4236    -8.0717     6.7570    -5.0214   0.00    0.0  -10.25510   -5.58825    0.53963    5.77193    8.33599    4.81141   -5.06252    4.24618   -3.16343
1974 193585.910  -2270185.7963   5007929.8073   3221446.9144   5    0   8     8.9874    13.1571     7.4458    -8.0950     6.7766    -5.0360   0.00    0.0  -10.25595   -5.58910    0.54522    5.77193    8.33599    4.81141   -5.06252    4.24618   -3.16343
1974 193585.915  -2270185.8476   5007929.7793   3221446.9171   5    0   8     9.0141    13.1957     7.4682    -8.1184     6.7962    -5.0507   0.00    0.0  -10.25775   -5.59042    0.54966    5.77192    8.33599    4.81141   -5.06251    4.24618   -3.16343
1974 193585.920  -2270185.8989   5007929.7514   3221446.9199   5    0   8     9.0409    13.2343     7.4905    -8.1418     6.8159    -5.0653   0.00    0.0  -10.25956   -5.59014    0.55369    5.77192    8.33600    4.81141   -5.06251    4.24618   -3.16342
1974 193585.925  -2270185.9502   5007929.7234   3221446.9227   5    0   8     9.0677    13.2729     7.5128    -8.1652     6.8355    -5.0800   0.00    0.0  -10.25997   -5.59140    0.55650    5.77192    8.33600    4.81141   -5.06251    4.24618   -3.16342
1974 193585.930  -2270186.0015   5007929.6954   3221446.9255   5    0   8     9.0945    13.3115     7.5351    -8.1887     6.8552    -5.0946   0.00    0.0  -10.25995   -5.59463    0.55936    5.77192    8.33600    4.81141   -5.06251    4.24619   -3.16342
1974 193585.935  -2270186.0528   5007929.6674   3221446.9283   5    0   8     9.1213    13.3502     7.5575    -8.2121     6.8748    -5.1093   0.00    0.0  -10.25793   -5.59898    0.56460    5.77191    8.33601    4.81142   -5.06250    4.24619   -3.16342
1974 193585.940  -2270186.1041   5007929.6394   3221446.9312   5    0   8     9.1481    13.3889     7.5798    -8.2355     6.8945    -5.1239   0.00    0.0  -10.25588   -5.60342    0.56912    5.77191    8.33601    4.81142   -5.06250    4.24619   -3.16342
1974 193585.945  -2270186.1553   5007929.6114   3221446.9340   5    0   8     9.1749    13.4275     7.6022    -8.2590     6.9142    -5.1386   0.00    0.0  -10.25505   -5.60421    0.57400    5.77191    8.33601    4.81142   -5.06250    4.24619   -3.16341
1974 193585.950  -2270186.2066   5007929.5834   3221446.9369   5    0   8     9.2018    13.4662     7.6246    -8.2824     6.9339    -5.1533   0.00    0.0  -10.25544   -5.60654    0.57678    5.77190    8.33601    4.81142   -5.06250    4.24619   -3.16341
1974 193585.955  -2270186.2579   5007929.5553   3221446.9398   5    0   8     9.2286    13.5050     7.6470    -8.3059     6.9536    -5.1680   0.00    0.0  -10.25773   -5.60911    0.58096    5.77190    8.33602    4.81142   -5.06249    4.24619   -3.16341
1974 193585.960  -2270186.3092   5007929.5273   3221446.9427   5    0   8     9.2555    13.5437     7.6694    -8.3294     6.9733    -5.1827   0.00    0.0  -10.25965   -5.61235    0.58506    5.77190    8.33602    4.81142   -5.06249    4.24619   -3.16341
1974 193585.965  -2270186.3605   5007929.4992   3221446.9457   5    0   8     9.2824    13.5825     7.6918    -8.3529     6.9930    -5.1974   0.00    0.0  -10.26085   -5.61420    0.58974    5.77190    8.33602    4.81142   -5.06249    4.24619   -3.16340
1974 193585.970  -2270186.4118   5007929.4711   3221446.9487   5    0   8     9.3093    13.6212     7.7142    -8.3764     7.0127    -5.2121   0.00    0.0  -10.26138   -5.61360    0.59416    5.77189    8.33602    4.81142   -5.06249    4.24619   -3.16340
1974 193585.975  -2270186.4631   5007929.4431   3221446.9517   5    0   8     9.3362    13.6600     7.7366    -8.3999     7.0325    -5.2268   0.00    0.0  -10.26232   -5.61393    0.59772    5.77189    8.33603    4.81142   -5.06248    4.24619   -3.16340
1974 193585.980  -2270186.5144   5007929.4150   3221446.9547   5    0   8     9.3631    13.6988     7.7591    -8.4235     7.0522    -5.2415   0.00    0.0  -10.26217   -5.61665    0.60133    5.77189    8.33603    4.81142   -5.06248    4.24619   -3.16340
1974 193585.985  -2270186.5657   5007929.3869   3221446.9577   5    0   8     9.3900    13.7376     7.7815    -8.4470     7.0720    -5.2562   0.00    0.0  -10.26137   -5.62048    0.60448    5.77189    8.33603    4.81142   -5.06248    4.24619   -3.16340
1974 193585.990  -2270186.6170   5007929.3588   3221446.9607   5    0   8     9.4170    13.7765     7.8040    -8.4705     7.0917    -5.2710   0.00    0.0  -10.26117   -5.62361    0.60756    5.77188    8.33603    4.81142   -5.06247    4.24620   -3.16339
1974 193585.995  -2270186.6683   5007929.3306   3221446.9638   5    0   8     9.4439    13.8153     7.8264    -8.4941     7.1115    -5.2857   0.00    0.0  -10.26030   -5.62654    0.61013    5.77188    8.33604    4.81142   -5.06247    4.24620   -3.16339
