% program   : RTKLIB ver.demo5 b34L
% inp file  : tools\rtklib\data\Dataset_1_23\gnss_log.obs
% inp file  : tools\rtklib\data\Dataset_1_23\base.25o
% inp file  : tools\rtklib\data\Dataset_1_23\brdc2440.25n
% inp file  : tools\rtklib\data\Dataset_1_23\Test2440_R_20252440000_01D_MN.25n
% obs start : 2025/09/01 07:51:04.9 GPST (week2382 114664.9s)
% obs end   : 2025/09/01 09:18:06.0 GPST (week2382 119886.0s)
% pos mode  : DGPS
% freqs     : L1
% solution  : Forward
% elev mask : 7.0 deg
% dynamics  : on
% tidecorr  :
% ionos opt : Broadcast
% tropo opt : OFF
% ephemeris : Broadcast
% navi sys  : GPS BDS
% antenna1  :                       ( 0.0000  0.0000  0.0000)
% antenna2  :                       ( 0.0000  0.0000  0.0000)
% ref pos   :  30.576915109  114.361121283    45.5371
%
% (lat/lon/height=WGS84/ellipsoidal,Q=1:fix,2:float,3:sbas,4:dgps,5:single,6:ppp,ns=# of satellites)
%  GPST          latitude(deg) longitude(deg)  height(m)   Q  ns   sdn(m)   sde(m)   sdu(m)  sdne(m)  sdeu(m)  sdun(m) age(s)  ratio
2382 114664.912   30.484405784  114.325959386    20.4294   4   6   0.9009   0.6797   2.1908   0.2589  -0.5000  -0.9849  -0.09    0.0
2382 114665.912   30.484417957  114.325973161     9.5863   4  19   0.4768   0.4025   1.0897   0.1438   0.2655  -0.3465  -0.09    0.0
2382 114666.912   30.484427909  114.325991100     5.0840   4  21   0.4494   0.3841   1.0395   0.0812   0.3306  -0.2657  -0.09    0.0
2382 114668.000   30.484410836  114.325982217     5.3377   4  20   0.4497   0.3900   1.0394   0.0700   0.3215  -0.2613  -0.00    0.0
2382 114669.000   30.484402619  114.325981028     4.3495   4  20   0.4493   0.3896   1.0364   0.0701   0.3205  -0.2604  -0.00    0.0
2382 114670.000   30.484394279  114.326004402     2.4843   4  21   0.4485   0.3834   1.0339   0.0812   0.3287  -0.2640  -0.00    0.0
2382 114671.000   30.484386336  114.326001459     4.4285   4  21   0.4485   0.3834   1.0337   0.0812   0.3287  -0.2640  -0.00    0.0
2382 114672.000   30.484402113  114.325992867     7.3877   4  20   0.4491   0.3896   1.0365   0.0699   0.3207  -0.2604  -0.00    0.0
2382 114673.000   30.484396580  114.326004506     6.5972   4  21   0.4484   0.3834   1.0337   0.0812   0.3288  -0.2640  -0.00    0.0
2382 114674.000   30.484374174  114.325986464    11.0756   4  18   0.4781   0.4465   1.1959   0.1717   0.4089  -0.3101  -0.00    0.0
2382 114675.000   30.484370426  114.325990566    10.7525   4  19   0.4528   0.4386   1.1394   0.1289   0.4451  -0.2008  -0.00    0.0
2382 114676.000   30.484375068  114.326002916    13.1685   4  19   0.4528   0.4387   1.1398   0.1290   0.4453  -0.2008  -0.00    0.0
2382 114677.000   30.484366138  114.326001125     8.6462   4  20   0.4490   0.3897   1.0372   0.0698   0.3212  -0.2604  -0.00    0.0
2382 114678.000   30.484368893  114.325986233     7.5316   4  21   0.4483   0.3836   1.0342   0.0811   0.3292  -0.2639  -0.00    0.0
2382 114679.000   30.484376454  114.325996314     8.1279   4  19   0.4814   0.3903   1.0699   0.0324   0.3118  -0.1480  -0.00    0.0
2382 114680.000   30.484372850  114.325994293     9.1624   4  19   0.4814   0.3903   1.0700   0.0324   0.3118  -0.1478  -0.00    0.0
2382 114681.000   30.484341081  114.325981938     9.4920   4  20   0.4571   0.3900   1.0701  -0.0349   0.3116  -0.1525  -0.00    0.0
2382 114682.000   30.484380117  114.325977074    17.0490   4  20   0.4798   0.3839   1.0658   0.0613   0.3226  -0.1596  -0.00    0.0
2382 114683.000   30.484367940  114.326012721    15.6000   4  19   0.4813   0.3904   1.0702   0.0324   0.3119  -0.1475  -0.00    0.0
2382 114684.000   30.484345829  114.325999133    19.9735   4  19   0.4733   0.4029   1.1294   0.1057   0.2467  -0.2599  -0.00    0.0
2382 114685.000   30.484355949  114.326004091    21.2452   4  18   0.5005   0.4036   1.1299   0.1231   0.2455  -0.2674  -0.00    0.0
2382 114686.000   30.484345643  114.326019874    18.9700   4  19   0.4812   0.3904   1.0707   0.0325   0.3121  -0.1478  -0.00    0.0
2382 114687.000   30.484337040  114.326008392    16.5384   4  20   0.4489   0.3898   1.0372   0.0696   0.3212  -0.2604  -0.00    0.0
2382 114688.000   30.484343141  114.326015300    16.6401   4  20   0.4488   0.3898   1.0370   0.0695   0.3213  -0.2603  -0.00    0.0
2382 114689.000   30.484349835  114.326030251    18.3735   4  20   0.4488   0.3898   1.0369   0.0695   0.3213  -0.2604  -0.00    0.0
2382 114690.000   30.484345616  114.326026010    17.9878   4  20   0.4488   0.3898   1.0370   0.0694   0.3213  -0.2604  -0.00    0.0
2382 114691.000   30.484347584  114.326033106    22.7206   4  20   0.4488   0.3899   1.0370   0.0694   0.3214  -0.2604  -0.00    0.0
2382 114692.000   30.484349924  114.326049793    23.9663   4  20   0.4487   0.3899   1.0370   0.0694   0.3214  -0.2604  -0.00    0.0
2382 114693.000   30.484349975  114.326043358    22.1400   4  19   0.4754   0.4023   1.0876   0.1427   0.2662  -0.3454  -0.00    0.0
2382 114694.000   30.484348003  114.326040441    22.8029   4  20   0.4487   0.3899   1.0372   0.0693   0.3215  -0.2605  -0.00    0.0
2382 114695.000   30.484342600  114.326043778    23.5227   4  19   0.4754   0.4023   1.0878   0.1427   0.2663  -0.3455  -0.00    0.0
2382 114696.000   30.484346102  114.326039865    21.2455   4  20   0.4487   0.3899   1.0372   0.0693   0.3216  -0.2605  -0.00    0.0
2382 114697.000   30.484373845  114.326048822    15.5999   4  21   0.4289   0.3895   1.0370   0.0498   0.3222  -0.2552  -0.00    0.0
2382 114698.000   30.484354782  114.326048094    19.2732   4  20   0.4486   0.3900   1.0372   0.0692   0.3216  -0.2604  -0.00    0.0
2382 114699.000   30.484360560  114.326051215    17.0963   4  20   0.4486   0.3900   1.0372   0.0692   0.3217  -0.2604  -0.00    0.0
2382 114700.000   30.484349597  114.326053907    19.3391   4  20   0.4486   0.3900   1.0372   0.0692   0.3217  -0.2604  -0.00    0.0
2382 114701.000   30.484362493  114.326043992    19.1935   4  20   0.4486   0.3900   1.0372   0.0691   0.3218  -0.2604  -0.00    0.0
2382 114702.000   30.484368838  114.326060759    18.1650   4  21   0.4288   0.3896   1.0370   0.0496   0.3224  -0.2550  -0.00    0.0
2382 114703.000   30.484358632  114.326067487    18.2854   4  20   0.4485   0.3900   1.0373   0.0691   0.3218  -0.2604  -0.00    0.0
2382 114704.000   30.484359900  114.326076700    20.7491   4  19   0.4523   0.4394   1.1396   0.1284   0.4462  -0.2011  -0.00    0.0
2382 114705.000   30.484373046  114.326070004    18.6947   4  19   0.4522   0.4395   1.1400   0.1284   0.4465  -0.2011  -0.00    0.0
2382 114706.000   30.484362451  114.326066436    20.2674   4  19   0.4522   0.4396   1.1404   0.1284   0.4468  -0.2011  -0.00    0.0
2382 114707.000   30.484354296  114.326051321    17.2687   4  20   0.4517   0.4015   1.0873   0.1269   0.2703  -0.3334  -0.00    0.0
2382 114708.000   30.484352084  114.326035795    15.1503   4  19   0.4751   0.4024   1.0886   0.1423   0.2672  -0.3456  -0.00    0.0
2382 114709.000   30.484364556  114.326045700    16.0236   4  20   0.4517   0.4014   1.0871   0.1269   0.2699  -0.3336  -0.00    0.0
2382 114710.000   30.484371221  114.326057272    15.9310   4  19   0.4522   0.4396   1.1400   0.1283   0.4465  -0.2016  -0.00    0.0
2382 114711.000   30.484377647  114.326043300    11.0588   4  20   0.4484   0.3902   1.0379   0.0689   0.3223  -0.2605  -0.00    0.0
2382 114712.000   30.484373440  114.326032927    11.2766   4  21   0.4287   0.3898   1.0376   0.0493   0.3229  -0.2550  -0.00    0.0
2382 114713.000   30.484376323  114.326026976     8.5245   4  21   0.4286   0.3898   1.0373   0.0493   0.3228  -0.2550  -0.00    0.0
2382 114714.000   30.484379022  114.326025589     6.9314   4  21   0.4286   0.3898   1.0373   0.0492   0.3228  -0.2550  -0.00    0.0
2382 114715.000   30.484361069  114.326001000     7.3194   4  20   0.4515   0.4015   1.0870   0.1267   0.2703  -0.3334  -0.00    0.0
2382 114716.000   30.484366562  114.326008074     6.0987   4  20   0.4515   0.4015   1.0872   0.1267   0.2703  -0.3335  -0.00    0.0
2382 114717.000   30.484357514  114.326009764     7.3154   4  20   0.4515   0.4015   1.0874   0.1267   0.2703  -0.3336  -0.00    0.0
2382 114718.000   30.484356557  114.326019628     7.6563   4  22   0.4272   0.3839   1.0350   0.0687   0.3307  -0.2601  -0.00    0.0
2382 114719.000   30.484361672  114.326019188    13.4386   4  21   0.4285   0.3899   1.0376   0.0491   0.3230  -0.2551  -0.00    0.0
2382 114720.000   30.484364237  114.326033925    13.5321   4  21   0.4285   0.3899   1.0375   0.0491   0.3231  -0.2550  -0.00    0.0
2382 114721.000   30.484365795  114.326013250    13.8483   4  20   0.4523   0.4388   1.1950   0.1586   0.4207  -0.3071  -0.00    0.0
2382 114722.000   30.484367801  114.326021008    14.4385   4  19   0.4529   0.4460   1.1984   0.1525   0.4134  -0.3041  -0.00    0.0
2382 114723.000   30.484371844  114.326010061    11.8675   4  20   0.4523   0.4390   1.1963   0.1585   0.4213  -0.3075  -0.00    0.0
2382 114724.000   30.484371115  114.326016952    15.4269   4  18   0.4770   0.4477   1.1994   0.1701   0.4124  -0.3115  -0.00    0.0
2382 114725.000   30.484372686  114.326030964    18.3703   4  19   0.4768   0.4402   1.1966   0.1732   0.4206  -0.3132  -0.00    0.0
2382 114726.000   30.484375801  114.326021501    18.3565   4  18   0.4770   0.4478   1.1995   0.1701   0.4125  -0.3116  -0.00    0.0
2382 114727.000   30.484372232  114.326007647    19.0074   4  20   0.4746   0.3954   1.0854   0.1455   0.2818  -0.3480  -0.00    0.0
2382 114728.000   30.484387427  114.326023482    18.4465   4  19   0.5004   0.3957   1.1650   0.1366   0.2933  -0.4340  -0.00    0.0
2382 114729.000   30.484400658  114.326028207    16.5116   4  19   0.4736   0.4020   1.1659   0.1164   0.2837  -0.4142  -0.00    0.0
2382 114730.000   30.484397228  114.326018239    18.1966   4  21   0.4474   0.3843   1.0358   0.0801   0.3309  -0.2645  -0.00    0.0
2382 114731.000   30.484390604  114.326014809    20.1823   4  20   0.4745   0.3954   1.0851   0.1454   0.2817  -0.3480  -0.00    0.0
2382 114732.000   30.484391187  114.326021682    20.7233   4  19   0.4747   0.4026   1.0893   0.1415   0.2682  -0.3458  -0.00    0.0
2382 114733.000   30.484386063  114.326025213    21.7887   4  19   0.4747   0.4026   1.0895   0.1415   0.2682  -0.3459  -0.00    0.0
2382 114734.000   30.484381839  114.326015613    22.4964   4  20   0.4744   0.3954   1.0851   0.1453   0.2818  -0.3480  -0.00    0.0
2382 114735.000   30.484388209  114.326008571    17.5638   4  20   0.4744   0.3955   1.0852   0.1453   0.2818  -0.3480  -0.00    0.0
2382 114736.000   30.484378664  114.326009306    17.3902   4  20   0.4744   0.3955   1.0852   0.1453   0.2819  -0.3480  -0.00    0.0
2382 114737.000   30.484386952  114.326011240    14.5174   4  22   0.4269   0.3842   1.0355   0.0684   0.3314  -0.2601  -0.00    0.0
2382 114738.000   30.484401241  114.326018808    11.2708   4  20   0.4480   0.3905   1.0383   0.0682   0.3232  -0.2605  -0.00    0.0
2382 114739.000   30.484383497  114.326014249    13.7112   4  21   0.4472   0.3844   1.0355   0.0800   0.3312  -0.2641  -0.00    0.0
2382 114740.000   30.484394650  114.326011392    11.9542   4  20   0.4479   0.3906   1.0382   0.0681   0.3233  -0.2604  -0.00    0.0
2382 114741.000   30.484386270  114.326007377    11.3885   4  20   0.4742   0.3955   1.0851   0.1451   0.2822  -0.3478  -0.00    0.0
2382 114742.000   30.484363432  114.325988427    11.3927   4  21   0.4503   0.3949   1.0842   0.1331   0.2841  -0.3372  -0.00    0.0
2382 114743.000   30.484375941  114.325999586     5.3829   4  22   0.4268   0.3843   1.0357   0.0682   0.3316  -0.2601  -0.00    0.0
2382 114744.000   30.484373104  114.326002649     4.3931   4  22   0.4268   0.3843   1.0356   0.0682   0.3317  -0.2601  -0.00    0.0
2382 114745.000   30.484364763  114.325996939     5.4590   4  22   0.4267   0.3843   1.0355   0.0682   0.3317  -0.2599  -0.00    0.0
2382 114746.000   30.484370389  114.326005475     6.6403   4  21   0.4470   0.3845   1.0356   0.0799   0.3314  -0.2641  -0.00    0.0
2382 114747.000   30.484362759  114.325984638     7.9338   4  21   0.4281   0.3903   1.0382   0.0482   0.3241  -0.2550  -0.00    0.0
2382 114748.000   30.484351507  114.326011929     7.6658   4  21   0.4470   0.3845   1.0357   0.0798   0.3315  -0.2641  -0.00    0.0
2382 114749.000   30.484345793  114.326026190    11.2470   4  20   0.4508   0.4340   1.1393   0.1345   0.4532  -0.2052  -0.00    0.0
2382 114750.000   30.484331429  114.326013008    10.1027   4  21   0.4501   0.3950   1.0847   0.1329   0.2847  -0.3372  -0.00    0.0
2382 114751.000   30.484323996  114.326035974    14.0663   4  18   0.4815   0.4835   1.2034   0.2097   0.4494  -0.2995  -0.00    0.0
2382 114752.000   30.484326215  114.326028816    10.3096   4  20   0.4517   0.4396   1.1973   0.1578   0.4228  -0.3080  -0.00    0.0
2382 114753.000   30.484326756  114.326022166     8.0440   4  20   0.4507   0.4343   1.1405   0.1345   0.4540  -0.2055  -0.00    0.0
2382 114754.000   30.484342200  114.326000736     2.1796   4  21   0.4469   0.3847   1.0365   0.0798   0.3321  -0.2642  -0.00    0.0
2382 114755.000   30.484327106  114.326019577     4.7981   4  21   0.4469   0.3847   1.0362   0.0798   0.3320  -0.2641  -0.00    0.0
2382 114756.000   30.484317485  114.326021331     6.5054   4  22   0.4265   0.3845   1.0358   0.0680   0.3321  -0.2599  -0.00    0.0
2382 114757.000   30.484323007  114.326018919     5.2673   4  21   0.4500   0.3950   1.0847   0.1328   0.2849  -0.3373  -0.00    0.0
2382 114758.000   30.484336488  114.326022069     3.6539   4  21   0.4500   0.3950   1.0849   0.1327   0.2849  -0.3374  -0.00    0.0
2382 114759.000   30.484329042  114.326009150    11.1496   4  20   0.4476   0.3908   1.0390   0.0675   0.3240  -0.2606  -0.00    0.0
2382 114760.000   30.484348473  114.326012480     5.2967   4  19   0.4741   0.4028   1.0905   0.1407   0.2696  -0.3460  -0.00    0.0
2382 114761.000   30.484352230  114.326026539     2.7932   4  21   0.4738   0.3957   1.0862   0.1446   0.2831  -0.3481  -0.00    0.0
2382 114762.000   30.484338461  114.326023941     7.0962   4  22   0.4265   0.3845   1.0362   0.0679   0.3323  -0.2602  -0.00    0.0
2382 114763.000   30.484349232  114.326040644     9.2234   4  21   0.4468   0.3848   1.0362   0.0796   0.3320  -0.2643  -0.00    0.0
2382 114764.000   30.484347284  114.326039267     8.9996   4  21   0.4467   0.3848   1.0361   0.0796   0.3321  -0.2642  -0.00    0.0
2382 114765.000   30.484356505  114.326048716     7.9465   4  20   0.4737   0.3957   1.0861   0.1445   0.2833  -0.3480  -0.00    0.0
2382 114766.000   30.484376470  114.326045395    11.4273   4  19   0.4740   0.4029   1.0907   0.1405   0.2700  -0.3460  -0.00    0.0
2382 114767.000   30.484379407  114.326041201     9.8714   4  19   0.4740   0.4029   1.0909   0.1405   0.2700  -0.3462  -0.00    0.0
2382 114768.000   30.484371395  114.326047724    12.8115   4  20   0.4737   0.3957   1.0866   0.1445   0.2834  -0.3484  -0.00    0.0
2382 114769.000   30.484370632  114.326039109    15.5070   4  20   0.4474   0.3910   1.0393   0.0673   0.3244  -0.2607  -0.00    0.0
2382 114770.000   30.484385280  114.326022810    12.8192   4  21   0.4466   0.3849   1.0364   0.0795   0.3323  -0.2643  -0.00    0.0
2382 114771.000   30.484377029  114.326030262    12.8954   4  21   0.4277   0.3906   1.0388   0.0474   0.3250  -0.2550  -0.00    0.0
2382 114772.000   30.484372461  114.326034603    15.5596   4  21   0.4277   0.3907   1.0389   0.0474   0.3251  -0.2550  -0.00    0.0
2382 114773.000   30.484378763  114.326027940    11.4737   4  20   0.4473   0.3911   1.0391   0.0671   0.3245  -0.2604  -0.00    0.0
2382 114774.000   30.484383111  114.326025159    10.5306   4  19   0.4738   0.4029   1.0909   0.1402   0.2704  -0.3460  -0.00    0.0
2382 114775.000   30.484382075  114.326010529    10.6222   4  19   0.4509   0.4415   1.1416   0.1271   0.4496  -0.2025  -0.00    0.0
2382 114776.000   30.484393345  114.326001164     8.9047   4  19   0.4509   0.4416   1.1420   0.1271   0.4499  -0.2025  -0.00    0.0
2382 114777.000   30.484400767  114.325991441    10.2265   4  20   0.4502   0.4349   1.1409   0.1341   0.4550  -0.2057  -0.00    0.0
2382 114778.000   30.484404300  114.326006070     8.2829   4  19   0.4508   0.4417   1.1423   0.1271   0.4502  -0.2023  -0.00    0.0
2382 114779.000   30.484399712  114.325985681     9.8805   4  20   0.4502   0.4350   1.1410   0.1341   0.4551  -0.2057  -0.00    0.0
2382 114780.000   30.484403193  114.325974509    12.0764   4  20   0.4502   0.4350   1.1410   0.1341   0.4551  -0.2057  -0.00    0.0
2382 114781.000   30.484400301  114.325981662    11.5030   4  20   0.4472   0.3912   1.0399   0.0669   0.3252  -0.2604  -0.00    0.0
2382 114782.000   30.484398401  114.325996015    11.1635   4  19   0.4508   0.4418   1.1421   0.1270   0.4502  -0.2024  -0.00    0.0
2382 114783.000   30.484405844  114.325979562    11.4460   4  20   0.4501   0.4351   1.1407   0.1340   0.4550  -0.2058  -0.00    0.0
2382 114784.000   30.484390467  114.325989672    11.2037   4  20   0.4302   0.4409   1.1425   0.1101   0.4502  -0.2049  -0.00    0.0
2382 114785.000   30.484385056  114.326002902    17.5438   4  19   0.4507   0.4419   1.1425   0.1270   0.4506  -0.2024  -0.00    0.0
2382 114786.000   30.484382034  114.326003063    22.8586   4  19   0.4428   0.4084   1.0078  -0.0261   0.2942  -0.2894  -0.00    0.0
2382 114787.000   30.484385759  114.326003032    20.4325   4  20   0.4445   0.4314   1.0855   0.0949   0.4110  -0.2596  -0.00    0.0
2382 114788.000   30.484385494  114.325981595    13.3921   4  19   0.4478   0.4245   1.0545   0.0929   0.3671  -0.2517  -0.00    0.0
2382 114789.000   30.484379060  114.325970145    14.0511   4  19   0.4472   0.4308   1.0534   0.0971   0.3680  -0.2540  -0.00    0.0
2382 114790.000   30.484378774  114.325997497    15.4476   4  21   0.4289   0.4345   1.1406   0.1207   0.4549  -0.2096  -0.00    0.0
2382 114791.000   30.484381876  114.326000165    17.4698   4  19   0.4506   0.4420   1.1424   0.1268   0.4506  -0.2026  -0.00    0.0
2382 114792.000   30.484357753  114.326006989    15.6798   4  21   0.4462   0.3853   1.0374   0.0791   0.3335  -0.2642  -0.00    0.0
2382 114793.000   30.484361798  114.326019410    16.9769   4  21   0.4462   0.3853   1.0373   0.0791   0.3334  -0.2642  -0.00    0.0
2382 114794.000   30.484363716  114.326023292    16.9548   4  21   0.4417   0.3814   1.0040   0.0530   0.3114  -0.2937  -0.00    0.0
2382 114795.000   30.484356193  114.326009123    10.0958   4  21   0.4462   0.3853   1.0369   0.0790   0.3332  -0.2642  -0.00    0.0
2382 114796.000   30.484351508  114.326023193    12.1256   4  21   0.4461   0.3853   1.0370   0.0790   0.3332  -0.2643  -0.00    0.0
2382 114797.000   30.484362244  114.326027857    15.3347   4  21   0.4416   0.3814   1.0040   0.0528   0.3114  -0.2938  -0.00    0.0
2382 114798.000   30.484340400  114.326008591    10.8196   4  21   0.4461   0.3853   1.0370   0.0790   0.3333  -0.2643  -0.00    0.0
2382 114799.000   30.484348983  114.326004639     8.8995   4  20   0.4485   0.3896   1.0944   0.0597   0.3015  -0.2318  -0.00    0.0
2382 114800.000   30.484353229  114.325998224     4.7404   4  19   0.4736   0.4025   1.1593   0.1375   0.2292  -0.3345  -0.00    0.0
2382 114801.000   30.484349037  114.325991993     5.2846   4  20   0.4484   0.3897   1.0950   0.0597   0.3016  -0.2319  -0.00    0.0
2382 114802.000   30.484358511  114.325997030     8.3737   4  20   0.4484   0.3897   1.0951   0.0597   0.3017  -0.2320  -0.00    0.0
2382 114803.000   30.484380978  114.326008777     4.6084   4  20   0.4730   0.3961   1.0882   0.1435   0.2851  -0.3485  -0.00    0.0
2382 114804.000   30.484352088  114.326001983     7.3402   4  20   0.4730   0.3961   1.0882   0.1435   0.2851  -0.3486  -0.00    0.0
2382 114805.000   30.484356581  114.325994309     6.0811   4  20   0.4730   0.3961   1.0883   0.1435   0.2851  -0.3487  -0.00    0.0
2382 114806.000   30.484355712  114.325968851     8.2971   4  19   0.4493   0.3962   1.0986   0.0392   0.2911  -0.2266  -0.00    0.0
2382 114807.000   30.484363315  114.325997096     0.9059   4  19   0.4735   0.4025   1.1598   0.1374   0.2296  -0.3347  -0.00    0.0
2382 114808.000   30.484362744  114.326004503     0.3035   4  20   0.4735   0.4025   1.1601   0.1373   0.2297  -0.3347  -0.00    0.0
2382 114809.000   30.484365093  114.325990199     0.7787   4  20   0.4483   0.3898   1.0954   0.0596   0.3020  -0.2321  -0.00    0.0
2382 114810.000   30.484366409  114.325981438     1.1304   4  20   0.4483   0.3898   1.0953   0.0596   0.3021  -0.2320  -0.00    0.0
2382 114811.000   30.484382116  114.326006842    -3.5056   4  19   0.4734   0.4025   1.1600   0.1372   0.2300  -0.3346  -0.00    0.0
2382 114812.000   30.484377627  114.326017351     3.0754   4  17   0.4787   0.4580   1.1678   0.1775   0.2365  -0.3254  -0.00    0.0
2382 114813.000   30.484360754  114.326014357     4.3230   4  20   0.4482   0.3898   1.0956   0.0596   0.3023  -0.2321  -0.00    0.0
2382 114814.000   30.484359708  114.326009992    -0.8371   4  20   0.4482   0.3898   1.0954   0.0596   0.3023  -0.2320  -0.00    0.0
2382 114815.000   30.484358642  114.326017180    -1.6010   4  20   0.4482   0.3898   1.0953   0.0595   0.3024  -0.2319  -0.00    0.0
2382 114816.000   30.484370544  114.326019763    -2.2842   4  20   0.4482   0.3898   1.0953   0.0595   0.3024  -0.2319  -0.00    0.0
2382 114817.000   30.484373974  114.326011583     1.0660   4  20   0.4481   0.3899   1.0953   0.0595   0.3025  -0.2319  -0.00    0.0
2382 114818.000   30.484364340  114.326015991     1.4832   4  20   0.4481   0.3899   1.0953   0.0595   0.3025  -0.2319  -0.00    0.0
2382 114819.000   30.484370634  114.326021037     0.3294   4  20   0.4481   0.3899   1.0954   0.0594   0.3026  -0.2319  -0.00    0.0
2382 114820.000   30.484356940  114.326002742    -1.4810   4  20   0.4481   0.3899   1.0954   0.0594   0.3027  -0.2319  -0.00    0.0
2382 114821.000   30.484368279  114.326030072     2.6143   4  18   0.4754   0.4455   1.2820   0.1661   0.3965  -0.2947  -0.00    0.0
2382 114822.000   30.484372978  114.326041600     4.0645   4  19   0.4732   0.4026   1.1611   0.1369   0.2312  -0.3349  -0.00    0.0
2382 114823.000   30.484363663  114.326039322     5.1766   4  19   0.4732   0.4026   1.1613   0.1369   0.2312  -0.3351  -0.00    0.0
2382 114824.000   30.484368021  114.326033917     1.2602   4  19   0.4732   0.4026   1.1610   0.1370   0.2310  -0.3351  -0.00    0.0
2382 114825.000   30.484372321  114.326013824     2.0289   4  20   0.4726   0.3963   1.0896   0.1430   0.2861  -0.3491  -0.00    0.0
2382 114826.000   30.484375197  114.326025656     2.8226   4  20   0.4493   0.4362   1.1421   0.1334   0.4568  -0.2070  -0.00    0.0
2382 114827.000   30.484373423  114.326002958     2.1768   4  20   0.4725   0.3963   1.0894   0.1429   0.2864  -0.3489  -0.00    0.0
2382 114828.000   30.484378033  114.325973684     5.5855   4  18   0.4747   0.4500   1.2040   0.1667   0.4184  -0.3137  -0.00    0.0
2382 114829.000   30.484384319  114.325985865     7.0249   4  18   0.4747   0.4500   1.2043   0.1667   0.4185  -0.3139  -0.00    0.0
2382 114830.000   30.484385120  114.326008349     7.0522   4  21   0.4456   0.3859   1.0389   0.0784   0.3349  -0.2646  -0.00    0.0
2382 114831.000   30.484395564  114.325986695     7.6016   4  20   0.4463   0.3920   1.0412   0.0656   0.3270  -0.2607  -0.00    0.0
2382 114832.000   30.484392476  114.325996498     5.4809   4  20   0.4463   0.3920   1.0408   0.0655   0.3268  -0.2606  -0.00    0.0
2382 114833.000   30.484382962  114.325982271     5.9321   4  19   0.4726   0.4034   1.0936   0.1384   0.2735  -0.3465  -0.00    0.0
2382 114834.000   30.484391199  114.325974912     7.7048   4  19   0.4743   0.4426   1.2012   0.1701   0.4263  -0.3158  -0.00    0.0
2382 114835.000   30.484380727  114.325977792    12.7554   4  20   0.4723   0.3964   1.0900   0.1427   0.2868  -0.3491  -0.00    0.0
2382 114836.000   30.484379362  114.325973546    10.4574   4  19   0.4743   0.4427   1.2019   0.1701   0.4267  -0.3160  -0.00    0.0
2382 114837.000   30.484366913  114.325963264    13.1145   4  21   0.4454   0.3859   1.0388   0.0783   0.3350  -0.2647  -0.00    0.0
2382 114838.000   30.484375436  114.325965480    10.6887   4  20   0.4723   0.3964   1.0900   0.1426   0.2869  -0.3490  -0.00    0.0
2382 114839.000   30.484370837  114.325971054    13.4716   4  20   0.4722   0.3964   1.0897   0.1426   0.2868  -0.3490  -0.00    0.0
2382 114840.000   30.484367053  114.325992574    15.7244   4  20   0.4722   0.3964   1.0899   0.1426   0.2868  -0.3491  -0.00    0.0
2382 114841.000   30.484353270  114.325971164    20.9519   4  21   0.4454   0.3860   1.0387   0.0782   0.3349  -0.2647  -0.00    0.0
2382 114842.000   30.484349945  114.325997798    17.6148   4  21   0.4453   0.3860   1.0386   0.0782   0.3350  -0.2646  -0.00    0.0
2382 114843.000   30.484356982  114.325986076     9.3332   4  20   0.4477   0.3902   1.0957   0.0591   0.3039  -0.2321  -0.00    0.0
2382 114844.000   30.484365536  114.325998164    12.8354   4  21   0.4453   0.3860   1.0386   0.0781   0.3351  -0.2644  -0.00    0.0
2382 114845.000   30.484374815  114.326030716    15.2053   4  20   0.4721   0.3964   1.0900   0.1424   0.2871  -0.3489  -0.00    0.0
2382 114846.000   30.484350308  114.326056935    12.3473   4  21   0.4453   0.3860   1.0387   0.0781   0.3351  -0.2645  -0.00    0.0
2382 114847.000   30.484370575  114.326087661    13.0367   4  20   0.4721   0.3965   1.0901   0.1424   0.2872  -0.3491  -0.00    0.0
2382 114848.000   30.484377434  114.326100691    11.8487   4  20   0.4733   0.3865   1.1155   0.0552   0.3465  -0.3678  -0.00    0.0
2382 114849.000   30.484384013  114.326101428    12.7627   4  21   0.4452   0.3861   1.0390   0.0780   0.3353  -0.2647  -0.00    0.0
2382 114850.000   30.484389068  114.326120027    12.1825   4  21   0.4452   0.3861   1.0389   0.0780   0.3353  -0.2647  -0.00    0.0
2382 114851.000   30.484383821  114.326116855     7.3894   4  20   0.4748   0.3863   1.0740   0.0626   0.3299  -0.1578  -0.00    0.0
2382 114852.000   30.484390113  114.326117242     7.5669   4  21   0.4451   0.3861   1.0388   0.0780   0.3354  -0.2644  -0.00    0.0
2382 114853.000   30.484427182  114.326130539    10.8333   4  20   0.4733   0.3866   1.1155   0.0550   0.3467  -0.3678  -0.00    0.0
2382 114854.000   30.484446372  114.326118236    11.7513   4  19   0.4739   0.4430   1.2024   0.1695   0.4275  -0.3163  -0.00    0.0
2382 114855.000   30.484467901  114.326123869    12.7200   4  20   0.4719   0.3966   1.0910   0.1421   0.2878  -0.3494  -0.00    0.0
2382 114856.000   30.484522335  114.326124615    14.3018   4  22   0.4403   0.3821   1.0050   0.0493   0.3128  -0.2956  -0.00    0.0
2382 114857.000   30.484521094  114.326110765    15.4250   4  18   0.5752   0.4408   1.2545  -0.0800   0.4147  -0.4867  -0.00    0.0
2382 114858.000   30.484543918  114.326119577    22.6885   4  21   0.4684   0.3932   1.0542   0.1311   0.2614  -0.3719  -0.00    0.0
2382 114859.000   30.484571462  114.326075528    21.1084   4  19   0.5463   0.4215   1.2610  -0.1069   0.2959  -0.5515  -0.00    0.0
2382 114860.000   30.484542779  114.326044576    17.0075   4  23   0.4208   0.3820   1.0046   0.0338   0.3132  -0.2890  -0.00    0.0
2382 114861.000   30.484547653  114.325998737    17.3704   4  22   0.4458   0.3824   1.0108   0.0598   0.3162  -0.2587  -0.00    0.0
2382 114862.000   30.484540067  114.325933189    20.2385   4  21   0.4682   0.3932   1.0537   0.1310   0.2613  -0.3717  -0.00    0.0
2382 114863.000   30.484537046  114.325884358    15.9082   4  22   0.4247   0.3861   1.0389   0.0662   0.3360  -0.2603  -0.00    0.0
2382 114864.000   30.484543751  114.325857711    13.8685   4  20   0.4483   0.4138   1.0896   0.1215   0.2893  -0.3383  -0.00    0.0
2382 114865.000   30.484527890  114.325806689    14.5949   4  22   0.4247   0.3861   1.0391   0.0662   0.3361  -0.2603  -0.00    0.0
2382 114866.000   30.484547162  114.325779766    12.9047   4  22   0.4453   0.3827   1.0843  -0.0452   0.3271  -0.3783  -0.00    0.0
2382 114867.000   30.484527810  114.325756545    13.8390   4  21   0.4681   0.3933   1.0540   0.1308   0.2616  -0.3719  -0.00    0.0
2382 114868.000   30.484520953  114.325719509    17.0884   4  20   0.5087   0.3984   1.0398   0.1470   0.2769  -0.2904  -0.00    0.0
2382 114869.000   30.484507897  114.325688219    18.7990   4  22   0.4400   0.3823   1.0046   0.0485   0.3128  -0.2958  -0.00    0.0
2382 114870.000   30.484495408  114.325668038    14.7196   4  21   0.4681   0.3933   1.0539   0.1307   0.2615  -0.3719  -0.00    0.0
2382 114871.000   30.484446126  114.325633794    12.8438   4  19   0.4940   0.3974   1.1356   0.1291   0.2753  -0.2751  -0.00    0.0
2382 114872.000   30.484369666  114.325617359    19.3724   4  23   0.4205   0.3822   1.0044   0.0331   0.3134  -0.2890  -0.00    0.0
2382 114873.000   30.484331321  114.325601050    14.1021   4  21   0.4680   0.3933   1.0542   0.1306   0.2617  -0.3721  -0.00    0.0
2382 114874.000   30.484290263  114.325574718    14.5713   4  21   0.4448   0.3865   1.0394   0.0776   0.3361  -0.2647  -0.00    0.0
2382 114875.000   30.484243427  114.325579737    14.8238   4  20   0.4721   0.3874   1.0646   0.0444   0.2828  -0.2258  -0.00    0.0
2382 114876.000   30.484214900  114.325579964     8.7778   4  20   0.4838   0.4017   1.0565   0.1397   0.2549  -0.3449  -0.00    0.0
2382 114877.000   30.484213692  114.325577825     4.2544   4  20   0.4867   0.3946   1.0855   0.1127   0.2453  -0.3222  -0.00    0.0
2382 114878.000   30.484186571  114.325570363     5.4021   4  20   0.4930   0.3834   1.0360   0.0440   0.3083  -0.1870  -0.00    0.0
2382 114879.000   30.484202309  114.325604924     8.6106   4  18   0.5243   0.4145   1.0923   0.1409   0.2887  -0.3358  -0.00    0.0
2382 114880.000   30.484214228  114.325600719     9.5552   4  21   0.4678   0.3933   1.0543   0.1303   0.2619  -0.3722  -0.00    0.0
2382 114881.000   30.484191609  114.325595636     9.5088   4  20   0.5129   0.3958   1.0549   0.1619   0.2644  -0.3637  -0.00    0.0
2382 114882.000   30.484157172  114.325584101    12.2958   4  22   0.4398   0.3824   1.0048   0.0477   0.3131  -0.2962  -0.00    0.0
2382 114883.000   30.484113678  114.325576876    11.7310   4  22   0.4397   0.3824   1.0047   0.0476   0.3131  -0.2962  -0.00    0.0
2382 114884.000   30.484077068  114.325566848    10.2646   4  22   0.4397   0.3824   1.0046   0.0475   0.3131  -0.2961  -0.00    0.0
2382 114885.000   30.484058172  114.325563587    11.4530   4  20   0.4864   0.3947   1.0855   0.1124   0.2457  -0.3225  -0.00    0.0
2382 114886.000   30.484013956  114.325567507     7.4850   4  21   0.4676   0.3934   1.0543   0.1301   0.2620  -0.3724  -0.00    0.0
2382 114887.000   30.483998224  114.325561688    10.3591   4  20   0.4863   0.3947   1.0859   0.1124   0.2456  -0.3228  -0.00    0.0
2382 114888.000   30.483996951  114.325549519     9.4916   4  22   0.4413   0.3831   1.0297  -0.0459   0.3052  -0.2305  -0.00    0.0
2382 114889.000   30.483971636  114.325519136     5.8791   4  21   0.4414   0.4262   1.0830   0.0987   0.4171  -0.2676  -0.00    0.0
2382 114890.000   30.483959550  114.325534137    10.5640   4  22   0.4395   0.3825   1.0049   0.0471   0.3133  -0.2963  -0.00    0.0
2382 114891.000   30.483946361  114.325536695    14.8057   4  21   0.4675   0.3934   1.0545   0.1298   0.2624  -0.3725  -0.00    0.0
2382 114892.000   30.483951765  114.325557124    16.0721   4  20   0.4964   0.3938   1.1372   0.1180   0.2761  -0.4582  -0.00    0.0
2382 114893.000   30.483937185  114.325559945    17.0218   4  19   0.4770   0.4372   1.1646   0.1612   0.3072  -0.4225  -0.00    0.0
2382 114894.000   30.483923004  114.325524764    14.6378   4  19   0.4972   0.4102   1.1488   0.1296   0.2414  -0.4632  -0.00    0.0
2382 114895.000   30.483923624  114.325518603    12.3773   4  22   0.4445   0.3930   1.0532   0.1187   0.2647  -0.3603  -0.00    0.0
2382 114896.000   30.483925838  114.325517173    13.4574   4  21   0.4675   0.3934   1.0550   0.1297   0.2623  -0.3730  -0.00    0.0
2382 114897.000   30.483911221  114.325485954    12.8182   4  22   0.4394   0.3826   1.0050   0.0467   0.3134  -0.2967  -0.00    0.0
2382 114898.000   30.483913152  114.325414555    14.5990   4  22   0.4394   0.3826   1.0048   0.0466   0.3134  -0.2966  -0.00    0.0
2382 114899.000   30.483929874  114.325327183    14.4510   4  21   0.4443   0.3868   1.0401   0.0772   0.3370  -0.2648  -0.00    0.0
2382 114900.000   30.483947591  114.325234874    12.6880   4  20   0.4733   0.3871   1.0765   0.0629   0.3321  -0.1577  -0.00    0.0
2382 114901.000   30.483959826  114.325127343    17.5867   4  21   0.4673   0.3935   1.0548   0.1294   0.2626  -0.3727  -0.00    0.0
2382 114902.000   30.483949095  114.325033951    15.3196   4  19   0.4931   0.3976   1.1381   0.1287   0.2772  -0.2753  -0.00    0.0
2382 114903.000   30.483955073  114.324932951    14.4303   4  20   0.4847   0.3987   1.0928   0.1570   0.2952  -0.3255  -0.00    0.0
2382 114904.000   30.483963377  114.324834004    12.9142   4  21   0.4489   0.3873   1.0482   0.0853   0.3414  -0.2221  -0.00    0.0
2382 114905.000   30.483973719  114.324755588    15.6126   4  20   0.4666   0.4014   1.0388  -0.0699   0.2970  -0.1821  -0.00    0.0
2382 114906.000   30.483972347  114.324644567    11.7226   4  21   0.4447   0.4095   1.0532   0.1065   0.2591  -0.3591  -0.00    0.0
2382 114907.000   30.483975923  114.324559435    11.7912   4  21   0.4671   0.3935   1.0549   0.1292   0.2627  -0.3729  -0.00    0.0
2382 114908.000   30.483975922  114.324474258     7.7894   4  19   0.4714   0.4029   1.1642   0.1347   0.2380  -0.3359  -0.00    0.0
2382 114909.000   30.483980187  114.324391294     7.7116   4  20   0.4675   0.4004   1.1176   0.1240   0.2046  -0.3646  -0.00    0.0
2382 114910.000   30.483975776  114.324316728     6.8799   4  20   0.4675   0.4004   1.1178   0.1240   0.2046  -0.3646  -0.00    0.0
2382 114911.000   30.483978455  114.324247580    12.5566   4  22   0.4391   0.3828   1.0054   0.0457   0.3137  -0.2971  -0.00    0.0
2382 114912.000   30.483992061  114.324196481    13.7282   4  22   0.4207   0.3875   1.0551  -0.0303   0.2810  -0.2731  -0.00    0.0
2382 114913.000   30.483995361  114.324139626    12.7701   4  21   0.4407   0.3876   1.0549  -0.0169   0.2810  -0.2751  -0.00    0.0
2382 114914.000   30.484001042  114.324075367     9.5905   4  18   0.5247   0.4035   1.2370   0.0726   0.1850  -0.4084  -0.00    0.0
2382 114915.000   30.484011969  114.324004245    11.9867   4  21   0.4407   0.3876   1.0555  -0.0174   0.2811  -0.2754  -0.00    0.0
2382 114916.000   30.484016957  114.323923116     9.7898   4  21   0.4407   0.3876   1.0555  -0.0175   0.2811  -0.2755  -0.00    0.0
2382 114917.000   30.484005978  114.323847843     8.2445   4  22   0.4390   0.3828   1.0052   0.0453   0.3138  -0.2971  -0.00    0.0
2382 114918.000   30.484022877  114.323774408     6.8666   4  20   0.4463   0.3911   1.0979   0.0581   0.3079  -0.2327  -0.00    0.0
2382 114919.000   30.484026128  114.323700915    12.3051   4  21   0.4406   0.3876   1.0550  -0.0178   0.2813  -0.2753  -0.00    0.0
2382 114920.000   30.484040830  114.323609930    12.7056   4  19   0.4792   0.3917   1.1535  -0.0246   0.2948   0.0860  -0.00    0.0
2382 114921.000   30.484044093  114.323516967    12.4866   4  21   0.4406   0.3876   1.0553  -0.0180   0.2814  -0.2753  -0.00    0.0
2382 114922.000   30.484072095  114.323402216    11.3152   4  20   0.4463   0.3911   1.0985   0.0580   0.3083  -0.2326  -0.00    0.0
2382 114923.000   30.484077493  114.323288912    13.9805   4  21   0.4405   0.3876   1.0552  -0.0184   0.2814  -0.2754  -0.00    0.0
2382 114924.000   30.484088154  114.323172152    14.1085   4  21   0.4405   0.3877   1.0552  -0.0185   0.2815  -0.2755  -0.00    0.0
2382 114925.000   30.484101772  114.323052737    15.1165   4  21   0.4439   0.3873   1.0412   0.0767   0.3381  -0.2649  -0.00    0.0
2382 114926.000   30.484096399  114.322924731    13.4224   4  20   0.4725   0.3875   1.0781   0.0631   0.3333  -0.1576  -0.00    0.0
2382 114927.000   30.484111185  114.322787219    11.4839   4  20   0.4725   0.3875   1.0782   0.0631   0.3334  -0.1575  -0.00    0.0
2382 114928.000   30.484122759  114.322662599    11.4792   4  20   0.4629   0.4013   1.0310  -0.0422   0.3005  -0.2341  -0.00    0.0
2382 114929.000   30.484133800  114.322526196    12.4873   4  20   0.4628   0.4013   1.0309  -0.0423   0.3005  -0.2342  -0.00    0.0
2382 114930.000   30.484126005  114.322382459    10.8645   4  21   0.4628   0.3836   1.0304  -0.0353   0.3062  -0.2346  -0.00    0.0
2382 114931.000   30.484128179  114.322244145    11.4068   4  22   0.4386   0.3830   1.0052   0.0443   0.3141  -0.2974  -0.00    0.0
2382 114932.000   30.484112120  114.322105834     8.8123   4  20   0.4724   0.3875   1.0782   0.0631   0.3335  -0.1576  -0.00    0.0
2382 114933.000   30.484123814  114.321971205    10.4555   4  21   0.4437   0.3874   1.0414   0.0765   0.3384  -0.2649  -0.00    0.0
2382 114934.000   30.484130953  114.321848452     7.3814   4  22   0.4386   0.3830   1.0054   0.0441   0.3143  -0.2974  -0.00    0.0
2382 114935.000   30.484136822  114.321722281     9.0110   4  22   0.4386   0.3830   1.0052   0.0440   0.3143  -0.2975  -0.00    0.0
2382 114936.000   30.484130312  114.321603132     9.5166   4  22   0.4385   0.3831   1.0052   0.0439   0.3142  -0.2976  -0.00    0.0
2382 114937.000   30.484107240  114.321487973    10.7857   4  22   0.4385   0.3831   1.0052   0.0438   0.3143  -0.2976  -0.00    0.0
2382 114938.000   30.484119511  114.321369757    10.3503   4  20   0.5014   0.4081   1.1504  -0.1553   0.4210  -0.4295  -0.00    0.0
2382 114939.000   30.484116664  114.321268811     9.7628   4  22   0.4385   0.3831   1.0055   0.0435   0.3145  -0.2978  -0.00    0.0
2382 114940.000   30.484127372  114.321185532     9.8289   4  21   0.4983   0.4031   1.1122  -0.1666   0.3980  -0.4487  -0.00    0.0
2382 114941.000   30.484128541  114.321123153    10.4162   4  21   0.4436   0.3875   1.0418   0.0762   0.3388  -0.2653  -0.00    0.0
2382 114942.000   30.484131242  114.321039231     8.4010   4  21   0.4436   0.3876   1.0419   0.0762   0.3389  -0.2653  -0.00    0.0
2382 114943.000   30.484133194  114.320953943     6.1793   4  21   0.4436   0.3876   1.0418   0.0763   0.3388  -0.2651  -0.00    0.0
2382 114944.000   30.484131356  114.320858538     7.6179   4  20   0.4720   0.3883   1.0498   0.0981   0.3433  -0.2222  -0.00    0.0
2382 114945.000   30.484133051  114.320789617     9.2036   4  21   0.4662   0.3838   1.0124   0.0725   0.3185  -0.2643  -0.00    0.0
2382 114946.000   30.484142457  114.320743051    10.8681   4  20   0.4720   0.3878   1.0791   0.0633   0.3342  -0.1575  -0.00    0.0
2382 114947.000   30.484156284  114.320710820     8.0100   4  21   0.4621   0.3838   1.0308  -0.0361   0.3066  -0.2353  -0.00    0.0
2382 114948.000   30.484193254  114.320659892     3.6488   4  19   0.4717   0.4389   1.1812   0.0781   0.3833  -0.0313  -0.00    0.0
2382 114949.000   30.484237633  114.320645550    13.5140   4  21   0.4386   0.4012   1.0069  -0.0118   0.3055  -0.2965  -0.00    0.0
2382 114950.000   30.484287857  114.320604073    17.0277   4  19   0.5330   0.4231   1.1261   0.2364   0.2182  -0.4339  -0.00    0.0
2382 114951.000   30.484318749  114.320572276    19.9754   4  19   0.4931   0.4638   1.1492   0.2189   0.4483  -0.2501  -0.00    0.0
2382 114952.000   30.484391380  114.320568372    14.4227   4  19   0.5308   0.4638   1.1629   0.2494   0.3320  -0.4330  -0.00    0.0
2382 114953.000   30.484495900  114.320575232    14.7009   4  18   0.5504   0.4822   1.1273   0.2959   0.2361  -0.4290  -0.00    0.0
2382 114954.000   30.484565433  114.320519331    13.3202   4  20   0.4722   0.4379   1.0606   0.1751   0.2953  -0.3656  -0.00    0.0
2382 114955.000   30.484693801  114.320519930     9.7901   4  19   0.4453   0.4446   1.1047   0.1206   0.4361  -0.2389  -0.00    0.0
2382 114956.000   30.484869553  114.320554920     3.3206   4  17   0.5359   0.4601   1.2504   0.2220  -0.2023  -0.4249  -0.00    0.0
2382 114957.000   30.484955178  114.320555092     9.9581   4  18   0.5333   0.4331   1.2138   0.2397   0.0789  -0.4436  -0.00    0.0
2382 114958.000   30.485041717  114.320531520    16.2467   4  20   0.4457   0.3916   1.1002   0.0577   0.3102  -0.2336  -0.00    0.0
2382 114959.000   30.485175743  114.320523765     5.2469   4  19   0.4721   0.4598   1.1124   0.1753   0.2005  -0.3660  -0.00    0.0
2382 114960.000   30.485325731  114.320491575     4.7159   4  19   0.4739   0.4503   1.1453   0.1052   0.3666  -0.3464  -0.00    0.0
2382 114961.000   30.485452573  114.320544455     7.6090   4  20   0.4837   0.3951   1.0891   0.1099   0.2485  -0.3260  -0.00    0.0
2382 114962.000   30.485598636  114.320528835     2.5369   4  19   0.4724   0.4306   1.2010   0.0933   0.4027   0.0751  -0.00    0.0
2382 114963.000   30.485734299  114.320520139     5.3197   4  20   0.4670   0.4281   1.1299   0.1097   0.4260  -0.1522  -0.00    0.0
2382 114964.000   30.485870229  114.320525757     9.5053   4  21   0.4615   0.3840   1.0318  -0.0369   0.3073  -0.2361  -0.00    0.0
2382 114965.000   30.486003933  114.320532359    10.6936   4  21   0.4615   0.3840   1.0315  -0.0370   0.3072  -0.2362  -0.00    0.0
2382 114966.000   30.486143964  114.320550805    12.3659   4  22   0.4379   0.3834   1.0057   0.0417   0.3149  -0.2984  -0.00    0.0
2382 114967.000   30.486300680  114.320593509    15.9065   4  19   0.5173   0.4046   1.0885   0.1684   0.3113  -0.2315  -0.00    0.0
2382 114968.000   30.486413205  114.320610374    16.5888   4  19   0.4911   0.3982   1.1430   0.1277   0.2812  -0.2763  -0.00    0.0
2382 114969.000   30.486523638  114.320645937    15.1105   4  19   0.4911   0.3982   1.1435   0.1277   0.2813  -0.2764  -0.00    0.0
2382 114970.000   30.486601208  114.320655842    14.0660   4  19   0.4715   0.4218   1.0905   0.0786   0.3690  -0.1518  -0.00    0.0
2382 114971.000   30.486679722  114.320648399    12.7240   4  21   0.4431   0.3880   1.0431   0.0758   0.3400  -0.2653  -0.00    0.0
2382 114972.000   30.486732549  114.320665982    13.2153   4  20   0.4660   0.4005   1.1185   0.1214   0.2090  -0.3663  -0.00    0.0
2382 114973.000   30.486789633  114.320670973    12.7403   4  20   0.4659   0.4005   1.1186   0.1214   0.2089  -0.3665  -0.00    0.0
2382 114974.000   30.486850052  114.320674037    11.7004   4  20   0.4660   0.4005   1.1189   0.1214   0.2088  -0.3668  -0.00    0.0
2382 114975.000   30.486874539  114.320668475    13.0298   4  20   0.4682   0.3885   1.0669   0.0460   0.2878  -0.2286  -0.00    0.0
2382 114976.000   30.486916341  114.320700116     9.4529   4  20   0.5082   0.3967   1.0579   0.1597   0.2684  -0.3639  -0.00    0.0
2382 114977.000   30.486912268  114.320701432     9.3686   4  21   0.4656   0.3940   1.0569   0.1263   0.2648  -0.3752  -0.00    0.0
2382 114978.000   30.486935791  114.320685261     9.3670   4  22   0.4656   0.3940   1.0570   0.1263   0.2649  -0.3753  -0.00    0.0
2382 114979.000   30.486968419  114.320685826     3.7766   4  21   0.4388   0.4161   1.0205   0.0825   0.3563  -0.2898  -0.00    0.0
2382 114980.000   30.486965062  114.320722503     4.5935   4  19   0.5345   0.4458   1.1436  -0.1191   0.4569  -0.4136  -0.00    0.0
2382 114981.000   30.486948948  114.320737111     9.8027   4  20   0.4728   0.4235   1.0376   0.1435   0.3766  -0.2260  -0.00    0.0
2382 114982.000   30.486946379  114.320724128    13.5606   4  20   0.4728   0.4235   1.0377   0.1435   0.3767  -0.2260  -0.00    0.0
2382 114983.000   30.486962726  114.320710503    12.1299   4  20   0.4728   0.4235   1.0375   0.1436   0.3766  -0.2257  -0.00    0.0
2382 114984.000   30.486961402  114.320687628     9.0998   4  20   0.4610   0.4183   1.0416   0.0291   0.3440  -0.2329  -0.00    0.0
2382 114985.000   30.486981842  114.320686550     7.6691   4  19   0.4923   0.4259   1.0574   0.1208   0.3645  -0.1511  -0.00    0.0
2382 114986.000   30.486975779  114.320666715     8.9247   4  20   0.4610   0.4183   1.0417   0.0291   0.3440  -0.2330  -0.00    0.0
2382 114987.000   30.486998382  114.320659835     8.6804   4  20   0.4428   0.4165   1.0543   0.0773   0.3617  -0.3160  -0.00    0.0
2382 114988.000   30.486998129  114.320647467     1.4200   4  19   0.4737   0.4225   1.1286   0.0743   0.3759  -0.1943  -0.00    0.0
2382 114989.000   30.486987907  114.320627596    -7.5417   4  19   0.4709   0.4222   1.0913   0.0796   0.3699  -0.1516  -0.00    0.0
2382 114990.000   30.487017105  114.320644382     1.2669   4  19   0.4441   0.4624   1.1394   0.1136   0.4664  -0.2916  -0.00    0.0
2382 114991.000   30.486993061  114.320651903    -0.8604   4  19   0.4832   0.4452   1.2735   0.1557   0.4986   0.1371  -0.00    0.0
2382 114992.000   30.486996174  114.320655910    -5.9640   4  20   0.4607   0.4185   1.0426   0.0294   0.3446  -0.2333  -0.00    0.0
2382 114993.000   30.486989280  114.320664923    -1.8583   4  18   0.4687   0.4625   1.1826   0.1142   0.4670  -0.1941  -0.00    0.0
2382 114994.000   30.487016558  114.320657559    -7.3946   4  19   0.5253   0.5003   1.2767  -0.1797   0.5653  -0.4013  -0.00    0.0
2382 114995.000   30.487011565  114.320662702     1.2152   4  19   0.4684   0.4296   1.1718   0.1017   0.4362  -0.2011  -0.00    0.0
2382 114996.000   30.487002137  114.320666919    -1.4731   4  20   0.4606   0.4186   1.0428   0.0293   0.3447  -0.2337  -0.00    0.0
2382 114997.000   30.486983557  114.320678612     9.7188   4  18   0.4686   0.4626   1.1824   0.1140   0.4669  -0.1947  -0.00    0.0
2382 114998.000   30.487002516  114.320702061     9.6025   4  19   0.4815   0.4762   1.2360   0.1695   0.5144   0.1893  -0.00    0.0
2382 114999.000   30.487004889  114.320685408     2.8831   4  19   0.4658   0.4618   1.1413   0.1204   0.4575  -0.1488  -0.00    0.0
2382 115000.000   30.487007959  114.320671600     7.6268   4  20   0.4637   0.3846   1.0673  -0.0454   0.3127  -0.2678  -0.00    0.0
2382 115001.000   30.487012483  114.320706175    15.7523   4  20   0.4811   0.4441   1.2256   0.1603   0.4868   0.1816  -0.00    0.0
2382 115002.000   30.486993844  114.320708305    13.4131   4  19   0.4731   0.3889   1.1206   0.0581   0.3427  -0.1989  -0.00    0.0
2382 115003.000   30.486974902  114.320711290    12.4744   4  17   0.4913   0.4394   1.3852   0.0776   0.4579  -0.3572  -0.00    0.0
2382 115004.000   30.487009233  114.320683219     3.6059   4  21   0.4601   0.3845   1.0332  -0.0390   0.3084  -0.2383  -0.00    0.0
2382 115005.000   30.487048935  114.320689879    -1.9590   4  19   0.4914   0.4264   1.0592   0.1218   0.3657  -0.1515  -0.00    0.0
2382 115006.000   30.487069616  114.320698499    -0.1638   4  20   0.4702   0.3887   1.0826   0.0636   0.3370  -0.1580  -0.00    0.0
2382 115007.000   30.487102580  114.320721048    -2.2999   4  22   0.4370   0.3839   1.0065   0.0386   0.3159  -0.2996  -0.00    0.0
2382 115008.000   30.487159635  114.320734246     2.0762   4  20   0.4458   0.4416   1.1477   0.1306   0.4652  -0.2111  -0.00    0.0
2382 115009.000   30.487219171  114.320746118     0.6852   4  21   0.4599   0.3845   1.0325  -0.0392   0.3083  -0.2384  -0.00    0.0
2382 115010.000   30.487311539  114.320775227     4.5996   4  19   0.4807   0.4443   1.2260   0.1602   0.4872   0.1810  -0.00    0.0
2382 115011.000   30.487371076  114.320786860    -0.3584   4  22   0.4424   0.3887   1.0446   0.0751   0.3416  -0.2655  -0.00    0.0
2382 115012.000   30.487454821  114.320777081    -0.8339   4  22   0.4369   0.3840   1.0068   0.0382   0.3162  -0.2998  -0.00    0.0
2382 115013.000   30.487567021  114.320760305     4.2776   4  20   0.4641   0.3897   1.0942  -0.0743   0.2686  -0.1846  -0.00    0.0
2382 115014.000   30.487651966  114.320762265     3.3296   4  20   0.4529   0.4021   1.0518  -0.0663   0.3221  -0.2417  -0.00    0.0
2382 115015.000   30.487755276  114.320743803     5.4024   4  21   0.4423   0.3887   1.0445   0.0750   0.3415  -0.2656  -0.00    0.0
2382 115016.000   30.487859429  114.320747564     5.7610   4  21   0.4423   0.3887   1.0444   0.0749   0.3416  -0.2656  -0.00    0.0
2382 115017.000   30.487946169  114.320728686     1.8440   4  22   0.4368   0.3841   1.0065   0.0377   0.3161  -0.3000  -0.00    0.0
2382 115018.000   30.488056651  114.320709380     3.1509   4  20   0.4699   0.3889   1.0831   0.0636   0.3375  -0.1584  -0.00    0.0
2382 115019.000   30.488175067  114.320683137     3.5793   4  20   0.4698   0.3889   1.0832   0.0636   0.3375  -0.1583  -0.00    0.0
2382 115020.000   30.488281517  114.320651908     3.6118   4  22   0.4367   0.3841   1.0067   0.0375   0.3162  -0.3000  -0.00    0.0
2382 115021.000   30.488419064  114.320623749     9.8855   4  20   0.4698   0.3889   1.0834   0.0637   0.3376  -0.1582  -0.00    0.0
2382 115022.000   30.488550124  114.320596208    12.9873   4  20   0.4698   0.3890   1.0834   0.0637   0.3377  -0.1583  -0.00    0.0
2382 115023.000   30.488659768  114.320554740    14.7884   4  21   0.4422   0.3889   1.0448   0.0748   0.3419  -0.2657  -0.00    0.0
2382 115024.000   30.488778858  114.320507610     8.7118   4  21   0.4382   0.4287   1.0826   0.0910   0.4192  -0.2750  -0.00    0.0
2382 115025.000   30.488895055  114.320488887    11.1504   4  22   0.4366   0.3842   1.0068   0.0370   0.3163  -0.3002  -0.00    0.0
2382 115026.000   30.489017991  114.320447590     5.9945   4  20   0.4454   0.4422   1.1484   0.1302   0.4662  -0.2119  -0.00    0.0
2382 115027.000   30.489124277  114.320431828     6.8676   4  20   0.4454   0.4422   1.1487   0.1302   0.4663  -0.2119  -0.00    0.0
2382 115028.000   30.489228865  114.320417991     3.4428   4  22   0.4366   0.3842   1.0072   0.0367   0.3166  -0.3004  -0.00    0.0
2382 115029.000   30.489325617  114.320419183     4.3309   4  21   0.4455   0.4088   1.0359   0.1172   0.3663  -0.2620  -0.00    0.0
2382 115030.000   30.489384480  114.320408845     9.7066   4  21   0.4454   0.4088   1.0356   0.1171   0.3661  -0.2620  -0.00    0.0
2382 115031.000   30.489452216  114.320392065     8.3419   4  21   0.4454   0.4088   1.0357   0.1171   0.3661  -0.2621  -0.00    0.0
2382 115032.000   30.489505193  114.320396346     6.4752   4  22   0.4365   0.3843   1.0067   0.0365   0.3165  -0.3004  -0.00    0.0
2382 115033.000   30.489565264  114.320387552     2.2555   4  22   0.4365   0.3843   1.0067   0.0364   0.3164  -0.3005  -0.00    0.0
2382 115034.000   30.489614603  114.320399299     4.0403   4  22   0.4364   0.3843   1.0066   0.0362   0.3164  -0.3005  -0.00    0.0
2382 115035.000   30.489660672  114.320392265     2.7446   4  21   0.4420   0.3890   1.0449   0.0746   0.3422  -0.2659  -0.00    0.0
2382 115036.000   30.489689471  114.320402312     3.4670   4  21   0.4453   0.4088   1.0357   0.1169   0.3661  -0.2623  -0.00    0.0
2382 115037.000   30.489728521  114.320409450     4.3071   4  21   0.4453   0.4089   1.0358   0.1169   0.3662  -0.2623  -0.00    0.0
2382 115038.000   30.489760667  114.320392336     5.8220   4  22   0.4364   0.3843   1.0068   0.0359   0.3166  -0.3006  -0.00    0.0
2382 115039.000   30.489760891  114.320394306     7.7910   4  20   0.4692   0.3892   1.0843   0.0638   0.3385  -0.1587  -0.00    0.0
2382 115040.000   30.489763368  114.320399032    12.3464   4  20   0.4692   0.3892   1.0844   0.0638   0.3385  -0.1586  -0.00    0.0
2382 115041.000   30.489771362  114.320381980     7.6221   4  20   0.4692   0.3893   1.0847   0.0638   0.3386  -0.1584  -0.00    0.0
2382 115042.000   30.489787322  114.320362436     6.4683   4  20   0.4706   0.4090   1.0683   0.1134   0.3646  -0.1706  -0.00    0.0
2382 115043.000   30.489801223  114.320375879    11.4280   4  21   0.4587   0.3849   1.0334  -0.0407   0.3091  -0.2400  -0.00    0.0
2382 115044.000   30.489795287  114.320360202     7.9644   4  21   0.4587   0.3849   1.0333  -0.0407   0.3091  -0.2401  -0.00    0.0
2382 115045.000   30.489799447  114.320370014     6.9628   4  20   0.4619   0.3851   1.0686  -0.0475   0.3138  -0.2693  -0.00    0.0
2382 115046.000   30.489837960  114.320371010    17.7654   4  20   0.4998   0.4044   1.1456  -0.1703   0.4037  -0.4682  -0.00    0.0
2382 115047.000   30.489844444  114.320379020    27.1957   4  21   0.4474   0.3929   1.1406   0.0494   0.3213  -0.2662  -0.00    0.0
2382 115048.000   30.489830034  114.320399159    23.4234   4  21   0.4402   0.3846   1.0418   0.0225   0.3218  -0.3263  -0.00    0.0
2382 115049.000   30.489802056  114.320422340    22.6826   4  20   0.5161   0.4229   1.1653   0.1545   0.2256  -0.2031  -0.00    0.0
2382 115050.000   30.489807766  114.320395313    27.2612   4  21   0.4374   0.3974   1.0471  -0.0463   0.2676  -0.2848  -0.00    0.0
2382 115051.000   30.489819057  114.320378716    34.5720   4  21   0.4418   0.3893   1.0460   0.0743   0.3429  -0.2661  -0.00    0.0
2382 115052.000   30.489825062  114.320392154    37.3051   4  21   0.4417   0.3893   1.0458   0.0743   0.3429  -0.2661  -0.00    0.0
2382 115053.000   30.489818136  114.320405206    35.0976   4  21   0.4417   0.3893   1.0458   0.0742   0.3430  -0.2661  -0.00    0.0
2382 115054.000   30.489813586  114.320381059    29.0946   4  20   0.4528   0.4174   1.0848   0.1433   0.4012  -0.2050  -0.00    0.0
2382 115055.000   30.489815840  114.320407561    32.1108   4  21   0.4417   0.3894   1.0460   0.0742   0.3432  -0.2660  -0.00    0.0
2382 115056.000   30.489815674  114.320418582    32.0010   4  20   0.4420   0.4081   1.0499   0.0874   0.3590  -0.2631  -0.00    0.0
2382 115057.000   30.489805428  114.320421355    29.7768   4  20   0.4420   0.4081   1.0499   0.0873   0.3590  -0.2631  -0.00    0.0
2382 115058.000   30.489793404  114.320388885    20.4204   4  21   0.4361   0.4025   1.0101   0.0526   0.3308  -0.2995  -0.00    0.0
2382 115059.000   30.489791436  114.320388989    15.6844   4  21   0.4687   0.3896   1.0855   0.0639   0.3394  -0.1590  -0.00    0.0
2382 115060.000   30.489818194  114.320389797    15.9914   4  21   0.4673   0.3853   1.0861  -0.0516   0.3312  -0.3989  -0.00    0.0
2382 115061.000   30.489815581  114.320398314    18.5543   4  22   0.4359   0.3846   1.0075   0.0338   0.3171  -0.3014  -0.00    0.0
2382 115062.000   30.489784562  114.320396140    16.0686   4  20   0.4686   0.3896   1.0857   0.0638   0.3395  -0.1593  -0.00    0.0
2382 115063.000   30.489788752  114.320408353    13.1977   4  20   0.4689   0.4083   1.0897   0.0791   0.3557  -0.1538  -0.00    0.0
2382 115064.000   30.489816430  114.320390276    16.7557   4  21   0.4415   0.3895   1.0464   0.0741   0.3435  -0.2661  -0.00    0.0
2382 115065.000   30.489821397  114.320383502    21.0902   4  21   0.4438   0.3929   1.1031   0.0561   0.3162  -0.2345  -0.00    0.0
2382 115066.000   30.489825745  114.320387949    19.7045   4  21   0.4415   0.3896   1.0465   0.0740   0.3435  -0.2662  -0.00    0.0
2382 115067.000   30.489824709  114.320387303    13.9233   4  22   0.4357   0.3847   1.0075   0.0333   0.3172  -0.3015  -0.00    0.0
2382 115068.000   30.489816822  114.320392566     8.0804   4  21   0.4684   0.3897   1.0860   0.0639   0.3398  -0.1591  -0.00    0.0
2382 115069.000   30.489826878  114.320384042     5.1083   4  21   0.4684   0.3897   1.0861   0.0639   0.3398  -0.1590  -0.00    0.0
2382 115070.000   30.489842208  114.320384501    12.7038   4  21   0.4414   0.3896   1.0467   0.0740   0.3437  -0.2661  -0.00    0.0
2382 115071.000   30.489846420  114.320385530     9.5582   4  20   0.4526   0.4177   1.0856   0.1432   0.4020  -0.2050  -0.00    0.0
2382 115072.000   30.489828916  114.320405848     3.8938   4  20   0.4686   0.4085   1.0903   0.0791   0.3562  -0.1538  -0.00    0.0
2382 115073.000   30.489843664  114.320397718     2.4237   4  21   0.4683   0.3898   1.0866   0.0640   0.3402  -0.1589  -0.00    0.0
2382 115074.000   30.489860978  114.320397945     8.4974   4  21   0.4414   0.3897   1.0468   0.0739   0.3439  -0.2661  -0.00    0.0
2382 115075.000   30.489827330  114.320417624    19.3179   4  20   0.4974   0.4098   1.1491  -0.1537   0.4223  -0.4237  -0.00    0.0
2382 115076.000   30.489804493  114.320424669    20.7377   4  21   0.4974   0.4099   1.1494  -0.1539   0.4225  -0.4240  -0.00    0.0
2382 115077.000   30.489797961  114.320395624     7.5800   4  21   0.4414   0.3898   1.0473   0.0736   0.3442  -0.2667  -0.00    0.0
2382 115078.000   30.489801313  114.320420875    10.9202   4  20   0.4445   0.4438   1.1507   0.1292   0.4687  -0.2138  -0.00    0.0
2382 115079.000   30.489820261  114.320415494    11.8838   4  20   0.4681   0.3899   1.0871   0.0640   0.3405  -0.1592  -0.00    0.0
2382 115080.000   30.489861293  114.320401804    15.2430   4  21   0.4413   0.3898   1.0472   0.0738   0.3443  -0.2663  -0.00    0.0
2382 115081.000   30.489866364  114.320394057    14.0281   4  21   0.4412   0.3898   1.0470   0.0738   0.3441  -0.2663  -0.00    0.0
2382 115082.000   30.489892319  114.320388528    10.0402   4  20   0.4524   0.4179   1.0860   0.1431   0.4024  -0.2052  -0.00    0.0
2382 115083.000   30.489934778  114.320386105     9.4012   4  19   0.5369   0.4232   1.2523  -0.1135   0.2974  -0.5438  -0.00    0.0
2382 115084.000   30.489981242  114.320385280    11.9318   4  20   0.5630   0.4118   1.1583  -0.0818   0.3631  -0.5380  -0.00    0.0
2382 115085.000   30.489978350  114.320387792    18.3199   4  16   0.5017   0.4671   1.0792   0.0833   0.3642  -0.0604  -0.00    0.0
2382 115086.000   30.490047881  114.320372793     5.1281   4  13   0.5273   0.4440   1.5373  -0.1788   0.4785  -0.4758  -0.00    0.0
2382 115087.000   30.490111987  114.320359256    -4.3737   4   9   0.8236   0.7088   1.9599  -0.3160   0.7801  -0.6295  -0.00    0.0
2382 115088.000   30.490240098  114.320376281     8.4443   4  17   0.5631   0.4087   1.0898   0.0670   0.2580  -0.3323  -0.00    0.0
2382 115089.000   30.490427154  114.320343501    -2.3857   4  17   0.4858   0.5125   1.1948   0.1608   0.5303  -0.0742  -0.00    0.0
2382 115090.000   30.490588867  114.320328661    -0.5170   4  17   0.4800   0.5157   1.2574   0.1884   0.5531   0.2025  -0.00    0.0
2382 115091.000   30.490724525  114.320345367     6.2742   4  20   0.4678   0.3902   1.0885   0.0642   0.3414  -0.1591  -0.00    0.0
2382 115092.000   30.490846659  114.320345619    11.0829   4  21   0.4570   0.3856   1.0352  -0.0428   0.3107  -0.2424  -0.00    0.0
2382 115093.000   30.490991743  114.320328016    11.1096   4  21   0.4569   0.3855   1.0347  -0.0428   0.3104  -0.2425  -0.00    0.0
2382 115094.000   30.491121799  114.320330203    11.2276   4  22   0.4352   0.3850   1.0079   0.0307   0.3177  -0.3023  -0.00    0.0
2382 115095.000   30.491253794  114.320327002     9.3665   4  21   0.4628   0.3948   1.0606   0.1212   0.2686  -0.3787  -0.00    0.0
2382 115096.000   30.491397676  114.320331751     9.2430   4  21   0.4628   0.3948   1.0607   0.1211   0.2686  -0.3789  -0.00    0.0
2382 115097.000   30.491524645  114.320330937     8.7628   4  22   0.4351   0.3850   1.0081   0.0303   0.3178  -0.3027  -0.00    0.0
2382 115098.000   30.491673191  114.320326486     6.5831   4  22   0.4351   0.3851   1.0080   0.0303   0.3178  -0.3026  -0.00    0.0
2382 115099.000   30.491787359  114.320325645     7.0632   4  21   0.4627   0.3948   1.0607   0.1210   0.2687  -0.3789  -0.00    0.0
2382 115100.000   30.491915208  114.320320806     5.4256   4  22   0.4351   0.3851   1.0080   0.0300   0.3179  -0.3027  -0.00    0.0
2382 115101.000   30.492048738  114.320320209     5.4056   4  22   0.4350   0.3851   1.0080   0.0299   0.3179  -0.3027  -0.00    0.0
2382 115102.000   30.492171407  114.320315122     3.8747   4  22   0.4350   0.3851   1.0079   0.0298   0.3179  -0.3027  -0.00    0.0
2382 115103.000   30.492281223  114.320312030     8.2391   4  22   0.4350   0.3851   1.0079   0.0297   0.3179  -0.3027  -0.00    0.0
2382 115104.000   30.492400223  114.320302837     8.7015   4  22   0.4350   0.3851   1.0080   0.0296   0.3179  -0.3027  -0.00    0.0
2382 115105.000   30.492528272  114.320299082    12.5452   4  22   0.4349   0.3851   1.0080   0.0295   0.3180  -0.3027  -0.00    0.0
2382 115106.000   30.492655088  114.320295451    13.7684   4  21   0.4365   0.3893   1.0566  -0.0354   0.2882  -0.2827  -0.00    0.0
2382 115107.000   30.492778028  114.320280445    16.5830   4  21   0.4365   0.3893   1.0568  -0.0355   0.2883  -0.2827  -0.00    0.0
2382 115108.000   30.492871679  114.320275429    14.4361   4  21   0.4625   0.3949   1.0612   0.1206   0.2690  -0.3793  -0.00    0.0
2382 115109.000   30.492996964  114.320281566    13.1244   4  22   0.4349   0.3852   1.0083   0.0290   0.3181  -0.3030  -0.00    0.0
2382 115110.000   30.493120015  114.320262286    18.1192   4  21   0.4364   0.3894   1.0568  -0.0357   0.2884  -0.2830  -0.00    0.0
2382 115111.000   30.493225367  114.320273505    22.2369   4  21   0.4364   0.3894   1.0568  -0.0358   0.2884  -0.2829  -0.00    0.0
2382 115112.000   30.493329943  114.320300218    14.1450   4  19   0.4629   0.4244   1.2094   0.1077  -0.1245  -0.3636  -0.00    0.0
2382 115113.000   30.493443698  114.320265347    18.9262   4  20   0.4627   0.4009   1.1225   0.1156   0.2176  -0.3717  -0.00    0.0
2382 115114.000   30.493555987  114.320275683    18.0023   4  21   0.4364   0.3894   1.0575  -0.0360   0.2885  -0.2833  -0.00    0.0
2382 115114.999   30.493684905  114.320295246    10.4880   4  22   0.4348   0.3853   1.0086   0.0284   0.3182  -0.3032  -0.00    0.0
2382 115115.999   30.493825626  114.320298294     7.7770   4  20   0.4667   0.3992   1.1044   0.1348   0.3004  -0.3530  -0.00    0.0
2382 115116.999   30.493919394  114.320289056     8.2852   4  21   0.4407   0.3904   1.0484   0.0730   0.3454  -0.2670  -0.00    0.0
2382 115117.999   30.494029942  114.320302978     4.9360   4  21   0.4623   0.3950   1.0617   0.1202   0.2694  -0.3797  -0.00    0.0
2382 115118.999   30.494137867  114.320318007     7.5806   4  22   0.4347   0.3853   1.0085   0.0279   0.3183  -0.3033  -0.00    0.0
2382 115119.999   30.494243309  114.320327833     7.3657   4  21   0.4362   0.3895   1.0570  -0.0364   0.2888  -0.2834  -0.00    0.0
2382 115120.999   30.494363338  114.320356330     6.5108   4  22   0.4346   0.3853   1.0085   0.0277   0.3183  -0.3033  -0.00    0.0
2382 115121.999   30.494443107  114.320369056     8.8636   4  19   0.4729   0.3941   1.1647   0.0111   0.3089   0.0740  -0.00    0.0
2382 115122.999   30.494557407  114.320361948     4.1591   4  20   0.4599   0.3906   1.0967  -0.0750   0.2737  -0.1945  -0.00    0.0
2382 115123.999   30.494692711  114.320350242     3.2022   4  22   0.4346   0.3854   1.0089   0.0274   0.3185  -0.3033  -0.00    0.0
2382 115124.999   30.494799493  114.320344200     7.5799   4  19   0.4671   0.4041   1.1756   0.1289   0.2560  -0.3393  -0.00    0.0
2382 115125.999   30.494918646  114.320334949     5.2425   4  22   0.4345   0.3854   1.0089   0.0270   0.3185  -0.3036  -0.00    0.0
2382 115126.999   30.495007690  114.320322077     4.8709   4  21   0.4405   0.3906   1.0490   0.0728   0.3458  -0.2671  -0.00    0.0
2382 115127.999   30.495044772  114.320302781    11.8195   4  21   0.4360   0.3896   1.0571  -0.0369   0.2891  -0.2836  -0.00    0.0
2382 115128.999   30.495112446  114.320313223    13.0141   4  20   0.4381   0.4069   1.1193  -0.0799   0.2010  -0.2545  -0.00    0.0
2382 115129.999   30.495150452  114.320331905    17.2564   4  20   0.4427   0.3938   1.1057   0.0552   0.3197  -0.2359  -0.00    0.0
2382 115130.999   30.495215945  114.320337368     7.2243   4  22   0.4344   0.3855   1.0090   0.0265   0.3186  -0.3036  -0.00    0.0
2382 115131.999   30.495242103  114.320364390     7.0813   4  20   0.4676   0.3900   1.1417  -0.0674   0.3028  -0.3916  -0.00    0.0
2382 115132.999   30.495282291  114.320393744     9.7363   4  21   0.4404   0.3907   1.0492   0.0726   0.3461  -0.2672  -0.00    0.0
2382 115133.999   30.495277396  114.320399677    10.4659   4  21   0.4404   0.3907   1.0493   0.0726   0.3462  -0.2673  -0.00    0.0
2382 115134.999   30.495277983  114.320429275     9.3615   4  21   0.4554   0.3860   1.0359  -0.0447   0.3114  -0.2450  -0.00    0.0
2382 115135.999   30.495286406  114.320467677     7.4164   4  21   0.4403   0.3907   1.0492   0.0727   0.3462  -0.2670  -0.00    0.0
2382 115136.999   30.495275395  114.320532242     5.2390   4  21   0.4554   0.3860   1.0359  -0.0448   0.3115  -0.2450  -0.00    0.0
2382 115137.999   30.495253193  114.320602191     6.0721   4  21   0.4403   0.3907   1.0492   0.0726   0.3463  -0.2671  -0.00    0.0
2382 115138.999   30.495229372  114.320705223     7.5221   4  21   0.4403   0.3908   1.0493   0.0726   0.3463  -0.2671  -0.00    0.0
2382 115139.999   30.495209718  114.320814414    10.8768   4  19   0.4683   0.3971   1.0947   0.0329   0.3332  -0.1471  -0.00    0.0
2382 115140.999   30.495182882  114.320907236    10.3286   4  20   0.4570   0.3928   1.0396  -0.0699   0.3017  -0.2383  -0.00    0.0
2382 115141.999   30.495149646  114.321026651    12.0341   4  20   0.4663   0.3909   1.0907   0.0643   0.3433  -0.1605  -0.00    0.0
2382 115142.999   30.495115663  114.321143926    11.1560   4  21   0.4402   0.3908   1.0496   0.0725   0.3465  -0.2671  -0.00    0.0
2382 115143.999   30.495092842  114.321253367     6.9183   4  19   0.4852   0.4051   1.1243  -0.0948   0.3408  -0.3580  -0.00    0.0
2382 115144.999   30.495036754  114.321387984    10.9085   4  20   0.4568   0.3929   1.0398  -0.0701   0.3019  -0.2387  -0.00    0.0
2382 115145.999   30.495010043  114.321538371    12.6814   4  21   0.4354   0.3988   1.0486  -0.0524   0.2700  -0.2884  -0.00    0.0
2382 115146.999   30.494967678  114.321689989     9.0165   4  21   0.4550   0.3862   1.0363  -0.0452   0.3117  -0.2456  -0.00    0.0
2382 115147.999   30.494940737  114.321846259     8.8196   4  21   0.4550   0.3862   1.0363  -0.0453   0.3117  -0.2456  -0.00    0.0
2382 115148.999   30.494917947  114.321995112    12.6493   4  19   0.4519   0.4107   1.0594  -0.0845   0.3196  -0.2389  -0.00    0.0
2382 115149.999   30.494899031  114.322157710    10.8534   4  21   0.4549   0.3862   1.0364  -0.0453   0.3118  -0.2457  -0.00    0.0
2382 115150.999   30.494863263  114.322310811     9.6471   4  20   0.4588   0.3909   1.0971  -0.0752   0.2750  -0.1970  -0.00    0.0
2382 115151.999   30.494825055  114.322445181    13.0153   4  19   0.4779   0.4040   1.1027   0.0911   0.2382  -0.3299  -0.00    0.0
2382 115152.999   30.494819541  114.322598618    15.1148   4  20   0.4412   0.3971   1.0526   0.0556   0.3395  -0.2631  -0.00    0.0
2382 115153.999   30.494758859  114.322743088     9.7496   4  22   0.4340   0.3858   1.0094   0.0238   0.3191  -0.3044  -0.00    0.0
2382 115154.999   30.494728086  114.322880338    11.7244   4  20   0.4356   0.4103   1.0135  -0.0671   0.2987  -0.2984  -0.00    0.0
2382 115155.999   30.494710353  114.323016127    12.1932   4  20   0.4440   0.4529   1.1544   0.1187   0.4676  -0.2127  -0.00    0.0
2382 115156.999   30.494675720  114.323140950     8.6499   4  21   0.4349   0.3923   1.0116  -0.0392   0.3120  -0.3013  -0.00    0.0
2382 115157.999   30.494654253  114.323275838     5.1727   4  20   0.4365   0.3966   1.0607  -0.0612   0.2805  -0.2806  -0.00    0.0
2382 115158.999   30.494619582  114.323407390     3.4275   4  19   0.4605   0.3981   1.1020  -0.0943   0.2610  -0.1865  -0.00    0.0
2382 115159.999   30.494594084  114.323536939     6.1277   4  19   0.4717   0.3946   1.1673   0.0164   0.3115   0.0710  -0.00    0.0
2382 115160.999   30.494570246  114.323624568     5.8455   4  19   0.4717   0.3946   1.1678   0.0167   0.3117   0.0718  -0.00    0.0
2382 115161.999   30.494544476  114.323721692     1.6641   4  19   0.4604   0.3982   1.1028  -0.0943   0.2612  -0.1863  -0.00    0.0
2382 115162.999   30.494528070  114.323803185     2.7298   4  19   0.4434   0.4007   1.1106   0.0259   0.3119  -0.2302  -0.00    0.0
2382 115163.999   30.494502210  114.323871442     3.6377   4  20   0.4364   0.3966   1.0609  -0.0615   0.2806  -0.2808  -0.00    0.0
2382 115164.999   30.494498574  114.323920819     2.0676   4  20   0.4363   0.3967   1.0608  -0.0615   0.2806  -0.2809  -0.00    0.0
2382 115165.999   30.494493890  114.323971074     0.9047   4  21   0.4352   0.3899   1.0579  -0.0393   0.2904  -0.2852  -0.00    0.0
2382 115166.999   30.494474670  114.324026345     2.5102   4  21   0.4347   0.3923   1.0117  -0.0400   0.3120  -0.3016  -0.00    0.0
2382 115167.999   30.494455969  114.324082076     6.7606   4  22   0.4336   0.3859   1.0095   0.0219   0.3194  -0.3048  -0.00    0.0
2382 115168.999   30.494466948  114.324125501     6.3066   4  20   0.4409   0.3973   1.0528   0.0551   0.3401  -0.2633  -0.00    0.0
2382 115169.999   30.494441656  114.324128361     2.9775   4  21   0.4346   0.3924   1.0117  -0.0402   0.3121  -0.3017  -0.00    0.0
2382 115170.999   30.494419816  114.324151322     8.5027   4  22   0.4336   0.3860   1.0096   0.0216   0.3195  -0.3049  -0.00    0.0
2382 115171.999   30.494425396  114.324166246     4.8986   4  20   0.4362   0.3967   1.0605  -0.0618   0.2808  -0.2812  -0.00    0.0
2382 115172.999   30.494438259  114.324172846     2.1482   4  21   0.4345   0.3924   1.0117  -0.0405   0.3122  -0.3018  -0.00    0.0
2382 115173.999   30.494417021  114.324189901     7.6774   4  20   0.4361   0.3967   1.0607  -0.0619   0.2809  -0.2813  -0.00    0.0
2382 115174.999   30.494396164  114.324211017    18.1047   4  20   0.4376   0.3925   1.0506  -0.0440   0.3146  -0.3252  -0.00    0.0
2382 115175.999   30.494411715  114.324224584    20.4298   4  20   0.4447   0.3947   1.1481   0.0468   0.3297  -0.2665  -0.00    0.0
2382 115176.999   30.494416884  114.324207332     9.8794   4  22   0.4335   0.3861   1.0100   0.0205   0.3197  -0.3052  -0.00    0.0
2382 115177.999   30.494428430  114.324204561     5.6901   4  22   0.4334   0.3861   1.0100   0.0205   0.3197  -0.3051  -0.00    0.0
2382 115178.999   30.494429925  114.324203154     6.5722   4  22   0.4334   0.3861   1.0097   0.0204   0.3196  -0.3051  -0.00    0.0
2382 115179.999   30.494427110  114.324204609     8.6826   4  21   0.4349   0.3900   1.0578  -0.0401   0.2910  -0.2857  -0.00    0.0
2382 115180.999   30.494433770  114.324201578     7.0620   4  21   0.4349   0.3901   1.0580  -0.0402   0.2910  -0.2858  -0.00    0.0
2382 115181.999   30.494420034  114.324192487    11.6395   4  22   0.4333   0.3861   1.0100   0.0199   0.3197  -0.3052  -0.00    0.0
2382 115182.999   30.494416124  114.324204145    12.7975   4  21   0.4349   0.3901   1.0580  -0.0403   0.2911  -0.2859  -0.00    0.0
2382 115183.999   30.494417047  114.324192554    13.7103   4  22   0.4333   0.3861   1.0099   0.0196   0.3197  -0.3053  -0.00    0.0
2382 115184.999   30.494412369  114.324191436     7.7984   4  21   0.4348   0.3901   1.0580  -0.0404   0.2912  -0.2859  -0.00    0.0
2382 115185.999   30.494411381  114.324211439     8.5660   4  21   0.4348   0.3901   1.0581  -0.0405   0.2912  -0.2860  -0.00    0.0
2382 115186.999   30.494415899  114.324232035     6.0173   4  21   0.4348   0.3901   1.0582  -0.0406   0.2913  -0.2860  -0.00    0.0
2382 115187.999   30.494405030  114.324265274     4.6844   4  22   0.4332   0.3862   1.0101   0.0189   0.3198  -0.3054  -0.00    0.0
2382 115188.999   30.494381212  114.324314517     5.1959   4  21   0.4347   0.3901   1.0581  -0.0407   0.2913  -0.2861  -0.00    0.0
2382 115189.999   30.494373953  114.324377060     7.1489   4  21   0.4347   0.3901   1.0581  -0.0407   0.2914  -0.2862  -0.00    0.0
2382 115190.999   30.494376148  114.324440027     2.6725   4  21   0.4347   0.3902   1.0583  -0.0408   0.2914  -0.2862  -0.00    0.0
2382 115191.999   30.494357844  114.324520265     5.6375   4  21   0.4534   0.3867   1.0378  -0.0470   0.3128  -0.2480  -0.00    0.0
2382 115192.999   30.494341643  114.324606794     4.4299   4  20   0.4572   0.3912   1.0981  -0.0754   0.2769  -0.2009  -0.00    0.0
2382 115193.999   30.494318096  114.324712773     4.8432   4  20   0.4572   0.3912   1.0982  -0.0754   0.2769  -0.2009  -0.00    0.0
2382 115194.999   30.494297254  114.324825437     5.4614   4  19   0.4769   0.4032   1.1767   0.0870   0.1885  -0.3126  -0.00    0.0
2382 115195.999   30.494283771  114.324933714    14.4550   4  20   0.4647   0.3918   1.0943   0.0646   0.3457  -0.1620  -0.00    0.0
2382 115196.999   30.494260430  114.325037768    13.6952   4  22   0.4394   0.3917   1.0522   0.0716   0.3485  -0.2679  -0.00    0.0
2382 115197.999   30.494230059  114.325143965    14.0138   4  21   0.4394   0.3917   1.0520   0.0716   0.3486  -0.2678  -0.00    0.0
2382 115198.999   30.494180391  114.325241717     6.0695   4  20   0.4550   0.3935   1.0413  -0.0716   0.3033  -0.2415  -0.00    0.0
2382 115199.999   30.494168073  114.325349974     4.0583   4  21   0.4604   0.3956   1.0648   0.1165   0.2720  -0.3822  -0.00    0.0
2382 115200.999   30.494143773  114.325484454     8.0359   4  19   0.4666   0.3981   1.0984   0.0330   0.3360  -0.1487  -0.00    0.0
2382 115201.999   30.494094268  114.325592623     5.4898   4  21   0.4340   0.3928   1.0127  -0.0428   0.3129  -0.3028  -0.00    0.0
2382 115202.999   30.494064006  114.325734260    -1.7858   4  22   0.4329   0.3864   1.0105   0.0166   0.3202  -0.3059  -0.00    0.0
2382 115203.999   30.494041480  114.325850431     0.3324   4  20   0.4548   0.3936   1.0413  -0.0718   0.3033  -0.2418  -0.00    0.0
2382 115204.999   30.494020004  114.325970554    -1.1385   4  21   0.4530   0.3869   1.0380  -0.0474   0.3131  -0.2487  -0.00    0.0
2382 115205.999   30.493974195  114.326112133    -0.6424   4  21   0.4566   0.3878   1.0209   0.0704   0.3275  -0.2691  -0.00    0.0
2382 115206.999   30.493939951  114.326242840     2.1575   4  22   0.4328   0.3864   1.0104   0.0158   0.3203  -0.3060  -0.00    0.0
2382 115207.999   30.493892078  114.326367817     3.0719   4  22   0.4328   0.3864   1.0104   0.0156   0.3203  -0.3060  -0.00    0.0
2382 115208.999   30.493863904  114.326503933     3.7275   4  22   0.4328   0.3864   1.0104   0.0154   0.3203  -0.3061  -0.00    0.0
2382 115209.999   30.493826994  114.326630218     2.8041   4  20   0.4433   0.4484   1.0861  -0.0684   0.4101  -0.2725  -0.00    0.0
2382 115210.999   30.493784319  114.326756269     3.1352   4  22   0.4328   0.3865   1.0106   0.0148   0.3204  -0.3062  -0.00    0.0
2382 115211.999   30.493753878  114.326881523     3.5149   4  20   0.4545   0.3937   1.0417  -0.0720   0.3037  -0.2423  -0.00    0.0
2382 115212.999   30.493747639  114.327026118     6.2808   4  19   0.4807   0.4478   1.1987   0.1345   0.4709  -0.3281  -0.00    0.0
2382 115213.999   30.493713379  114.327154911    14.6238   4  18   0.4817   0.4515   1.3346   0.1531   0.4892   0.2676  -0.00    0.0
2382 115214.999   30.493724153  114.327271746    19.9910   4  17   0.4840   0.4581   1.3407   0.1412   0.4814   0.2776  -0.00    0.0
2382 115215.999   30.493705409  114.327388381    20.3130   4  18   0.4817   0.4517   1.3369   0.1535   0.4903   0.2688  -0.00    0.0
2382 115216.999   30.493698080  114.327459239    18.8647   4  19   0.4446   0.4492   1.2210   0.1208   0.4628  -0.1692  -0.00    0.0
2382 115217.999   30.493699216  114.327539499    21.3774   4  19   0.4736   0.4513   1.2409   0.1590   0.5003   0.1690  -0.00    0.0
2382 115218.999   30.493656954  114.327574154    14.3190   4  19   0.4446   0.4492   1.2205   0.1207   0.4627  -0.1697  -0.00    0.0
2382 115219.999   30.493628894  114.327606551    12.3155   4  19   0.4607   0.4350   1.2000   0.0802   0.4108  -0.1027  -0.00    0.0
2382 115220.999   30.493616287  114.327671394    14.1549   4  19   0.4699   0.3954   1.1718   0.0229   0.3163   0.0652  -0.00    0.0
2382 115221.999   30.493593361  114.327738390    12.0277   4  19   0.4452   0.3975   1.1194   0.0188   0.3151  -0.2184  -0.00    0.0
2382 115222.999   30.493598273  114.327780721    17.4403   4  20   0.4412   0.3951   1.1098   0.0543   0.3249  -0.2375  -0.00    0.0
2382 115223.999   30.493592469  114.327825267    19.7627   4  21   0.4336   0.4324   1.0838   0.0777   0.4222  -0.2866  -0.00    0.0
2382 115224.999   30.493545723  114.327877420    12.4041   4  18   0.4813   0.4518   1.3351   0.1531   0.4899   0.2669  -0.00    0.0
2382 115225.999   30.493536033  114.327914365     3.2979   4  18   0.5078   0.4352   1.2382   0.0871   0.4087  -0.2766  -0.00    0.0
2382 115226.999   30.493538803  114.327980180     8.7978   4  19   0.4697   0.3955   1.1726   0.0234   0.3168   0.0648  -0.00    0.0
2382 115227.999   30.493555835  114.328009825    23.4118   4  20   0.4411   0.3952   1.1103   0.0543   0.3253  -0.2377  -0.00    0.0
2382 115228.999   30.493537235  114.328060596    23.2930   4  21   0.4411   0.3952   1.1100   0.0543   0.3252  -0.2377  -0.00    0.0
2382 115229.999   30.493514924  114.328087166    16.1556   4  21   0.4339   0.3905   1.0593  -0.0429   0.2929  -0.2878  -0.00    0.0
2382 115230.999   30.493513791  114.328137810    16.9464   4  21   0.4388   0.3923   1.0535   0.0710   0.3498  -0.2683  -0.00    0.0
2382 115231.999   30.493487078  114.328171796    11.7409   4  21   0.4334   0.4325   1.0835   0.0771   0.4222  -0.2870  -0.00    0.0
2382 115232.999   30.493471045  114.328229436     9.2596   4  21   0.4666   0.3875   1.0871  -0.0643   0.3356  -0.4053  -0.00    0.0
2382 115233.999   30.493430866  114.328249641     6.0932   4  22   0.4323   0.3868   1.0114   0.0088   0.3210  -0.3070  -0.00    0.0
2382 115234.999   30.493401067  114.328275136     4.8569   4  21   0.4597   0.3958   1.0663   0.1149   0.2731  -0.3836  -0.00    0.0
2382 115235.999   30.493388387  114.328295405     2.8643   4  20   0.4556   0.3916   1.0991  -0.0757   0.2788  -0.2051  -0.00    0.0
2382 115236.999   30.493346433  114.328303325     2.4688   4  21   0.4596   0.3958   1.0665   0.1149   0.2731  -0.3836  -0.00    0.0
2382 115237.999   30.493311919  114.328307264     6.1642   4  20   0.4740   0.3968   1.1019   0.1000   0.2588  -0.3393  -0.00    0.0
2382 115238.999   30.493257497  114.328299474     0.7598   4  21   0.4596   0.3958   1.0667   0.1148   0.2731  -0.3838  -0.00    0.0
2382 115239.999   30.493201087  114.328281056    -0.6951   4  22   0.4322   0.3868   1.0116   0.0072   0.3210  -0.3073  -0.00    0.0
2382 115240.999   30.493132337  114.328282438     2.1375   4  21   0.4329   0.4029   1.0136  -0.0522   0.3092  -0.3046  -0.00    0.0
2382 115241.999   30.493071763  114.328251302     7.7102   4  21   0.4517   0.3873   1.0392  -0.0488   0.3141  -0.2508  -0.00    0.0
2382 115242.999   30.492997528  114.328233489     9.0865   4  21   0.4633   0.3925   1.0966   0.0648   0.3478  -0.1634  -0.00    0.0
2382 115243.999   30.492908964  114.328203247     5.9447   4  21   0.4516   0.3873   1.0396  -0.0488   0.3142  -0.2507  -0.00    0.0
2382 115244.999   30.492803274  114.328183662     0.2485   4  22   0.4321   0.3869   1.0116   0.0048   0.3212  -0.3072  -0.00    0.0
2382 115245.999   30.492704406  114.328152888    -1.3697   4  22   0.4320   0.3869   1.0115   0.0040   0.3212  -0.3072  -0.00    0.0
2382 115246.999   30.492622987  114.328129671    -0.3019   4  20   0.4403   0.4044   1.0985   0.0346   0.3044  -0.2448  -0.00    0.0
2382 115247.999   30.492535293  114.328110467     1.1956   4  21   0.4385   0.3926   1.0541   0.0707   0.3504  -0.2685  -0.00    0.0
2382 115248.999   30.492469366  114.328075389    -0.3474   4  22   0.4320   0.3870   1.0118  -0.0017   0.3213  -0.3074  -0.00    0.0
2382 115249.999   30.492380887  114.328033779    -1.8151   4  22   0.4320   0.3870   1.0116  -0.0029   0.3213  -0.3074  -0.00    0.0
2382 115250.999   30.492301472  114.328017365    -4.8121   4  22   0.4319   0.3870   1.0115  -0.0040   0.3213  -0.3075  -0.00    0.0
2382 115251.999   30.492225266  114.327982440    -3.9813   4  21   0.4513   0.3874   1.0396  -0.0492   0.3144  -0.2513  -0.00    0.0
2382 115252.999   30.492142384  114.327950341    -2.5721   4  21   0.4513   0.3874   1.0397  -0.0492   0.3144  -0.2513  -0.00    0.0
2382 115253.999   30.492071277  114.327937980     6.2255   4  20   0.4389   0.4100   1.0552   0.0523   0.3432  -0.2670  -0.00    0.0
2382 115254.999   30.491965042  114.327908356     8.5375   4  20   0.4389   0.4100   1.0553   0.0522   0.3433  -0.2670  -0.00    0.0
2382 115255.999   30.491868312  114.327869523     5.3809   4  19   0.4630   0.4100   1.0979   0.0572   0.3450  -0.1632  -0.00    0.0
2382 115256.999   30.491765996  114.327838389     5.0175   4  22   0.4318   0.3871   1.0120  -0.0071   0.3215  -0.3076  -0.00    0.0
2382 115257.999   30.491654686  114.327819341     4.0884   4  21   0.4511   0.3875   1.0400  -0.0493   0.3146  -0.2515  -0.00    0.0
2382 115258.999   30.491562554  114.327800299     5.6765   4  21   0.4384   0.3928   1.0545   0.0706   0.3508  -0.2686  -0.00    0.0
2382 115259.999   30.491435211  114.327748293     3.8050   4  21   0.4336   0.4206   1.0250   0.0812   0.3609  -0.2968  -0.00    0.0
2382 115260.999   30.491325443  114.327725878     4.0169   4  22   0.4317   0.3871   1.0120  -0.0087   0.3216  -0.3078  -0.00    0.0
2382 115261.999   30.491237949  114.327696090     1.4977   4  20   0.4666   0.4404   1.0701   0.1705   0.3002  -0.3757  -0.00    0.0
2382 115262.999   30.491141058  114.327686492     4.2456   4  20   0.4639   0.4009   1.1137   0.1306   0.3078  -0.3557  -0.00    0.0
2382 115263.999   30.491027241  114.327611455     7.2797   4  21   0.4336   0.4206   1.0253   0.0812   0.3610  -0.2971  -0.00    0.0
2382 115264.999   30.490941397  114.327598057    10.3321   4  22   0.4317   0.3872   1.0122  -0.0097   0.3217  -0.3080  -0.00    0.0
2382 115265.999   30.490869959  114.327572860     9.1198   4  22   0.4316   0.3872   1.0120  -0.0101   0.3217  -0.3079  -0.00    0.0
2382 115266.999   30.490780996  114.327541800    12.0585   4  22   0.4316   0.3872   1.0120  -0.0105   0.3217  -0.3080  -0.00    0.0
2382 115267.999   30.490725125  114.327516840     9.2987   4  22   0.4316   0.3872   1.0120  -0.0108   0.3217  -0.3080  -0.00    0.0
2382 115268.999   30.490681174  114.327490159     4.3906   4  21   0.4328   0.4006   1.0509  -0.0588   0.2729  -0.2927  -0.00    0.0
2382 115269.999   30.490643460  114.327475037     6.3238   4  22   0.4315   0.3872   1.0121  -0.0114   0.3217  -0.3081  -0.00    0.0
2382 115270.999   30.490596451  114.327463151    12.1439   4  20   0.4404   0.3957   1.1111   0.0538   0.3273  -0.2387  -0.00    0.0
2382 115271.999   30.490558786  114.327443515    13.5508   4  20   0.4543   0.3919   1.1002  -0.0759   0.2806  -0.2081  -0.00    0.0
2382 115272.999   30.490545654  114.327435015    20.3981   4  20   0.4403   0.3958   1.1116   0.0538   0.3276  -0.2386  -0.00    0.0
2382 115273.999   30.490516783  114.327425837    17.6117   4  20   0.4542   0.3919   1.1005  -0.0759   0.2807  -0.2081  -0.00    0.0
2382 115274.999   30.490562126  114.327458228    11.2103   4  21   0.4587   0.3961   1.0683   0.1131   0.2745  -0.3847  -0.00    0.0
2382 115275.999   30.490515860  114.327473957     1.1271   4  18   0.4844   0.4061   1.2657   0.1089   0.2446  -0.2360  -0.00    0.0
2382 115276.999   30.490523030  114.327473016    -0.3529   4  18   0.5202   0.4097   1.2724   0.1488   0.2580  -0.1805  -0.00    0.0
2382 115277.999   30.490515517  114.327470879    -1.8157   4  18   0.4844   0.4061   1.2673   0.1090   0.2450  -0.2361  -0.00    0.0
2382 115278.999   30.490559419  114.327478971     8.2172   4  18   0.4656   0.4550   1.3110   0.1523   0.4331  -0.3115  -0.00    0.0
2382 115279.999   30.490565770  114.327470878     6.8851   4  19   0.4656   0.4551   1.3114   0.1522   0.4335  -0.3117  -0.00    0.0
2382 115280.999   30.490514995  114.327412278    -9.6994   4  18   0.4785   0.4526   1.1818   0.1440   0.1980  -0.3189  -0.00    0.0
2382 115281.999   30.490531630  114.327451732    -8.5308   4  20   0.4738   0.4034   1.1815   0.0845   0.1965  -0.3192  -0.00    0.0
2382 115282.999   30.490567136  114.327456381     9.3616   4  19   0.4641   0.4052   1.1861   0.1248   0.2686  -0.3429  -0.00    0.0
2382 115283.999   30.490539890  114.327462417    -0.7677   4  18   0.4842   0.4061   1.2672   0.1089   0.2455  -0.2367  -0.00    0.0
2382 115284.999   30.490534497  114.327475818    -9.6389   4  18   0.4882   0.4314   1.4265   0.0523  -0.1866  -0.1224  -0.00    0.0
2382 115285.999   30.490527020  114.327430664     5.4730   4  19   0.4712   0.4453   1.1197   0.1827   0.3333  -0.3467  -0.00    0.0
2382 115286.999   30.490515480  114.327427766     4.8947   4  19   0.4716   0.4506   1.1882   0.1792   0.2892  -0.3359  -0.00    0.0
2382 115287.999   30.490498127  114.327421744    -3.0603   4  20   0.4587   0.4015   1.1287   0.1081   0.2286  -0.3783  -0.00    0.0
2382 115288.999   30.490502113  114.327426696     2.7788   4  19   0.4640   0.4053   1.1863   0.1247   0.2692  -0.3431  -0.00    0.0
2382 115289.999   30.490494704  114.327424281     1.6804   4  21   0.4634   0.4012   1.1162   0.1299   0.3092  -0.3565  -0.00    0.0
2382 115290.999   30.490484369  114.327430326    -1.5654   4  20   0.4587   0.4015   1.1287   0.1080   0.2287  -0.3785  -0.00    0.0
2382 115291.999   30.490486215  114.327427969    -4.4460   4  21   0.4584   0.3963   1.0693   0.1123   0.2750  -0.3856  -0.00    0.0
2382 115292.999   30.490492531  114.327430247    -4.7083   4  21   0.4584   0.3963   1.0692   0.1123   0.2750  -0.3856  -0.00    0.0
2382 115293.999   30.490498998  114.327436002    -4.1198   4  20   0.4586   0.4015   1.1283   0.1078   0.2288  -0.3785  -0.00    0.0
2382 115294.999   30.490518941  114.327431693    -2.3530   4  20   0.4586   0.4015   1.1285   0.1078   0.2289  -0.3786  -0.00    0.0
2382 115295.999   30.490517302  114.327429235    -3.6537   4  19   0.4733   0.4034   1.1813   0.0841   0.1973  -0.3202  -0.00    0.0
2382 115296.999   30.490516034  114.327417605    -2.5001   4  19   0.4733   0.4034   1.1816   0.0840   0.1974  -0.3202  -0.00    0.0
2382 115297.999   30.490508094  114.327414449    -4.3142   4  20   0.4719   0.3972   1.1057   0.0977   0.2613  -0.3426  -0.00    0.0
2382 115298.999   30.490513296  114.327402645    -8.9704   4  19   0.4736   0.4390   1.2082   0.1303   0.3992  -0.3130  -0.00    0.0
2382 115299.999   30.490530744  114.327427052    -0.2652   4  19   0.4779   0.4525   1.1817   0.1442   0.1990  -0.3201  -0.00    0.0
2382 115300.999   30.490520989  114.327436638    18.7560   4  19   0.4674   0.3964   1.1765   0.0284   0.3217   0.0511  -0.00    0.0
2382 115301.999   30.490501856  114.327445699    24.5497   4  19   0.4673   0.3964   1.1765   0.0286   0.3216   0.0519  -0.00    0.0
2382 115302.999   30.490519909  114.327459857    19.1795   4  19   0.4637   0.4054   1.1873   0.1242   0.2705  -0.3430  -0.00    0.0
2382 115303.999   30.490455081  114.327455886     7.3502   4  19   0.4730   0.4034   1.1820   0.0838   0.1983  -0.3204  -0.00    0.0
2382 115304.999   30.490404111  114.327395848    14.3423   4  19   0.4538   0.4275   1.1086  -0.0365   0.3171  -0.2036  -0.00    0.0
2382 115305.999   30.490376036  114.327428749     8.2060   4  17   0.4903   0.4922   1.4347   0.1236  -0.2608  -0.1532  -0.00    0.0
2382 115306.999   30.490357782  114.327447014     8.9031   4  18   0.4962   0.4718   1.6568   0.1430   0.3559   0.2488  -0.00    0.0
2382 115307.999   30.490392463  114.327438730    18.6301   4  18   0.4473   0.4477   1.2405   0.0965   0.4715  -0.2374  -0.00    0.0
2382 115308.999   30.490328046  114.327344026    10.4198   4  12   0.9179   0.8563   2.3177  -0.5257   0.6686  -0.2814  -0.00    0.0
2382 115309.999   30.490212103  114.327399567    -0.1533   4  14   0.5845   0.5269   1.3272   0.0887   0.4795  -0.4281  -0.00    0.0
2382 115312.999   30.490184364  114.327448738    -5.0894   4  11   0.5532   0.5516   1.8486  -0.1836   0.6475  -0.3978  -0.00    0.0
2382 115313.999   30.490149499  114.327380390     8.3260   4  14   0.5474   0.5362   1.9368  -0.1907   0.7740  -0.5297  -0.00    0.0
2382 115314.999   30.490143272  114.327375878     2.8868   4  12   0.5126   0.5119   1.4737   0.0649   0.4266   0.1361  -0.00    0.0
2382 115315.999   30.490236381  114.327276568   -24.2701   4  11   0.8669   0.8319   2.4572   0.3100   0.2922  -1.0311  -0.00    0.0
2382 115316.999   30.490141353  114.327337497   -17.1977   4  11   0.8477   0.7659   1.7117  -0.2934   0.6572  -0.8439  -0.00    0.0
2382 115317.999   30.490159981  114.327318506   -24.3371   4  10   2.1161   0.5991   2.0301  -0.1149   0.4882  -1.8016  -0.00    0.0
2382 115318.999   30.490079869  114.327263320   -25.3609   4  12   1.1035   0.6025   2.0404   0.1520   0.5644  -1.2787  -0.00    0.0
2382 115319.999   30.489877681  114.327322211     6.7006   4  14   0.5628   0.5303   1.3767   0.2453   0.5285  -0.2502  -0.00    0.0
2382 115320.999   30.489786647  114.327263648     6.7913   4  15   0.6907   0.7326   2.1210   0.2531   0.9924  -0.3801  -0.00    0.0
2382 115321.999   30.489674241  114.327280901    24.9239   4  18   0.4836   0.4363   1.0820   0.1171   0.3686  -0.0990  -0.00    0.0
2382 115322.999   30.489629854  114.327318616    30.5979   4  20   0.4404   0.3973   1.1214   0.0530   0.3329  -0.2416  -0.00    0.0
2382 115323.999   30.489529732  114.327286672    22.2388   4  23   0.4377   0.3695   0.9641   0.0628   0.2550  -0.2751  -0.00    0.0
2382 115324.999   30.489428424  114.327305671    12.8181   4  22   0.4575   0.3765   0.9887   0.1173   0.1583  -0.3800  -0.00    0.0
2382 115325.999   30.489328683  114.327302309    13.3645   4  20   0.4637   0.3928   1.0219   0.1163   0.1762  -0.3539  -0.00    0.0
2382 115326.999   30.489226083  114.327284472    11.0856   4  20   0.4580   0.4121   1.0828   0.1229   0.2169  -0.3663  -0.00    0.0
2382 115327.999   30.489098061  114.327249895    14.2979   4  22   0.4318   0.3719   0.9724  -0.0451   0.1893  -0.2906  -0.00    0.0
2382 115328.999   30.488996140  114.327236960    13.2414   4  23   0.4303   0.3662   0.9333   0.0153   0.2313  -0.3066  -0.00    0.0
2382 115329.999   30.488899365  114.327228170     7.6603   4  21   0.4654   0.4134   0.9885   0.1689   0.1636  -0.3789  -0.00    0.0
2382 115330.999   30.488794233  114.327220397     9.4108   4  21   0.4654   0.4134   0.9886   0.1689   0.1636  -0.3790  -0.00    0.0
2382 115331.999   30.488696761  114.327206385    10.4746   4  22   0.4573   0.3764   0.9887   0.1171   0.1583  -0.3803  -0.00    0.0
2382 115332.999   30.488582753  114.327171968    16.8779   4  23   0.4303   0.3662   0.9333   0.0150   0.2313  -0.3067  -0.00    0.0
2382 115333.999   30.488519783  114.327179987    12.7520   4  22   0.4572   0.3764   0.9887   0.1170   0.1584  -0.3803  -0.00    0.0
2382 115334.999   30.488421035  114.327172295    13.1907   4  22   0.4572   0.3764   0.9887   0.1170   0.1585  -0.3803  -0.00    0.0
2382 115335.999   30.488312862  114.327159011    14.4935   4  22   0.4572   0.3764   0.9889   0.1169   0.1585  -0.3804  -0.00    0.0
2382 115336.999   30.488223672  114.327154677    16.6714   4  20   0.4630   0.3857   1.0774   0.1226   0.1073  -0.3451  -0.00    0.0
2382 115337.999   30.488152499  114.327153824    15.7504   4  20   0.4630   0.3857   1.0777   0.1226   0.1074  -0.3451  -0.00    0.0
2382 115338.999   30.488093468  114.327136004    17.6506   4  22   0.4572   0.3765   0.9894   0.1169   0.1586  -0.3805  -0.00    0.0
2382 115339.999   30.488035642  114.327140082    16.8162   4  21   0.4586   0.3895   0.9916   0.1000   0.1357  -0.3773  -0.00    0.0
2382 115340.999   30.487984550  114.327134099    13.5414   4  21   0.4574   0.3841   1.0382   0.1115   0.0349  -0.3739  -0.00    0.0
2382 115341.999   30.487950424  114.327151169    14.3458   4  21   0.4574   0.3841   1.0383   0.1115   0.0350  -0.3740  -0.00    0.0
2382 115342.999   30.487917993  114.327145166    20.7069   4  22   0.4571   0.3765   0.9894   0.1167   0.1587  -0.3806  -0.00    0.0
2382 115343.999   30.487894667  114.327139598    11.7231   4  21   0.4573   0.3841   1.0384   0.1114   0.0355  -0.3740  -0.00    0.0
2382 115344.999   30.487864429  114.327131714    16.4588   4  21   0.4391   0.3744   1.0080   0.0368   0.2174  -0.2514  -0.00    0.0
2382 115345.999   30.487850953  114.327150781    14.9603   4  20   0.4629   0.3858   1.0780   0.1224   0.1085  -0.3451  -0.00    0.0
2382 115346.999   30.487823690  114.327144965    18.9554   4  22   0.4370   0.3695   0.9638   0.0625   0.2552  -0.2751  -0.00    0.0
2382 115347.999   30.487782090  114.327133957    15.3627   4  23   0.4300   0.3664   0.9338   0.0122   0.2317  -0.3070  -0.00    0.0
2382 115348.999   30.487760665  114.327137008     9.1123   4  23   0.4299   0.3664   0.9335   0.0119   0.2317  -0.3070  -0.00    0.0
2382 115349.999   30.487724106  114.327117742     5.7853   4  21   0.4571   0.3841   1.0381   0.1111   0.0386  -0.3739  -0.00    0.0
2382 115350.999   30.487676790  114.327098705     5.9749   4  22   0.4568   0.3765   0.9894   0.1164   0.1591  -0.3807  -0.00    0.0
2382 115351.999   30.487624454  114.327101157     4.4065   4  23   0.4299   0.3664   0.9338   0.0114   0.2317  -0.3072  -0.00    0.0
2382 115352.999   30.487566149  114.327098624     2.5031   4  23   0.4299   0.3664   0.9337   0.0112   0.2318  -0.3072  -0.00    0.0
2382 115353.999   30.487490676  114.327086841     5.2126   4  22   0.4312   0.3720   0.9724  -0.0460   0.1904  -0.2913  -0.00    0.0
2382 115354.999   30.487428171  114.327080720     2.9372   4  21   0.4570   0.3841   1.0383   0.1109   0.0398  -0.3741  -0.00    0.0
2382 115355.999   30.487350026  114.327068956     5.8834   4  21   0.4389   0.3745   1.0083   0.0367   0.2180  -0.2515  -0.00    0.0
2382 115356.999   30.487273565  114.327075450     9.3479   4  20   0.4496   0.3910   1.0291   0.1109   0.2657  -0.2080  -0.00    0.0
2382 115357.999   30.487181304  114.327066351     8.7365   4  19   0.4510   0.4245   1.1640   0.1355   0.4006  -0.1524  -0.00    0.0
2382 115358.999   30.487083371  114.327051125    10.5677   4  20   0.4495   0.3911   1.0295   0.1110   0.2662  -0.2078  -0.00    0.0
2382 115359.999   30.486980440  114.327031167     8.0363   4  20   0.4674   0.4007   1.0486   0.1533   0.1334  -0.3554  -0.00    0.0
2382 115360.999   30.486875774  114.327013124    10.9248   4  20   0.4495   0.3911   1.0294   0.1110   0.2661  -0.2080  -0.00    0.0
2382 115361.999   30.486765027  114.326970739     9.5832   4  21   0.4368   0.3946   1.0596   0.0689   0.3548  -0.2702  -0.00    0.0
2382 115362.999   30.486661985  114.326983610     7.8384   4  22   0.4310   0.3721   0.9731  -0.0463   0.1910  -0.2916  -0.00    0.0
2382 115363.999   30.486563471  114.326979315     9.7715   4  20   0.4625   0.3858   1.0787   0.1219   0.1115  -0.3453  -0.00    0.0
2382 115364.999   30.486456039  114.326974017    11.0967   4  22   0.4310   0.3721   0.9731  -0.0464   0.1909  -0.2918  -0.00    0.0
2382 115365.999   30.486360913  114.326965952     9.5784   4  21   0.4319   0.4038   1.0122   0.0466   0.2831  -0.2783  -0.00    0.0
2382 115366.999   30.486275120  114.326979003    14.1502   4  21   0.4318   0.4039   1.0121   0.0465   0.2832  -0.2783  -0.00    0.0
2382 115367.999   30.486203230  114.326993781    19.1134   4  21   0.4567   0.3841   1.0391   0.1105   0.0437  -0.3745  -0.00    0.0
2382 115368.999   30.486107169  114.326995195    22.6578   4  21   0.4321   0.3888   0.9805  -0.0756   0.1517  -0.2853  -0.00    0.0
2382 115369.999   30.486069423  114.326956856    16.5835   4  20   0.4570   0.4124   1.0836   0.1209   0.2190  -0.3681  -0.00    0.0
2382 115370.999   30.486016163  114.326927034    14.5735   4  20   0.4318   0.4372   1.1339   0.0535   0.4071  -0.2746  -0.00    0.0
2382 115371.999   30.485972172  114.326972199    23.9392   4  21   0.4309   0.3920   1.0626  -0.0501   0.2984  -0.2941  -0.00    0.0
2382 115372.999   30.485925858  114.326917909    18.7376   4  19   0.4418   0.4535   1.2257   0.1186   0.4710  -0.1790  -0.00    0.0
2382 115373.999   30.485861738  114.326910871    16.9278   4  18   0.4636   0.4573   1.3168   0.1490   0.4407  -0.3155  -0.00    0.0
2382 115374.999   30.485779929  114.326906782    15.8244   4  18   0.4636   0.4574   1.3180   0.1490   0.4413  -0.3157  -0.00    0.0
2382 115375.999   30.485670844  114.326885529    13.2895   4  21   0.4308   0.3921   1.0637  -0.0503   0.2990  -0.2944  -0.00    0.0
2382 115376.999   30.485586574  114.326877154    18.2475   4  21   0.4302   0.4353   1.0863   0.0656   0.4250  -0.2955  -0.00    0.0
2382 115377.999   30.485515936  114.326882751    19.0176   4  20   0.4392   0.4528   1.1638   0.1238   0.4824  -0.2240  -0.00    0.0
2382 115378.999   30.485457806  114.326890261    16.2797   4  20   0.4392   0.4529   1.1642   0.1238   0.4827  -0.2239  -0.00    0.0
2382 115379.999   30.485414035  114.326875797    10.4093   4  20   0.4565   0.4401   1.1513   0.1184   0.3956  -0.3817  -0.00    0.0
2382 115380.999   30.485379246  114.326909533    19.0584   4  20   0.4616   0.4023   1.1226   0.1271   0.3144  -0.3580  -0.00    0.0
2382 115381.999   30.485321076  114.326858118     7.9918   4  21   0.4301   0.4354   1.0861   0.0652   0.4249  -0.2958  -0.00    0.0
2382 115382.999   30.485236515  114.326847683     9.5163   4  20   0.4634   0.4574   1.3171   0.1487   0.4413  -0.3161  -0.00    0.0
2382 115383.999   30.485147477  114.326831109    14.7125   4  21   0.4306   0.3922   1.0634  -0.0507   0.2992  -0.2947  -0.00    0.0
2382 115384.999   30.485056869  114.326828621    12.6625   4  20   0.4386   0.3975   1.1173   0.0528   0.3341  -0.2415  -0.00    0.0
2382 115385.999   30.484958401  114.326820800    10.3510   4  21   0.4562   0.3970   1.0737   0.1077   0.2785  -0.3886  -0.00    0.0
2382 115386.999   30.484831868  114.326811568    12.1409   4  22   0.4292   0.3888   1.0162  -0.0289   0.3247  -0.3121  -0.00    0.0
2382 115387.999   30.484719450  114.326799853     8.8083   4  20   0.4390   0.4530   1.1640   0.1236   0.4826  -0.2245  -0.00    0.0
2382 115388.999   30.484588761  114.326789995     9.5537   4  22   0.4292   0.3889   1.0162  -0.0291   0.3249  -0.3121  -0.00    0.0
2382 115389.999   30.484477638  114.326772338     9.0436   4  22   0.4291   0.3889   1.0163  -0.0292   0.3249  -0.3121  -0.00    0.0
2382 115390.999   30.484356923  114.326760235     6.3250   4  22   0.4291   0.3889   1.0160  -0.0292   0.3248  -0.3121  -0.00    0.0
2382 115391.999   30.484246112  114.326741056     4.6708   4  22   0.4291   0.3889   1.0160  -0.0294   0.3247  -0.3122  -0.00    0.0
2382 115392.999   30.484145382  114.326730388     4.9116   4  22   0.4291   0.3889   1.0160  -0.0295   0.3248  -0.3122  -0.00    0.0
2382 115393.999   30.484082519  114.326727744     4.1206   4  21   0.4465   0.3893   1.0450  -0.0542   0.3185  -0.2594  -0.00    0.0
2382 115394.999   30.484054605  114.326728829     7.4756   4  20   0.4590   0.3952   1.1066   0.0656   0.3552  -0.1689  -0.00    0.0
2382 115395.999   30.484039016  114.326726527     9.2990   4  21   0.4363   0.3952   1.0615   0.0682   0.3564  -0.2707  -0.00    0.0
2382 115396.999   30.484023003  114.326717392     6.7735   4  20   0.4590   0.3952   1.1071   0.0657   0.3554  -0.1687  -0.00    0.0
2382 115397.999   30.484004540  114.326715689     1.4382   4  19   0.4505   0.4094   1.1086  -0.0953   0.2662  -0.2131  -0.00    0.0
2382 115398.999   30.484007259  114.326715896    11.2708   4  22   0.4290   0.3890   1.0166  -0.0300   0.3250  -0.3124  -0.00    0.0
2382 115399.999   30.484023935  114.326728719    14.1233   4  22   0.4362   0.3953   1.0617   0.0682   0.3565  -0.2707  -0.00    0.0
2382 115400.999   30.484055162  114.326742585     4.5563   4  19   0.4714   0.4043   1.0659  -0.0625   0.3109  -0.1906  -0.00    0.0
2382 115401.999   30.484036931  114.326733871     7.2317   4  20   0.4327   0.4314   1.0335   0.0589   0.3511  -0.2950  -0.00    0.0
2382 115402.999   30.484032606  114.326723029     6.5425   4  20   0.4468   0.4042   1.0475  -0.0735   0.3078  -0.2570  -0.00    0.0
2382 115403.999   30.484013110  114.326721781    11.6644   4  22   0.4289   0.3891   1.0165  -0.0306   0.3251  -0.3126  -0.00    0.0
2382 115404.999   30.484012766  114.326712381    11.8394   4  21   0.4462   0.3894   1.0456  -0.0546   0.3188  -0.2600  -0.00    0.0
2382 115405.999   30.484001939  114.326701766    11.0111   4  22   0.4288   0.3891   1.0165  -0.0308   0.3251  -0.3127  -0.00    0.0
2382 115406.999   30.484013079  114.326703165     9.5019   4  21   0.4461   0.3894   1.0457  -0.0546   0.3189  -0.2601  -0.00    0.0
2382 115407.999   30.484041525  114.326724820    12.5795   4  20   0.4587   0.3954   1.1075   0.0657   0.3558  -0.1694  -0.00    0.0
2382 115408.999   30.484023318  114.326722386    14.6335   4  19   0.5137   0.4034   1.1815   0.1008   0.3102  -0.2997  -0.00    0.0
2382 115409.999   30.483994826  114.326712868     7.6996   4  21   0.4856   0.3980   1.0797   0.0844   0.2838  -0.4102  -0.00    0.0
2382 115410.999   30.484025779  114.326736287     2.9658   4  21   0.4460   0.3895   1.0464  -0.0548   0.3191  -0.2605  -0.00    0.0
2382 115411.999   30.484020220  114.326712683     2.9776   4  21   0.4495   0.3914   1.0308   0.0679   0.3359  -0.2744  -0.00    0.0
2382 115412.999   30.483992132  114.326696391     5.9013   4  21   0.4494   0.3914   1.0307   0.0679   0.3359  -0.2743  -0.00    0.0
2382 115413.999   30.483981224  114.326706000    14.8418   4  20   0.4585   0.3955   1.1080   0.0657   0.3562  -0.1696  -0.00    0.0
2382 115414.999   30.483984494  114.326707572     8.6136   4  20   0.4610   0.4027   1.1245   0.1261   0.3159  -0.3585  -0.00    0.0
2382 115415.999   30.483988907  114.326696165     3.0453   4  20   0.4679   0.3981   1.1123   0.0928   0.2666  -0.3486  -0.00    0.0
2382 115416.999   30.483969002  114.326704277     3.9309   4  20   0.4679   0.3981   1.1125   0.0928   0.2665  -0.3488  -0.00    0.0
2382 115417.999   30.483925991  114.326706319    10.4198   4  20   0.4563   0.4140   1.0813   0.1031   0.3741  -0.2041  -0.00    0.0
2382 115418.999   30.483903313  114.326695483     5.2638   4  20   0.4678   0.3981   1.1125   0.0927   0.2666  -0.3488  -0.00    0.0
2382 115419.999   30.483888483  114.326674475     2.9584   4  20   0.4678   0.3981   1.1125   0.0927   0.2667  -0.3488  -0.00    0.0
2382 115420.999   30.483866165  114.326660614     6.9211   4  20   0.4873   0.4020   1.0798   0.1478   0.2897  -0.3686  -0.00    0.0
2382 115421.999   30.483841077  114.326640274     7.0497   4  20   0.4593   0.4062   1.0558  -0.1258   0.2934  -0.2299  -0.00    0.0
2382 115422.999   30.483830969  114.326601162     8.0784   4  22   0.4285   0.3893   1.0173  -0.0323   0.3256  -0.3134  -0.00    0.0
2382 115423.999   30.483820509  114.326558320     7.6954   4  20   0.4583   0.3957   1.1087   0.0657   0.3566  -0.1701  -0.00    0.0
2382 115424.999   30.483785623  114.326510544     7.3794   4  20   0.4592   0.4063   1.0557  -0.1259   0.2935  -0.2298  -0.00    0.0
2382 115425.999   30.483786442  114.326459443    10.3995   4  22   0.4285   0.3894   1.0175  -0.0327   0.3257  -0.3133  -0.00    0.0
2382 115426.999   30.483795284  114.326434992    15.1353   4  22   0.4358   0.3957   1.0630   0.0676   0.3576  -0.2712  -0.00    0.0
2382 115427.999   30.483807621  114.326399564    11.9975   4  21   0.4358   0.3958   1.0631   0.0676   0.3577  -0.2713  -0.00    0.0
2382 115428.999   30.483787646  114.326345527     2.7280   4  21   0.4287   0.4084   1.0541  -0.0550   0.3742  -0.3203  -0.00    0.0
2382 115429.999   30.483794352  114.326304345     4.4567   4  21   0.4287   0.4084   1.0541  -0.0552   0.3742  -0.3204  -0.00    0.0
2382 115430.999   30.483806345  114.326259076     8.1620   4  22   0.4358   0.3958   1.0633   0.0675   0.3579  -0.2714  -0.00    0.0
2382 115431.999   30.483776253  114.326178932     0.9628   4  19   0.4702   0.3952   1.1249  -0.0259   0.3018  -0.1413  -0.00    0.0
2382 115432.999   30.483799493  114.326093800     4.2243   4  22   0.4283   0.3895   1.0178  -0.0333   0.3259  -0.3136  -0.00    0.0
2382 115433.999   30.483820782  114.326008059     8.5857   4  20   0.4632   0.3983   1.1839   0.0358   0.3309  -0.0161  -0.00    0.0
2382 115434.999   30.483833662  114.325872593     4.3518   4  21   0.4296   0.3927   1.0644  -0.0529   0.3010  -0.2967  -0.00    0.0
2382 115435.999   30.483841822  114.325757651     4.5166   4  21   0.4296   0.3927   1.0645  -0.0530   0.3010  -0.2968  -0.00    0.0
2382 115436.999   30.483853933  114.325664969     8.4592   4  20   0.4606   0.4029   1.1262   0.1254   0.3170  -0.3591  -0.00    0.0
2382 115437.999   30.483872311  114.325555905     8.6796   4  20   0.4377   0.3982   1.1193   0.0523   0.3368  -0.2429  -0.00    0.0
2382 115438.999   30.483884600  114.325465525    10.0232   4  19   0.4631   0.3984   1.1846   0.0360   0.3314  -0.0225  -0.00    0.0
2382 115439.999   30.483884295  114.325364998     9.8047   4  20   0.4377   0.3983   1.1197   0.0524   0.3370  -0.2428  -0.00    0.0
2382 115440.999   30.483882381  114.325282365    12.5714   4  21   0.4356   0.3960   1.0644   0.0674   0.3584  -0.2715  -0.00    0.0
2382 115441.999   30.483909596  114.325162273    17.8592   4  19   0.4630   0.3984   1.1846   0.0361   0.3316  -0.0219  -0.00    0.0
2382 115442.999   30.483899549  114.325047021    10.7761   4  19   0.4385   0.4156   1.1233  -0.0239   0.3211  -0.2377  -0.00    0.0
2382 115443.999   30.483908189  114.324933696     9.8773   4  20   0.4376   0.3983   1.1199   0.0523   0.3373  -0.2428  -0.00    0.0
2382 115444.999   30.483913353  114.324832555    11.8822   4  20   0.4376   0.3984   1.1198   0.0523   0.3373  -0.2429  -0.00    0.0
2382 115445.999   30.483944863  114.324718952    16.0936   4  19   0.4629   0.3985   1.1850   0.0363   0.3319  -0.0242  -0.00    0.0
2382 115446.999   30.483945052  114.324606850    15.3201   4  20   0.4479   0.3936   1.1061  -0.0771   0.2894  -0.2242  -0.00    0.0
2382 115447.999   30.483954599  114.324515503     9.8419   4  21   0.4448   0.3900   1.0481  -0.0560   0.3203  -0.2625  -0.00    0.0
2382 115448.999   30.483967171  114.324425125     9.3855   4  20   0.4576   0.3962   1.1107   0.0658   0.3579  -0.1711  -0.00    0.0
2382 115449.999   30.483965376  114.324345163     7.3182   4  21   0.4355   0.3962   1.0645   0.0672   0.3586  -0.2717  -0.00    0.0
2382 115450.999   30.483985330  114.324257370    15.7291   4  19   0.4627   0.3986   1.1851   0.0365   0.3323  -0.0264  -0.00    0.0
2382 115451.999   30.483992497  114.324182164    16.4071   4  20   0.4627   0.3986   1.1854   0.0366   0.3324  -0.0264  -0.00    0.0
2382 115452.999   30.483986605  114.324137577     9.3642   4  19   0.4577   0.4123   1.1121   0.0518   0.3529  -0.1696  -0.00    0.0
2382 115453.999   30.483996178  114.324067890    11.0399   4  22   0.4279   0.3898   1.0188  -0.0352   0.3266  -0.3143  -0.00    0.0
2382 115454.999   30.484000120  114.324000842     7.9169   4  22   0.4279   0.3898   1.0186  -0.0353   0.3265  -0.3144  -0.00    0.0
2382 115455.999   30.484002805  114.323958131     9.1937   4  21   0.4407   0.3910   1.0493  -0.0669   0.3380  -0.3544  -0.00    0.0
2382 115456.999   30.484020245  114.323909201     7.8996   4  21   0.4445   0.3901   1.0479  -0.0564   0.3204  -0.2632  -0.00    0.0
2382 115457.999   30.484024183  114.323891307     9.3346   4  21   0.4354   0.3963   1.0648   0.0670   0.3589  -0.2720  -0.00    0.0
2382 115458.999   30.484021316  114.323861028     8.6252   4  21   0.4291   0.3930   1.0649  -0.0541   0.3020  -0.2978  -0.00    0.0
2382 115459.999   30.484000947  114.323848483    12.9803   4  21   0.4353   0.3964   1.0650   0.0670   0.3590  -0.2719  -0.00    0.0
2382 115460.999   30.483977978  114.323873104    20.7355   4  21   0.4353   0.3964   1.0650   0.0670   0.3591  -0.2720  -0.00    0.0
2382 115461.999   30.483982031  114.323878346    24.5243   4  20   0.4354   0.4180   1.1101   0.0578   0.4128  -0.2769  -0.00    0.0
2382 115462.999   30.483994249  114.323880452    23.9689   4  19   0.4572   0.4181   1.1609   0.0662   0.4161  -0.1716  -0.00    0.0
2382 115463.999   30.483991031  114.323846765    16.6145   4  21   0.4442   0.3903   1.0488  -0.0566   0.3209  -0.2635  -0.00    0.0
2382 115464.999   30.484032151  114.323849109     9.5669   4  21   0.4442   0.3903   1.0487  -0.0566   0.3209  -0.2635  -0.00    0.0
2382 115465.999   30.484035711  114.323836980     9.1465   4  20   0.4571   0.3965   1.1117   0.0658   0.3588  -0.1720  -0.00    0.0
2382 115466.999   30.484025124  114.323807845    10.9442   4  20   0.4571   0.3965   1.1120   0.0658   0.3589  -0.1720  -0.00    0.0
2382 115467.999   30.484025117  114.323749467    10.9739   4  21   0.4441   0.3903   1.0488  -0.0567   0.3209  -0.2637  -0.00    0.0
2382 115468.999   30.484041083  114.323668380    13.9792   4  20   0.4373   0.3987   1.1208   0.0520   0.3386  -0.2436  -0.00    0.0
2382 115469.999   30.484035532  114.323587169    10.7450   4  22   0.4276   0.3900   1.0192  -0.0366   0.3269  -0.3150  -0.00    0.0
2382 115470.999   30.484032052  114.323476806     9.4972   4  21   0.4352   0.3966   1.0656   0.0668   0.3595  -0.2721  -0.00    0.0
2382 115471.999   30.484042894  114.323360677    13.9237   4  20   0.4372   0.3988   1.1207   0.0519   0.3387  -0.2438  -0.00    0.0
2382 115472.999   30.484058849  114.323236704    13.8162   4  20   0.4372   0.3988   1.1210   0.0519   0.3389  -0.2438  -0.00    0.0
2382 115473.999   30.484072716  114.323093637    12.1604   4  21   0.4288   0.3932   1.0657  -0.0547   0.3027  -0.2986  -0.00    0.0
2382 115474.999   30.484094955  114.322948294    14.6261   4  19   0.4620   0.3989   1.1867   0.0375   0.3340  -0.0376  -0.00    0.0
2382 115475.999   30.484098363  114.322788812    15.4678   4  19   0.4757   0.4036   1.1878   0.1192   0.3135  -0.2913  -0.00    0.0
2382 115476.999   30.484113523  114.322641174    13.9308   4  20   0.4568   0.3967   1.1133   0.0659   0.3596  -0.1725  -0.00    0.0
2382 115477.999   30.484133016  114.322503385    16.0363   4  21   0.4351   0.3967   1.0664   0.0667   0.3599  -0.2723  -0.00    0.0
2382 115478.999   30.484132399  114.322362727    15.2026   4  19   0.4681   0.4049   1.0721  -0.0623   0.3143  -0.1936  -0.00    0.0
2382 115479.999   30.484138023  114.322243650    16.9809   4  22   0.4274   0.3901   1.0195  -0.0375   0.3272  -0.3153  -0.00    0.0
2382 115480.999   30.484120812  114.322102886    16.9667   4  19   0.4908   0.4089   1.1351   0.1634   0.3310  -0.3317  -0.00    0.0
2382 115481.999   30.484127257  114.321973109    14.3080   4  22   0.4274   0.3902   1.0197  -0.0377   0.3272  -0.3155  -0.00    0.0
2382 115482.999   30.484121680  114.321864180    19.9672   4  21   0.4351   0.3968   1.0663   0.0666   0.3600  -0.2725  -0.00    0.0
2382 115483.999   30.484111974  114.321743723    17.4623   4  20   0.4556   0.3998   1.0834   0.1049   0.3728  -0.2195  -0.00    0.0
2382 115484.999   30.484110548  114.321629038    16.1308   4  20   0.4527   0.4049   1.0441  -0.0511   0.3187  -0.2578  -0.00    0.0
2382 115485.999   30.484105537  114.321508722    16.6277   4  19   0.4850   0.4068   1.1438   0.1409   0.2568  -0.3569  -0.00    0.0
2382 115486.999   30.484131339  114.321405931    11.3657   4  20   0.5015   0.4097   1.1121  -0.1486   0.4031  -0.4111  -0.00    0.0
2382 115487.999   30.484126118  114.321318800    12.8242   4  21   0.4797   0.4081   1.1024  -0.1658   0.3964  -0.4369  -0.00    0.0
2382 115488.999   30.484122172  114.321248747    15.0924   4  20   0.4854   0.4152   1.1495  -0.1478   0.4266  -0.4083  -0.00    0.0
2382 115489.999   30.484103248  114.321186804    14.6651   4  18   0.4697   0.4329   1.1518   0.0828   0.4018  -0.2296  -0.00    0.0
2382 115490.999   30.484127324  114.321117473     9.4436   4  20   0.4564   0.3970   1.1141   0.0657   0.3604  -0.1737  -0.00    0.0
2382 115491.999   30.484127276  114.321054717    10.1246   4  19   0.4683   0.3983   1.1438   0.0310   0.3717  -0.2393  -0.00    0.0
2382 115492.999   30.484135328  114.320984477     9.1891   4  20   0.4564   0.3970   1.1141   0.0659   0.3604  -0.1733  -0.00    0.0
2382 115493.999   30.484124665  114.320917651    11.0255   4  20   0.4473   0.3983   1.0986   0.0324   0.3720  -0.3186  -0.00    0.0
2382 115494.999   30.484139709  114.320872813     8.9821   4  19   0.4769   0.4001   1.1324   0.1056   0.3740  -0.0448  -0.00    0.0
2382 115495.999   30.484150694  114.320813461     9.6136   4  20   0.4553   0.4001   1.0848   0.1050   0.3737  -0.2195  -0.00    0.0
2382 115496.999   30.484149236  114.320767596    14.0313   4  19   0.4768   0.4001   1.1326   0.1057   0.3742  -0.0441  -0.00    0.0
2382 115497.999   30.484140659  114.320741395    10.2115   4  21   0.4431   0.3907   1.0502  -0.0577   0.3219  -0.2655  -0.00    0.0
2382 115498.999   30.484125457  114.320733052    17.7313   4  20   0.4562   0.3971   1.1143   0.0660   0.3606  -0.1735  -0.00    0.0
2382 115499.999   30.484142118  114.320707442    19.0131   4  19   0.4396   0.4143   1.1922  -0.0532   0.2672  -0.1995  -0.00    0.0
2382 115500.999   30.484171327  114.320665391    13.1377   4  21   0.4283   0.3935   1.0668  -0.0559   0.3038  -0.2998  -0.00    0.0
2382 115501.999   30.484214228  114.320617818    11.8470   4  21   0.4348   0.3971   1.0677   0.0662   0.3608  -0.2728  -0.00    0.0
2382 115502.999   30.484275164  114.320580927    10.2870   4  20   0.4706   0.4562   1.1076   0.1677   0.3948  -0.3633  -0.00    0.0
2382 115503.999   30.484322063  114.320542509    14.5902   4  20   0.4753   0.4453   1.0560   0.1836   0.3210  -0.3716  -0.00    0.0
2382 115504.999   30.484393299  114.320518695    15.1911   4  19   0.5413   0.4814   1.1408   0.2848   0.1551  -0.5000  -0.00    0.0
2382 115505.999   30.484474330  114.320509670    16.9867   4  18   0.4712   0.4541   1.1346   0.1701   0.3357  -0.3493  -0.00    0.0
2382 115506.999   30.484588990  114.320496450    12.7328   4  21   0.4297   0.4246   1.0324   0.0803   0.3647  -0.3049  -0.00    0.0
2382 115507.999   30.484702104  114.320494483    14.0137   4  21   0.4687   0.4049   1.0498   0.1382   0.2853  -0.3841  -0.00    0.0
2382 115508.999   30.484815376  114.320503143    13.4070   4  17   0.5209   0.5047   1.3049   0.2131   0.1793  -0.4880  -0.00    0.0
2382 115509.999   30.484930471  114.320511844     7.0521   4  18   0.5196   0.4735   1.2832   0.2287   0.2735  -0.4986  -0.00    0.0
2382 115510.999   30.485005573  114.320527355    14.9720   4  20   0.4688   0.4098   1.1058   0.1363   0.2446  -0.3814  -0.00    0.0
2382 115511.999   30.485095975  114.320522627     8.6990   4  19   0.4626   0.4479   1.1399   0.1647   0.2605  -0.3826  -0.00    0.0
2382 115512.999   30.485228175  114.320468663    -0.6264   4  19   0.4609   0.4608   1.1606   0.0345   0.3836  -0.3794  -0.00    0.0
2382 115513.999   30.485283848  114.320453591     1.2827   4  19   0.4466   0.4721   1.1460   0.1108   0.4637  -0.2151  -0.00    0.0
2382 115514.999   30.485401364  114.320500396    13.6317   4  21   0.4295   0.4248   1.0328   0.0800   0.3651  -0.3050  -0.00    0.0
2382 115515.999   30.485524495  114.320463519     9.8960   4  18   0.4701   0.4614   1.3514   0.1521   0.5116   0.2398  -0.00    0.0
2382 115516.999   30.485626814  114.320467595     9.3533   4  20   0.4286   0.4400   1.1371   0.0366   0.4120  -0.2852  -0.00    0.0
2382 115517.999   30.485749268  114.320474535     6.4845   4  21   0.4425   0.3910   1.0518  -0.0585   0.3228  -0.2668  -0.00    0.0
2382 115518.999   30.485882940  114.320470152     8.1229   4  20   0.4556   0.3975   1.1158   0.0659   0.3617  -0.1749  -0.00    0.0
2382 115519.999   30.485989254  114.320491006     9.1355   4  21   0.4345   0.3975   1.0685   0.0659   0.3616  -0.2732  -0.00    0.0
2382 115520.999   30.486103109  114.320499091     7.8063   4  21   0.4345   0.3975   1.0686   0.0658   0.3617  -0.2732  -0.00    0.0
2382 115521.999   30.486221420  114.320510837     8.4494   4  22   0.4267   0.3907   1.0213  -0.0408   0.3284  -0.3169  -0.00    0.0
2382 115522.999   30.486333519  114.320533733    10.8188   4  19   0.4743   0.4042   1.1918   0.1183   0.3166  -0.2935  -0.00    0.0
2382 115523.999   30.486438170  114.320553503     2.9501   4  20   0.4365   0.3996   1.1238   0.0513   0.3418  -0.2456  -0.00    0.0
2382 115524.999   30.486540095  114.320589355     3.7623   4  20   0.4374   0.4319   1.0811   0.1134   0.3974  -0.2582  -0.00    0.0
2382 115525.999   30.486638579  114.320624245     5.1328   4  20   0.4844   0.4053   1.0782   0.1325   0.2808  -0.3444  -0.00    0.0
2382 115526.999   30.486729494  114.320654580    12.7061   4  19   0.4742   0.4042   1.1924   0.1182   0.3170  -0.2937  -0.00    0.0
2382 115527.999   30.486773910  114.320674352     6.6834   4  21   0.4278   0.3938   1.0677  -0.0570   0.3049  -0.3013  -0.00    0.0
2382 115528.999   30.486841891  114.320680526     6.1483   4  20   0.4438   0.4260   1.0597   0.0541   0.3550  -0.2584  -0.00    0.0
2382 115529.999   30.486919564  114.320713703     5.3379   4  21   0.4532   0.3983   1.0818   0.1002   0.2840  -0.3938  -0.00    0.0
2382 115530.999   30.486985093  114.320731147     9.6360   4  19   0.4569   0.4322   1.1241   0.1042   0.3916  -0.1608  -0.00    0.0
2382 115531.999   30.487042227  114.320722139     8.9891   4  19   0.4569   0.4323   1.1244   0.1043   0.3917  -0.1608  -0.00    0.0
2382 115532.999   30.487057619  114.320731970     5.8673   4  21   0.4420   0.3912   1.0520  -0.0590   0.3230  -0.2678  -0.00    0.0
2382 115533.999   30.487077838  114.320740702    12.2698   4  21   0.4343   0.3978   1.0693   0.0656   0.3622  -0.2734  -0.00    0.0
2382 115534.999   30.487062796  114.320670493     7.9207   4  21   0.4781   0.4086   1.1020  -0.1656   0.3963  -0.4358  -0.00    0.0
2382 115535.999   30.487051493  114.320622922    -0.1150   4  22   0.4270   0.4384   1.0894   0.0494   0.4277  -0.3047  -0.00    0.0
2382 115536.999   30.487034195  114.320657590     3.6572   4  22   0.4264   0.3910   1.0221  -0.0422   0.3289  -0.3177  -0.00    0.0
2382 115537.999   30.487014524  114.320664606     0.3577   4  21   0.4419   0.3913   1.0519  -0.0593   0.3231  -0.2683  -0.00    0.0
2382 115538.999   30.487040514  114.320671146     3.1969   4  21   0.4418   0.3913   1.0519  -0.0592   0.3231  -0.2682  -0.00    0.0
2382 115539.999   30.487081113  114.320693546    12.0903   4  20   0.4736   0.3957   1.1269  -0.0433   0.3654  -0.3850  -0.00    0.0
2382 115540.999   30.487025573  114.320680467    12.2761   4  21   0.4418   0.3913   1.0522  -0.0594   0.3232  -0.2685  -0.00    0.0
2382 115541.999   30.487016259  114.320721028    18.8317   4  20   0.4605   0.3942   1.0688   0.0512   0.3367  -0.2187  -0.00    0.0
2382 115542.999   30.487005454  114.320706396    13.0452   4  20   0.4439   0.4391   1.1373   0.0720   0.4364  -0.2307  -0.00    0.0
2382 115543.999   30.487007891  114.320708536    14.4395   4  21   0.4417   0.3914   1.0525  -0.0594   0.3234  -0.2685  -0.00    0.0
2382 115544.999   30.487035114  114.320698137    18.1374   4  22   0.4263   0.3911   1.0224  -0.0426   0.3291  -0.3178  -0.00    0.0
2382 115545.999   30.487049950  114.320682647    17.7984   4  22   0.4262   0.3911   1.0222  -0.0426   0.3290  -0.3178  -0.00    0.0
2382 115546.999   30.487091056  114.320724371     9.4143   4  19   0.5086   0.3984   1.1561  -0.0125   0.3708  -0.3144  -0.00    0.0
2382 115547.999   30.487095270  114.320713797     9.4620   4  22   0.4262   0.3911   1.0225  -0.0428   0.3291  -0.3180  -0.00    0.0
2382 115548.999   30.487117472  114.320736067    10.2156   4  19   0.4779   0.4637   1.3627   0.1682   0.5001  -0.2125  -0.00    0.0
2382 115549.999   30.487160124  114.320740456     5.3985   4  20   0.4548   0.3981   1.1187   0.0659   0.3634  -0.1768  -0.00    0.0
2382 115550.999   30.487219858  114.320747985     8.7466   4  22   0.4262   0.3912   1.0233  -0.0430   0.3295  -0.3182  -0.00    0.0
2382 115551.999   30.487293067  114.320742077     9.0672   4  21   0.4414   0.3915   1.0528  -0.0596   0.3236  -0.2690  -0.00    0.0
2382 115552.999   30.487377530  114.320747224     8.7677   4  19   0.4642   0.3971   1.1317  -0.0165   0.3106  -0.1577  -0.00    0.0
2382 115553.999   30.487423189  114.320753872     5.2272   4  21   0.4273   0.3941   1.0684  -0.0581   0.3059  -0.3024  -0.00    0.0
2382 115554.999   30.487505589  114.320760353     3.1399   4  20   0.4356   0.4177   1.1023   0.0914   0.3621  -0.2617  -0.00    0.0
2382 115555.999   30.487616839  114.320763039     3.4289   4  21   0.4413   0.3915   1.0530  -0.0598   0.3236  -0.2693  -0.00    0.0
2382 115556.999   30.487728326  114.320756762     4.8331   4  21   0.4413   0.3915   1.0530  -0.0598   0.3237  -0.2694  -0.00    0.0
2382 115557.999   30.487828424  114.320740636     4.9598   4  22   0.4260   0.3912   1.0228  -0.0435   0.3293  -0.3183  -0.00    0.0
2382 115558.999   30.487957580  114.320713444     6.0594   4  22   0.4260   0.3913   1.0228  -0.0435   0.3293  -0.3183  -0.00    0.0
2382 115559.999   30.488087537  114.320675612     5.0157   4  22   0.4260   0.3913   1.0228  -0.0436   0.3293  -0.3184  -0.00    0.0
2382 115560.999   30.488221328  114.320652840     5.6031   4  21   0.4265   0.4388   1.0898   0.0465   0.4280  -0.3061  -0.00    0.0
2382 115561.999   30.488357122  114.320626727     6.5404   4  22   0.4259   0.3913   1.0230  -0.0438   0.3295  -0.3185  -0.00    0.0
2382 115562.999   30.488488824  114.320600379     9.3875   4  21   0.4339   0.3983   1.0709   0.0649   0.3634  -0.2743  -0.00    0.0
2382 115563.999   30.488612373  114.320548597     7.6748   4  21   0.4339   0.3983   1.0709   0.0650   0.3634  -0.2743  -0.00    0.0
2382 115564.999   30.488738358  114.320509196     8.1566   4  21   0.4410   0.3916   1.0534  -0.0601   0.3240  -0.2699  -0.00    0.0
2382 115565.999   30.488854645  114.320478502     7.1167   4  20   0.4362   0.4586   1.1737   0.1198   0.4911  -0.2320  -0.00    0.0
2382 115566.999   30.488973919  114.320453485     3.1540   4  21   0.4263   0.4390   1.0905   0.0457   0.4284  -0.3065  -0.00    0.0
2382 115567.999   30.489093976  114.320455039     7.8767   4  22   0.4258   0.3915   1.0236  -0.0443   0.3299  -0.3188  -0.00    0.0
2382 115568.999   30.489203406  114.320419527     4.1956   4  21   0.4263   0.4390   1.0903   0.0454   0.4284  -0.3066  -0.00    0.0
2382 115569.999   30.489315021  114.320436108     7.2460   4  22   0.4258   0.3914   1.0234  -0.0444   0.3297  -0.3188  -0.00    0.0
2382 115570.999   30.489404904  114.320421648     7.5286   4  22   0.4258   0.3915   1.0234  -0.0445   0.3298  -0.3189  -0.00    0.0
2382 115571.999   30.489495730  114.320407629     5.2784   4  22   0.4258   0.3915   1.0233  -0.0445   0.3297  -0.3189  -0.00    0.0
2382 115572.999   30.489585999  114.320396197     3.6981   4  20   0.4466   0.3997   1.1023   0.0290   0.3747  -0.3209  -0.00    0.0
2382 115573.999   30.489664604  114.320396312     4.6299   4  21   0.4269   0.3944   1.0690  -0.0590   0.3068  -0.3035  -0.00    0.0
2382 115574.999   30.489753478  114.320394864     0.9159   4  21   0.4393   0.3926   1.0545  -0.0723   0.3411  -0.3593  -0.00    0.0
2382 115575.999   30.489821365  114.320394053    -0.1988   4  22   0.4257   0.3915   1.0237  -0.0448   0.3298  -0.3191  -0.00    0.0
2382 115576.999   30.489902704  114.320386024     2.6528   4  21   0.4268   0.4053   1.0620  -0.0725   0.2812  -0.3051  -0.00    0.0
2382 115577.999   30.489995887  114.320402444    -1.6022   4  18   0.6976   0.4335   1.3354   0.2138   0.2521  -0.7249  -0.00    0.0
2382 115578.999   30.490015453  114.320387218     7.4731   4  15   0.5546   0.5009   1.1503   0.2362   0.2719  -0.2548  -0.00    0.0
2382 115579.999   30.490110102  114.320377190     6.1529   4  10   0.5587   0.6104   1.8455  -0.0976   0.6096  -0.6824  -0.00    0.0
2382 115580.999   30.490254218  114.320354570    -7.4138   4  17   0.4815   0.4584   1.2557   0.0353   0.4918  -0.2793  -0.00    0.0
2382 115581.999   30.490325793  114.320383546    -0.0536   4  17   1.0160   0.4357   1.9591   0.0590   0.2095  -1.2200  -0.00    0.0
2382 115582.999   30.490475740  114.320373489     0.5352   4  20   0.4747   0.3969   1.1183   0.0155   0.3684  -0.3810  -0.00    0.0
2382 115583.999   30.490604373  114.320384743     2.7289   4  20   0.4739   0.4184   1.1276   0.0672   0.3947  -0.3957  -0.00    0.0
2382 115584.999   30.490720008  114.320358341     4.2450   4  21   0.4270   0.4058   1.0639  -0.0730   0.2818  -0.3059  -0.00    0.0
2382 115585.999   30.490821234  114.320350053     2.9302   4  21   0.4337   0.3988   1.0725   0.0645   0.3643  -0.2750  -0.00    0.0
2382 115586.999   30.490910502  114.320363316     7.5349   4  22   0.4255   0.3917   1.0243  -0.0455   0.3302  -0.3195  -0.00    0.0
2382 115587.999   30.490973743  114.320356724    10.7169   4  22   0.4255   0.3917   1.0242  -0.0456   0.3302  -0.3195  -0.00    0.0
2382 115588.999   30.491036986  114.320351262     7.3335   4  22   0.4255   0.3917   1.0241  -0.0457   0.3302  -0.3195  -0.00    0.0
2382 115589.999   30.491070890  114.320346410     8.7644   4  19   0.4676   0.4053   1.1452   0.1135   0.3220  -0.3458  -0.00    0.0
2382 115590.999   30.491117790  114.320346032    11.4726   4  21   0.4336   0.3988   1.0727   0.0644   0.3645  -0.2750  -0.00    0.0
2382 115591.999   30.491147667  114.320365287    14.6520   4  21   0.4336   0.3988   1.0729   0.0644   0.3646  -0.2750  -0.00    0.0
2382 115592.999   30.491163616  114.320353979    11.4276   4  21   0.4519   0.3989   1.0859   0.0967   0.2865  -0.3963  -0.00    0.0
2382 115593.999   30.491194500  114.320348898     9.2916   4  21   0.4519   0.3989   1.0860   0.0966   0.2865  -0.3964  -0.00    0.0
2382 115594.999   30.491213519  114.320347706    12.1465   4  21   0.4519   0.3989   1.0861   0.0966   0.2865  -0.3966  -0.00    0.0
2382 115595.999   30.491247987  114.320347960    17.2219   4  20   0.4536   0.3989   1.1212   0.0658   0.3653  -0.1801  -0.00    0.0
2382 115596.999   30.491274743  114.320335195    14.4644   4  21   0.4335   0.3989   1.0732   0.0643   0.3648  -0.2752  -0.00    0.0
2382 115597.999   30.491324431  114.320332120    15.8386   4  21   0.4335   0.3989   1.0733   0.0643   0.3649  -0.2750  -0.00    0.0
2382 115598.999   30.491355970  114.320319546    14.1876   4  22   0.4253   0.3919   1.0248  -0.0463   0.3306  -0.3199  -0.00    0.0
2382 115599.999   30.491418264  114.320293856     9.2267   4  21   0.4257   0.4396   1.0912   0.0412   0.4289  -0.3084  -0.00    0.0
2382 115600.999   30.491497827  114.320306695     6.4566   4  21   0.4342   0.3926   1.0296  -0.0649   0.3271  -0.3062  -0.00    0.0
2382 115601.999   30.491594391  114.320299382     6.1046   4  21   0.4342   0.3926   1.0297  -0.0650   0.3271  -0.3062  -0.00    0.0
2382 115602.999   30.491688180  114.320313596     4.7824   4  21   0.4517   0.3990   1.0863   0.0961   0.2869  -0.3966  -0.00    0.0
2382 115603.999   30.491791548  114.320323058     7.0889   4  21   0.4398   0.3922   1.0553  -0.0615   0.3251  -0.2726  -0.00    0.0
2382 115604.999   30.491887483  114.320337701     7.4694   4  22   0.4252   0.3919   1.0251  -0.0467   0.3306  -0.3203  -0.00    0.0
2382 115605.999   30.491996414  114.320329192     2.7235   4  22   0.4252   0.3919   1.0250  -0.0468   0.3306  -0.3202  -0.00    0.0
2382 115606.999   30.492105265  114.320342721     5.3410   4  21   0.4263   0.3947   1.0701  -0.0603   0.3081  -0.3051  -0.00    0.0
2382 115607.999   30.492220063  114.320354752     1.0056   4  21   0.4516   0.3990   1.0867   0.0958   0.2870  -0.3969  -0.00    0.0
2382 115608.999   30.492315997  114.320328862     8.6690   4  21   0.4262   0.3948   1.0705  -0.0604   0.3082  -0.3053  -0.00    0.0
2382 115609.999   30.492423027  114.320326074    10.7043   4  22   0.4262   0.3948   1.0705  -0.0605   0.3083  -0.3054  -0.00    0.0
2382 115610.999   30.492542713  114.320342414     7.3225   4  22   0.4251   0.3920   1.0254  -0.0471   0.3308  -0.3205  -0.00    0.0
2382 115611.999   30.492670051  114.320325624     2.2441   4  22   0.4251   0.3920   1.0253  -0.0472   0.3308  -0.3205  -0.00    0.0
2382 115612.999   30.492795287  114.320328456    -1.1765   4  20   0.4575   0.4053   1.1400   0.1198   0.3267  -0.3635  -0.00    0.0
2382 115613.999   30.492874413  114.320302108     0.1680   4  22   0.4250   0.3921   1.0256  -0.0474   0.3309  -0.3206  -0.00    0.0
2382 115614.999   30.492977536  114.320305932     4.5802   4  20   0.4421   0.3954   1.1122  -0.0786   0.2980  -0.2408  -0.00    0.0
2382 115615.999   30.493084968  114.320308866     3.3154   4  21   0.4332   0.3993   1.0742   0.0639   0.3655  -0.2756  -0.00    0.0
2382 115616.999   30.493188822  114.320282911     3.3086   4  21   0.4261   0.3949   1.0709  -0.0607   0.3086  -0.3056  -0.00    0.0
2382 115617.999   30.493319309  114.320280874    -2.4236   4  20   0.4614   0.3998   1.1261   0.0834   0.2760  -0.3603  -0.00    0.0
2382 115618.999   30.493432776  114.320254905    -5.7034   4  19   0.4516   0.4460   1.2219   0.0970   0.3799  -0.3893  -0.00    0.0
2382 115619.999   30.493544580  114.320261819     7.4411   4  20   0.4342   0.4186   1.1053   0.0890   0.3649  -0.2663  -0.00    0.0
2382 115620.999   30.493663890  114.320257915     6.4177   4  22   0.4260   0.3949   1.0714  -0.0609   0.3090  -0.3060  -0.00    0.0
2382 115621.999   30.493820851  114.320267580    -2.6094   4  21   0.4513   0.3992   1.0879   0.0950   0.2877  -0.3975  -0.00    0.0
2382 115622.999   30.493941292  114.320273266     3.6814   4  19   0.4578   0.4082   1.2096   0.1152   0.2965  -0.3523  -0.00    0.0
2382 115623.999   30.494045884  114.320249332     7.9859   4  21   0.4260   0.3950   1.0715  -0.0610   0.3089  -0.3062  -0.00    0.0
2382 115624.999   30.494144864  114.320263067     5.2246   4  19   0.4702   0.4036   1.1864   0.0767   0.2620  -0.4416  -0.00    0.0
2382 115625.999   30.494232984  114.320271099     3.0162   4  19   0.4702   0.4036   1.1865   0.0766   0.2621  -0.4417  -0.00    0.0
2382 115626.999   30.494334791  114.320282503    -4.2864   4  20   0.4574   0.4055   1.1422   0.1193   0.3276  -0.3645  -0.00    0.0
2382 115627.999   30.494396614  114.320311294     3.9956   4  20   0.4444   0.3979   1.0947   0.0478   0.3258  -0.2561  -0.00    0.0
2382 115628.999   30.494495897  114.320328057    -0.1964   4  22   0.4248   0.3923   1.0265  -0.0483   0.3314  -0.3213  -0.00    0.0
2382 115629.999   30.494606354  114.320349658    -0.2667   4  21   0.4390   0.3925   1.0568  -0.0623   0.3260  -0.2742  -0.00    0.0
2382 115630.999   30.494701431  114.320335314     2.1096   4  21   0.4258   0.3950   1.0712  -0.0613   0.3092  -0.3063  -0.00    0.0
2382 115631.999   30.494788086  114.320328499    -0.5287   4  21   0.4390   0.3926   1.0569  -0.0624   0.3261  -0.2743  -0.00    0.0
2382 115632.999   30.494860061  114.320331580    -1.2582   4  22   0.4247   0.3923   1.0264  -0.0486   0.3314  -0.3213  -0.00    0.0
2382 115633.999   30.494938891  114.320320032    -0.4993   4  22   0.4247   0.3924   1.0264  -0.0486   0.3314  -0.3213  -0.00    0.0
2382 115634.999   30.495013188  114.320321041     3.6378   4  21   0.4389   0.3926   1.0569  -0.0625   0.3262  -0.2745  -0.00    0.0
2382 115635.999   30.495064926  114.320306316     1.6614   4  21   0.4323   0.4174   1.0553   0.0955   0.3805  -0.2890  -0.00    0.0
2382 115636.999   30.495120868  114.320313613     0.0235   4  21   0.4257   0.3951   1.0715  -0.0615   0.3095  -0.3066  -0.00    0.0
2382 115637.999   30.495168494  114.320315458     3.3663   4  20   0.4413   0.3957   1.1131  -0.0788   0.2992  -0.2429  -0.00    0.0
2382 115638.999   30.495200983  114.320314791     5.0777   4  20   0.4413   0.3957   1.1133  -0.0789   0.2992  -0.2430  -0.00    0.0
2382 115639.999   30.495217755  114.320373653    12.4032   4  20   0.4348   0.4015   1.1302   0.0500   0.3483  -0.2497  -0.00    0.0
2382 115640.999   30.495246897  114.320401225    15.4436   4  20   0.4348   0.4015   1.1303   0.0500   0.3484  -0.2497  -0.00    0.0
2382 115641.999   30.495248166  114.320427085    12.7321   4  22   0.4245   0.3925   1.0272  -0.0492   0.3318  -0.3217  -0.00    0.0
2382 115642.999   30.495288615  114.320454355    11.7634   4  20   0.4411   0.3957   1.1135  -0.0789   0.2995  -0.2433  -0.00    0.0
2382 115643.999   30.495319799  114.320536014    13.5799   4  20   0.4523   0.3998   1.1248   0.0657   0.3677  -0.1827  -0.00    0.0
2382 115644.999   30.495294870  114.320615924    14.4941   4  19   0.4359   0.4026   1.1827   0.0395   0.3626  -0.2717  -0.00    0.0
2382 115645.999   30.495251933  114.320724064    10.0048   4  20   0.4270   0.4020   1.0748  -0.0802   0.3014  -0.3029  -0.00    0.0
2382 115646.999   30.495228130  114.320829586    10.1801   4  20   0.4274   0.3959   1.1177  -0.0688   0.3211  -0.3272  -0.00    0.0
2382 115647.999   30.495194887  114.320946283     4.8343   4  22   0.4244   0.3926   1.0273  -0.0495   0.3319  -0.3220  -0.00    0.0
2382 115648.999   30.495155132  114.321082213     8.7567   4  19   0.4421   0.3963   1.1638  -0.0831   0.3112  -0.2653  -0.00    0.0
2382 115649.999   30.495099825  114.321222635     8.6013   4  20   0.4274   0.3959   1.1177  -0.0689   0.3211  -0.3273  -0.00    0.0
2382 115650.999   30.495074165  114.321347544     7.9017   4  21   0.4384   0.3928   1.0583  -0.0630   0.3268  -0.2756  -0.00    0.0
2382 115651.999   30.495039855  114.321471717     7.7729   4  22   0.4244   0.3926   1.0275  -0.0498   0.3320  -0.3221  -0.00    0.0
2382 115652.999   30.495009545  114.321608576     6.7313   4  21   0.4257   0.3991   1.0291  -0.0704   0.3254  -0.3188  -0.00    0.0
2382 115653.999   30.495013859  114.321728246     6.1228   4  20   0.4869   0.3940   1.1114  -0.1015   0.3419  -0.3850  -0.00    0.0
2382 115654.999   30.494972911  114.321861777     4.9865   4  22   0.4243   0.3927   1.0275  -0.0500   0.3321  -0.3223  -0.00    0.0
2382 115655.999   30.494956382  114.321992120     8.1046   4  21   0.4382   0.3929   1.0582  -0.0632   0.3269  -0.2760  -0.00    0.0
2382 115656.999   30.494930404  114.322130837     8.6349   4  19   0.4430   0.4030   1.1179  -0.0981   0.2879  -0.2358  -0.00    0.0
2382 115657.999   30.494903500  114.322280383    11.7022   4  19   0.4564   0.4018   1.1983   0.0439   0.3470  -0.0860  -0.00    0.0
2382 115658.999   30.494877247  114.322411418    10.7004   4  20   0.4406   0.3959   1.1146  -0.0790   0.3003  -0.2447  -0.00    0.0
2382 115659.999   30.494839096  114.322549609     6.0684   4  21   0.4246   0.4408   1.0938   0.0315   0.4302  -0.3120  -0.00    0.0
2382 115660.999   30.494803531  114.322680783     8.0010   4  22   0.4242   0.3928   1.0280  -0.0503   0.3323  -0.3224  -0.00    0.0
2382 115661.999   30.494762968  114.322787121     7.5111   4  20   0.4513   0.4067   1.0934   0.0811   0.2787  -0.3963  -0.00    0.0
2382 115662.999   30.494739312  114.322894845     4.4821   4  21   0.4380   0.3930   1.0586  -0.0633   0.3271  -0.2764  -0.00    0.0
2382 115663.999   30.494723367  114.323000455     4.1255   4  20   0.4401   0.3997   1.0616  -0.0844   0.3182  -0.2704  -0.00    0.0
2382 115664.999   30.494698657  114.323089306     0.9961   4  21   0.4379   0.3930   1.0587  -0.0633   0.3271  -0.2764  -0.00    0.0
2382 115665.999   30.494659060  114.323190864     5.9046   4  21   0.4379   0.3930   1.0587  -0.0634   0.3272  -0.2764  -0.00    0.0
2382 115666.999   30.494623339  114.323303166     5.2389   4  19   0.4541   0.4063   1.1304   0.0319   0.3597  -0.1714  -0.00    0.0
2382 115667.999   30.494593361  114.323408805     6.5003   4  19   0.4409   0.4001   1.1131  -0.0869   0.3258  -0.2875  -0.00    0.0
2382 115668.999   30.494577797  114.323524836     2.3514   4  18   0.4620   0.4126   1.2083   0.0453   0.2077  -0.3415  -0.00    0.0
2382 115669.999   30.494553167  114.323646835     5.5786   4  18   0.4718   0.4129   1.2137   0.1018   0.3122  -0.2930  -0.00    0.0
2382 115670.999   30.494546912  114.323760190     4.7079   4  18   0.4589   0.4084   1.2057  -0.0411   0.3357  -0.0442  -0.00    0.0
2382 115671.999   30.494503950  114.323850101     4.4588   4  18   0.4580   0.4157   1.2193   0.1033   0.2866  -0.3493  -0.00    0.0
2382 115672.999   30.494511423  114.323934777    -0.6641   4  18   0.4580   0.4157   1.2194   0.1033   0.2867  -0.3493  -0.00    0.0
2382 115673.999   30.494495038  114.323991608    -2.8401   4  22   0.4240   0.3930   1.0292  -0.0510   0.3327  -0.3231  -0.00    0.0
2382 115674.999   30.494462944  114.324048590     2.1800   4  19   0.4424   0.4032   1.1192  -0.0982   0.2889  -0.2377  -0.00    0.0
2382 115675.999   30.494442157  114.324100232     1.8652   4  22   0.4239   0.3930   1.0286  -0.0511   0.3326  -0.3230  -0.00    0.0
2382 115676.999   30.494428942  114.324165074     4.9565   4  20   0.4269   0.3998   1.0771  -0.0754   0.3336  -0.3373  -0.00    0.0
2382 115677.999   30.494436258  114.324187204     3.7321   4  21   0.4259   0.3938   1.0725  -0.0603   0.3438  -0.3417  -0.00    0.0
2382 115678.999   30.494443940  114.324183781     2.6855   4  21   0.4249   0.3956   1.0734  -0.0631   0.3112  -0.3088  -0.00    0.0
2382 115679.999   30.494427741  114.324217307     7.9724   4  20   0.4337   0.4017   1.1282   0.0535   0.3820  -0.2968  -0.00    0.0
2382 115680.999   30.494428312  114.324211574     2.3518   4  21   0.4324   0.4005   1.0785   0.0626   0.3683  -0.2773  -0.00    0.0
2382 115681.999   30.494417316  114.324208790    -2.5177   4  22   0.4238   0.3931   1.0291  -0.0515   0.3329  -0.3232  -0.00    0.0
2382 115682.999   30.494425234  114.324259211    -1.4098   4  21   0.4252   0.3996   1.0307  -0.0718   0.3263  -0.3200  -0.00    0.0
2382 115683.999   30.494412408  114.324297166     4.4496   4  19   0.4278   0.4027   1.1250  -0.0843   0.3102  -0.3231  -0.00    0.0
2382 115684.999   30.494402227  114.324353364    -2.7384   4  20   0.4263   0.4025   1.0760  -0.0815   0.3030  -0.3049  -0.00    0.0
2382 115685.999   30.494388684  114.324402236    -2.5751   4  19   0.4420   0.4033   1.1195  -0.0983   0.2895  -0.2388  -0.00    0.0
2382 115686.999   30.494374070  114.324471635     1.7030   4  18   0.4584   0.4087   1.2060  -0.0407   0.3367  -0.0500  -0.00    0.0
2382 115687.999   30.494356157  114.324541785     0.5602   4  21   0.4323   0.4006   1.0793   0.0625   0.3686  -0.2773  -0.00    0.0
2382 115688.999   30.494327297  114.324608283     0.1353   4  19   0.4277   0.4027   1.1260  -0.0845   0.3106  -0.3233  -0.00    0.0
2382 115689.999   30.494307286  114.324697809     1.0572   4  18   0.4426   0.4035   1.1754  -0.0998   0.2969  -0.2571  -0.00    0.0
2382 115690.999   30.494313090  114.324787425     0.0481   4  19   0.4554   0.4023   1.2009   0.0449   0.3494  -0.0928  -0.00    0.0
2382 115691.999   30.494286489  114.324883455    -3.1854   4  20   0.4395   0.3963   1.1163  -0.0793   0.3020  -0.2479  -0.00    0.0
2382 115692.999   30.494269230  114.324993810     3.9148   4  19   0.4554   0.4024   1.2012   0.0451   0.3496  -0.0923  -0.00    0.0
2382 115693.999   30.494212840  114.325090896     6.3191   4  20   0.4395   0.3963   1.1162  -0.0793   0.3021  -0.2480  -0.00    0.0
2382 115694.999   30.494192925  114.325185771     4.2491   4  19   0.4267   0.4506   1.1503  -0.0589   0.4411  -0.3310  -0.00    0.0
2382 115695.999   30.494186148  114.325312275    -0.4515   4  20   0.4664   0.4008   1.0981  -0.1033   0.3427  -0.4182  -0.00    0.0
2382 115696.999   30.494140441  114.325417681     0.3826   4  20   0.5148   0.4215   1.1642   0.2039   0.1770  -0.5105  -0.00    0.0
2382 115697.999   30.494123268  114.325554431    -2.1793   4  20   0.4507   0.4070   1.0964   0.0785   0.2802  -0.3982  -0.00    0.0
2382 115698.999   30.494131945  114.325691670    -5.6615   4  19   0.4571   0.4131   1.1516   0.1075   0.3212  -0.3629  -0.00    0.0
2382 115699.999   30.494047733  114.325784442    -3.5088   4  19   0.5161   0.4275   1.1665   0.1976   0.1628  -0.5086  -0.00    0.0
2382 115700.999   30.494018476  114.325888597    -7.2595   4  22   0.4498   0.3999   1.0938   0.0906   0.2908  -0.4010  -0.00    0.0
2382 115701.999   30.493997379  114.325985424    -0.2842   4  19   0.4398   0.4006   1.1159  -0.0877   0.3272  -0.2897  -0.00    0.0
2382 115702.999   30.493979724  114.326108486     2.3613   4  19   0.4539   0.4071   1.1555   0.0758   0.2848  -0.4226  -0.00    0.0
2382 115703.999   30.493952180  114.326238968     5.4912   4  22   0.4497   0.4000   1.0939   0.0903   0.2909  -0.4009  -0.00    0.0
2382 115704.999   30.493935416  114.326352035    -0.1372   4  19   0.4601   0.4080   1.1378   0.0598   0.2655  -0.3610  -0.00    0.0
2382 115705.999   30.493902817  114.326469594     0.8539   4  20   0.4534   0.4003   1.1488   0.0846   0.3010  -0.4257  -0.00    0.0
2382 115706.999   30.493882002  114.326602178     3.6495   4  18   0.4594   0.4134   1.2204   0.1039   0.3304  -0.3884  -0.00    0.0
2382 115707.999   30.493838235  114.326723448    -2.8009   4  19   0.4616   0.4009   1.1946   0.0737   0.2906  -0.3914  -0.00    0.0
2382 115708.999   30.493797455  114.326851716    -5.4136   4  20   0.4587   0.4006   1.1340   0.0788   0.2804  -0.3662  -0.00    0.0
2382 115709.999   30.493772778  114.326999442     0.7798   4  19   0.4694   0.4266   1.1614   0.1443   0.3399  -0.3301  -0.00    0.0
2382 115710.999   30.493722892  114.327109339    10.7223   4  18   0.4363   0.4095   1.1955  -0.0294   0.3550  -0.2648  -0.00    0.0
2382 115711.999   30.493723982  114.327247077     3.1037   4  18   0.4573   0.4161   1.2223   0.1019   0.2900  -0.3507  -0.00    0.0
2382 115712.999   30.493683647  114.327363023    13.1051   4  16   0.4737   0.4167   1.4094   0.0872   0.2787  -0.2828  -0.00    0.0
2382 115713.999   30.493647842  114.327458536    11.3499   4  20   0.4259   0.4028   1.0785  -0.0824   0.3044  -0.3066  -0.00    0.0
2382 115714.999   30.493634075  114.327568526     8.2799   4  21   0.4247   0.4001   1.0332  -0.0732   0.3274  -0.3215  -0.00    0.0
2382 115715.999   30.493605378  114.327636763    10.3074   4  21   0.4243   0.3961   1.0751  -0.0643   0.3126  -0.3105  -0.00    0.0
2382 115716.999   30.493595801  114.327722085    12.0337   4  21   0.4319   0.4011   1.0806   0.0620   0.3696  -0.2782  -0.00    0.0
2382 115717.999   30.493585104  114.327797312    11.4050   4  21   0.4319   0.4012   1.0808   0.0620   0.3697  -0.2782  -0.00    0.0
2382 115718.999   30.493571970  114.327874610    10.0917   4  21   0.4319   0.4012   1.0809   0.0620   0.3698  -0.2782  -0.00    0.0
2382 115719.999   30.493566194  114.327905423     5.0328   4  20   0.4662   0.4011   1.0985  -0.1042   0.3433  -0.4189  -0.00    0.0
2382 115720.999   30.493569985  114.327948777     7.7503   4  20   0.4651   0.3969   1.1450  -0.0945   0.3283  -0.4143  -0.00    0.0
2382 115721.999   30.493556765  114.328009794    10.0867   4  20   0.4652   0.3969   1.1452  -0.0946   0.3283  -0.4145  -0.00    0.0
2382 115722.999   30.493531437  114.328042894    13.6671   4  21   0.4242   0.3961   1.0758  -0.0647   0.3131  -0.3112  -0.00    0.0
2382 115723.999   30.493521884  114.328050496    13.4170   4  20   0.4494   0.4037   1.1510   0.0859   0.2571  -0.3971  -0.00    0.0
2382 115724.999   30.493538018  114.328076187    12.3716   4  18   0.5034   0.4094   1.2787   0.1005   0.3120  -0.4576  -0.00    0.0
2382 115725.999   30.493509900  114.328091116    10.1491   4  19   0.4503   0.4112   1.1556   0.0721   0.2426  -0.3941  -0.00    0.0
2382 115726.999   30.493479293  114.328118724     0.0196   4  20   0.4595   0.4082   1.1401   0.0582   0.2668  -0.3625  -0.00    0.0
2382 115727.999   30.493466444  114.328164405     5.6470   4  19   0.4614   0.4050   1.2735   0.0636   0.2458  -0.3802  -0.00    0.0
2382 115728.999   30.493463188  114.328204103    10.8483   4  20   0.4529   0.4006   1.1514   0.0830   0.3024  -0.4265  -0.00    0.0
2382 115729.999   30.493460067  114.328242389    12.5063   4  19   0.4502   0.4113   1.1559   0.0718   0.2429  -0.3943  -0.00    0.0
2382 115730.999   30.493440146  114.328259241    12.4731   4  19   0.4501   0.4113   1.1556   0.0717   0.2429  -0.3942  -0.00    0.0
2382 115731.999   30.493391563  114.328303183    10.1499   4  22   0.4230   0.3938   1.0320  -0.0542   0.3342  -0.3255  -0.00    0.0
2382 115732.999   30.493358844  114.328335468    12.6422   4  20   0.4354   0.4359   1.0921   0.1159   0.4030  -0.2632  -0.00    0.0
2382 115733.999   30.493288620  114.328333118    10.1044   4  22   0.4229   0.3938   1.0317  -0.0543   0.3343  -0.3253  -0.00    0.0
2382 115734.999   30.493224386  114.328322472     5.7276   4  22   0.4229   0.3938   1.0317  -0.0543   0.3344  -0.3253  -0.00    0.0
2382 115735.999   30.493145970  114.328303403     6.6847   4  19   0.5033   0.4072   1.2075   0.1021   0.3411  -0.4615  -0.00    0.0
2382 115736.999   30.493072324  114.328285419     3.4315   4  21   0.4358   0.3941   1.0632  -0.0656   0.3296  -0.2814  -0.00    0.0
2382 115737.999   30.492978064  114.328279540     4.1675   4  22   0.4229   0.3939   1.0322  -0.0546   0.3345  -0.3257  -0.00    0.0
2382 115738.999   30.492881950  114.328249693     3.7938   4  20   0.4491   0.4038   1.1516   0.0851   0.2581  -0.3975  -0.00    0.0
2382 115739.999   30.492759108  114.328215811     5.6687   4  21   0.4316   0.4016   1.0823   0.0616   0.3706  -0.2789  -0.00    0.0
2382 115740.999   30.492647622  114.328198159     5.8724   4  22   0.4228   0.3939   1.0323  -0.0547   0.3345  -0.3257  -0.00    0.0
2382 115741.999   30.492513783  114.328155308     5.6357   4  21   0.4239   0.4080   1.0705  -0.0786   0.2859  -0.3122  -0.00    0.0
2382 115742.999   30.492368284  114.328072006     1.0523   4  21   0.4263   0.4283   1.0415   0.0788   0.3680  -0.3136  -0.00    0.0
2382 115743.999   30.492232956  114.328041100     0.6367   4  22   0.4227   0.3940   1.0321  -0.0548   0.3346  -0.3257  -0.00    0.0
2382 115744.999   30.492095885  114.328012351     1.2623   4  22   0.4227   0.3940   1.0321  -0.0548   0.3346  -0.3257  -0.00    0.0
2382 115745.999   30.491960735  114.327982366    10.2987   4  21   0.4355   0.3942   1.0632  -0.0657   0.3298  -0.2817  -0.00    0.0
2382 115746.999   30.491812069  114.327925751     9.1408   4  20   0.4368   0.4431   1.1441   0.0508   0.4407  -0.2549  -0.00    0.0
2382 115747.999   30.491669250  114.327849177     0.9620   4  19   0.4393   0.4764   1.1519   0.1041   0.4660  -0.2426  -0.00    0.0
2382 115748.999   30.491543268  114.327809696     2.6846   4  19   0.4496   0.4501   1.0773  -0.1011   0.3363  -0.2485  -0.00    0.0
2382 115749.999   30.491383567  114.327760512     1.5192   4  13   0.5647   0.5631   1.4164   0.2011   0.5254  -0.2197  -0.00    0.0
2382 115750.999   30.491224884  114.327725168     3.3530   4  13   0.6932   0.6075   1.4552   0.4206   0.4491  -0.4750  -0.00    0.0
2382 115751.999   30.491138007  114.327702355     1.1849   4  16   0.5403   0.5391   1.3098   0.2551   0.5310  -0.1196  -0.00    0.0
2382 115752.999   30.491038811  114.327657515     7.0445   4  15   0.5451   0.5399   1.4068   0.2512   0.5168   0.1506  -0.00    0.0
2382 115753.999   30.490925380  114.327611687     9.1079   4  15   0.5450   0.5399   1.4069   0.2511   0.5170   0.1515  -0.00    0.0
2382 115754.999   30.490828627  114.327575997     1.9689   4  16   0.4915   0.5300   1.4082   0.1830   0.5470  -0.2894  -0.00    0.0
2382 115755.999   30.490771524  114.327575035     5.5894   4  20   0.4755   0.4169   1.1155   0.1607   0.3314  -0.3604  -0.00    0.0
2382 115756.999   30.490702304  114.327558468     9.3371   4  21   0.4353   0.3945   1.0651  -0.0660   0.3307  -0.2826  -0.00    0.0
2382 115757.999   30.490655068  114.327527284     8.6631   4  22   0.4225   0.3942   1.0332  -0.0554   0.3351  -0.3263  -0.00    0.0
2382 115758.999   30.490587266  114.327508090    10.3914   4  20   0.4331   0.4035   1.1368   0.0491   0.3549  -0.2542  -0.00    0.0
2382 115759.999   30.490552161  114.327504091    11.0942   4  20   0.4331   0.4035   1.1371   0.0491   0.3550  -0.2543  -0.00    0.0
2382 115760.999   30.490505059  114.327494154    11.4899   4  21   0.4234   0.3966   1.0775  -0.0659   0.3148  -0.3127  -0.00    0.0
2382 115761.999   30.490473465  114.327480340    11.4764   4  19   0.4368   0.4381   1.1462   0.1101   0.3877  -0.2380  -0.00    0.0
2382 115762.999   30.490462894  114.327470820     4.7467   4  19   0.4587   0.4487   1.1539   0.1606   0.2703  -0.3952  -0.00    0.0
2382 115763.999   30.490437497  114.327458453     8.5889   4  20   0.4587   0.4444   1.0994   0.1616   0.3084  -0.3976  -0.00    0.0
2382 115764.999   30.490431829  114.327464370     5.5003   4  17   0.5142   0.5325   1.2822   0.2713   0.5204  -0.2884  -0.00    0.0
2382 115765.999   30.490470102  114.327481685    -1.3339   4  16   0.4877   0.5284   1.4015   0.1672   0.4873  -0.1971  -0.00    0.0
2382 115766.999   30.490466849  114.327466172    -5.8002   4  19   0.4653   0.4509   1.1565   0.1788   0.3498  -0.3617  -0.00    0.0
2382 115767.999   30.490468829  114.327440741   -12.9518   4  19   0.4675   0.4075   1.2184   0.1133   0.3338  -0.3063  -0.00    0.0
2382 115768.999   30.490475784  114.327441137   -11.1751   4  20   0.4549   0.4075   1.1548   0.1149   0.3356  -0.3681  -0.00    0.0
2382 115769.999   30.490481315  114.327432779    -8.2458   4  19   0.4557   0.4661   1.1752  -0.0603   0.3933  -0.3951  -0.00    0.0
2382 115770.999   30.490491888  114.327431978   -11.7891   4  19   0.4809   0.4235   1.1150   0.0892   0.2870  -0.3615  -0.00    0.0
2382 115771.999   30.490458408  114.327452937   -13.7181   4  18   0.5056   0.4147   1.2337   0.0943   0.3068  -0.4573  -0.00    0.0
2382 115772.999   30.490430479  114.327474804    -7.1613   4  17   0.5309   0.4284   1.2244  -0.0793   0.3011  -0.4209  -0.00    0.0
2382 115773.999   30.490439629  114.327454988    -2.7696   4  20   0.4508   0.4119   1.1020   0.0542   0.2818  -0.3997  -0.00    0.0
2382 115774.999   30.490404883  114.327440597    -7.8239   4  20   0.4568   0.4012   1.1391   0.0753   0.2837  -0.3701  -0.00    0.0
2382 115775.999   30.490410714  114.327445275    -4.8498   4  21   0.4567   0.4012   1.1389   0.0753   0.2837  -0.3701  -0.00    0.0
2382 115776.999   30.490362645  114.327456180     9.4103   4  20   0.4360   0.4070   1.0694  -0.0884   0.3172  -0.2786  -0.00    0.0
2382 115777.999   30.490404657  114.327463325     6.8923   4  20   0.4566   0.4012   1.1390   0.0752   0.2838  -0.3700  -0.00    0.0
2382 115778.999   30.490395973  114.327451324     6.8820   4  19   0.5088   0.4535   1.1991   0.0796   0.3356  -0.4619  -0.00    0.0
2382 115779.999   30.490375330  114.327447815    16.9897   4  19   0.4569   0.4464   1.2335   0.0937   0.4159  -0.3600  -0.00    0.0
2382 115780.999   30.490380508  114.327406230    19.5162   4  20   0.4572   0.4052   1.2100   0.0654   0.2409  -0.3573  -0.00    0.0
2382 115781.999   30.490381153  114.327401509    18.5518   4  18   0.4762   0.4556   1.3125   0.1655   0.2892  -0.2784  -0.00    0.0
2382 115782.999   30.490372077  114.327379134    13.6533   4  20   0.4565   0.4013   1.1403   0.0749   0.2842  -0.3706  -0.00    0.0
2382 115783.999   30.490387502  114.327410614    12.0394   4  18   0.4797   0.4860   1.1698   0.2135   0.3648  -0.3246  -0.00    0.0
2382 115784.999   30.490381602  114.327367965     8.0849   4  21   0.4481   0.4008   1.1001   0.0855   0.2944  -0.4041  -0.00    0.0
2382 115785.999   30.490382377  114.327373074     6.2708   4  21   0.4481   0.4008   1.1000   0.0855   0.2945  -0.4041  -0.00    0.0
2382 115786.999   30.490376521  114.327362292     7.4304   4  20   0.4481   0.4042   1.1552   0.0824   0.2613  -0.4000  -0.00    0.0
2382 115787.999   30.490368729  114.327343760     0.5044   4  18   0.5036   0.4101   1.2818   0.0984   0.3169  -0.4591  -0.00    0.0
2382 115788.999   30.490388579  114.327364909    -3.1482   4  20   0.4481   0.4042   1.1561   0.0822   0.2616  -0.4003  -0.00    0.0
2382 115789.999   30.490379374  114.327358819    -0.6079   4  19   0.4481   0.4482   1.2316   0.0814   0.3882  -0.4007  -0.00    0.0
2382 115790.999   30.490354109  114.327311369    -3.2183   4  17   0.4692   0.4598   1.2276   0.1634   0.3085  -0.3472  -0.00    0.0
2382 115791.999   30.490376890  114.327321542    -2.1601   4  15   0.5502   0.5402   1.3649   0.2380   0.5133  -0.2718  -0.00    0.0
2382 115792.999   30.490394294  114.327421679    12.4848   4  19   0.4592   0.4175   1.2156  -0.0206   0.2202  -0.3516  -0.00    0.0
2382 115793.999   30.490411305  114.327431690    11.6346   4  20   0.4568   0.4053   1.2113   0.0650   0.2422  -0.3583  -0.00    0.0
2382 115794.999   30.490390584  114.327442605     7.9815   4  19   0.4931   0.4047   1.2319   0.0524   0.2771  -0.4978  -0.00    0.0
2382 115795.999   30.490399773  114.327446551     7.3811   4  20   0.4480   0.4042   1.1566   0.0818   0.2620  -0.4006  -0.00    0.0
2382 115796.999   30.490417886  114.327438437     8.6856   4  19   0.5078   0.4059   1.2676  -0.0331   0.2598  -0.4603  -0.00    0.0
2382 115797.999   30.490394080  114.327430796     9.6705   4  19   0.4383   0.4802   1.2701  -0.0652   0.5051  -0.2490  -0.00    0.0
2382 115798.999   30.490376707  114.327443122     7.4822   4  20   0.4230   0.4450   1.1450  -0.0409   0.4201  -0.3063  -0.00    0.0
2382 115799.999   30.490376813  114.327447506     8.3997   4  19   0.4667   0.4451   1.1932  -0.0317   0.4189  -0.4001  -0.00    0.0
2382 115800.999   30.490379254  114.327410344     1.5190   4  18   0.4692   0.4795   1.2576  -0.0988   0.4963  -0.4238  -0.00    0.0
2382 115801.999   30.490389962  114.327423298     0.0784   4  19   0.4244   0.4794   1.2038  -0.0884   0.4929  -0.3267  -0.00    0.0
2382 115802.999   30.490380435  114.327426881     6.1532   4  20   0.4264   0.4318   1.0881   0.0701   0.3502  -0.3034  -0.00    0.0
2382 115803.999   30.490380049  114.327432877    13.4909   4  20   0.4713   0.4107   1.1692   0.1310   0.2853  -0.3679  -0.00    0.0
2382 115804.999   30.490426199  114.327420199     6.3815   4  17   0.4705   0.4347   1.2975   0.0956   0.4480   0.1463  -0.00    0.0
2382 115805.999   30.490414754  114.327390057     1.0294   4  18   0.4881   0.4210   1.2188  -0.1415   0.3865  -0.3977  -0.00    0.0
2382 115806.999   30.490388240  114.327372375     4.6895   4  19   0.4496   0.4247   1.1949   0.0348   0.3283  -0.4159  -0.00    0.0
2382 115807.999   30.490427459  114.327366997     7.5741   4  18   0.4804   0.4329   1.2658   0.1043   0.3390  -0.3356  -0.00    0.0
2382 115808.999   30.490413192  114.327380265    11.4626   4  18   0.4688   0.4330   1.3675   0.0855   0.3795  -0.2926  -0.00    0.0
2382 115809.999   30.490397605  114.327378846    12.5831   4  17   0.4590   0.4536   1.3512  -0.0765   0.1384  -0.3537  -0.00    0.0
2382 115810.999   30.490414123  114.327388957     5.2752   4  18   0.4420   0.5014   1.3278  -0.1147   0.4491  -0.2003  -0.00    0.0
2382 115811.999   30.490408126  114.327391814     3.6002   4  19   0.4242   0.4797   1.2048  -0.0896   0.4933  -0.3276  -0.00    0.0
2382 115812.999   30.490390588  114.327395564    11.6801   4  17   0.4434   0.5557   1.2506  -0.2079   0.4047  -0.2776  -0.00    0.0
2382 115813.999   30.490404915  114.327427899    19.4159   4  17   0.4653   0.5317   1.3841   0.1392   0.4914  -0.3661  -0.00    0.0
2382 115814.999   30.490404935  114.327408473    10.9446   4  17   0.4856   0.4987   1.3024   0.1980   0.4926  -0.3085  -0.00    0.0
2382 115815.999   30.490421167  114.327434141    12.9365   4  20   0.4227   0.4454   1.1461  -0.0430   0.4210  -0.3076  -0.00    0.0
2382 115816.999   30.490456324  114.327452147    13.6015   4  19   0.4791   0.4118   1.2252   0.1210   0.2690  -0.3222  -0.00    0.0
2382 115817.999   30.490428557  114.327452311    13.5762   4  19   0.5073   0.4061   1.2686  -0.0354   0.2618  -0.4610  -0.00    0.0
2382 115818.999   30.490394943  114.327450431    15.5356   4  20   0.4383   0.4015   1.1088   0.0455   0.3389  -0.2668  -0.00    0.0
2382 115819.999   30.490363234  114.327452105    18.8350   4  20   0.4323   0.4045   1.1415   0.0485   0.3585  -0.2571  -0.00    0.0
2382 115820.999   30.490318624  114.327461690    18.4669   4  21   0.4224   0.3974   1.0806  -0.0680   0.3174  -0.3159  -0.00    0.0
2382 115821.999   30.490245708  114.327449090    14.0638   4  17   0.5364   0.4638   1.1916  -0.1421   0.4491  -0.5171  -0.00    0.0
2382 115822.999   30.490124964  114.327489648    11.9863   4  11   0.5631   0.6040   1.4928  -0.1621   0.6447  -0.4438  -0.00    0.0
2382 115823.999   30.490049730  114.327502491    15.7488   4  13   0.5347   0.5258   1.3748  -0.0287   0.4472  -0.4240  -0.00    0.0
2382 115824.999   30.489991522  114.327468009    19.8647   4  18   0.4651   0.4533   1.1227   0.1415   0.4044  -0.1590  -0.00    0.0
2382 115825.999   30.489866959  114.327335587    27.7382   4  16   0.5168   0.5627   1.7214   0.2070   0.5867   0.3760  -0.00    0.0
2382 115826.999   30.489747953  114.327339654    24.8568   4  14   0.6115   0.6602   1.6250   0.2265   0.2733   0.4153  -0.00    0.0
2382 115827.999   30.489646065  114.327328390    10.5890   4  15   0.5056   0.5813   1.3442  -0.1535   0.4341   0.2968  -0.00    0.0
2382 115828.999   30.489534017  114.327289706     5.3555   4  18   0.4651   0.4562   1.1950  -0.1263   0.2822  -0.0762  -0.00    0.0
2382 115829.999   30.489389785  114.327280497     6.1822   4  15   0.4853   0.5842   1.4055  -0.0814   0.3996  -0.2155  -0.00    0.0
2382 115830.999   30.489256937  114.327293809     7.4817   4  17   0.4799   0.4702   1.2888  -0.0399   0.1416  -0.2583  -0.00    0.0
2382 115831.999   30.489109015  114.327292190     2.8043   4  19   0.4637   0.4425   1.1344   0.1008   0.3271  -0.3665  -0.00    0.0
2382 115832.999   30.488953485  114.327276494     4.0654   4  17   0.5027   0.5504   1.5554   0.2645  -0.4847  -0.5591  -0.00    0.0
2382 115833.999   30.488826469  114.327231970     8.6381   4  18   0.4855   0.5126   1.1667   0.2405   0.3088  -0.3699  -0.00    0.0
2382 115834.999   30.488706226  114.327225413     9.3655   4  17   0.4715   0.5134   1.2731   0.2179   0.2280  -0.3636  -0.00    0.0
2382 115835.999   30.488567431  114.327203486    12.7457   4  20   0.4309   0.4421   1.1831   0.1239   0.2848  -0.3704  -0.00    0.0
2382 115836.999   30.488448294  114.327186506     8.5314   4  19   0.4310   0.4475   1.2722   0.1217   0.2208  -0.3657  -0.00    0.0
2382 115837.999   30.488342010  114.327168308    11.7272   4  20   0.4309   0.4420   1.1833   0.1237   0.2850  -0.3705  -0.00    0.0
2382 115838.999   30.488244770  114.327161548     7.0442   4  20   0.4092   0.4354   1.1767   0.0287   0.3142  -0.2616  -0.00    0.0
2382 115839.999   30.488148335  114.327159766    10.7103   4  20   0.4308   0.4474   1.2721   0.1214   0.2211  -0.3657  -0.00    0.0
2382 115840.999   30.488062602  114.327159040    10.8651   4  21   0.4176   0.4333   1.1342   0.1198   0.4367  -0.2276  -0.00    0.0
2382 115841.999   30.487980378  114.327126660    11.9587   4  21   0.4307   0.4268   1.1259   0.1229   0.3512  -0.3700  -0.00    0.0
2382 115842.999   30.487918400  114.327109947    10.4806   4  22   0.4074   0.4202   1.0673   0.0680   0.3875  -0.2947  -0.00    0.0
2382 115843.999   30.487867154  114.327108610    16.4556   4  21   0.4175   0.4334   1.1338   0.1198   0.4367  -0.2276  -0.00    0.0
2382 115844.999   30.487811742  114.327119046    10.3903   4  20   0.4306   0.4421   1.1830   0.1233   0.2856  -0.3704  -0.00    0.0
2382 115845.999   30.487760667  114.327099918     7.4142   4  21   0.4079   0.4322   1.1089   0.0487   0.3463  -0.2833  -0.00    0.0
2382 115846.999   30.487718356  114.327074705    13.3762   4  22   0.4073   0.4203   1.0676   0.0679   0.3876  -0.2949  -0.00    0.0
2382 115847.999   30.487697439  114.327080077    19.9922   4  22   0.4080   0.4215   1.1158   0.0618   0.3740  -0.2809  -0.00    0.0
2382 115848.999   30.487680632  114.327066543    20.3722   4  21   0.4080   0.4215   1.1158   0.0617   0.3741  -0.2810  -0.00    0.0
2382 115849.999   30.487650322  114.327066898    20.7327   4  20   0.4306   0.4289   1.1860   0.1213   0.3290  -0.3664  -0.00    0.0
2382 115850.999   30.487636156  114.327075112    19.9675   4  20   0.4306   0.4289   1.1863   0.1213   0.3291  -0.3666  -0.00    0.0
2382 115851.999   30.487635780  114.327134846     4.6027   4  18   0.4389   0.4544   1.3812   0.1461   0.3032  -0.2980  -0.00    0.0
2382 115852.999   30.487632823  114.327144997    -9.1069   4  19   0.4305   0.4422   1.1850   0.1230   0.2859  -0.3712  -0.00    0.0
2382 115853.999   30.487668174  114.327132479     2.8996   4  17   0.5012   0.4480   1.3517   0.1250   0.2307  -0.4783  -0.00    0.0
2382 115854.999   30.487639636  114.327093747    24.8731   4  20   0.4519   0.4399   1.3827   0.1554   0.4003  -0.1943  -0.00    0.0
2382 115855.999   30.487597904  114.327076361    33.2647   4  19   0.4960   0.5160   1.3648   0.2404   0.3909  -0.4890  -0.00    0.0
2382 115856.999   30.487644317  114.327117319     5.5420   4  19   0.4306   0.4476   1.2747   0.1208   0.2233  -0.3670  -0.00    0.0
2382 115857.999   30.487667152  114.327163106   -10.9615   4  18   0.5370   0.5725   1.3054   0.3503  -0.2326  -0.5460  -0.00    0.0
2382 115858.999   30.487651887  114.327129654    -9.4782   4  19   0.4305   0.4423   1.1855   0.1228   0.2858  -0.3717  -0.00    0.0
2382 115859.999   30.487656904  114.327119333     2.1185   4  18   0.4307   0.5060   1.3673   0.1318   0.4084  -0.3592  -0.00    0.0
2382 115860.999   30.487661339  114.327128828     4.3742   4  18   0.4306   0.5061   1.3678   0.1316   0.4090  -0.3592  -0.00    0.0
2382 115861.999   30.487664199  114.327131075    -6.6147   4  19   0.4305   0.5033   1.2752   0.1330   0.4410  -0.3646  -0.00    0.0
2382 115862.999   30.487664356  114.327102894    -1.7795   4  19   0.4305   0.4888   1.2244   0.1323   0.4870  -0.3639  -0.00    0.0
2382 115863.999   30.487659757  114.327101654     8.2539   4  18   0.4710   0.4896   1.3332   0.1398   0.4719  -0.4408  -0.00    0.0
2382 115864.999   30.487646693  114.327102836     7.9457   4  20   0.4695   0.4296   1.2561   0.1028   0.3432  -0.4599  -0.00    0.0
2382 115865.999   30.487644439  114.327088853    -0.0478   4  20   0.4695   0.4278   1.1914   0.1018   0.3652  -0.4579  -0.00    0.0
2382 115866.999   30.487624655  114.327084602     2.2237   4  22   0.4303   0.4271   1.1282   0.1217   0.3524  -0.3714  -0.00    0.0
2382 115867.999   30.487617451  114.327086576     6.4914   4  21   0.4303   0.4271   1.1279   0.1217   0.3523  -0.3713  -0.00    0.0
2382 115868.999   30.487597731  114.327097419     8.0604   4  21   0.4302   0.4271   1.1278   0.1217   0.3523  -0.3712  -0.00    0.0
2382 115869.999   30.487557605  114.327076828    15.5348   4  21   0.4077   0.4218   1.1172   0.0609   0.3751  -0.2823  -0.00    0.0
2382 115870.999   30.487511939  114.327076568    11.4195   4  20   0.4302   0.4291   1.1876   0.1204   0.3303  -0.3676  -0.00    0.0
2382 115871.999   30.487473391  114.327069128     7.2795   4  21   0.4301   0.4272   1.1281   0.1215   0.3525  -0.3712  -0.00    0.0
2382 115872.999   30.487397110  114.327057715    11.0056   4  21   0.4076   0.4219   1.1175   0.0607   0.3752  -0.2825  -0.00    0.0
2382 115873.999   30.487335107  114.327067525     8.7815   4  20   0.4301   0.4291   1.1879   0.1203   0.3305  -0.3677  -0.00    0.0
2382 115874.999   30.487277248  114.327063416     5.6704   4  21   0.4076   0.4219   1.1176   0.0606   0.3754  -0.2826  -0.00    0.0
2382 115875.999   30.487195321  114.327047102     7.6615   4  21   0.4075   0.4219   1.1177   0.0606   0.3754  -0.2826  -0.00    0.0
2382 115876.999   30.487111026  114.327044997     8.2892   4  20   0.4301   0.4291   1.1881   0.1201   0.3307  -0.3677  -0.00    0.0
2382 115877.999   30.487032582  114.327032695    10.5525   4  19   0.4382   0.4401   1.2766   0.1504   0.3936  -0.3099  -0.00    0.0
2382 115878.999   30.486937208  114.327025364     9.1207   4  20   0.4193   0.4220   1.1676   0.0584   0.3745  -0.2165  -0.00    0.0
2382 115879.999   30.486832435  114.327029842    10.6911   4  21   0.4075   0.4220   1.1183   0.0605   0.3757  -0.2828  -0.00    0.0
2382 115880.999   30.486741566  114.327000329     6.2421   4  20   0.4300   0.4292   1.1885   0.1200   0.3310  -0.3679  -0.00    0.0
2382 115881.999   30.486637884  114.327002459     4.1772   4  20   0.4300   0.4292   1.1887   0.1199   0.3311  -0.3681  -0.00    0.0
2382 115882.999   30.486521291  114.326990997     4.6921   4  20   0.4090   0.4352   1.1257  -0.0144   0.3570  -0.2747  -0.00    0.0
2382 115883.999   30.486413265  114.326974728    13.7534   4  19   0.4196   0.4495   1.2016   0.1018   0.4183  -0.1899  -0.00    0.0
2382 115884.999   30.486319488  114.326942831     6.1740   4  19   0.4300   0.4896   1.2894   0.1301   0.4768  -0.3606  -0.00    0.0
2382 115885.999   30.486199114  114.326913007     1.6477   4  19   0.4300   0.4897   1.2902   0.1299   0.4772  -0.3609  -0.00    0.0
2382 115886.999   30.486109368  114.326979600     9.8414   4  19   0.4320   0.4413   1.1950   0.0995   0.3144  -0.3621  -0.00    0.0
2382 115887.999   30.486034341  114.326983746    24.4063   4  19   0.4510   0.4406   1.3860   0.1551   0.4041  -0.1977  -0.00    0.0
2382 115888.999   30.485902439  114.326944750    21.2501   4  20   0.4370   0.4274   1.1773   0.1187   0.3506  -0.3355  -0.00    0.0
2382 115889.999   30.485794835  114.326878081     7.3870   4  18   0.4561   0.5412   1.5372   0.2231   0.6657   0.0850  -0.00    0.0
2382 115890.999   30.485692052  114.326866114     6.8212   4  18   0.4403   0.5282   1.4683   0.1884   0.6053  -0.2539  -0.00    0.0
2382 115891.999   30.485560045  114.326849760    18.5771   4  20   0.4470   0.4868   1.1957   0.1067   0.5071  -0.3637  -0.00    0.0
2382 115892.999   30.485470296  114.326840799    11.4081   4  20   0.4299   0.4900   1.2913   0.1294   0.4780  -0.3616  -0.00    0.0
2382 115893.999   30.485362407  114.326859613    18.6903   4  21   0.4298   0.4294   1.1903   0.1193   0.3323  -0.3689  -0.00    0.0
2382 115894.999   30.485255224  114.326875852    17.6041   4  19   0.4319   0.4413   1.1954   0.0991   0.3147  -0.3624  -0.00    0.0
2382 115895.999   30.485157395  114.326864040    13.9449   4  19   0.4319   0.4413   1.1952   0.0991   0.3145  -0.3624  -0.00    0.0
2382 115896.999   30.485061029  114.326848299     9.4314   4  19   0.4319   0.4413   1.1952   0.0991   0.3145  -0.3625  -0.00    0.0
2382 115897.999   30.484962174  114.326832869     8.9125   4  21   0.4296   0.4275   1.1306   0.1203   0.3537  -0.3724  -0.00    0.0
2382 115898.999   30.484853058  114.326809959     8.3241   4  21   0.4296   0.4275   1.1305   0.1203   0.3537  -0.3724  -0.00    0.0
2382 115899.999   30.484728612  114.326790771    21.8010   4  21   0.4169   0.4348   1.1385   0.1195   0.4396  -0.2293  -0.00    0.0
2382 115900.999   30.484626335  114.326777619    21.0009   4  21   0.4168   0.4348   1.1386   0.1195   0.4397  -0.2292  -0.00    0.0
2382 115901.999   30.484551209  114.326768987    11.5182   4  20   0.4295   0.4428   1.1883   0.1208   0.2884  -0.3729  -0.00    0.0
2382 115902.999   30.484472925  114.326740591     4.4019   4  20   0.4705   0.4894   1.2657   0.1374   0.4844  -0.4407  -0.00    0.0
2382 115903.999   30.484371372  114.326742861    12.6755   4  22   0.4064   0.4213   1.0717   0.0652   0.3897  -0.2976  -0.00    0.0
2382 115904.999   30.484292322  114.326747402    12.0348   4  22   0.4064   0.4213   1.0715   0.0652   0.3897  -0.2976  -0.00    0.0
2382 115905.999   30.484255238  114.326751043     5.6202   4  21   0.4294   0.4276   1.1306   0.1200   0.3540  -0.3725  -0.00    0.0
2382 115906.999   30.484221928  114.326752962     7.3410   4  21   0.4294   0.4276   1.1308   0.1199   0.3541  -0.3726  -0.00    0.0
2382 115907.999   30.484196909  114.326736795     7.3295   4  20   0.4364   0.4276   1.1780   0.1179   0.3513  -0.3366  -0.00    0.0
2382 115908.999   30.484179189  114.326731036     5.6388   4  20   0.4364   0.4276   1.1783   0.1179   0.3514  -0.3367  -0.00    0.0
2382 115909.999   30.484157392  114.326747553     7.7422   4  20   0.4382   0.4386   1.1803   0.1001   0.3425  -0.3330  -0.00    0.0
2382 115910.999   30.484147608  114.326721650     5.6890   4  18   0.4785   0.4423   1.2836   0.1784   0.4216  -0.2383  -0.00    0.0
2382 115911.999   30.484157870  114.326723717     9.4155   4  18   0.4503   0.4410   1.3885   0.1549   0.4065  -0.2000  -0.00    0.0
2382 115912.999   30.484149915  114.326732489     8.3069   4  20   0.4363   0.4277   1.1798   0.1177   0.3520  -0.3370  -0.00    0.0
2382 115913.999   30.484140156  114.326724454     7.3289   4  20   0.4362   0.4277   1.1795   0.1177   0.3519  -0.3371  -0.00    0.0
2382 115914.999   30.484126694  114.326730474    10.3230   4  20   0.4362   0.4277   1.1791   0.1177   0.3518  -0.3371  -0.00    0.0
2382 115915.999   30.484125372  114.326726757     9.2168   4  20   0.4314   0.4386   1.1347   0.1006   0.3439  -0.3687  -0.00    0.0
2382 115916.999   30.484124923  114.326731370     9.1107   4  21   0.4292   0.4277   1.1321   0.1194   0.3545  -0.3732  -0.00    0.0
2382 115917.999   30.484116633  114.326738050     6.0995   4  19   0.4485   0.4405   1.2839   0.1575   0.4209  -0.2462  -0.00    0.0
2382 115918.999   30.484139021  114.326748112     5.9952   4  20   0.4372   0.4401   1.2063   0.1511   0.4109  -0.3237  -0.00    0.0
2382 115919.999   30.484128841  114.326744933     2.3953   4  21   0.4164   0.4216   1.1107   0.0663   0.3912  -0.2498  -0.00    0.0
2382 115920.999   30.484113675  114.326747887     7.2931   4  20   0.4360   0.4278   1.1795   0.1174   0.3522  -0.3374  -0.00    0.0
2382 115921.999   30.484119504  114.326752978    10.6467   4  20   0.4360   0.4278   1.1795   0.1174   0.3522  -0.3375  -0.00    0.0
2382 115922.999   30.484141250  114.326755223    10.5427   4  19   0.4621   0.4289   1.1803   0.1354   0.3507  -0.3458  -0.00    0.0
2382 115923.999   30.484124366  114.326759716    11.2261   4  20   0.4360   0.4278   1.1799   0.1173   0.3522  -0.3378  -0.00    0.0
2382 115924.999   30.484124172  114.326753562    11.6676   4  19   0.4470   0.4839   1.1814   0.1898   0.3705  -0.3292  -0.00    0.0
2382 115925.999   30.484126480  114.326762313    15.4348   4  21   0.4291   0.4278   1.1330   0.1190   0.3550  -0.3736  -0.00    0.0
2382 115926.999   30.484116266  114.326758952    13.8955   4  20   0.4359   0.4279   1.1800   0.1172   0.3524  -0.3379  -0.00    0.0
2382 115927.999   30.484125607  114.326729088    10.8042   4  21   0.4290   0.4279   1.1330   0.1189   0.3551  -0.3737  -0.00    0.0
2382 115928.999   30.484136883  114.326735363    13.5917   4  21   0.4290   0.4279   1.1331   0.1189   0.3551  -0.3737  -0.00    0.0
2382 115929.999   30.484142184  114.326721169    14.7823   4  21   0.4290   0.4279   1.1331   0.1188   0.3551  -0.3737  -0.00    0.0
2382 115930.999   30.484137864  114.326713475    16.3297   4  22   0.4059   0.4217   1.0730   0.0640   0.3904  -0.2987  -0.00    0.0
2382 115931.999   30.484127476  114.326712438    16.1346   4  22   0.4059   0.4218   1.0730   0.0640   0.3904  -0.2987  -0.00    0.0
2382 115932.999   30.484136287  114.326697967    11.2824   4  21   0.4113   0.4660   1.0879   0.1314   0.4337  -0.2778  -0.00    0.0
2382 115933.999   30.484125990  114.326733152    18.4839   4  21   0.4438   0.4228   1.1293  -0.0318   0.4031  -0.3904  -0.00    0.0
2382 115934.999   30.484131947  114.326717140    13.1011   4  20   0.4444   0.4728   1.1623   0.0629   0.4696  -0.3822  -0.00    0.0
2382 115935.999   30.484132835  114.326738738    19.6192   4  22   0.4059   0.4219   1.0735   0.0637   0.3908  -0.2990  -0.00    0.0
2382 115936.999   30.484166226  114.326730809    11.1001   4  22   0.4058   0.4219   1.0734   0.0637   0.3907  -0.2989  -0.00    0.0
2382 115937.999   30.484176986  114.326724725     4.5883   4  22   0.4058   0.4219   1.0732   0.0637   0.3907  -0.2988  -0.00    0.0
2382 115938.999   30.484192523  114.326728493    -0.9123   4  21   0.4159   0.4219   1.1111   0.0655   0.3916  -0.2511  -0.00    0.0
2382 115939.999   30.484195053  114.326725494    11.2805   4  19   0.4473   0.4408   1.2136   0.1446   0.4094  -0.3059  -0.00    0.0
2382 115940.999   30.484181056  114.326722936     5.5255   4  21   0.4287   0.4280   1.1342   0.1183   0.3558  -0.3741  -0.00    0.0
2382 115941.999   30.484172236  114.326720192     3.6912   4  18   0.5140   0.4494   1.2599   0.2121   0.2551  -0.4596  -0.00    0.0
2382 115942.999   30.484174669  114.326728538     7.6786   4  18   0.4486   0.4401   1.1899   0.0787   0.3379  -0.3167  -0.00    0.0
2382 115943.999   30.484177773  114.326716256     8.6188   4  22   0.4058   0.4220   1.0743   0.0634   0.3909  -0.2994  -0.00    0.0
2382 115944.999   30.484181241  114.326699891     2.5233   4  20   0.4354   0.4281   1.1816   0.1164   0.3533  -0.3391  -0.00    0.0
2382 115945.999   30.484182969  114.326713344    -4.2966   4  20   0.4528   0.4281   1.1350   0.1138   0.3562  -0.3812  -0.00    0.0
2382 115946.999   30.484164333  114.326715872     0.3691   4  20   0.4480   0.4492   1.1211   0.1492   0.3276  -0.3782  -0.00    0.0
2382 115947.999   30.484172326  114.326718030     7.5046   4  17   0.5177   0.4414   1.3205   0.1443   0.4223  -0.3119  -0.00    0.0
2382 115948.999   30.484160444  114.326731881     9.6807   4  18   0.4485   0.4402   1.1906   0.0782   0.3383  -0.3170  -0.00    0.0
2382 115949.999   30.484163873  114.326732237     4.1058   4  18   0.4468   0.4927   1.3129   0.1318   0.5069  -0.2981  -0.00    0.0
2382 115950.999   30.484169161  114.326728298    10.2098   4  21   0.4286   0.4282   1.1357   0.1178   0.3564  -0.3748  -0.00    0.0
2382 115951.999   30.484153219  114.326733552     9.2551   4  21   0.4286   0.4282   1.1356   0.1177   0.3564  -0.3748  -0.00    0.0
2382 115952.999   30.484131469  114.326732790    10.8543   4  21   0.4156   0.4222   1.1125   0.0649   0.3922  -0.2525  -0.00    0.0
2382 115953.999   30.484112014  114.326730805     8.8450   4  20   0.4351   0.4282   1.1824   0.1160   0.3538  -0.3397  -0.00    0.0
2382 115954.999   30.484073524  114.326728277    11.7641   4  20   0.4168   0.4339   1.1166   0.0307   0.3803  -0.2464  -0.00    0.0
2382 115955.999   30.484052735  114.326730650     7.9456   4  19   0.4357   0.4923   1.3057   0.1389   0.5095  -0.3196  -0.00    0.0
2382 115956.999   30.484008847  114.326703191     7.8634   4  20   0.4318   0.4372   1.2078   0.1323   0.4553  -0.0936  -0.00    0.0
2382 115957.999   30.483981936  114.326731833     7.3403   4  19   0.4323   0.4513   1.2091   0.1231   0.4496  -0.0878  -0.00    0.0
2382 115958.999   30.483948321  114.326701982     5.7065   4  19   0.4322   0.4513   1.2089   0.1231   0.4495  -0.0874  -0.00    0.0
2382 115959.999   30.483920760  114.326698428     2.4261   4  22   0.4054   0.4223   1.0754   0.0627   0.3917  -0.2997  -0.00    0.0
2382 115960.999   30.483913789  114.326705903     2.6515   4  18   0.4797   0.4307   1.3053   0.0895   0.3419  -0.4224  -0.00    0.0
2382 115961.999   30.483936178  114.326733089     6.2209   4  18   0.4843   0.4862   1.2548   0.1345   0.5114  -0.2395  -0.00    0.0
2382 115962.999   30.483931372  114.326736267     5.3238   4  17   0.4899   0.5311   1.3235   0.2791   0.5869   0.2857  -0.00    0.0
2382 115963.999   30.483895976  114.326653813    -7.4864   4  20   0.4204   0.4326   1.1672   0.1134   0.4150  -0.2196  -0.00    0.0
2382 115964.999   30.483927812  114.326665616   -12.0362   4  19   0.4478   0.4491   1.2537   0.1721   0.4915   0.1757  -0.00    0.0
2382 115965.999   30.483976485  114.326741165    -2.2394   4  18   0.5031   0.5321   1.3108   0.2851   0.5919   0.3234  -0.00    0.0
2382 115966.999   30.483938505  114.326695130    -1.0594   4  18   0.4462   0.4871   1.2595   0.1877   0.3416  -0.3241  -0.00    0.0
2382 115967.999   30.483918563  114.326653933    -0.8354   4  19   0.4536   0.5449   1.5482   0.2206   0.6736   0.0492  -0.00    0.0
2382 115968.999   30.483931004  114.326695560     2.9192   4  15   0.5250   0.5684   1.3377   0.2285   0.5346  -0.3917  -0.00    0.0
2382 115969.999   30.483926647  114.326683435     5.1565   4  18   0.4482   0.4546   1.2928   0.1458   0.4243  -0.2488  -0.00    0.0
2382 115970.999   30.483981189  114.326705701    -1.6688   4  19   0.4471   0.5367   1.2309   0.1288   0.5675  -0.3562  -0.00    0.0
2382 115971.999   30.483986287  114.326692123    -0.1956   4  20   0.4223   0.4823   1.1626   0.1705   0.4875  -0.1978  -0.00    0.0
2382 115972.999   30.483971001  114.326641088     0.2841   4  21   0.4160   0.4367   1.1452   0.1192   0.4439  -0.2314  -0.00    0.0
2382 115973.999   30.483967588  114.326660242    -1.5375   4  22   0.4052   0.4226   1.0762   0.0620   0.3922  -0.3004  -0.00    0.0
2382 115974.999   30.483978654  114.326673082    -4.5057   4  21   0.4160   0.4367   1.1448   0.1192   0.4436  -0.2313  -0.00    0.0
2382 115975.999   30.483980374  114.326683914    -5.9083   4  20   0.4223   0.4822   1.1619   0.1705   0.4871  -0.1979  -0.00    0.0
2382 115976.999   30.483988905  114.326700756   -13.2746   4  21   0.4058   0.4236   1.1237   0.0563   0.3802  -0.2881  -0.00    0.0
2382 115977.999   30.483991755  114.326736912    -8.0863   4  22   0.4051   0.4226   1.0764   0.0618   0.3922  -0.3006  -0.00    0.0
2382 115978.999   30.483974074  114.326745898    -9.7132   4  20   0.4110   0.4820   1.1280   0.1240   0.3929  -0.2720  -0.00    0.0
2382 115979.999   30.483973047  114.326735453    -1.6609   4  21   0.4148   0.4226   1.1143   0.0639   0.3933  -0.2544  -0.00    0.0
2382 115980.999   30.483957471  114.326706745    11.8225   4  18   0.4414   0.4895   1.3063   0.1656   0.4792   0.1764  -0.00    0.0
2382 115981.999   30.483926221  114.326693129     0.9125   4  20   0.4113   0.4680   1.1378   0.1287   0.4236  -0.2672  -0.00    0.0
2382 115982.999   30.483954425  114.326730310    12.5909   4  18   0.4439   0.4964   1.4061   0.1535   0.4231   0.2431  -0.00    0.0
2382 115983.998   30.483961972  114.326738011    11.9468   4  19   0.4397   0.4831   1.3028   0.1748   0.4897   0.1638  -0.00    0.0
2382 115984.998   30.483958944  114.326765658    10.3031   4  19   0.4363   0.4830   1.2244   0.1767   0.4954   0.0513  -0.00    0.0
2382 115985.998   30.483945180  114.326760510     4.2679   4  21   0.4147   0.4228   1.1156   0.0638   0.3940  -0.2547  -0.00    0.0
2382 115986.998   30.483950847  114.326765682     9.4255   4  20   0.4311   0.4380   1.2104   0.1324   0.4570  -0.0975  -0.00    0.0
2382 115987.998   30.483929019  114.326746486    21.4367   4  20   0.4467   0.4420   1.2929   0.1563   0.4267  -0.2506  -0.00    0.0
2382 115988.998   30.483918471  114.326748188    26.9735   4  18   0.4591   0.4979   1.3973   0.2156   0.4235  -0.2010  -0.00    0.0
2382 115989.998   30.483922537  114.326756437    14.9635   4  18   0.4396   0.4832   1.3037   0.1749   0.4901   0.1628  -0.00    0.0
2382 115990.998   30.483892354  114.326737411    16.7095   4  20   0.4193   0.4673   1.1276   0.1284   0.4324  -0.2350  -0.00    0.0
2382 115991.998   30.483908950  114.326741395    24.0956   4  19   0.4362   0.4831   1.2241   0.1768   0.4954   0.0484  -0.00    0.0
2382 115992.998   30.483915982  114.326723227    21.3365   4  18   0.4580   0.4969   1.2950   0.2179   0.4429  -0.2384  -0.00    0.0
2382 115993.998   30.483913559  114.326728768    19.9560   4  19   0.4361   0.4832   1.2246   0.1768   0.4956   0.0475  -0.00    0.0
2382 115994.998   30.483905475  114.326705800    20.7166   4  19   0.4465   0.4422   1.2945   0.1562   0.4276  -0.2512  -0.00    0.0
2382 115995.998   30.483900398  114.326704192    23.3615   4  19   0.4465   0.4422   1.2947   0.1562   0.4277  -0.2513  -0.00    0.0
2382 115996.998   30.483906130  114.326701319    20.0433   4  19   0.4465   0.4422   1.2950   0.1561   0.4277  -0.2516  -0.00    0.0
2382 115997.998   30.483935018  114.326720876    12.7116   4  17   0.4818   0.4921   1.2586   0.1432   0.4033  -0.4207  -0.00    0.0
2382 115998.998   30.483921276  114.326754006    20.6440   4  18   0.4579   0.4970   1.2965   0.2179   0.4433  -0.2396  -0.00    0.0
2382 115999.998   30.483911141  114.326737208    15.9873   4  19   0.4454   0.4845   1.1890   0.1889   0.3730  -0.3354  -0.00    0.0
2382 116000.998   30.483920256  114.326728596    19.3659   4  16   0.5029   0.5021   1.4232   0.1827   0.4438  -0.3092  -0.00    0.0
2382 116001.998   30.483903510  114.326735230    23.0855   4  17   0.4589   0.4981   1.3993   0.2157   0.4246  -0.2034  -0.00    0.0
2382 116002.998   30.483928417  114.326729913    16.6095   4  16   0.4595   0.5219   1.5704   0.2075   0.2643  -0.1596  -0.00    0.0
2382 116003.998   30.483913387  114.326705619    16.1449   4  18   0.4812   0.4425   1.3357   0.1418   0.4086  -0.4099  -0.00    0.0
2382 116004.998   30.483912357  114.326689510    10.0193   4  19   0.4362   0.4424   1.2919   0.1478   0.4050  -0.3152  -0.00    0.0
2382 116005.998   30.483901356  114.326674270    12.4947   4  19   0.4362   0.4424   1.2911   0.1478   0.4049  -0.3152  -0.00    0.0
2382 116006.998   30.483905139  114.326674030     9.8107   4  19   0.4340   0.4306   1.2627   0.1108   0.3337  -0.3331  -0.00    0.0
2382 116007.998   30.483918892  114.326710270     6.4451   4  19   0.4495   0.4971   1.2206   0.2175   0.4428  -0.3097  -0.00    0.0
2382 116008.998   30.483920317  114.326699391     9.7108   4  18   0.4592   0.4752   1.2413   0.0282   0.4528  -0.3350  -0.00    0.0
2382 116009.998   30.483913915  114.326707713    12.5151   4  18   0.4391   0.4837   1.3041   0.1753   0.4910   0.1596  -0.00    0.0
2382 116010.998   30.483917661  114.326710575     7.9766   4  20   0.4188   0.4677   1.1286   0.1284   0.4328  -0.2368  -0.00    0.0
2382 116011.998   30.483916568  114.326730828    17.4084   4  18   0.4347   0.4527   1.2959   0.1183   0.4430   0.1282  -0.00    0.0
2382 116012.998   30.483910642  114.326717015    18.3802   4  19   0.4171   0.4362   1.1831  -0.0291   0.3637  -0.2200  -0.00    0.0
2382 116013.998   30.483927015  114.326699808    13.4931   4  20   0.4154   0.4242   1.1757   0.0544   0.3819  -0.2313  -0.00    0.0
2382 116014.998   30.483912349  114.326687097     0.6991   4  20   0.4169   0.4379   1.2081   0.1169   0.4397  -0.2032  -0.00    0.0
2382 116015.998   30.483921898  114.326688275    -0.6479   4  21   0.4155   0.4377   1.1489   0.1189   0.4458  -0.2327  -0.00    0.0
2382 116016.998   30.483931706  114.326714265     9.5385   4  19   0.4337   0.4389   1.2929   0.1304   0.4543   0.1170  -0.00    0.0
2382 116017.998   30.483936426  114.326699160     0.0871   4  18   0.4613   0.4874   1.2765   0.1324   0.5058  -0.3053  -0.00    0.0
2382 116018.998   30.483902410  114.326701840     9.2151   4  19   0.4337   0.4390   1.2939   0.1305   0.4548   0.1169  -0.00    0.0
2382 116019.998   30.483899491  114.326696574    12.9448   4  21   0.4051   0.4243   1.1272   0.0542   0.3825  -0.2907  -0.00    0.0
2382 116020.998   30.483932086  114.326673892     4.6427   4  18   0.4868   0.4875   1.3338   0.1357   0.5079  -0.1820  -0.00    0.0
2382 116021.998   30.483890328  114.326697632    12.7842   4  19   0.4336   0.4390   1.2938   0.1304   0.4549   0.1160  -0.00    0.0
2382 116022.998   30.483891778  114.326722249    12.6173   4  22   0.4045   0.4235   1.0805   0.0595   0.3942  -0.3028  -0.00    0.0
2382 116023.998   30.483913361  114.326720320    17.7553   4  20   0.4151   0.4244   1.1760   0.0541   0.3824  -0.2324  -0.00    0.0
2382 116024.998   30.483902447  114.326725766    15.9127   4  19   0.4335   0.4390   1.2931   0.1304   0.4547   0.1151  -0.00    0.0
2382 116025.998   30.483912430  114.326737360    -3.5457   4  19   0.5271   0.4532   1.2445   0.2038   0.3995  -0.4567  -0.00    0.0
2382 116026.998   30.483915815  114.326725698    -2.3340   4  20   0.4168   0.4382   1.2097   0.1169   0.4407  -0.2041  -0.00    0.0
2382 116027.998   30.483949233  114.326723229     6.3199   4  21   0.4950   0.4498   1.2740   0.2120   0.2592  -0.4773  -0.00    0.0
2382 116028.998   30.483942095  114.326725421    13.4111   4  17   0.4689   0.4579   1.4380   0.1996   0.4611  -0.0114  -0.00    0.0
2382 116029.998   30.483928925  114.326731450     7.7823   4  20   0.4301   0.4392   1.2156   0.1323   0.4599  -0.1049  -0.00    0.0
2382 116030.998   30.483934520  114.326731623     6.0950   4  20   0.4330   0.4292   1.1912   0.1127   0.3586  -0.3451  -0.00    0.0
2382 116031.998   30.483939510  114.326713262     6.0210   4  19   0.4447   0.4846   1.1916   0.1884   0.3738  -0.3376  -0.00    0.0
2382 116032.998   30.483945301  114.326727684     4.5391   4  20   0.4330   0.4292   1.1906   0.1126   0.3584  -0.3453  -0.00    0.0
2382 116033.998   30.483943624  114.326719255    11.8515   4  18   0.4386   0.4842   1.3054   0.1758   0.4920   0.1560  -0.00    0.0
2382 116034.998   30.483915944  114.326713389    14.5760   4  18   0.4469   0.4433   1.4018   0.1534   0.4195  -0.2145  -0.00    0.0
2382 116035.998   30.483919505  114.326718575     5.6130   4  17   0.5003   0.4434   1.4239   0.1496   0.4214  -0.3173  -0.00    0.0
2382 116036.998   30.483873825  114.326705026    10.1424   4  21   0.4049   0.4246   1.1289   0.0534   0.3833  -0.2919  -0.00    0.0
2382 116037.998   30.483845030  114.326684005    17.5547   4  19   0.4233   0.4840   1.2260   0.1699   0.4842  -0.1660  -0.00    0.0
2382 116038.998   30.483841633  114.326664335    13.0824   4  19   0.4418   0.4531   1.2377   0.1144   0.4583  -0.1803  -0.00    0.0
2382 116039.998   30.483819120  114.326600307     7.6634   4  20   0.4298   0.4394   1.2158   0.1323   0.4604  -0.1056  -0.00    0.0
2382 116040.998   30.483790997  114.326552323     5.0493   4  22   0.4042   0.4238   1.0814   0.0587   0.3947  -0.3036  -0.00    0.0
2382 116041.998   30.483782688  114.326519365    -0.0071   4  21   0.4132   0.4238   1.1193   0.0614   0.3960  -0.2592  -0.00    0.0
2382 116042.998   30.483795429  114.326487458     0.7982   4  22   0.4041   0.4238   1.0810   0.0585   0.3945  -0.3037  -0.00    0.0
2382 116043.998   30.483792324  114.326468699    -0.0107   4  21   0.4132   0.4238   1.1192   0.0613   0.3959  -0.2595  -0.00    0.0
2382 116044.998   30.483786893  114.326456500    -1.5051   4  20   0.4145   0.4362   1.1729   0.0154   0.3473  -0.2354  -0.00    0.0
2382 116045.998   30.483795819  114.326432261     1.6476   4  20   0.4145   0.4247   1.1771   0.0533   0.3834  -0.2350  -0.00    0.0
2382 116046.998   30.483803845  114.326411039     4.5352   4  20   0.4145   0.4247   1.1774   0.0532   0.3835  -0.2350  -0.00    0.0
2382 116047.998   30.483817462  114.326387016     5.8472   4  20   0.4144   0.4248   1.1775   0.0532   0.3836  -0.2352  -0.00    0.0
2382 116048.998   30.483823470  114.326368768     5.0570   4  18   0.4352   0.4413   1.2532   0.0853   0.4001   0.0396  -0.00    0.0
2382 116049.998   30.483803805  114.326344728     3.0005   4  20   0.4145   0.4350   1.1248   0.0181   0.3838  -0.2530  -0.00    0.0
2382 116050.998   30.483801685  114.326306160     6.7999   4  21   0.4046   0.4248   1.1287   0.0528   0.3836  -0.2923  -0.00    0.0
2382 116051.998   30.483793202  114.326267207     8.5334   4  20   0.4194   0.4468   1.2431   0.0949   0.3700  -0.1920  -0.00    0.0
2382 116052.998   30.483817807  114.326240082     8.5405   4  20   0.4143   0.4248   1.1779   0.0530   0.3839  -0.2358  -0.00    0.0
2382 116053.998   30.483821385  114.326183940     3.7092   4  20   0.4324   0.4295   1.1928   0.1116   0.3596  -0.3466  -0.00    0.0
2382 116054.998   30.483820837  114.326113287     6.4002   4  21   0.4099   0.4683   1.0958   0.1311   0.4360  -0.2841  -0.00    0.0
2382 116055.998   30.483835107  114.326025156    10.1809   4  20   0.4142   0.4249   1.1778   0.0529   0.3840  -0.2362  -0.00    0.0
2382 116056.998   30.483860646  114.325960026    11.3546   4  20   0.4164   0.4390   1.2112   0.1169   0.4424  -0.2056  -0.00    0.0
2382 116057.998   30.483863113  114.325891723    10.2321   4  21   0.4045   0.4249   1.1292   0.0525   0.3840  -0.2928  -0.00    0.0
2382 116058.998   30.483876030  114.325831034    10.3671   4  19   0.4352   0.4434   1.2955   0.1466   0.4092  -0.3168  -0.00    0.0
2382 116059.998   30.483881310  114.325770324     9.7226   4  19   0.4400   0.4862   1.2055   0.1917   0.3633  -0.3679  -0.00    0.0
2382 116060.998   30.483887916  114.325706340     6.1266   4  19   0.4176   0.4523   1.2170   0.1009   0.4295  -0.1976  -0.00    0.0
2382 116061.998   30.483886496  114.325668699     3.7170   4  22   0.4039   0.4242   1.0830   0.0576   0.3953  -0.3047  -0.00    0.0
2382 116062.998   30.483902738  114.325637164    12.3205   4  19   0.4150   0.4491   1.2201  -0.0367   0.4401  -0.2552  -0.00    0.0
2382 116063.998   30.483919689  114.325634267    14.7411   4  20   0.4325   0.4401   1.2963   0.1306   0.4577   0.1069  -0.00    0.0
2382 116064.998   30.483896406  114.325646063     6.1013   4  21   0.4150   0.4390   1.1537   0.1187   0.4486  -0.2344  -0.00    0.0
2382 116065.998   30.483896548  114.325636233     5.9026   4  22   0.4038   0.4243   1.0833   0.0573   0.3956  -0.3047  -0.00    0.0
2382 116066.998   30.483887517  114.325628918    10.2586   4  21   0.4055   0.4351   1.0884  -0.0177   0.3820  -0.2981  -0.00    0.0
2382 116067.998   30.483900559  114.325590647     7.3256   4  20   0.4069   0.4602   1.1288  -0.0736   0.4368  -0.3148  -0.00    0.0
2382 116068.998   30.483900470  114.325588820     2.1600   4  21   0.4149   0.4391   1.1532   0.1186   0.4485  -0.2347  -0.00    0.0
2382 116069.998   30.483910137  114.325589295     6.6110   4  22   0.4037   0.4243   1.0833   0.0570   0.3956  -0.3050  -0.00    0.0
2382 116070.998   30.483915689  114.325589985    16.6971   4  22   0.4043   0.4252   1.1297   0.0518   0.3846  -0.2936  -0.00    0.0
2382 116071.998   30.483914525  114.325610081    13.6068   4  21   0.4054   0.4351   1.0887  -0.0187   0.3821  -0.2983  -0.00    0.0
2382 116072.998   30.483904879  114.325600997    10.5794   4  21   0.4177   0.4278   1.1265   0.0041   0.3899  -0.2481  -0.00    0.0
2382 116073.998   30.483913581  114.325601527    15.6805   4  22   0.4037   0.4244   1.0834   0.0569   0.3956  -0.3051  -0.00    0.0
2382 116074.998   30.483910081  114.325589609    16.6836   4  20   0.4172   0.4358   1.1778   0.1119   0.4238  -0.2279  -0.00    0.0
2382 116075.998   30.483907949  114.325605924    12.4800   4  21   0.4124   0.4244   1.1219   0.0599   0.3973  -0.2620  -0.00    0.0
2382 116076.998   30.483893179  114.325603622    14.9564   4  21   0.4318   0.4298   1.1948   0.1105   0.3609  -0.3482  -0.00    0.0
2382 116077.998   30.483895171  114.325601317    17.7567   4  19   0.4354   0.4707   1.2808   0.1327   0.4872  -0.3432  -0.00    0.0
2382 116078.998   30.483900025  114.325589363    16.6387   4  20   0.4277   0.4530   1.1911   0.0844   0.4207  -0.3957  -0.00    0.0
2382 116079.998   30.483910338  114.325593814    18.6347   4  19   0.4336   0.4750   1.1940  -0.0556   0.4067  -0.3883  -0.00    0.0
2382 116080.998   30.483894863  114.325645454    24.5799   4  22   0.4036   0.4245   1.0844   0.0564   0.3961  -0.3058  -0.00    0.0
2382 116081.998   30.483919566  114.325588152    18.7208   4  19   0.4277   0.4495   1.1714  -0.0401   0.4385  -0.3195  -0.00    0.0
2382 116082.998   30.483912316  114.325607673    21.0623   4  18   0.4535   0.4545   1.2491   0.0923   0.4039  -0.4092  -0.00    0.0
2382 116083.998   30.483889719  114.325616869    14.4656   4  21   0.4122   0.4246   1.1230   0.0594   0.3978  -0.2629  -0.00    0.0
2382 116084.998   30.483896917  114.325629170    14.0539   4  19   0.4338   0.4396   1.1984   0.0899   0.3513  -0.3441  -0.00    0.0
2382 116085.998   30.483923899  114.325642395    17.0495   4  18   0.4161   0.5715   1.2485  -0.0911   0.6027  -0.3013  -0.00    0.0
2382 116086.998   30.483919589  114.325605390    15.5841   4  22   0.4035   0.4247   1.0850   0.0560   0.3964  -0.3060  -0.00    0.0
2382 116087.998   30.483904989  114.325573762     9.9144   4  21   0.4121   0.4247   1.1231   0.0593   0.3981  -0.2631  -0.00    0.0
2382 116088.998   30.483901896  114.325543117    13.7763   4  20   0.4252   0.4527   1.0944   0.0503   0.4242  -0.3046  -0.00    0.0
2382 116089.998   30.483911592  114.325473805    13.1269   4  20   0.4259   0.4313   1.2057   0.1102   0.3449  -0.3785  -0.00    0.0
2382 116090.998   30.483906030  114.325406645     8.0285   4  22   0.4034   0.4247   1.0850   0.0559   0.3963  -0.3061  -0.00    0.0
2382 116091.998   30.483912967  114.325351245    12.4725   4  20   0.4132   0.4255   1.1802   0.0516   0.3860  -0.2403  -0.00    0.0
2382 116092.998   30.483917927  114.325271235    10.9687   4  21   0.4132   0.4255   1.1802   0.0516   0.3861  -0.2402  -0.00    0.0
2382 116093.998   30.483931590  114.325194050    13.6193   4  21   0.4039   0.4256   1.1316   0.0506   0.3857  -0.2949  -0.00    0.0
2382 116094.998   30.483930268  114.325087466    10.3581   4  19   0.4395   0.4864   1.2080   0.1910   0.3644  -0.3700  -0.00    0.0
2382 116095.998   30.483929091  114.324986055     7.2320   4  20   0.4100   0.4699   1.1438   0.1288   0.4264  -0.2747  -0.00    0.0
2382 116096.998   30.483944851  114.324897735     9.7771   4  21   0.4039   0.4256   1.1319   0.0505   0.3859  -0.2953  -0.00    0.0
2382 116097.998   30.483947697  114.324799790     7.9065   4  20   0.4436   0.4443   1.1746   0.1616   0.3991  -0.3391  -0.00    0.0
2382 116098.998   30.483963495  114.324689758    16.0865   4  20   0.4131   0.4257   1.1807   0.0514   0.3865  -0.2410  -0.00    0.0
2382 116099.998   30.483985058  114.324590520    12.3592   4  21   0.4130   0.4257   1.1809   0.0514   0.3865  -0.2411  -0.00    0.0
2382 116100.998   30.484001568  114.324500777    10.9019   4  20   0.4284   0.4410   1.2213   0.1321   0.4638  -0.1149  -0.00    0.0
2382 116101.998   30.483996817  114.324416871    10.4097   4  21   0.4117   0.4249   1.1244   0.0588   0.3986  -0.2641  -0.00    0.0
2382 116102.998   30.483995142  114.324344013    11.5765   4  21   0.4117   0.4250   1.1243   0.0588   0.3986  -0.2641  -0.00    0.0
2382 116103.998   30.484010634  114.324297791    12.9724   4  20   0.4284   0.4411   1.2212   0.1321   0.4639  -0.1154  -0.00    0.0
2382 116104.998   30.484000104  114.324252360    11.1236   4  20   0.4283   0.4411   1.2217   0.1321   0.4641  -0.1154  -0.00    0.0
2382 116105.998   30.484001673  114.324202738    10.8902   4  21   0.4116   0.4250   1.1248   0.0587   0.3989  -0.2643  -0.00    0.0
2382 116106.998   30.484001699  114.324172551    12.1287   4  21   0.4116   0.4250   1.1247   0.0586   0.3988  -0.2644  -0.00    0.0
2382 116107.998   30.484008146  114.324139071    12.2769   4  22   0.4032   0.4250   1.0862   0.0551   0.3970  -0.3067  -0.00    0.0
2382 116108.998   30.484008455  114.324086732     5.7483   4  21   0.4115   0.4250   1.1244   0.0584   0.3987  -0.2647  -0.00    0.0
2382 116109.998   30.484010736  114.324055251     7.6436   4  21   0.4115   0.4251   1.1245   0.0584   0.3987  -0.2648  -0.00    0.0
2382 116110.998   30.484013833  114.324016305     8.7508   4  22   0.4031   0.4251   1.0864   0.0549   0.3971  -0.3069  -0.00    0.0
2382 116111.998   30.484034469  114.323974689    17.3018   4  20   0.4127   0.4259   1.1812   0.0509   0.3871  -0.2423  -0.00    0.0
2382 116112.998   30.484042545  114.323914588    20.1057   4  19   0.4312   0.4414   1.2999   0.1307   0.4613   0.0953  -0.00    0.0
2382 116113.998   30.484040480  114.323852968    15.7410   4  21   0.4036   0.4259   1.1334   0.0496   0.3869  -0.2961  -0.00    0.0
2382 116114.998   30.484046140  114.323777017     8.4871   4  21   0.4114   0.4252   1.1256   0.0582   0.3992  -0.2651  -0.00    0.0
2382 116115.998   30.484051501  114.323695277    13.9620   4  21   0.4036   0.4259   1.1330   0.0495   0.3868  -0.2962  -0.00    0.0
2382 116116.998   30.484055044  114.323613587    16.9722   4  22   0.4035   0.4260   1.1330   0.0494   0.3868  -0.2963  -0.00    0.0
2382 116117.998   30.484055267  114.323529377    11.5286   4  22   0.4030   0.4252   1.0870   0.0545   0.3973  -0.3073  -0.00    0.0
2382 116118.998   30.484079915  114.323446921    17.5906   4  20   0.4157   0.4405   1.2161   0.1167   0.4463  -0.2091  -0.00    0.0
2382 116119.998   30.484103097  114.323346985    18.3976   4  20   0.4157   0.4405   1.2165   0.1168   0.4465  -0.2091  -0.00    0.0
2382 116120.998   30.484099626  114.323234046    16.6904   4  19   0.4343   0.4446   1.3026   0.1452   0.4148  -0.3195  -0.00    0.0
2382 116121.998   30.484104549  114.323112022    19.0824   4  18   0.4446   0.4451   1.4112   0.1521   0.4287  -0.2251  -0.00    0.0
2382 116122.998   30.484114255  114.322983607    19.4310   4  19   0.4310   0.4417   1.3026   0.1308   0.4627   0.0931  -0.00    0.0
2382 116123.998   30.484106720  114.322847143    16.4710   4  19   0.4433   0.4449   1.3115   0.1537   0.4381  -0.2611  -0.00    0.0
2382 116124.998   30.484117447  114.322722736    16.7384   4  18   0.4445   0.4452   1.4120   0.1520   0.4292  -0.2253  -0.00    0.0
2382 116125.998   30.484122628  114.322603660    18.3415   4  20   0.4124   0.4262   1.1838   0.0504   0.3884  -0.2440  -0.00    0.0
2382 116126.998   30.484131841  114.322491409    21.1869   4  18   0.4445   0.4452   1.4121   0.1520   0.4293  -0.2257  -0.00    0.0
2382 116127.998   30.484123220  114.322369111    17.3806   4  19   0.4253   0.4376   1.2360   0.1135   0.4314  -0.1498  -0.00    0.0
2382 116128.998   30.484130137  114.322256326    16.8277   4  19   0.4142   0.4372   1.1923  -0.0369   0.3702  -0.2323  -0.00    0.0
2382 116129.998   30.484130185  114.322153359    16.1180   4  20   0.4278   0.4418   1.2244   0.1320   0.4657  -0.1189  -0.00    0.0
2382 116130.998   30.484127506  114.322036806    16.4926   4  20   0.4351   0.4256   1.1273   0.0441   0.3995  -0.2579  -0.00    0.0
2382 116131.998   30.484136765  114.321925120    11.5962   4  21   0.4146   0.4374   1.1314   0.1132   0.4355  -0.2539  -0.00    0.0
2382 116132.998   30.484134843  114.321808040    11.0604   4  21   0.4146   0.4374   1.1312   0.1132   0.4355  -0.2540  -0.00    0.0
2382 116133.998   30.484138172  114.321700259    10.4527   4  22   0.4028   0.4255   1.0883   0.0536   0.3981  -0.3080  -0.00    0.0
2382 116134.998   30.484127087  114.321591978    10.1987   4  22   0.4028   0.4255   1.0883   0.0536   0.3981  -0.3080  -0.00    0.0
2382 116135.998   30.484118185  114.321500011    12.0865   4  20   0.4499   0.4453   1.1878  -0.1441   0.4575  -0.3745  -0.00    0.0
2382 116136.998   30.484127873  114.321391846    13.4456   4  19   0.4505   0.4458   1.2471  -0.1457   0.4499  -0.3631  -0.00    0.0
2382 116137.998   30.484118737  114.321302799    11.5848   4  20   0.4499   0.4454   1.1888  -0.1443   0.4579  -0.3749  -0.00    0.0
2382 116138.998   30.484134304  114.321226391     9.9457   4  20   0.4415   0.4458   1.2046  -0.1453   0.4508  -0.4014  -0.00    0.0
2382 116139.998   30.484125860  114.321168457    15.6919   4  20   0.4155   0.4411   1.2186   0.1166   0.4480  -0.2107  -0.00    0.0
2382 116140.998   30.484137032  114.321092865    12.2409   4  20   0.4155   0.4411   1.2187   0.1167   0.4481  -0.2106  -0.00    0.0
2382 116141.998   30.484134457  114.321013053    11.8780   4  19   0.4372   0.4266   1.1860   0.0273   0.3881  -0.2245  -0.00    0.0
2382 116142.998   30.484117195  114.320940839     8.2196   4  19   0.4414   0.4412   1.2217   0.1176   0.4483  -0.1786  -0.00    0.0
2382 116143.998   30.484124300  114.320889417    15.8510   4  18   0.4618   0.4423   1.3118   0.1346   0.4649   0.1817  -0.00    0.0
2382 116144.998   30.484157893  114.320832490    16.0936   4  20   0.4119   0.4265   1.1846   0.0497   0.3894  -0.2458  -0.00    0.0
2382 116145.998   30.484151077  114.320788509    12.2869   4  19   0.4371   0.4267   1.1864   0.0274   0.3884  -0.2248  -0.00    0.0
2382 116146.998   30.484172238  114.320725432    13.2844   4  20   0.4118   0.4265   1.1842   0.0496   0.3893  -0.2461  -0.00    0.0
2382 116147.998   30.484179988  114.320677785    13.2426   4  18   0.4348   0.4519   1.4111   0.1066   0.4066   0.2028  -0.00    0.0
2382 116148.998   30.484208793  114.320647148     9.7548   4  19   0.4301   0.4321   1.2750   0.1050   0.3455  -0.3453  -0.00    0.0
2382 116149.998   30.484242471  114.320633727    14.8309   4  17   0.4535   0.4602   1.4555   0.1111   0.3838  -0.1430  -0.00    0.0
2382 116150.998   30.484245540  114.320599177    18.9328   4  16   0.5970   0.4694   1.5847   0.2657   0.2960  -0.5705  -0.00    0.0
2382 116151.998   30.484273348  114.320573874    20.7346   4  20   0.4465   0.4328   1.1600   0.1501   0.3470  -0.3614  -0.00    0.0
2382 116152.998   30.484329144  114.320565695    21.1661   4  20   0.4907   0.4514   1.2565   0.2089   0.2711  -0.5155  -0.00    0.0
2382 116153.998   30.484437582  114.320529702    13.4972   4  19   0.5242   0.5266   1.2504   0.3075   0.2324  -0.5242  -0.00    0.0
2382 116154.998   30.484552645  114.320503789    14.2778   4  20   0.4213   0.4867   1.1765   0.1726   0.4931  -0.2066  -0.00    0.0
2382 116155.998   30.484689869  114.320492074    10.7556   4  19   0.4225   0.4869   1.2337   0.1717   0.4890  -0.1752  -0.00    0.0
2382 116156.998   30.484840326  114.320537735    13.2253   4  15   0.5056   0.6101   1.7684   0.2682  -0.4309  -0.5493  -0.00    0.0
2382 116157.998   30.484954328  114.320540653    15.8511   4  18   0.4908   0.4614   1.3861   0.2325   0.3047  -0.4743  -0.00    0.0
2382 116158.998   30.485063706  114.320530384    13.1509   4  19   0.4231   0.4885   1.2432   0.1722   0.4935  -0.1759  -0.00    0.0
2382 116159.998   30.485181129  114.320545427     8.7609   4  19   0.4250   0.4951   1.3121   0.1082   0.4923  -0.3822  -0.00    0.0
2382 116160.998   30.485305412  114.320571567    12.5897   4  20   0.4033   0.4929   1.2221   0.0778   0.5118  -0.2873  -0.00    0.0
2382 116161.998   30.485423632  114.320546531     7.7269   4  20   0.4114   0.4954   1.2328   0.1030   0.5345  -0.2406  -0.00    0.0
2382 116162.998   30.485543732  114.320532726     9.9975   4  21   0.4103   0.4262   1.1297   0.0559   0.4015  -0.2692  -0.00    0.0
2382 116163.998   30.485654302  114.320500626     7.4235   4  20   0.4270   0.4428   1.2276   0.1319   0.4679  -0.1241  -0.00    0.0
2382 116164.998   30.485792565  114.320504772     7.8309   4  21   0.4102   0.4262   1.1296   0.0559   0.4014  -0.2692  -0.00    0.0
2382 116165.998   30.485895216  114.320513254     5.6490   4  21   0.4118   0.4270   1.0943   0.0168   0.3966  -0.2979  -0.00    0.0
2382 116166.998   30.485983077  114.320523972     6.4476   4  21   0.4102   0.4262   1.1294   0.0557   0.4013  -0.2694  -0.00    0.0
2382 116167.998   30.486063844  114.320529483    17.2072   4  18   0.4434   0.4460   1.4143   0.1513   0.4330  -0.2308  -0.00    0.0
2382 116168.998   30.486162658  114.320557315    12.2196   4  19   0.4904   0.4541   1.3319   0.2131   0.2167  -0.5301  -0.00    0.0
2382 116169.998   30.486228608  114.320565111     3.3436   4  18   0.4993   0.4674   1.4159   0.2361   0.3156  -0.4872  -0.00    0.0
2382 116170.998   30.486305322  114.320571548    -0.7964   4  18   0.4994   0.4674   1.4162   0.2361   0.3154  -0.4877  -0.00    0.0
2382 116171.998   30.486366518  114.320572339     5.0204   4  20   0.4246   0.4323   1.2154   0.1060   0.3510  -0.3838  -0.00    0.0
2382 116172.998   30.486449733  114.320578439    -3.5836   4  18   0.4993   0.4675   1.4160   0.2361   0.3157  -0.4875  -0.00    0.0
2382 116173.998   30.486562142  114.320603580    -3.0871   4  19   0.4905   0.4541   1.3335   0.2130   0.2165  -0.5312  -0.00    0.0
2382 116174.998   30.486629543  114.320608053    10.9356   4  20   0.4111   0.4270   1.1872   0.0483   0.3910  -0.2500  -0.00    0.0
2382 116175.998   30.486728842  114.320631886     9.6440   4  19   0.4295   0.4324   1.2772   0.1039   0.3475  -0.3482  -0.00    0.0
2382 116176.998   30.486821513  114.320660257    11.7144   4  21   0.4099   0.4264   1.1309   0.0552   0.4019  -0.2704  -0.00    0.0
2382 116177.998   30.486935114  114.320672526     9.3664   4  19   0.4294   0.4324   1.2770   0.1037   0.3477  -0.3480  -0.00    0.0
2382 116178.998   30.487035212  114.320700733     6.7026   4  19   0.4458   0.4312   1.2386   0.1013   0.3700  -0.4006  -0.00    0.0
2382 116179.998   30.487130349  114.320745673     0.8615   4  21   0.4243   0.4312   1.1584   0.1061   0.3679  -0.3854  -0.00    0.0
2382 116180.998   30.487225975  114.320777245     1.6822   4  22   0.4021   0.4264   1.0927   0.0507   0.3999  -0.3107  -0.00    0.0
2382 116181.998   30.487351659  114.320781337     4.9605   4  21   0.4098   0.4265   1.1308   0.0549   0.4019  -0.2708  -0.00    0.0
2382 116182.998   30.487459055  114.320769358     5.3168   4  20   0.4109   0.4271   1.1862   0.0480   0.3912  -0.2502  -0.00    0.0
2382 116183.998   30.487559133  114.320797944     3.7628   4  20   0.4108   0.4272   1.1866   0.0480   0.3914  -0.2503  -0.00    0.0
2382 116184.998   30.487678416  114.320812012     4.3007   4  20   0.4108   0.4272   1.1869   0.0479   0.3915  -0.2504  -0.00    0.0
2382 116185.998   30.487785658  114.320797855     6.7165   4  21   0.4097   0.4266   1.1314   0.0548   0.4022  -0.2710  -0.00    0.0
2382 116186.998   30.487889442  114.320772407     8.9047   4  21   0.4097   0.4266   1.1314   0.0547   0.4022  -0.2711  -0.00    0.0
2382 116187.998   30.488012921  114.320731586     5.3806   4  21   0.4025   0.4272   1.1383   0.0455   0.3904  -0.3006  -0.00    0.0
2382 116188.998   30.488142680  114.320694299     6.6852   4  21   0.4096   0.4266   1.1314   0.0546   0.4023  -0.2713  -0.00    0.0
2382 116189.998   30.488253806  114.320662259     8.0181   4  22   0.4020   0.4266   1.0931   0.0502   0.4002  -0.3109  -0.00    0.0
2382 116190.998   30.488374516  114.320641474     9.7203   4  21   0.4096   0.4266   1.1314   0.0545   0.4023  -0.2714  -0.00    0.0
2382 116191.998   30.488478975  114.320580065     7.9640   4  22   0.4020   0.4266   1.0931   0.0501   0.4003  -0.3109  -0.00    0.0
2382 116192.998   30.488594664  114.320551347     8.8153   4  22   0.4019   0.4266   1.0932   0.0501   0.4003  -0.3110  -0.00    0.0
2382 116193.998   30.488715443  114.320524300     8.7989   4  22   0.4019   0.4267   1.0932   0.0500   0.4003  -0.3110  -0.00    0.0
2382 116194.998   30.488843491  114.320509697    11.0533   4  21   0.4095   0.4267   1.1317   0.0543   0.4025  -0.2718  -0.00    0.0
2382 116195.998   30.488955255  114.320497710    14.0298   4  20   0.4105   0.4274   1.1872   0.0474   0.3920  -0.2517  -0.00    0.0
2382 116196.998   30.489061937  114.320452512     4.1361   4  21   0.4024   0.4274   1.1391   0.0449   0.3909  -0.3012  -0.00    0.0
2382 116197.998   30.489183832  114.320434025     0.5188   4  20   0.4240   0.4326   1.2163   0.1046   0.3527  -0.3844  -0.00    0.0
2382 116198.998   30.489289908  114.320451547     8.0756   4  21   0.4094   0.4268   1.1325   0.0540   0.4028  -0.2723  -0.00    0.0
2382 116199.998   30.489384514  114.320447920    10.9949   4  21   0.4094   0.4268   1.1326   0.0540   0.4028  -0.2723  -0.00    0.0
2382 116200.998   30.489473847  114.320444496    13.9624   4  20   0.4104   0.4275   1.1877   0.0472   0.3923  -0.2522  -0.00    0.0
2382 116201.998   30.489541775  114.320419660     7.7654   4  19   0.4115   0.4961   1.2956   0.0988   0.5331  -0.2195  -0.00    0.0
2382 116202.998   30.489594042  114.320435064    10.8076   4  20   0.4104   0.4276   1.1886   0.0471   0.3927  -0.2525  -0.00    0.0
2382 116203.998   30.489639049  114.320413475     8.4712   4  20   0.4103   0.4276   1.1886   0.0470   0.3928  -0.2525  -0.00    0.0
2382 116204.998   30.489685499  114.320397878     2.5242   4  20   0.4262   0.4439   1.2316   0.1316   0.4703  -0.1303  -0.00    0.0
2382 116205.998   30.489728300  114.320390190     2.6061   4  20   0.4261   0.4439   1.2319   0.1316   0.4704  -0.1303  -0.00    0.0
2382 116206.998   30.489748305  114.320399660     0.0204   4  21   0.4135   0.4427   1.1671   0.1179   0.4563  -0.2400  -0.00    0.0
2382 116207.998   30.489792288  114.320393870     5.0023   4  19   0.4289   0.4440   1.3081   0.1309   0.4687   0.0656  -0.00    0.0
2382 116208.998   30.489832207  114.320398809     3.6338   4  19   0.4288   0.4441   1.3085   0.1309   0.4689   0.0652  -0.00    0.0
2382 116209.998   30.489846363  114.320414288     3.6872   4  19   0.4288   0.4441   1.3091   0.1310   0.4691   0.0654  -0.00    0.0
2382 116210.998   30.489835018  114.320414121    -1.7038   4  19   0.4288   0.4441   1.3092   0.1310   0.4692   0.0651  -0.00    0.0
2382 116211.998   30.489844098  114.320420615    -1.7163   4  19   0.4288   0.4442   1.3093   0.1310   0.4693   0.0647  -0.00    0.0
2382 116212.998   30.489823569  114.320393882   -10.2028   4  18   0.4435   0.4444   1.3241   0.1253   0.4667   0.1628  -0.00    0.0
2382 116213.998   30.489837492  114.320396400    -9.3311   4  18   0.4435   0.4444   1.3243   0.1253   0.4668   0.1627  -0.00    0.0
2382 116214.998   30.489877664  114.320431206     9.9847   4  21   0.4021   0.4278   1.1414   0.0439   0.3922  -0.3023  -0.00    0.0
2382 116215.998   30.489883123  114.320435649    19.3727   4  20   0.4117   0.4287   1.1447  -0.0236   0.3888  -0.2886  -0.00    0.0
2382 116216.998   30.489855133  114.320460410    28.6772   4  20   0.4023   0.4939   1.2244   0.0730   0.5133  -0.2921  -0.00    0.0
2382 116217.998   30.489861744  114.320411499    22.6541   4  21   0.4021   0.4278   1.1410   0.0435   0.3921  -0.3026  -0.00    0.0
2382 116218.998   30.489894071  114.320433323    32.0487   4  19   0.4119   0.4948   1.2284   0.0540   0.5112  -0.2778  -0.00    0.0
2382 116219.998   30.489885047  114.320441145    35.1608   4  20   0.4118   0.4948   1.2285   0.0538   0.5113  -0.2779  -0.00    0.0
2382 116220.998   30.489871117  114.320415794    25.2438   4  21   0.4020   0.4279   1.1414   0.0433   0.3925  -0.3028  -0.00    0.0
2382 116221.998   30.489857140  114.320390885    15.9733   4  21   0.4146   0.4432   1.2256   0.1165   0.4534  -0.2155  -0.00    0.0
2382 116222.998   30.489859835  114.320387931    21.9846   4  21   0.4145   0.4432   1.2257   0.1165   0.4534  -0.2155  -0.00    0.0
2382 116223.998   30.489864827  114.320441981    21.3875   4  20   0.4026   0.4418   1.2012  -0.0262   0.3361  -0.2881  -0.00    0.0
2382 116224.998   30.489863181  114.320427488    24.0478   4  21   0.4019   0.4279   1.1416   0.0433   0.3924  -0.3029  -0.00    0.0
2382 116225.998   30.489863768  114.320443730    16.1471   4  20   0.4098   0.4279   1.1898   0.0461   0.3938  -0.2550  -0.00    0.0
2382 116226.998   30.489816753  114.320417862     2.1335   4  18   0.4325   0.4539   1.4159   0.1078   0.4137   0.1881  -0.00    0.0
2382 116227.998   30.489812416  114.320408221    -3.4270   4  18   0.4419   0.4474   1.4228   0.1503   0.4398  -0.2384  -0.00    0.0
2382 116228.998   30.489854331  114.320431904    10.2581   4  20   0.4097   0.4280   1.1915   0.0460   0.3944  -0.2553  -0.00    0.0
2382 116229.998   30.489839176  114.320429066    16.2287   4  20   0.4097   0.4280   1.1909   0.0460   0.3943  -0.2554  -0.00    0.0
2382 116230.998   30.489807241  114.320393134    -5.0052   4  19   0.4283   0.4446   1.3098   0.1309   0.4702   0.0546  -0.00    0.0
2382 116231.998   30.489817692  114.320391848    -7.6890   4  19   0.4283   0.4447   1.3104   0.1309   0.4705   0.0549  -0.00    0.0
2382 116232.998   30.489812907  114.320396632    -7.7324   4  18   0.4842   0.4448   1.3250   0.1291   0.4712  -0.2012  -0.00    0.0
2382 116233.998   30.489797643  114.320387476    -3.3277   4  19   0.4282   0.4448   1.3111   0.1310   0.4709   0.0546  -0.00    0.0
2382 116234.998   30.489811980  114.320386342    -3.8612   4  19   0.4282   0.4448   1.3112   0.1310   0.4710   0.0540  -0.00    0.0
2382 116235.998   30.489821266  114.320374618     1.4756   4  19   0.4282   0.4448   1.3112   0.1310   0.4710   0.0539  -0.00    0.0
2382 116236.998   30.489803452  114.320339571    -8.2310   4  18   0.4378   0.5589   1.5554   0.2194   0.7106   0.2819  -0.00    0.0
2382 116237.998   30.489804526  114.320345859    -7.5293   4  19   0.4378   0.5593   1.5575   0.2196   0.7118   0.2823  -0.00    0.0
2382 116238.998   30.489799979  114.320326958    -8.8456   4  18   0.4378   0.5597   1.5588   0.2197   0.7127   0.2826  -0.00    0.0
2382 116239.998   30.489818390  114.320383763     3.4886   4  19   0.4281   0.4452   1.3133   0.1311   0.4724   0.0535  -0.00    0.0
2382 116240.998   30.489816818  114.320389435     4.5556   4  19   0.4281   0.4451   1.3125   0.1311   0.4720   0.0524  -0.00    0.0
2382 116241.998   30.489819084  114.320370692     3.1521   4  19   0.4280   0.4450   1.3118   0.1310   0.4715   0.0510  -0.00    0.0
2382 116242.998   30.489815899  114.320372367    -0.0990   4  19   0.4280   0.4450   1.3118   0.1310   0.4716   0.0503  -0.00    0.0
2382 116243.998   30.489810965  114.320393844     4.3772   4  18   0.4292   0.4569   1.3163   0.1176   0.4597   0.0771  -0.00    0.0
2382 116244.998   30.489813439  114.320370720    10.8884   4  19   0.4280   0.4451   1.3119   0.1310   0.4717   0.0493  -0.00    0.0
2382 116245.998   30.489816831  114.320324489     3.0112   4  18   0.4375   0.5593   1.5558   0.2191   0.7111   0.2803  -0.00    0.0
2382 116246.998   30.489821737  114.320349500     0.1641   4  19   0.4375   0.5597   1.5579   0.2193   0.7124   0.2807  -0.00    0.0
2382 116247.998   30.489829040  114.320405650    12.9400   4  19   0.4279   0.4454   1.3139   0.1311   0.4729   0.0493  -0.00    0.0
2382 116248.998   30.489851588  114.320446074    32.1931   4  19   0.4102   0.4975   1.2999   0.0951   0.5360  -0.2278  -0.00    0.0
2382 116249.998   30.489851401  114.320463638    34.2340   4  20   0.4092   0.4285   1.1925   0.0451   0.3957  -0.2575  -0.00    0.0
2382 116250.998   30.489816409  114.320365075     2.2130   4  17   0.5136   0.5705   1.5573   0.2794   0.7174   0.3153  -0.00    0.0
2382 116251.998   30.489812221  114.320324503    -6.3726   4  18   0.5042   0.5583   1.5140   0.2713   0.6955   0.3031  -0.00    0.0
2382 116252.998   30.489819208  114.320347412     5.8115   4  18   0.5152   0.5744   1.5762   0.2818   0.7273   0.3208  -0.00    0.0
2382 116253.998   30.489866737  114.320411479    29.5702   4  19   0.4506   0.4271   1.2101  -0.0520   0.4004  -0.3450  -0.00    0.0
2382 116254.998   30.489865462  114.320352222    16.2103   4  18   0.6552   0.5934   1.8901   0.2486   0.6647   0.6907  -0.00    0.0
2382 116255.998   30.489840454  114.320397227    14.0217   4  20   0.4256   0.4425   1.2940   0.1305   0.4652   0.0570  -0.00    0.0
2382 116256.998   30.489827898  114.320424081    15.4100   4  20   0.4284   0.4467   1.3234   0.1314   0.4767   0.0431  -0.00    0.0
2382 116257.998   30.489839003  114.320424683    22.5941   4  20   0.4145   0.4445   1.2307   0.1167   0.4564  -0.2178  -0.00    0.0
2382 116258.998   30.489870298  114.320441393    33.0317   4  21   0.4015   0.4286   1.1448   0.0412   0.3944  -0.3050  -0.00    0.0
2382 116259.998   30.489879730  114.320439172    34.5435   4  21   0.4014   0.4286   1.1443   0.0411   0.3943  -0.3050  -0.00    0.0
2382 116260.998   30.489829072  114.320413483    17.8807   4  18   0.4422   0.4456   1.3261   0.1254   0.4697   0.1528  -0.00    0.0
2382 116261.998   30.489838484  114.320402057    13.5411   4  18   0.4422   0.4457   1.3271   0.1255   0.4701   0.1532  -0.00    0.0
2382 116262.998   30.489886497  114.320435059    29.3582   4  19   0.4105   0.4428   1.2715  -0.0457   0.3293  -0.2255  -0.00    0.0
2382 116263.998   30.489871491  114.320437677    32.9152   4  19   0.4211   0.4981   1.3066   0.0817   0.5329  -0.1999  -0.00    0.0
2382 116264.998   30.489872960  114.320406520    26.0282   4  21   0.4141   0.4443   1.2301   0.1165   0.4563  -0.2181  -0.00    0.0
2382 116265.998   30.489856809  114.320431920    32.0238   4  18   0.4320   0.4522   1.3138   0.0883   0.2582  -0.3781  -0.00    0.0
2382 116266.998   30.489872147  114.320432524    31.7260   4  20   0.4109   0.4296   1.1489  -0.0284   0.3915  -0.2922  -0.00    0.0
2382 116267.998   30.489887496  114.320428659    39.6960   4  21   0.4013   0.4287   1.1452   0.0406   0.3945  -0.3057  -0.00    0.0
2382 116268.998   30.489886581  114.320457800    44.5662   4  20   0.4015   0.4951   1.2277   0.0682   0.5153  -0.2967  -0.00    0.0
2382 116269.998   30.489865381  114.320445497    36.8432   4  19   0.4139   0.4400   1.1599  -0.0744   0.3716  -0.2784  -0.00    0.0
2382 116270.998   30.489846425  114.320421189    31.6555   4  22   0.4129   0.4444   1.1733   0.1174   0.4597  -0.2429  -0.00    0.0
2382 116271.998   30.489851714  114.320446726    39.0866   4  21   0.4103   0.4291   1.1035  -0.0184   0.4010  -0.3037  -0.00    0.0
2382 116272.998   30.489867320  114.320440973    36.3374   4  21   0.4077   0.4283   1.1390   0.0503   0.4061  -0.2781  -0.00    0.0
2382 116273.998   30.489839413  114.320407135    23.4319   4  20   0.4247   0.4458   1.2380   0.1313   0.4743  -0.1403  -0.00    0.0
2382 116274.998   30.489845230  114.320425254    15.4157   4  20   0.4272   0.4458   1.3132   0.1309   0.4735   0.0251  -0.00    0.0
2382 116275.998   30.489854408  114.320418948    14.4505   4  20   0.4086   0.4289   1.1942   0.0440   0.3971  -0.2602  -0.00    0.0
2382 116276.998   30.489871926  114.320426550    10.7938   4  18   0.4311   0.4552   1.4201   0.1086   0.4185   0.1790  -0.00    0.0
2382 116277.998   30.489900676  114.320419671    12.3933   4  19   0.4269   0.4337   1.2872   0.0991   0.3565  -0.3568  -0.00    0.0
2382 116278.998   30.489932287  114.320399095     6.5888   4  19   0.4895   0.4513   1.3236   0.2023   0.2704  -0.5058  -0.00    0.0
2382 116279.998   30.490024508  114.320402209    -2.0085   4  17   0.7277   0.4592   1.6867   0.0859   0.3777  -0.9041  -0.00    0.0
2382 116280.998   30.490025341  114.320436264    23.5875   4  13   0.5055   0.6514   1.6751   0.3009   0.7996   0.4938  -0.00    0.0
2382 116281.998   30.490061666  114.320440447     5.7988   4   7   0.6330   1.5775   4.9593   0.6231   2.5632   1.0853  -0.00    0.0
2382 116282.998   30.490191298  114.320403643    18.5745   4  11   0.5589   0.5485   1.8985  -0.1531   0.6219  -0.4729  -0.00    0.0
2382 116283.998   30.490318685  114.320344237    -0.5447   4  15   0.5263   0.6816   1.7734   0.3782   0.8996   0.5516  -0.00    0.0
2382 116284.998   30.490451800  114.320364508    -1.1716   4  19   0.4407   0.6073   1.4807   0.2535   0.7349   0.2467  -0.00    0.0
2382 116285.998   30.490553439  114.320350510     4.4681   4  17   0.4596   0.5135   1.3987   0.0977   0.4876  -0.2905  -0.00    0.0
2382 116286.998   30.490644278  114.320356022    -0.0671   4  20   0.4015   0.5099   1.2198   0.0494   0.4874  -0.3002  -0.00    0.0
2382 116287.998   30.490744715  114.320364024    13.8588   4  20   0.4084   0.4293   1.1955   0.0432   0.3979  -0.2618  -0.00    0.0
2382 116288.998   30.490819054  114.320347346    12.4675   4  21   0.4083   0.4292   1.1949   0.0432   0.3977  -0.2618  -0.00    0.0
2382 116289.998   30.490882341  114.320309272     3.6458   4  22   0.4006   0.4286   1.1024   0.0438   0.4044  -0.3159  -0.00    0.0
2382 116290.998   30.490954202  114.320316446     4.1204   4  21   0.4224   0.4328   1.1701   0.1000   0.3739  -0.3904  -0.00    0.0
2382 116291.998   30.491008941  114.320326512     8.1514   4  22   0.4006   0.4286   1.1023   0.0436   0.4044  -0.3161  -0.00    0.0
2382 116292.998   30.491048572  114.320309857     7.1394   4  22   0.4006   0.4286   1.1023   0.0436   0.4044  -0.3162  -0.00    0.0
2382 116293.998   30.491105249  114.320313446     9.3857   4  20   0.4264   0.4328   1.2184   0.0999   0.3742  -0.3640  -0.00    0.0
2382 116294.998   30.491149211  114.320317304     7.7420   4  20   0.4264   0.4328   1.2189   0.0998   0.3743  -0.3642  -0.00    0.0
2382 116295.998   30.491188727  114.320323626     8.3443   4  21   0.4072   0.4287   1.1415   0.0490   0.4072  -0.2803  -0.00    0.0
2382 116296.998   30.491253483  114.320326533     1.2793   4  20   0.4264   0.4329   1.2193   0.0997   0.3745  -0.3644  -0.00    0.0
2382 116297.998   30.491293026  114.320317328    -0.6844   4  21   0.4223   0.4329   1.1712   0.0996   0.3744  -0.3909  -0.00    0.0
2382 116298.998   30.491317342  114.320312040     7.7413   4  21   0.4072   0.4288   1.1417   0.0488   0.4073  -0.2805  -0.00    0.0
2382 116299.998   30.491365208  114.320303459    10.9553   4  21   0.4071   0.4288   1.1416   0.0488   0.4073  -0.2805  -0.00    0.0
2382 116300.998   30.491413149  114.320313202     8.6911   4  22   0.4005   0.4288   1.1031   0.0431   0.4048  -0.3165  -0.00    0.0
2382 116301.998   30.491483611  114.320306317     3.3899   4  21   0.4222   0.4330   1.1712   0.0993   0.3745  -0.3909  -0.00    0.0
2382 116302.998   30.491548418  114.320306889     3.5938   4  21   0.4222   0.4330   1.1715   0.0993   0.3746  -0.3911  -0.00    0.0
2382 116303.998   30.491636174  114.320307036     4.2661   4  21   0.4222   0.4330   1.1718   0.0992   0.3747  -0.3913  -0.00    0.0
2382 116304.998   30.491708707  114.320303386     6.9313   4  22   0.4004   0.4288   1.1037   0.0427   0.4050  -0.3169  -0.00    0.0
2382 116305.998   30.491804206  114.320306428     8.7974   4  20   0.4262   0.4330   1.2201   0.0993   0.3750  -0.3650  -0.00    0.0
2382 116306.998   30.491919649  114.320305248     4.5344   4  21   0.4221   0.4330   1.1721   0.0990   0.3749  -0.3913  -0.00    0.0
2382 116307.998   30.492028739  114.320303389     5.0521   4  19   0.4262   0.4340   1.2892   0.0977   0.3588  -0.3596  -0.00    0.0
2382 116308.998   30.492131443  114.320304360     2.2595   4  21   0.4221   0.4331   1.1728   0.0989   0.3750  -0.3916  -0.00    0.0
2382 116309.998   30.492249278  114.320307683     1.5444   4  21   0.4221   0.4331   1.1729   0.0988   0.3751  -0.3916  -0.00    0.0
2382 116310.998   30.492341693  114.320313189     5.2428   4  20   0.4313   0.4482   1.2533   0.1415   0.4378  -0.3378  -0.00    0.0
2382 116311.998   30.492452262  114.320313785     8.2941   4  21   0.4007   0.4295   1.1488   0.0375   0.3970  -0.3085  -0.00    0.0
2382 116312.998   30.492563926  114.320306747     7.8933   4  22   0.4007   0.4296   1.1488   0.0375   0.3970  -0.3085  -0.00    0.0
2382 116313.998   30.492659292  114.320289435     9.0654   4  19   0.4260   0.4331   1.2211   0.0988   0.3756  -0.3655  -0.00    0.0
2382 116314.998   30.492766432  114.320282714    12.2698   4  19   0.4220   0.4975   1.3238   0.0933   0.5004  -0.3934  -0.00    0.0
2382 116315.998   30.492874117  114.320286801    13.9985   4  20   0.4220   0.4341   1.2291   0.0982   0.3615  -0.3912  -0.00    0.0
2382 116316.998   30.492977212  114.320296597    10.9630   4  20   0.4220   0.4342   1.2292   0.0981   0.3616  -0.3913  -0.00    0.0
2382 116317.998   30.493070707  114.320289588    10.0010   4  20   0.4220   0.4341   1.2290   0.0981   0.3615  -0.3913  -0.00    0.0
2382 116318.998   30.493156284  114.320282458    12.4041   4  19   0.4260   0.4342   1.2906   0.0971   0.3598  -0.3608  -0.00    0.0
2382 116319.998   30.493228835  114.320255765    11.0544   4  19   0.4260   0.4342   1.2910   0.0971   0.3599  -0.3609  -0.00    0.0
2382 116320.998   30.493288787  114.320279114    19.9084   4  18   0.4097   0.5120   1.3712   0.0621   0.4895  -0.2079  -0.00    0.0
2382 116321.998   30.493374481  114.320297402    19.6096   4  19   0.4259   0.4342   1.2917   0.0969   0.3604  -0.3610  -0.00    0.0
2382 116322.998   30.493425230  114.320302901    22.5151   4  20   0.4075   0.4298   1.1982   0.0413   0.3998  -0.2656  -0.00    0.0
2382 116323.998   30.493519671  114.320298315    13.9678   4  19   0.4259   0.4342   1.2913   0.0969   0.3603  -0.3610  -0.00    0.0
2382 116324.998   30.493586750  114.320306446     8.2748   4  19   0.4257   0.4333   1.2231   0.0982   0.3764  -0.3666  -0.00    0.0
2382 116325.998   30.493682211  114.320309897    12.7419   4  19   0.4258   0.4343   1.2915   0.0968   0.3605  -0.3613  -0.00    0.0
2382 116326.998   30.493765189  114.320288549     8.7753   4  19   0.4259   0.4998   1.4167   0.1053   0.5234  -0.3558  -0.00    0.0
2382 116327.998   30.493860874  114.320279664    -1.9114   4  20   0.4219   0.4976   1.2673   0.0918   0.5073  -0.3955  -0.00    0.0
2382 116328.998   30.493948684  114.320332158     7.6305   4  22   0.4218   0.4335   1.1758   0.0976   0.3766  -0.3928  -0.00    0.0
2382 116329.998   30.494069395  114.320313064    14.9936   4  19   0.4258   0.4344   1.2917   0.0965   0.3610  -0.3617  -0.00    0.0
2382 116330.998   30.494176767  114.320312960    16.8765   4  19   0.4257   0.4343   1.2919   0.0965   0.3609  -0.3618  -0.00    0.0
2382 116331.998   30.494277142  114.320313122    13.5515   4  19   0.4257   0.4343   1.2924   0.0965   0.3610  -0.3620  -0.00    0.0
2382 116332.998   30.494365312  114.320318146     8.9078   4  20   0.4217   0.4343   1.2310   0.0973   0.3627  -0.3922  -0.00    0.0
2382 116333.998   30.494442895  114.320329205     5.9756   4  22   0.4001   0.4294   1.1069   0.0405   0.4063  -0.3185  -0.00    0.0
2382 116334.998   30.494542105  114.320316075     6.8592   4  20   0.4072   0.4300   1.1981   0.0407   0.4002  -0.2670  -0.00    0.0
2382 116335.998   30.494629424  114.320318878     1.5374   4  22   0.4004   0.4300   1.1504   0.0358   0.3981  -0.3099  -0.00    0.0
2382 116336.998   30.494726141  114.320323623    11.1316   4  20   0.4071   0.4300   1.1983   0.0406   0.4004  -0.2670  -0.00    0.0
2382 116337.998   30.494817868  114.320330826    13.6576   4  20   0.4071   0.4300   1.1984   0.0406   0.4004  -0.2671  -0.00    0.0
2382 116338.998   30.494875377  114.320330361     2.3232   4  22   0.4000   0.4295   1.1070   0.0402   0.4065  -0.3185  -0.00    0.0
2382 116339.998   30.494956847  114.320318009    -2.6840   4  22   0.4000   0.4295   1.1069   0.0402   0.4065  -0.3186  -0.00    0.0
2382 116340.998   30.495035279  114.320300086    10.2862   4  20   0.4071   0.4301   1.1982   0.0404   0.4005  -0.2674  -0.00    0.0
2382 116341.998   30.495092256  114.320307450    13.3627   4  20   0.4070   0.4301   1.1985   0.0403   0.4006  -0.2676  -0.00    0.0
2382 116342.998   30.495122002  114.320302420     6.0594   4  21   0.4062   0.4297   1.1459   0.0462   0.4095  -0.2840  -0.00    0.0
2382 116343.998   30.495127420  114.320311481    -0.1976   4  22   0.3999   0.4296   1.1074   0.0399   0.4067  -0.3188  -0.00    0.0
2382 116344.998   30.495174728  114.320321813    -5.8730   4  21   0.4135   0.4299   1.1293   0.0099   0.4105  -0.3535  -0.00    0.0
2382 116345.998   30.495214464  114.320349581     3.1051   4  21   0.4061   0.4297   1.1457   0.0460   0.4095  -0.2843  -0.00    0.0
2382 116346.998   30.495247931  114.320368355     5.8660   4  22   0.4069   0.4302   1.1988   0.0400   0.4009  -0.2681  -0.00    0.0
2382 116347.998   30.495265458  114.320413076     3.5063   4  22   0.3999   0.4297   1.1078   0.0395   0.4069  -0.3190  -0.00    0.0
2382 116348.998   30.495273816  114.320451630    10.5645   4  21   0.4002   0.4302   1.1515   0.0348   0.3988  -0.3106  -0.00    0.0
2382 116349.998   30.495279944  114.320508227    13.8698   4  21   0.4002   0.4302   1.1515   0.0347   0.3988  -0.3107  -0.00    0.0
2382 116350.998   30.495269690  114.320547480     6.2765   4  20   0.4409   0.4385   1.1720  -0.0559   0.3955  -0.4020  -0.00    0.0
2382 116351.998   30.495263263  114.320611046    10.1593   4  20   0.4068   0.4303   1.1994   0.0397   0.4012  -0.2688  -0.00    0.0
2382 116352.998   30.495247497  114.320686224     9.3940   4  21   0.4002   0.4303   1.1521   0.0344   0.3991  -0.3110  -0.00    0.0
2382 116353.998   30.495228798  114.320778577     2.8923   4  20   0.4863   0.4518   1.2852   0.2000   0.2784  -0.5291  -0.00    0.0
2382 116354.998   30.495198667  114.320882475     0.3693   4  20   0.4865   0.4518   1.2860   0.2000   0.2783  -0.5296  -0.00    0.0
2382 116355.998   30.495157688  114.320996848     3.7020   4  21   0.4427   0.4418   1.1683   0.1446   0.3582  -0.4149  -0.00    0.0
2382 116356.998   30.495129933  114.321129207     2.4483   4  22   0.3998   0.4299   1.1089   0.0389   0.4072  -0.3199  -0.00    0.0
2382 116357.998   30.495108665  114.321273456     0.9060   4  20   0.4250   0.4338   1.2263   0.0965   0.3783  -0.3690  -0.00    0.0
2382 116358.998   30.495072838  114.321420199    -0.3761   4  20   0.4213   0.4347   1.2330   0.0959   0.3645  -0.3934  -0.00    0.0
2382 116359.998   30.495040169  114.321563900    -0.2805   4  21   0.4001   0.4304   1.1529   0.0339   0.3995  -0.3116  -0.00    0.0
2382 116360.998   30.495008172  114.321700673    -2.0763   4  19   0.4566   0.4605   1.2988   0.1876   0.4121  -0.3562  -0.00    0.0
2382 116361.998   30.494979459  114.321835994     3.2628   4  19   0.4250   0.4347   1.2949   0.0950   0.3636  -0.3644  -0.00    0.0
2382 116362.998   30.494955660  114.321968787     6.8679   4  18   0.4386   0.4505   1.4366   0.1477   0.4533  -0.2561  -0.00    0.0
2382 116363.998   30.494933065  114.322087620     4.7346   4  19   0.4251   0.4484   1.3216   0.1307   0.4802  -0.0680  -0.00    0.0
2382 116364.998   30.494905275  114.322197070     3.9154   4  21   0.4000   0.4306   1.1542   0.0336   0.4001  -0.3118  -0.00    0.0
2382 116365.998   30.494872265  114.322323778     3.5243   4  22   0.3996   0.4301   1.1099   0.0383   0.4078  -0.3199  -0.00    0.0
2382 116366.998   30.494839006  114.322453916     2.6220   4  22   0.3996   0.4301   1.1094   0.0382   0.4076  -0.3199  -0.00    0.0
2382 116367.998   30.494805790  114.322600442     4.7310   4  21   0.4211   0.4339   1.1790   0.0955   0.3783  -0.3942  -0.00    0.0
2382 116368.998   30.494771606  114.322748253     5.0650   4  18   0.4887   0.4530   1.4123   0.1965   0.2985  -0.5282  -0.00    0.0
2382 116369.998   30.494750242  114.322909215     0.2548   4  21   0.4057   0.4302   1.1490   0.0445   0.4108  -0.2867  -0.00    0.0
2382 116370.998   30.494705670  114.323058879     0.9461   4  19   0.4472   0.4434   1.2762   0.1456   0.3415  -0.3920  -0.00    0.0
2382 116371.998   30.494671742  114.323213150     4.6036   4  20   0.4064   0.4307   1.2014   0.0388   0.4024  -0.2709  -0.00    0.0
2382 116372.998   30.494643120  114.323354519    -0.3961   4  22   0.3996   0.4302   1.1105   0.0377   0.4080  -0.3204  -0.00    0.0
2382 116373.998   30.494628881  114.323499296     3.7529   4  20   0.4226   0.4486   1.2485   0.1306   0.4804  -0.1546  -0.00    0.0
2382 116374.998   30.494595055  114.323608201    -0.4336   4  18   0.4892   0.4550   1.4416   0.2034   0.2204  -0.5356  -0.00    0.0
2382 116375.998   30.494581803  114.323732198    -4.7625   4  19   0.4375   0.4507   1.3443   0.1480   0.4584  -0.2830  -0.00    0.0
2382 116376.998   30.494555056  114.323831035   -11.7414   4  19   0.4247   0.4497   1.3098   0.0925   0.3025  -0.3679  -0.00    0.0
2382 116377.998   30.494501475  114.323883901    -3.2051   4  20   0.4246   0.4341   1.2300   0.0954   0.3799  -0.3706  -0.00    0.0
2382 116378.998   30.494449828  114.323943419    13.2280   4  21   0.3998   0.4308   1.1548   0.0325   0.4005  -0.3127  -0.00    0.0
2382 116379.998   30.494475293  114.324037786     1.7699   4  19   0.4880   0.4548   1.3718   0.2044   0.2339  -0.5504  -0.00    0.0
2382 116380.998   30.494472512  114.324110690    -5.2299   4  20   0.4862   0.4520   1.2917   0.1989   0.2795  -0.5322  -0.00    0.0
2382 116381.998   30.494409789  114.324143373     4.7266   4  19   0.4246   0.4342   1.2304   0.0952   0.3800  -0.3713  -0.00    0.0
2382 116382.998   30.494395631  114.324184842     8.5290   4  18   0.4382   0.4509   1.4381   0.1473   0.4550  -0.2591  -0.00    0.0
2382 116383.998   30.494398021  114.324225369     8.1357   4  20   0.4209   0.4350   1.2369   0.0944   0.3666  -0.3951  -0.00    0.0
2382 116384.998   30.494408698  114.324260815     9.8135   4  21   0.3997   0.4309   1.1557   0.0320   0.4010  -0.3131  -0.00    0.0
2382 116385.998   30.494405916  114.324262400     5.7366   4  21   0.3997   0.4309   1.1551   0.0320   0.4008  -0.3131  -0.00    0.0
2382 116386.998   30.494404786  114.324241266     3.6093   4  20   0.4208   0.4351   1.2359   0.0943   0.3665  -0.3948  -0.00    0.0
2382 116387.998   30.494413149  114.324249922     2.6909   4  20   0.4423   0.4436   1.2287   0.1448   0.3415  -0.4212  -0.00    0.0
2382 116388.998   30.494398060  114.324255771     2.9201   4  20   0.4423   0.4436   1.2291   0.1448   0.3415  -0.4215  -0.00    0.0
2382 116389.998   30.494408425  114.324258412    -2.1594   4  19   0.4880   0.4548   1.3743   0.2040   0.2346  -0.5517  -0.00    0.0
2382 116390.998   30.494389586  114.324270212    -4.2181   4  20   0.4469   0.4424   1.2126   0.1449   0.3617  -0.3938  -0.00    0.0
2382 116391.998   30.494377651  114.324272916    -1.7814   4  21   0.4423   0.4424   1.1738   0.1436   0.3593  -0.4178  -0.00    0.0
2382 116392.998   30.494383971  114.324277755     2.6484   4  21   0.4423   0.4437   1.2295   0.1447   0.3416  -0.4218  -0.00    0.0
2382 116393.998   30.494383877  114.324291673    -4.5981   4  19   0.4876   0.4522   1.3473   0.1978   0.2760  -0.5193  -0.00    0.0
2382 116394.998   30.494391153  114.324284106    -1.1471   4  20   0.4468   0.4425   1.2131   0.1448   0.3618  -0.3941  -0.00    0.0
2382 116395.998   30.494379849  114.324272525     3.0882   4  20   0.4468   0.4437   1.2799   0.1450   0.3426  -0.3952  -0.00    0.0
2382 116396.998   30.494383894  114.324273061    -2.5433   4  19   0.4471   0.4622   1.3000   0.1530   0.2620  -0.4050  -0.00    0.0
2382 116397.998   30.494409991  114.324288351   -11.3558   4  20   0.4051   0.4329   1.2105   0.0404   0.4308  -0.2921  -0.00    0.0
2382 116398.998   30.494435437  114.324319878    -1.9444   4  21   0.4118   0.4478   1.1870   0.1167   0.4667  -0.2491  -0.00    0.0
2382 116399.998   30.494402102  114.324274626     4.3175   4  20   0.4563   0.4610   1.2373   0.1874   0.4239  -0.3615  -0.00    0.0
2382 116400.998   30.494390447  114.324276146     4.5690   4  20   0.4858   0.4522   1.2952   0.1980   0.2809  -0.5336  -0.00    0.0
2382 116401.998   30.494394345  114.324271365    -3.8418   4  19   0.4871   0.4533   1.3575   0.1954   0.3029  -0.5464  -0.00    0.0
2382 116402.998   30.494410764  114.324252311    -6.5894   4  19   0.4876   0.4522   1.3505   0.1975   0.2764  -0.5211  -0.00    0.0
2382 116403.998   30.494389719  114.324256705    -2.9274   4  21   0.4422   0.4426   1.1760   0.1432   0.3598  -0.4190  -0.00    0.0
2382 116404.998   30.494390375  114.324269120    -5.4004   4  19   0.4652   0.4624   1.3019   0.1957   0.4403  -0.3086  -0.00    0.0
2382 116405.998   30.494394555  114.324251725    -4.9375   4  21   0.4421   0.4426   1.1757   0.1432   0.3599  -0.4187  -0.00    0.0
2382 116406.998   30.494399832  114.324261396    -5.8553   4  20   0.4422   0.4447   1.2246   0.1416   0.3795  -0.4230  -0.00    0.0
2382 116407.998   30.494398099  114.324260437    -9.7148   4  20   0.4858   0.4522   1.2968   0.1978   0.2809  -0.5345  -0.00    0.0
2382 116408.998   30.494407667  114.324252076    -9.6959   4  20   0.4859   0.4522   1.2976   0.1978   0.2808  -0.5350  -0.00    0.0
2382 116409.998   30.494407726  114.324245665   -10.5059   4  18   0.4999   0.4693   1.4523   0.2298   0.3783  -0.4619  -0.00    0.0
2382 116410.998   30.494405053  114.324242760   -10.0021   4  19   0.4875   0.4523   1.3527   0.1971   0.2771  -0.5221  -0.00    0.0
2382 116411.998   30.494415165  114.324266496   -11.4446   4  20   0.4239   0.4347   1.2346   0.0936   0.3822  -0.3735  -0.00    0.0
2382 116412.998   30.494420336  114.324286966    -6.6250   4  20   0.4132   0.4787   1.2452   0.0876   0.5301  -0.2749  -0.00    0.0
2382 116413.998   30.494426872  114.324276750    -4.7112   4  21   0.4022   0.4575   1.2001  -0.0796   0.4582  -0.3378  -0.00    0.0
2382 116414.998   30.494423814  114.324282822   -12.4656   4  22   0.3990   0.4311   1.1147   0.0342   0.4100  -0.3225  -0.00    0.0
2382 116415.998   30.494413040  114.324321510    -6.4512   4  21   0.4047   0.4312   1.1528   0.0417   0.4129  -0.2900  -0.00    0.0
2382 116416.998   30.494395282  114.324368882    -2.7021   4  22   0.3993   0.4315   1.1574   0.0294   0.4024  -0.3149  -0.00    0.0
2382 116417.998   30.494380263  114.324438665    -5.0040   4  21   0.4116   0.4483   1.1885   0.1165   0.4677  -0.2498  -0.00    0.0
2382 116419.000   30.494369147  114.324526059    -7.8816   4  20   0.4125   0.4581   1.2409   0.1049   0.4306  -0.2295  -0.00    0.0
2382 116420.000   30.494344280  114.324606111    -6.5755   4  19   0.4870   0.4524   1.3529   0.1966   0.2781  -0.5219  -0.00    0.0
2382 116421.000   30.494329658  114.324730551    -1.8669   4  19   0.4871   0.4524   1.3541   0.1966   0.2778  -0.5227  -0.00    0.0
2382 116422.000   30.494303075  114.324866000     1.8326   4  18   0.4997   0.4695   1.4556   0.2294   0.3793  -0.4636  -0.00    0.0
2382 116423.000   30.494273326  114.324982800     6.2008   4  16   0.5008   0.5023   1.6381   0.2214   0.4453  -0.4884  -0.00    0.0
2382 116424.000   30.494246962  114.325122432     4.5589   4  19   0.4799   0.4490   1.3553   0.1991   0.2375  -0.5414  -0.00    0.0
2382 116425.000   30.494205913  114.325249350     4.3088   4  21   0.3999   0.4327   1.1663   0.0265   0.4059  -0.3178  -0.00    0.0
2382 116426.000   30.494165825  114.325406008     2.5645   4  18   0.4986   0.4911   1.5699   0.2444  -0.2826  -0.6199  -0.00    0.0
2382 116427.000   30.494111359  114.325525235     5.9825   4  20   0.4203   0.4357   1.2420   0.0919   0.3696  -0.3979  -0.00    0.0
2382 116428.000   30.494063544  114.325674963    12.1720   4  19   0.4300   0.4510   1.3395   0.1380   0.4417  -0.3358  -0.00    0.0
2382 116429.000   30.494056118  114.325831788    16.7576   4  18   0.4650   0.4632   1.3916   0.1947   0.4344  -0.2991  -0.00    0.0
2382 116430.000   30.493979806  114.325944589    21.7681   4  21   0.4051   0.4319   1.2071   0.0354   0.4062  -0.2770  -0.00    0.0
2382 116431.000   30.493955875  114.326097348    16.0089   4  21   0.3991   0.4318   1.1597   0.0283   0.4034  -0.3159  -0.00    0.0
2382 116432.000   30.493937764  114.326249052     5.8409   4  22   0.3988   0.4314   1.1162   0.0330   0.4105  -0.3234  -0.00    0.0
2382 116433.000   30.493914162  114.326406144     5.4889   4  17   0.4674   0.4609   1.3554   0.1441   0.4570  -0.2528  -0.00    0.0
2382 116434.000   30.493859898  114.326548745    17.4828   4  20   0.4069   0.4407   1.1558  -0.0495   0.4097  -0.2885  -0.00    0.0
2382 116435.000   30.493857095  114.326710661     7.6034   4  18   0.4370   0.4522   1.4434   0.1463   0.4604  -0.2646  -0.00    0.0
2382 116436.000   30.493838119  114.326860407    -5.0251   4  19   0.4907   0.4639   1.4572   0.1902   0.2153  -0.5414  -0.00    0.0
2382 116437.000   30.493776296  114.326979454     6.9924   4  20   0.4050   0.4320   1.2081   0.0348   0.4066  -0.2780  -0.00    0.0
2382 116438.000   30.493739359  114.327117389    10.6391   4  21   0.4043   0.4316   1.1559   0.0404   0.4140  -0.2922  -0.00    0.0
2382 116439.000   30.493704465  114.327243262     8.8742   4  21   0.4042   0.4316   1.1553   0.0404   0.4139  -0.2919  -0.00    0.0
2382 116440.000   30.493674977  114.327380464     7.5079   4  20   0.4296   0.4511   1.2703   0.1383   0.4472  -0.3429  -0.00    0.0
2382 116441.000   30.493647552  114.327495114     9.1315   4  22   0.3987   0.4316   1.1173   0.0320   0.4110  -0.3239  -0.00    0.0
2382 116442.000   30.493615845  114.327597285     7.1797   4  22   0.3987   0.4316   1.1173   0.0320   0.4110  -0.3240  -0.00    0.0
2382 116443.000   30.493581502  114.327715869     5.8739   4  21   0.4009   0.4408   1.1172  -0.0526   0.4084  -0.3224  -0.00    0.0
2382 116444.000   30.493543349  114.327816160     6.9271   4  21   0.4009   0.4408   1.1173  -0.0526   0.4085  -0.3225  -0.00    0.0
2382 116445.000   30.493530073  114.327904179     3.6034   4  21   0.3990   0.4443   1.1610  -0.0290   0.3682  -0.3153  -0.00    0.0
2382 116446.000   30.493511155  114.327990580     3.4062   4  22   0.3986   0.4316   1.1174   0.0317   0.4110  -0.3241  -0.00    0.0
2382 116447.000   30.493506258  114.328048325     6.9353   4  20   0.4198   0.4359   1.2424   0.0908   0.3709  -0.3981  -0.00    0.0
2382 116448.000   30.493496126  114.328118357    14.3169   4  18   0.4366   0.4524   1.4438   0.1460   0.4613  -0.2665  -0.00    0.0
2382 116449.000   30.493479237  114.328186086    22.4060   4  16   0.4391   0.4634   1.5766   0.1333   0.4837  -0.2470  -0.00    0.0
2382 116450.000   30.493447887  114.328216948     8.6147   4  19   0.4250   0.4458   1.3081   0.0663   0.3623  -0.3683  -0.00    0.0
2382 116451.000   30.493389398  114.328264836    -3.7670   4  20   0.4198   0.4353   1.1911   0.0905   0.3837  -0.3988  -0.00    0.0
2382 116452.000   30.493333513  114.328282192    -3.1786   4  21   0.3986   0.4318   1.1186   0.0310   0.4114  -0.3246  -0.00    0.0
2382 116453.000   30.493273748  114.328307452     4.7000   4  21   0.3988   0.4322   1.1609   0.0261   0.4043  -0.3172  -0.00    0.0
2382 116454.000   30.493222324  114.328307768     5.3022   4  21   0.4045   0.4323   1.2076   0.0339   0.4072  -0.2793  -0.00    0.0
2382 116455.000   30.493163220  114.328303087    -1.7364   4  20   0.4456   0.4446   1.2880   0.1433   0.3457  -0.4020  -0.00    0.0
2382 116456.000   30.493062529  114.328298233   -10.6010   4  22   0.3985   0.4319   1.1190   0.0307   0.4116  -0.3248  -0.00    0.0
2382 116457.000   30.492968262  114.328261619   -12.5824   4  21   0.4197   0.4353   1.1906   0.0902   0.3836  -0.3988  -0.00    0.0
2382 116458.000   30.492860879  114.328222695     0.3826   4  20   0.4228   0.4360   1.3041   0.0901   0.3717  -0.3726  -0.00    0.0
2382 116459.000   30.492742309  114.328185364     5.9427   4  21   0.4045   0.4324   1.2088   0.0335   0.4076  -0.2801  -0.00    0.0
2382 116460.000   30.492618370  114.328124411    -3.2699   4  21   0.3987   0.4323   1.1621   0.0254   0.4048  -0.3177  -0.00    0.0
2382 116461.000   30.492492820  114.328092825    -5.4549   4  22   0.3984   0.4320   1.1192   0.0303   0.4118  -0.3249  -0.00    0.0
2382 116462.000   30.492362873  114.328063394    -5.5259   4  22   0.3984   0.4320   1.1191   0.0302   0.4118  -0.3249  -0.00    0.0
2382 116463.000   30.492236534  114.328033721     3.7529   4  21   0.4037   0.4321   1.1573   0.0388   0.4150  -0.2938  -0.00    0.0
2382 116464.000   30.492096076  114.327974676    10.7903   4  19   0.4047   0.5021   1.3087   0.0748   0.5426  -0.2640  -0.00    0.0
2382 116465.000   30.491952966  114.327951977    11.4018   4  20   0.4043   0.4325   1.2093   0.0331   0.4082  -0.2804  -0.00    0.0
2382 116466.000   30.491815862  114.327909166     4.9030   4  21   0.4037   0.4322   1.1584   0.0385   0.4156  -0.2941  -0.00    0.0
2382 116467.000   30.491677886  114.327855469    -3.6567   4  21   0.4063   0.4756   1.1277   0.1295   0.4431  -0.3083  -0.00    0.0
2382 116468.000   30.491551827  114.327829309    -3.4513   4  21   0.4063   0.4756   1.1276   0.1295   0.4430  -0.3084  -0.00    0.0
2382 116469.000   30.491418548  114.327786852     7.0956   4  18   0.4088   0.4589   1.3085  -0.0890   0.3037  -0.2285  -0.00    0.0
2382 116470.000   30.491283898  114.327729749     5.0375   4  19   0.4114   0.4761   1.2148   0.1277   0.4350  -0.2650  -0.00    0.0
2382 116471.000   30.491148174  114.327683664    -3.7965   4  21   0.4414   0.4437   1.1861   0.1412   0.3620  -0.4241  -0.00    0.0
2382 116472.000   30.491032407  114.327654396     8.1832   4  19   0.4067   0.4940   1.2259   0.1222   0.3768  -0.2944  -0.00    0.0
2382 116473.000   30.490927945  114.327596840     9.2325   4  21   0.4042   0.4327   1.2097   0.0328   0.4084  -0.2814  -0.00    0.0
2382 116474.000   30.490831175  114.327564896     2.1733   4  21   0.3986   0.4450   1.1649  -0.0311   0.3695  -0.3170  -0.00    0.0
2382 116475.000   30.490733277  114.327546649     5.6085   4  20   0.4423   0.4634   1.2599   0.1545   0.2727  -0.4388  -0.00    0.0
2382 116476.000   30.490660048  114.327530608     7.4629   4  21   0.4415   0.4449   1.2422   0.1423   0.3455  -0.4294  -0.00    0.0
2382 116477.000   30.490568783  114.327506284     2.6702   4  20   0.4453   0.4438   1.2263   0.1423   0.3646  -0.4031  -0.00    0.0
2382 116478.000   30.490486273  114.327477134     2.3630   4  21   0.4414   0.4438   1.1872   0.1411   0.3621  -0.4249  -0.00    0.0
2382 116479.000   30.490392210  114.327456293     3.6068   4  22   0.3982   0.4323   1.1212   0.0287   0.4126  -0.3260  -0.00    0.0
2382 116480.000   30.490312104  114.327431542     2.0368   4  20   0.4680   0.4332   1.1617  -0.0734   0.4223  -0.4079  -0.00    0.0
2382 116481.000   30.490196909  114.327437743    -3.9642   4  12   0.5409   0.6055   1.5458  -0.1861   0.6687  -0.4205  -0.00    0.0
2382 116482.000   30.490086859  114.327421622    -2.5509   4  13   0.4758   0.6096   1.6482  -0.1451   0.7723  -0.3479  -0.00    0.0
2382 116483.000   30.490004606  114.327397331    -0.9610   4  12   0.5104   0.8331   1.8704   0.3153   1.0499   0.3995  -0.00    0.0
2382 116484.000   30.489861134  114.327301526    11.5934   4  17   0.5164   0.5228   1.4788   0.2168   0.4602  -0.5470  -0.00    0.0
2382 116485.000   30.489791522  114.327232352    16.0812   4  18   0.6966   0.6448   1.6906   0.4417   0.2641  -0.7496  -0.00    0.0
2382 116486.000   30.489705761  114.327273390    20.0450   4  19   0.4474   0.4663   1.2946  -0.0961   0.4648  -0.3571  -0.00    0.0
2382 116487.000   30.489601621  114.327284414    13.8733   4  20   0.4644   0.5551   1.4175  -0.1052   0.5142  -0.3130  -0.00    0.0
2382 116488.000   30.489495222  114.327265844    14.6686   4  18   0.4376   0.4900   1.3190   0.1789   0.4118  -0.3880  -0.00    0.0
2382 116489.000   30.489394964  114.327267652    20.0770   4  18   0.4477   0.4387   1.3952   0.1003   0.3957  -0.4039  -0.00    0.0
2382 116490.000   30.489269399  114.327249130    19.7850   4  19   0.4351   0.4887   1.2490   0.1826   0.3796  -0.3985  -0.00    0.0
2382 116491.000   30.489143573  114.327241918    11.1737   4  21   0.4062   0.4760   1.1306   0.1295   0.4436  -0.3102  -0.00    0.0
2382 116492.000   30.489036698  114.327247140     6.3988   4  19   0.5240   0.5262   1.3223   0.3016   0.2094  -0.5674  -0.00    0.0
2382 116493.000   30.488901758  114.327219909     7.7711   4  18   0.4451   0.4473   1.3582   0.1419   0.3724  -0.4091  -0.00    0.0
2382 116494.000   30.488752639  114.327212971     6.2164   4  21   0.4415   0.4452   1.2460   0.1419   0.3465  -0.4316  -0.00    0.0
2382 116495.000   30.488634455  114.327205789     1.3662   4  21   0.4413   0.4441   1.1904   0.1406   0.3628  -0.4265  -0.00    0.0
2382 116496.000   30.488519749  114.327195574     2.1097   4  21   0.4061   0.4761   1.1306   0.1295   0.4435  -0.3105  -0.00    0.0
2382 116497.000   30.488411545  114.327174232     2.9561   4  20   0.4031   0.4352   1.2218   0.0344   0.4370  -0.2988  -0.00    0.0
2382 116498.000   30.488303629  114.327173571    15.2312   4  19   0.4036   0.4355   1.2781   0.0299   0.4315  -0.2850  -0.00    0.0
2382 116499.000   30.488179554  114.327155610    10.7476   4  19   0.4219   0.4367   1.3091   0.0879   0.3756  -0.3760  -0.00    0.0
2382 116500.000   30.488051194  114.327158768     0.3449   4  20   0.4062   0.4927   1.1723   0.1250   0.3975  -0.3062  -0.00    0.0
2382 116501.000   30.487938354  114.327140253     2.7590   4  19   0.4108   0.4931   1.2197   0.1204   0.3895  -0.2703  -0.00    0.0
2382 116502.000   30.487826733  114.327122094    11.3525   4  20   0.4035   0.4333   1.2122   0.0309   0.4102  -0.2841  -0.00    0.0
2382 116503.000   30.487734834  114.327090399     6.6747   4  21   0.3982   0.4332   1.1659   0.0212   0.4072  -0.3202  -0.00    0.0
2382 116504.000   30.487643283  114.327091933     3.2487   4  20   0.4189   0.4361   1.1964   0.0873   0.3866  -0.4009  -0.00    0.0
2382 116505.000   30.487567332  114.327096554    -0.0899   4  21   0.3980   0.4352   1.1775   0.0162   0.4323  -0.3321  -0.00    0.0
2382 116506.000   30.487505828  114.327083919     4.4655   4  18   0.4366   0.4890   1.3094   0.1803   0.3707  -0.3793  -0.00    0.0
2382 116507.000   30.487408746  114.327076600     0.9227   4  22   0.3981   0.4333   1.1665   0.0204   0.4075  -0.3206  -0.00    0.0
2382 116508.000   30.487320288  114.327081356    -4.2886   4  20   0.4217   0.4362   1.2455   0.0882   0.3885  -0.3798  -0.00    0.0
2382 116509.000   30.487222249  114.327080548    -2.6303   4  20   0.4028   0.4355   1.2237   0.0335   0.4379  -0.2996  -0.00    0.0
2382 116510.000   30.487112462  114.327070724    -1.2688   4  20   0.4034   0.4334   1.2131   0.0301   0.4108  -0.2851  -0.00    0.0
2382 116511.000   30.487004333  114.327057501     2.2308   4  20   0.4033   0.4334   1.2131   0.0301   0.4108  -0.2851  -0.00    0.0
2382 116512.000   30.486890044  114.327047768     7.4789   4  17   0.4689   0.4392   1.4319   0.0456   0.4098  -0.4666  -0.00    0.0
2382 116513.000   30.486799287  114.327048479    -1.4230   4  19   0.4626   0.4374   1.2977   0.0574   0.3861  -0.4788  -0.00    0.0
2382 116514.000   30.486682672  114.327024212    -7.3155   4  19   0.4216   0.5037   1.3597   0.0843   0.5365  -0.3823  -0.00    0.0
2382 116515.000   30.486573948  114.327028420     5.7648   4  19   0.4108   0.4769   1.2190   0.1278   0.4367  -0.2708  -0.00    0.0
2382 116516.000   30.486457993  114.327003699     2.6657   4  21   0.3980   0.4335   1.1676   0.0191   0.4082  -0.3212  -0.00    0.0
2382 116517.000   30.486358677  114.326993552    -3.8117   4  19   0.4188   0.5015   1.2881   0.0697   0.5167  -0.4078  -0.00    0.0
2382 116518.000   30.486263996  114.326982975     0.8122   4  18   0.4215   0.5039   1.4313   0.0840   0.5352  -0.3791  -0.00    0.0
2382 116519.000   30.486137481  114.326992527    16.5081   4  20   0.3981   0.4359   1.2263  -0.0053   0.4282  -0.3263  -0.00    0.0
2382 116520.000   30.486027690  114.326953093     9.9184   4  19   0.4063   0.4949   1.2309   0.1226   0.3782  -0.2987  -0.00    0.0
2382 116521.000   30.485936800  114.326910449     1.0265   4  18   0.4214   0.5039   1.3594   0.0838   0.5366  -0.3823  -0.00    0.0
2382 116522.000   30.485833834  114.326909511     2.2175   4  20   0.4186   0.4365   1.1995   0.0861   0.3880  -0.4021  -0.00    0.0
2382 116523.000   30.485731206  114.326895874    11.8010   4  20   0.4186   0.4371   1.2521   0.0861   0.3772  -0.4025  -0.00    0.0
2382 116524.000   30.485646173  114.326884086     8.8528   4  20   0.4186   0.4370   1.2519   0.0861   0.3771  -0.4026  -0.00    0.0
2382 116525.000   30.485562014  114.326898365    10.7378   4  20   0.4346   0.4878   1.1999   0.1813   0.3953  -0.3984  -0.00    0.0
2382 116526.000   30.485466415  114.326843811    12.7062   4  21   0.4186   0.4365   1.1996   0.0859   0.3880  -0.4022  -0.00    0.0
2382 116527.000   30.485389115  114.326853748    15.0910   4  19   0.4187   0.5018   1.3456   0.0684   0.5136  -0.4094  -0.00    0.0
2382 116528.000   30.485327255  114.326887543    13.1728   4  18   0.4351   0.4907   1.3234   0.1793   0.4039  -0.4120  -0.00    0.0
2382 116529.000   30.485226500  114.326868383    12.3287   4  20   0.4185   0.4372   1.2532   0.0858   0.3778  -0.4030  -0.00    0.0
2382 116530.000   30.485147973  114.326837102     9.6350   4  19   0.4623   0.4377   1.2988   0.0562   0.3872  -0.4791  -0.00    0.0
2382 116531.000   30.485057497  114.326803637    12.6213   4  20   0.4186   0.4541   1.3398   0.0897   0.2903  -0.4065  -0.00    0.0
2382 116532.000   30.485001754  114.326814586     3.1433   4  21   0.4185   0.4366   1.2009   0.0855   0.3884  -0.4028  -0.00    0.0
2382 116533.000   30.484907512  114.326812544     6.8205   4  21   0.3979   0.4462   1.1720  -0.0354   0.3720  -0.3206  -0.00    0.0
2382 116534.000   30.484817597  114.326804128     6.5379   4  20   0.4184   0.4518   1.2638   0.0890   0.3238  -0.4051  -0.00    0.0
2382 116535.000   30.484717854  114.326768133     6.2040   4  19   0.4233   0.4789   1.2865  -0.0470   0.2589  -0.3860  -0.00    0.0
2382 116536.000   30.484623663  114.326767736     4.1466   4  20   0.4184   0.4519   1.2648   0.0889   0.3238  -0.4055  -0.00    0.0
2382 116537.000   30.484538568  114.326768376    -0.1523   4  22   0.3975   0.4336   1.1277   0.0222   0.4153  -0.3291  -0.00    0.0
2382 116538.000   30.484446684  114.326763180     2.6987   4  20   0.4184   0.4519   1.2645   0.0888   0.3240  -0.4054  -0.00    0.0
2382 116539.000   30.484371172  114.326773385     3.0863   4  20   0.4030   0.4464   1.2213  -0.0397   0.3702  -0.2843  -0.00    0.0
2382 116540.000   30.484278660  114.326749803     2.6356   4  21   0.3978   0.4464   1.1726  -0.0358   0.3723  -0.3209  -0.00    0.0
2382 116541.000   30.484208175  114.326735288     6.5450   4  20   0.4030   0.4464   1.2215  -0.0397   0.3702  -0.2843  -0.00    0.0
2382 116542.000   30.484145283  114.326730438     8.2741   4  20   0.3981   0.4478   1.2293  -0.0433   0.3546  -0.3111  -0.00    0.0
2382 116543.000   30.484119925  114.326726747    10.8563   4  20   0.4027   0.4341   1.2160   0.0277   0.4127  -0.2883  -0.00    0.0
2382 116544.000   30.484102485  114.326713170    14.3525   4  20   0.4037   0.4479   1.2921  -0.0502   0.3495  -0.2650  -0.00    0.0
2382 116545.000   30.484085541  114.326727392     7.8761   4  16   0.4302   0.5279   1.3059  -0.1778   0.2694  -0.2794  -0.00    0.0
2382 116546.000   30.484083377  114.326759231     5.2664   4  18   0.4274   0.4904   1.3888  -0.0853   0.1375  -0.3690  -0.00    0.0
2382 116547.000   30.484100375  114.326719383     9.4575   4  17   0.4274   0.4805   1.2754  -0.1505   0.2905  -0.3016  -0.00    0.0
2382 116548.000   30.484120644  114.326725369    12.9604   4  21   0.4168   0.4344   1.2372  -0.0231   0.4162  -0.3280  -0.00    0.0
2382 116549.000   30.484126691  114.326770624     5.7034   4  19   0.4393   0.4524   1.3612   0.0798   0.3182  -0.4255  -0.00    0.0
2382 116550.000   30.484119998  114.326768193     2.5087   4  20   0.4370   0.4369   1.2352   0.0805   0.3913  -0.4453  -0.00    0.0
2382 116551.000   30.484098285  114.326762996     8.4118   4  19   0.4154   0.4377   1.1966  -0.0626   0.4061  -0.3509  -0.00    0.0
2382 116552.000   30.484092834  114.326750834     9.6932   4  20   0.4153   0.4377   1.1962  -0.0626   0.4060  -0.3508  -0.00    0.0
2382 116553.000   30.484126415  114.326786523     5.4418   4  19   0.4376   0.4932   1.2590   0.1714   0.3734  -0.3960  -0.00    0.0
2382 116554.000   30.484129774  114.326754774    -1.3021   4  18   0.4256   0.4744   1.2635   0.0216   0.4129  -0.3773  -0.00    0.0
2382 116555.000   30.484135177  114.326775442     0.3667   4  19   0.4252   0.4412   1.3219   0.0608   0.3705  -0.3700  -0.00    0.0
2382 116556.000   30.484126798  114.326767742     2.9452   4  19   0.4252   0.4412   1.3222   0.0607   0.3707  -0.3701  -0.00    0.0
2382 116557.000   30.484144908  114.326754758    15.1457   4  19   0.4101   0.4775   1.2222   0.1281   0.4378  -0.2755  -0.00    0.0
2382 116558.000   30.484134162  114.326743517     1.8817   4  18   0.4085   0.4711   1.2324  -0.0840   0.4378  -0.2832  -0.00    0.0
2382 116559.000   30.484134324  114.326771270    -7.3423   4  18   0.4349   0.5511   1.3913   0.1800   0.5817   0.0730  -0.00    0.0
2382 116560.000   30.484158858  114.326756923    -5.9179   4  21   0.4018   0.4343   1.1687   0.0314   0.4205  -0.3017  -0.00    0.0
2382 116561.000   30.484153885  114.326786513    -3.5881   4  20   0.4077   0.4379   1.2232  -0.0541   0.4067  -0.2768  -0.00    0.0
2382 116562.000   30.484171687  114.326755709   -11.9257   4  21   0.3974   0.4639   1.1417  -0.0438   0.4473  -0.3336  -0.00    0.0
2382 116563.000   30.484143110  114.326730865    -4.8305   4  19   0.4669   0.4377   1.2846   0.0530   0.4002  -0.4531  -0.00    0.0
2382 116564.000   30.484133007  114.326712572     1.2583   4  20   0.4180   0.4377   1.2565   0.0835   0.3803  -0.4047  -0.00    0.0
2382 116565.000   30.484107435  114.326714271     4.4053   4  20   0.4180   0.4377   1.2570   0.0835   0.3804  -0.4050  -0.00    0.0
2382 116566.000   30.484077009  114.326727470    -1.5856   4  20   0.4205   0.4372   1.2531   0.0846   0.3926  -0.3841  -0.00    0.0
2382 116567.000   30.484016007  114.326733632    -0.2743   4  19   0.4223   0.5269   1.2950  -0.0743   0.5230  -0.4131  -0.00    0.0
2382 116568.000   30.483961037  114.326700653    -0.0646   4  20   0.4205   0.4378   1.3167   0.0838   0.3819  -0.3820  -0.00    0.0
2382 116569.000   30.483918813  114.326699701     1.4786   4  19   0.4100   0.4778   1.2231   0.1281   0.4384  -0.2770  -0.00    0.0
2382 116570.000   30.483888452  114.326707311     2.8388   4  19   0.4095   0.4774   1.1744   0.1294   0.4453  -0.2881  -0.00    0.0
2382 116571.000   30.483857678  114.326687993     2.5883   4  18   0.4428   0.4906   1.3251   0.1716   0.3677  -0.3702  -0.00    0.0
2382 116572.000   30.483828380  114.326654828    -0.3431   4  20   0.4204   0.4373   1.2539   0.0843   0.3932  -0.3844  -0.00    0.0
2382 116573.000   30.483815435  114.326607609     4.2934   4  20   0.4016   0.4345   1.1699   0.0304   0.4208  -0.3030  -0.00    0.0
2382 116574.000   30.483821569  114.326562933     9.4850   4  20   0.4021   0.4347   1.2187   0.0250   0.4147  -0.2916  -0.00    0.0
2382 116575.000   30.483820180  114.326543220    10.9466   4  20   0.4020   0.4347   1.2187   0.0249   0.4148  -0.2916  -0.00    0.0
2382 116576.000   30.483804554  114.326511258     6.9078   4  20   0.4049   0.4539   1.2468   0.1015   0.4737  -0.2691  -0.00    0.0
2382 116577.000   30.483796585  114.326504469     1.9889   4  21   0.4044   0.4540   1.1974   0.1018   0.4750  -0.2822  -0.00    0.0
2382 116578.000   30.483803205  114.326509179     5.3248   4  21   0.4015   0.4346   1.1701   0.0299   0.4211  -0.3032  -0.00    0.0
2382 116579.000   30.483798516  114.326489424    10.8255   4  18   0.4286   0.4975   1.3421   0.1838   0.5183  -0.0882  -0.00    0.0
2382 116580.000   30.483784969  114.326484835    14.5925   4  21   0.3972   0.4348   1.1738   0.0071   0.4118  -0.3251  -0.00    0.0
2382 116581.000   30.483802919  114.326477151    13.2306   4  21   0.3972   0.4348   1.1738   0.0071   0.4118  -0.3251  -0.00    0.0
2382 116582.000   30.483817208  114.326475546    10.3249   4  19   0.4029   0.4487   1.2950  -0.0508   0.3524  -0.2700  -0.00    0.0
2382 116583.000   30.483814925  114.326476392     9.0848   4  21   0.3970   0.4345   1.1327   0.0153   0.4176  -0.3314  -0.00    0.0
2382 116584.000   30.483816369  114.326464755    15.2952   4  21   0.3972   0.4348   1.1739   0.0053   0.4117  -0.3253  -0.00    0.0
2382 116585.000   30.483809780  114.326448045    16.2818   4  20   0.4109   0.4529   1.2595   0.1157   0.4768  -0.2401  -0.00    0.0
2382 116586.000   30.483800151  114.326387679     8.8155   4  21   0.4014   0.4348   1.1709   0.0291   0.4215  -0.3039  -0.00    0.0
2382 116587.000   30.483812260  114.326324757     7.0281   4  21   0.4013   0.4348   1.1710   0.0291   0.4216  -0.3039  -0.00    0.0
2382 116588.000   30.483830043  114.326254827     7.7934   4  20   0.4018   0.4350   1.2197   0.0236   0.4155  -0.2929  -0.00    0.0
2382 116589.000   30.483849250  114.326194649    10.4161   4  20   0.4018   0.4350   1.2199   0.0234   0.4156  -0.2930  -0.00    0.0
2382 116590.000   30.483855250  114.326126142    10.9732   4  20   0.4017   0.4351   1.2202   0.0233   0.4157  -0.2931  -0.00    0.0
2382 116591.000   30.483862809  114.326054710    12.3427   4  20   0.4109   0.4531   1.2606   0.1157   0.4774  -0.2405  -0.00    0.0
2382 116592.000   30.483864071  114.325968778    14.2208   4  20   0.4057   0.4781   1.1805   0.1283   0.4392  -0.3108  -0.00    0.0
2382 116593.000   30.483870209  114.325846276    11.5114   4  20   0.4109   0.4532   1.2609   0.1157   0.4777  -0.2406  -0.00    0.0
2382 116594.000   30.483875347  114.325742630     9.6668   4  21   0.3970   0.4351   1.1750  -0.0046   0.4125  -0.3260  -0.00    0.0
2382 116595.000   30.483880628  114.325643620     8.5973   4  22   0.3968   0.4348   1.1340   0.0130   0.4182  -0.3320  -0.00    0.0
2382 116596.000   30.483894893  114.325532800     5.8242   4  21   0.3971   0.4648   1.1455  -0.0471   0.4490  -0.3356  -0.00    0.0
2382 116597.000   30.483893964  114.325428123    10.4073   4  20   0.3998   0.4424   1.1874  -0.0620   0.3953  -0.3133  -0.00    0.0
2382 116598.000   30.483903271  114.325304230    10.2117   4  21   0.3970   0.4351   1.1750  -0.0071   0.4126  -0.3263  -0.00    0.0
2382 116599.000   30.483925169  114.325182767     7.5175   4  22   0.3968   0.4349   1.1342   0.0119   0.4183  -0.3322  -0.00    0.0
2382 116600.000   30.483937770  114.325056458     5.5509   4  21   0.3970   0.4352   1.1751  -0.0076   0.4126  -0.3264  -0.00    0.0
2382 116601.000   30.483947836  114.324937734     4.8532   4  20   0.4174   0.4382   1.2605   0.0812   0.3832  -0.4066  -0.00    0.0
2382 116602.000   30.483949249  114.324824967     4.0471   4  22   0.3968   0.4350   1.1348   0.0108   0.4185  -0.3325  -0.00    0.0
2382 116603.000   30.483960652  114.324712304     4.2394   4  22   0.3968   0.4350   1.1348   0.0107   0.4185  -0.3326  -0.00    0.0
2382 116604.000   30.483985944  114.324610593    11.4011   4  20   0.4197   0.4378   1.2572   0.0822   0.3953  -0.3866  -0.00    0.0
2382 116605.000   30.483995875  114.324496415    14.4018   4  20   0.4015   0.4354   1.2214   0.0215   0.4167  -0.2948  -0.00    0.0
2382 116606.000   30.483995561  114.324373337     8.7464   4  20   0.4091   0.4780   1.1778   0.1294   0.4460  -0.2917  -0.00    0.0
2382 116607.000   30.483999600  114.324248233     9.4598   4  19   0.4197   0.4384   1.3203   0.0816   0.3853  -0.3850  -0.00    0.0
2382 116608.000   30.484023003  114.324121109    10.1477   4  19   0.4197   0.4384   1.3208   0.0815   0.3854  -0.3853  -0.00    0.0
2382 116609.000   30.484030604  114.324002487    11.6537   4  20   0.4014   0.4355   1.2226   0.0210   0.4171  -0.2954  -0.00    0.0
2382 116610.000   30.484032896  114.323868143     7.7459   4  21   0.4010   0.4353   1.1739   0.0265   0.4228  -0.3061  -0.00    0.0
2382 116611.000   30.484031782  114.323768528     8.2778   4  20   0.4090   0.4781   1.1781   0.1294   0.4461  -0.2920  -0.00    0.0
2382 116612.000   30.484049372  114.323645741     8.4740   4  21   0.4009   0.4353   1.1736   0.0265   0.4228  -0.3060  -0.00    0.0
2382 116613.000   30.484072412  114.323528340    13.4694   4  20   0.4013   0.4356   1.2220   0.0209   0.4172  -0.2955  -0.00    0.0
2382 116614.000   30.484068802  114.323408683    14.0087   4  20   0.4013   0.4356   1.2223   0.0207   0.4173  -0.2956  -0.00    0.0
2382 116615.000   30.484068229  114.323297801    11.4425   4  21   0.3968   0.4355   1.1771  -0.0119   0.4137  -0.3274  -0.00    0.0
2382 116616.000   30.484091282  114.323204731    17.8031   4  19   0.4197   0.4556   1.3400   0.1296   0.4973  -0.1418  -0.00    0.0
2382 116617.000   30.484093090  114.323118042    23.4933   4  19   0.4196   0.4556   1.3407   0.1296   0.4977  -0.1418  -0.00    0.0
2382 116618.000   30.484075873  114.323007360    16.1051   4  20   0.3972   0.4494   1.2381  -0.0466   0.3599  -0.3168  -0.00    0.0
2382 116619.000   30.484088601  114.322890822     7.7751   4  21   0.3966   0.4354   1.1371   0.0049   0.4195  -0.3334  -0.00    0.0
2382 116620.000   30.484080903  114.322774449     7.7451   4  19   0.4325   0.4568   1.3749   0.1422   0.4780  -0.3039  -0.00    0.0
2382 116621.000   30.484087522  114.322670219    16.5124   4  19   0.4194   0.4386   1.3224   0.0806   0.3867  -0.3864  -0.00    0.0
2382 116622.000   30.484110468  114.322596118    14.4973   4  18   0.4194   0.4558   1.4361   0.0794   0.2839  -0.3857  -0.00    0.0
2382 116623.000   30.484108829  114.322514833     9.2464   4  19   0.4194   0.4535   1.3433   0.0803   0.3220  -0.3881  -0.00    0.0
2382 116624.000   30.484109589  114.322400860    18.1881   4  18   0.4194   0.4558   1.4368   0.0794   0.2837  -0.3861  -0.00    0.0
2382 116625.000   30.484115720  114.322310322    17.7113   4  19   0.4172   0.4554   1.3524   0.0844   0.3000  -0.4125  -0.00    0.0
2382 116626.000   30.484118907  114.322188877    19.4496   4  18   0.4468   0.4501   1.3270  -0.0842   0.3642  -0.3574  -0.00    0.0
2382 116627.000   30.484120068  114.322066754    10.7380   4  18   0.4613   0.4557   1.3967   0.0629   0.3094  -0.4888  -0.00    0.0
2382 116628.000   30.484113384  114.321936955    12.1933   4  20   0.3971   0.4496   1.2393  -0.0472   0.3603  -0.3181  -0.00    0.0
2382 116629.000   30.484123152  114.321810328    20.6841   4  18   0.4467   0.4502   1.3266  -0.0843   0.3643  -0.3575  -0.00    0.0
2382 116630.000   30.484114116  114.321678855    14.4851   4  18   0.4056   0.4605   1.3254  -0.0897   0.3181  -0.2502  -0.00    0.0
2382 116631.000   30.484119100  114.321549828    11.5708   4  18   0.4055   0.4605   1.3259  -0.0897   0.3182  -0.2502  -0.00    0.0
2382 116632.000   30.484120361  114.321453022    12.3904   4  17   0.4382   0.4770   1.3672  -0.1693   0.3777  -0.3434  -0.00    0.0
2382 116633.000   30.484111113  114.321376918    14.5226   4  17   0.4382   0.4770   1.3675  -0.1693   0.3779  -0.3436  -0.00    0.0
2382 116634.000   30.484102926  114.321304563    17.0229   4  18   0.4466   0.4503   1.3273  -0.0844   0.3649  -0.3577  -0.00    0.0
2382 116635.000   30.484106610  114.321262931    13.1911   4  18   0.4387   0.4605   1.3188  -0.0829   0.3240  -0.3954  -0.00    0.0
2382 116636.000   30.484129067  114.321200395    16.8438   4  18   0.4095   0.4974   1.3016   0.1185   0.3689  -0.2714  -0.00    0.0
2382 116637.000   30.484139113  114.321172629     9.0459   4  17   0.4355   0.5172   1.4442   0.1872   0.2178  -0.4079  -0.00    0.0
2382 116638.000   30.484128646  114.321089258    13.7569   4  19   0.4018   0.4499   1.3015  -0.0520   0.3568  -0.2777  -0.00    0.0
2382 116639.000   30.484125258  114.321013327     9.1124   4  17   0.4440   0.4565   1.4466   0.0574   0.2803  -0.3568  -0.00    0.0
2382 116640.000   30.484129414  114.320912328    17.5893   4  18   0.4273   0.4503   1.3116  -0.0754   0.3524  -0.2319  -0.00    0.0
2382 116641.000   30.484131653  114.320839272    16.3928   4  18   0.4273   0.4504   1.3117  -0.0754   0.3524  -0.2320  -0.00    0.0
2382 116642.000   30.484140798  114.320806610    15.3829   4  17   0.4805   0.4511   1.3329  -0.1067   0.3612  -0.3261  -0.00    0.0
2382 116643.000   30.484151082  114.320790916    13.9719   4  18   0.4273   0.4504   1.3115  -0.0754   0.3526  -0.2322  -0.00    0.0
2382 116644.000   30.484156906  114.320747037     8.5186   4  18   0.4273   0.4504   1.3115  -0.0754   0.3527  -0.2323  -0.00    0.0
2382 116645.000   30.484178873  114.320722308    12.6707   4  19   0.4017   0.4500   1.3016  -0.0522   0.3573  -0.2783  -0.00    0.0
2382 116646.000   30.484176088  114.320687728     4.7314   4  18   0.4217   0.4654   1.4436   0.1118   0.4492   0.0512  -0.00    0.0
2382 116647.000   30.484160866  114.320658956     3.1674   4  19   0.4016   0.4500   1.3023  -0.0522   0.3577  -0.2786  -0.00    0.0
2382 116648.000   30.484168318  114.320615071    10.7037   4  19   0.4168   0.4557   1.3550   0.0830   0.3028  -0.4135  -0.00    0.0
2382 116649.000   30.484206475  114.320592688     3.0030   4  16   0.4617   0.5011   1.6197   0.1881   0.2674  -0.3378  -0.00    0.0
2382 116650.000   30.484224873  114.320566160     6.2918   4  17   0.4976   0.4975   1.4373   0.1195   0.3714  -0.4985  -0.00    0.0
2382 116651.000   30.484299040  114.320565678     5.7404   4  18   0.5775   0.4871   1.6840   0.1849   0.1534  -0.7757  -0.00    0.0
2382 116652.000   30.484366872  114.320564357    -0.3461   4  18   0.5412   0.5760   1.5067   0.3517  -0.3609  -0.6629  -0.00    0.0
2382 116653.000   30.484454225  114.320558552     2.0222   4  16   0.5713   0.6210   1.9251   0.4014  -0.6162  -0.7963  -0.00    0.0
2382 116654.000   30.484519397  114.320591541     3.0805   4  17   0.5439   0.5847   1.6229   0.3588  -0.4362  -0.6828  -0.00    0.0
2382 116655.000   30.484569088  114.320515567    23.9674   4  17   0.4935   0.5510   1.6772   0.2220   0.3145  -0.6127  -0.00    0.0
2382 116656.000   30.484718263  114.320566090    23.1364   4  15   0.5695   0.6703   1.9954   0.3969  -0.4766  -0.7935  -0.00    0.0
2382 116657.000   30.484818176  114.320502619    22.0696   4  14   0.4445   0.7325   1.6585  -0.0750   0.4674  -0.4234  -0.00    0.0
2382 116658.000   30.484943900  114.320553665    12.3563   4  19   0.4993   0.4919   1.6468   0.2386  -0.2761  -0.6535  -0.00    0.0
2382 116659.000   30.485051796  114.320508034    17.3867   4  19   0.4104   0.4754   1.2632  -0.1238   0.3268  -0.2611  -0.00    0.0
2382 116660.000   30.485178576  114.320498980    23.1939   4  17   0.4258   0.4908   1.5171  -0.0831   0.0849  -0.3512  -0.00    0.0
2382 116661.000   30.485293983  114.320440437    10.3375   4  17   0.4224   0.5604   1.4659  -0.1022   0.3975  -0.4021  -0.00    0.0
2382 116662.000   30.485396200  114.320409434    -3.7723   4  20   0.4206   0.5978   1.4231   0.0970   0.6107  -0.1487  -0.00    0.0
2382 116663.000   30.485530373  114.320592358    10.4168   4  19   0.4087   0.4964   1.2387   0.1221   0.3923  -0.2892  -0.00    0.0
2382 116664.000   30.485659234  114.320552957    14.0109   4  19   0.4370   0.7188   1.7535   0.2642   0.8382   0.2948  -0.00    0.0
2382 116665.000   30.485750856  114.320493492    15.5686   4  20   0.3961   0.4464   1.2810  -0.0478   0.3582  -0.2726  -0.00    0.0
2382 116666.000   30.485849505  114.320515060     9.9058   4  20   0.4251   0.5804   1.5898   0.2035   0.7423   0.1836  -0.00    0.0
2382 116667.000   30.485935718  114.320541385     6.1265   4  21   0.4028   0.4758   1.1317   0.1286   0.4405  -0.3158  -0.00    0.0
2382 116668.000   30.486036081  114.320563651    14.7383   4  20   0.4110   0.4567   1.2787   0.1152   0.4870  -0.2484  -0.00    0.0
2382 116669.000   30.486122496  114.320529975     8.2210   4  18   0.4289   0.5084   1.4513   0.0410   0.5434  -0.3829  -0.00    0.0
2382 116670.000   30.486225752  114.320521073    -6.3314   4  18   0.4838   0.5217   1.5108   0.1815   0.4726  -0.5555  -0.00    0.0
2382 116671.000   30.486330775  114.320546439    -3.3930   4  17   0.5753   0.5493   1.5981   0.3435   0.2169  -0.6501  -0.00    0.0
2382 116672.000   30.486413948  114.320547772     2.6798   4  18   0.4500   0.4832   1.2805   0.1828   0.3719  -0.4520  -0.00    0.0
2382 116673.000   30.486526517  114.320577587     2.3048   4  19   0.4597   0.4489   1.3132   0.1354   0.3594  -0.4891  -0.00    0.0
2382 116674.000   30.486630178  114.320614107     2.3434   4  19   0.4361   0.4398   1.3038   0.0730   0.3910  -0.4544  -0.00    0.0
2382 116675.000   30.486720465  114.320637841     3.2051   4  20   0.4165   0.4396   1.2710   0.0758   0.3895  -0.4115  -0.00    0.0
2382 116676.000   30.486783070  114.320671429    11.8945   4  19   0.4042   0.4644   1.2736  -0.0937   0.4798  -0.3323  -0.00    0.0
2382 116677.000   30.486851557  114.320680462    14.3576   4  20   0.4150   0.4371   1.2486  -0.0320   0.4242  -0.3404  -0.00    0.0
2382 116678.000   30.486901611  114.320690046     9.4415   4  18   0.4374   0.4545   1.3795   0.0730   0.3289  -0.4360  -0.00    0.0
2382 116679.000   30.486940802  114.320694889     6.4579   4  18   0.4213   0.4977   1.2630   0.1222   0.3820  -0.3494  -0.00    0.0
2382 116680.000   30.486963246  114.320714634     7.1891   4  19   0.4086   0.4795   1.2324   0.1282   0.4418  -0.2905  -0.00    0.0
2382 116681.000   30.486973310  114.320698867     4.5206   4  20   0.4001   0.4371   1.2289   0.0091   0.4217  -0.3027  -0.00    0.0
2382 116682.000   30.486987820  114.320727901     9.9766   4  20   0.4001   0.4371   1.2289   0.0089   0.4218  -0.3027  -0.00    0.0
2382 116683.000   30.486989854  114.320774427    13.8057   4  19   0.4344   0.4891   1.2687   0.1765   0.3957  -0.3958  -0.00    0.0
2382 116684.000   30.486990806  114.320773500    16.1284   4  20   0.4083   0.4794   1.1859   0.1292   0.4479  -0.2996  -0.00    0.0
2382 116685.000   30.486991636  114.320748650    16.6969   4  20   0.4083   0.4794   1.1859   0.1292   0.4479  -0.2997  -0.00    0.0
2382 116686.000   30.487014766  114.320735011    15.0658   4  21   0.3997   0.4370   1.1821   0.0166   0.4269  -0.3124  -0.00    0.0
2382 116687.000   30.487013267  114.320723689    18.1572   4  20   0.4000   0.4372   1.2291   0.0076   0.4220  -0.3032  -0.00    0.0
2382 116688.000   30.487001006  114.320723379    18.5407   4  20   0.4000   0.4372   1.2293   0.0067   0.4221  -0.3033  -0.00    0.0
2382 116689.000   30.487008873  114.320715708    17.0073   4  20   0.4000   0.4372   1.2296   0.0060   0.4222  -0.3035  -0.00    0.0
2382 116690.000   30.487000946  114.320731406    20.8723   4  20   0.3999   0.4372   1.2297   0.0055   0.4222  -0.3036  -0.00    0.0
2382 116691.000   30.487005308  114.320718466    19.3296   4  20   0.3999   0.4373   1.2298   0.0050   0.4223  -0.3037  -0.00    0.0
2382 116692.000   30.487002961  114.320713356    18.0952   4  20   0.3999   0.4373   1.2299   0.0044   0.4224  -0.3038  -0.00    0.0
2382 116693.000   30.486989192  114.320709450    17.7926   4  20   0.3999   0.4373   1.2300   0.0038   0.4224  -0.3039  -0.00    0.0
2382 116694.000   30.486980231  114.320714679    19.6480   4  19   0.4147   0.4374   1.2499  -0.0328   0.4251  -0.3417  -0.00    0.0
2382 116695.000   30.486961192  114.320720597    21.3809   4  18   0.4371   0.4399   1.3624   0.0727   0.3948  -0.4380  -0.00    0.0
2382 116696.000   30.486961002  114.320752551    28.1092   4  18   0.4372   0.4399   1.3632   0.0725   0.3950  -0.4384  -0.00    0.0
2382 116697.000   30.486971882  114.320760998    20.9733   4  20   0.4181   0.4395   1.2715   0.0756   0.4026  -0.3942  -0.00    0.0
2382 116698.000   30.486953288  114.320754289    23.4307   4  20   0.4144   0.4374   1.2047  -0.0302   0.4302  -0.3504  -0.00    0.0
2382 116699.000   30.486941421  114.320760806    25.3877   4  19   0.4147   0.4375   1.2505  -0.0332   0.4254  -0.3424  -0.00    0.0
2382 116700.000   30.486947316  114.320765785    24.5260   4  19   0.4146   0.4376   1.2505  -0.0332   0.4255  -0.3424  -0.00    0.0
2382 116701.000   30.486942172  114.320753268    16.9647   4  20   0.4081   0.4796   1.1877   0.1291   0.4483  -0.3013  -0.00    0.0
2382 116702.000   30.486945807  114.320738621    13.9467   4  18   0.4242   0.4799   1.2528   0.1286   0.4423  -0.3328  -0.00    0.0
2382 116703.000   30.486945710  114.320761796    16.2631   4  18   0.4242   0.4799   1.2529   0.1286   0.4424  -0.3329  -0.00    0.0
2382 116704.000   30.486946767  114.320769050    16.0135   4  17   0.4242   0.5481   1.3501   0.1342   0.5733  -0.3289  -0.00    0.0
2382 116705.000   30.486943552  114.320768200    15.3669   4  18   0.4146   0.5086   1.3478  -0.0201   0.5577  -0.3409  -0.00    0.0
2382 116706.000   30.486953510  114.320751276    12.7109   4  19   0.4146   0.4378   1.2519  -0.0338   0.4263  -0.3431  -0.00    0.0
2382 116707.000   30.486966172  114.320739728     7.2328   4  19   0.4083   0.4801   1.2347   0.1282   0.4430  -0.2936  -0.00    0.0
2382 116708.000   30.486955311  114.320741310     6.6172   4  19   0.4145   0.4378   1.2513  -0.0336   0.4260  -0.3431  -0.00    0.0
2382 116709.000   30.486974680  114.320743572    11.4700   4  20   0.4109   0.4376   1.2076  -0.0415   0.4219  -0.3685  -0.00    0.0
2382 116710.000   30.486968483  114.320752347     7.6946   4  20   0.4109   0.4376   1.2076  -0.0416   0.4219  -0.3686  -0.00    0.0
2382 116711.000   30.486948975  114.320729966     5.8081   4  19   0.4145   0.4378   1.2514  -0.0339   0.4261  -0.3435  -0.00    0.0
2382 116712.000   30.486961526  114.320701666     4.7211   4  19   0.4145   0.4378   1.2516  -0.0339   0.4262  -0.3436  -0.00    0.0
2382 116713.000   30.486971928  114.320697541    -3.5155   4  21   0.3992   0.4376   1.1856   0.0099   0.4284  -0.3148  -0.00    0.0
2382 116714.000   30.486944174  114.320718703     6.5186   4  19   0.4145   0.4379   1.2517  -0.0340   0.4263  -0.3437  -0.00    0.0
2382 116715.000   30.486938678  114.320734626    13.9631   4  20   0.4109   0.4377   1.2081  -0.0418   0.4221  -0.3688  -0.00    0.0
2382 116716.000   30.486996140  114.320731184     5.6219   4  20   0.3995   0.4378   1.2322  -0.0104   0.4239  -0.3063  -0.00    0.0
2382 116717.000   30.486986322  114.320741038    12.6205   4  20   0.3995   0.4378   1.2322  -0.0106   0.4239  -0.3064  -0.00    0.0
2382 116718.000   30.486984065  114.320749522    11.2123   4  20   0.4108   0.4378   1.2085  -0.0419   0.4223  -0.3690  -0.00    0.0
2382 116719.000   30.487022889  114.320718794     5.6249   4  20   0.3994   0.4379   1.2324  -0.0110   0.4241  -0.3066  -0.00    0.0
2382 116720.000   30.487022151  114.320717256     5.7259   4  20   0.4108   0.4378   1.2086  -0.0421   0.4224  -0.3692  -0.00    0.0
2382 116721.000   30.487058613  114.320724048    10.4790   4  18   0.4154   0.4517   1.3242  -0.0661   0.3669  -0.3258  -0.00    0.0
2382 116722.000   30.487119693  114.320722340    10.2003   4  18   0.4154   0.5230   1.4096  -0.0643   0.5115  -0.3254  -0.00    0.0
2382 116723.000   30.487196678  114.320719406     6.0947   4  18   0.4082   0.5483   1.3315   0.1368   0.5721  -0.2883  -0.00    0.0
2382 116724.000   30.487250218  114.320750844     8.7974   4  16   0.4245   0.5679   1.4112   0.1231   0.5198  -0.3210  -0.00    0.0
2382 116725.000   30.487336360  114.320762114    11.5325   4  19   0.4143   0.4382   1.2539  -0.0348   0.4275  -0.3449  -0.00    0.0
2382 116726.000   30.487433859  114.320770832    10.4272   4  19   0.4143   0.4382   1.2537  -0.0348   0.4273  -0.3450  -0.00    0.0
2382 116727.000   30.487519979  114.320796004     1.7792   4  22   0.3955   0.4377   1.1500  -0.0251   0.4250  -0.3398  -0.00    0.0
2382 116728.000   30.487633652  114.320794397     8.7958   4  20   0.3993   0.4381   1.2332  -0.0130   0.4246  -0.3075  -0.00    0.0
2382 116729.000   30.487740823  114.320781042     8.0169   4  20   0.3993   0.4381   1.2332  -0.0131   0.4247  -0.3076  -0.00    0.0
2382 116730.000   30.487862375  114.320751572     8.5507   4  20   0.3993   0.4381   1.2335  -0.0134   0.4248  -0.3077  -0.00    0.0
2382 116731.000   30.487994226  114.320727965    10.5076   4  20   0.3992   0.4381   1.2337  -0.0136   0.4249  -0.3078  -0.00    0.0
2382 116732.000   30.488122846  114.320693843     8.4372   4  20   0.3992   0.4381   1.2338  -0.0138   0.4250  -0.3079  -0.00    0.0
2382 116733.000   30.488246445  114.320668040     9.7081   4  20   0.3992   0.4382   1.2339  -0.0140   0.4250  -0.3080  -0.00    0.0
2382 116734.000   30.488364399  114.320634600     9.7967   4  21   0.3956   0.4381   1.1899  -0.0283   0.4208  -0.3354  -0.00    0.0
2382 116735.000   30.488496736  114.320593258    12.9125   4  20   0.3992   0.4382   1.2339  -0.0144   0.4251  -0.3082  -0.00    0.0
2382 116736.000   30.488616998  114.320553207     5.6797   4  21   0.4091   0.4573   1.2260   0.1146   0.4863  -0.2671  -0.00    0.0
2382 116737.000   30.488728450  114.320544416    13.7219   4  20   0.3991   0.4383   1.2342  -0.0147   0.4253  -0.3084  -0.00    0.0
2382 116738.000   30.488824576  114.320518752    11.8240   4  21   0.3991   0.4383   1.2343  -0.0148   0.4254  -0.3085  -0.00    0.0
2382 116739.000   30.488931990  114.320498025    10.4133   4  20   0.3991   0.4383   1.2344  -0.0151   0.4254  -0.3086  -0.00    0.0
2382 116740.000   30.489015234  114.320480158     5.7784   4  21   0.3955   0.4382   1.1905  -0.0289   0.4212  -0.3359  -0.00    0.0
2382 116741.000   30.489101033  114.320463838     6.4367   4  20   0.3991   0.4383   1.2345  -0.0155   0.4255  -0.3089  -0.00    0.0
2382 116742.000   30.489154607  114.320454938     5.0960   4  21   0.3991   0.4384   1.2346  -0.0157   0.4256  -0.3090  -0.00    0.0
2382 116743.000   30.489197645  114.320465629     6.3286   4  20   0.3990   0.4384   1.2348  -0.0159   0.4257  -0.3091  -0.00    0.0
2382 116744.000   30.489246922  114.320436404     3.9962   4  20   0.3990   0.4384   1.2349  -0.0160   0.4257  -0.3092  -0.00    0.0
2382 116745.000   30.489289717  114.320430622     2.5079   4  20   0.3990   0.4384   1.2350  -0.0162   0.4258  -0.3093  -0.00    0.0
2382 116746.000   30.489340499  114.320439755     5.0926   4  20   0.3990   0.4385   1.2351  -0.0164   0.4259  -0.3094  -0.00    0.0
2382 116747.000   30.489373485  114.320437559     3.0503   4  20   0.3990   0.4385   1.2352  -0.0166   0.4259  -0.3095  -0.00    0.0
2382 116748.000   30.489409027  114.320436586     3.0136   4  21   0.3954   0.4384   1.1914  -0.0296   0.4217  -0.3364  -0.00    0.0
2382 116749.000   30.489443959  114.320435496     8.2604   4  21   0.3954   0.4384   1.1914  -0.0297   0.4217  -0.3365  -0.00    0.0
2382 116750.000   30.489470427  114.320426043     8.5381   4  20   0.3957   0.4521   1.2516  -0.0519   0.3680  -0.3271  -0.00    0.0
2382 116751.000   30.489496386  114.320399158     3.9113   4  21   0.3954   0.4384   1.1917  -0.0299   0.4218  -0.3366  -0.00    0.0
2382 116752.000   30.489516504  114.320395997     3.1238   4  22   0.3953   0.4383   1.1529  -0.0279   0.4261  -0.3412  -0.00    0.0
2382 116753.000   30.489530059  114.320410732     8.1119   4  21   0.3953   0.5067   1.2277  -0.0409   0.5376  -0.3434  -0.00    0.0
2382 116754.000   30.489531314  114.320426366    11.8783   4  20   0.3954   0.5068   1.2685  -0.0415   0.5371  -0.3389  -0.00    0.0
2382 116755.000   30.489523252  114.320415703     9.8822   4  22   0.3952   0.4384   1.1535  -0.0285   0.4266  -0.3414  -0.00    0.0
2382 116756.000   30.489536142  114.320425393    10.6429   4  22   0.3952   0.4384   1.1534  -0.0284   0.4265  -0.3414  -0.00    0.0
2382 116757.000   30.489542988  114.320475201    20.7400   4  20   0.4108   0.5636   1.3797   0.1611   0.6665  -0.2179  -0.00    0.0
2382 116758.000   30.489543964  114.320407422    11.8193   4  22   0.3953   0.4387   1.1928  -0.0307   0.4226  -0.3371  -0.00    0.0
2382 116759.000   30.489539117  114.320414717     8.5437   4  18   0.4469   0.4606   1.3650   0.1427   0.5121   0.0188  -0.00    0.0
2382 116760.000   30.489519270  114.320415575    -9.0235   4  20   0.4173   0.4686   1.3623   0.1137   0.4635  -0.1645  -0.00    0.0
2382 116761.000   30.489522472  114.320409180    -3.4112   4  20   0.3990   0.4514   1.2490  -0.0494   0.3825  -0.3061  -0.00    0.0
2382 116762.000   30.489542013  114.320386727    18.1138   4  20   0.4169   0.4600   1.3522   0.1282   0.5075  -0.1740  -0.00    0.0
2382 116763.000   30.489535663  114.320377886    19.7679   4  19   0.4169   0.4411   1.3386   0.0708   0.3999  -0.3986  -0.00    0.0
2382 116764.000   30.489568554  114.320391691    11.0363   4  22   0.3952   0.4386   1.1551  -0.0293   0.4271  -0.3420  -0.00    0.0
2382 116765.000   30.489588388  114.320411009    10.9855   4  20   0.3987   0.4389   1.2371  -0.0193   0.4271  -0.3114  -0.00    0.0
2382 116766.000   30.489639901  114.320380066     4.8431   4  22   0.3952   0.4387   1.1932  -0.0312   0.4227  -0.3376  -0.00    0.0
2382 116767.000   30.489686833  114.320398823     2.0800   4  22   0.3952   0.4388   1.1934  -0.0313   0.4228  -0.3377  -0.00    0.0
2382 116768.000   30.489736573  114.320398860     1.5975   4  21   0.3952   0.4388   1.1934  -0.0314   0.4228  -0.3378  -0.00    0.0
2382 116769.000   30.489794342  114.320394742    -1.1108   4  22   0.3952   0.4388   1.1935  -0.0315   0.4228  -0.3378  -0.00    0.0
2382 116770.000   30.489861111  114.320377959     8.7270   4  18   0.4167   0.4577   1.4499   0.0717   0.3036  -0.4003  -0.00    0.0
2382 116771.000   30.489913914  114.320384845     5.6608   4  20   0.3993   0.4526   1.3134  -0.0552   0.3670  -0.2949  -0.00    0.0
2382 116772.000   30.489977280  114.320405873   -14.9005   4  20   0.4825   0.4554   1.3835   0.1809   0.3042  -0.5710  -0.00    0.0
2382 116773.000   30.490046480  114.320376207   -12.8729   4  15   0.6075   0.5015   1.8228   0.1528  -0.1460  -0.7963  -0.00    0.0
2382 116774.000   30.490031846  114.320361512     0.8462   4  14   0.4888   0.6209   1.6993   0.2672   0.7348   0.4432  -0.00    0.0
2382 116775.000   30.490096035  114.320427098     2.7257   4  11   0.5275   0.6973   2.0245  -0.2379   0.8407  -0.6201  -0.00    0.0
2382 116776.000   30.490202617  114.320421208    -8.7468   4  11   0.5899   0.7798   1.9433  -0.3498   1.0114  -0.6998  -0.00    0.0
2382 116777.000   30.490267599  114.320382766     0.1261   4  17   0.4841   0.5947   1.4907   0.2218   0.7112  -0.1459  -0.00    0.0
2382 116778.000   30.490354942  114.320409278    15.7654   4  18   0.4412   0.4424   1.3536   0.0711   0.4051  -0.3904  -0.00    0.0
2382 116779.000   30.490432933  114.320404561    15.6240   4  18   0.4787   0.4612   1.3594   0.1417   0.5081  -0.2347  -0.00    0.0
2382 116780.000   30.490518957  114.320381958    14.2193   4  19   0.4432   0.4399   1.2628  -0.0685   0.4346  -0.3805  -0.00    0.0
2382 116781.000   30.490588597  114.320350170     9.9385   4  19   0.4166   0.4606   1.3538   0.1279   0.5088  -0.1782  -0.00    0.0
2382 116782.000   30.490666824  114.320339255    10.9472   4  20   0.3985   0.4393   1.2393  -0.0216   0.4285  -0.3132  -0.00    0.0
2382 116783.000   30.490745729  114.320334438     8.5505   4  19   0.4165   0.4414   1.3408   0.0692   0.4018  -0.4003  -0.00    0.0
2382 116784.000   30.490817276  114.320333318     2.2310   4  20   0.4149   0.4414   1.2848   0.0673   0.3986  -0.4177  -0.00    0.0
2382 116785.000   30.490884991  114.320325511     3.2157   4  20   0.4149   0.4414   1.2850   0.0672   0.3987  -0.4179  -0.00    0.0
2382 116786.000   30.490941552  114.320332999     4.5334   4  20   0.4149   0.4414   1.2850   0.0672   0.3987  -0.4180  -0.00    0.0
2382 116787.000   30.490989182  114.320338968     7.0102   4  18   0.4167   0.5101   1.4554   0.0346   0.5532  -0.4106  -0.00    0.0
2382 116788.000   30.491022159  114.320325525     8.1775   4  20   0.4149   0.4415   1.2859   0.0668   0.3992  -0.4182  -0.00    0.0
2382 116789.000   30.491030443  114.320319120     6.0597   4  17   0.4214   0.5329   1.4565  -0.0921   0.5540  -0.4111  -0.00    0.0
2382 116790.000   30.491065320  114.320319016     9.1879   4  19   0.4154   0.5080   1.3782  -0.0231   0.5328  -0.4299  -0.00    0.0
2382 116791.000   30.491070170  114.320331820     6.9854   4  19   0.4164   0.4417   1.3428   0.0683   0.4029  -0.4016  -0.00    0.0
2382 116792.000   30.491100257  114.320345295     9.2798   4  20   0.4167   0.5104   1.3927   0.0326   0.5530  -0.4107  -0.00    0.0
2382 116793.000   30.491111594  114.320314788    11.8340   4  20   0.4148   0.4416   1.2865   0.0664   0.3997  -0.4185  -0.00    0.0
2382 116794.000   30.491133129  114.320320023     9.2548   4  20   0.4164   0.4414   1.2849   0.0682   0.4101  -0.4015  -0.00    0.0
2382 116795.000   30.491167528  114.320307276     6.4741   4  20   0.4148   0.4416   1.2862   0.0664   0.3995  -0.4185  -0.00    0.0
2382 116796.000   30.491210325  114.320320997     8.3856   4  19   0.4153   0.5080   1.3780  -0.0246   0.5327  -0.4301  -0.00    0.0
2382 116797.000   30.491251457  114.320283476    10.1279   4  21   0.3980   0.4395   1.1961  -0.0206   0.4333  -0.3223  -0.00    0.0
2382 116798.000   30.491297897  114.320316121    13.4836   4  19   0.4165   0.5105   1.3927   0.0309   0.5532  -0.4111  -0.00    0.0
2382 116799.000   30.491336087  114.320288540     9.8194   4  19   0.4163   0.4418   1.3428   0.0678   0.4034  -0.4019  -0.00    0.0
2382 116800.000   30.491364892  114.320291458     6.2680   4  20   0.4152   0.5082   1.3278  -0.0271   0.5346  -0.4283  -0.00    0.0
2382 116801.000   30.491393540  114.320310433    16.3632   4  21   0.3979   0.4396   1.1966  -0.0212   0.4335  -0.3227  -0.00    0.0
2382 116802.000   30.491428163  114.320306089    18.5930   4  20   0.3981   0.4398   1.2409  -0.0242   0.4297  -0.3153  -0.00    0.0
2382 116803.000   30.491477739  114.320311029    10.1833   4  20   0.4162   0.4415   1.2852   0.0676   0.4105  -0.4018  -0.00    0.0
2382 116804.000   30.491517446  114.320304180     8.4709   4  20   0.4162   0.4415   1.2857   0.0675   0.4106  -0.4020  -0.00    0.0
2382 116805.000   30.491557188  114.320310985    14.0369   4  20   0.3981   0.4398   1.2414  -0.0245   0.4298  -0.3157  -0.00    0.0
2382 116806.000   30.491596014  114.320299791    11.3562   4  20   0.3981   0.4398   1.2413  -0.0245   0.4298  -0.3157  -0.00    0.0
2382 116807.000   30.491645801  114.320309254    10.5077   4  18   0.4164   0.5106   1.4568   0.0281   0.5545  -0.4125  -0.00    0.0
2382 116808.000   30.491673111  114.320318209     9.1524   4  19   0.4164   0.5107   1.3947   0.0267   0.5540  -0.4122  -0.00    0.0
2382 116809.000   30.491695757  114.320330376    14.1521   4  18   0.4164   0.5109   1.4590   0.0256   0.5556  -0.4134  -0.00    0.0
2382 116810.000   30.491714448  114.320305684    16.6185   4  21   0.3980   0.4400   1.2428  -0.0255   0.4307  -0.3164  -0.00    0.0
2382 116811.000   30.491738580  114.320323947    14.5268   4  18   0.4164   0.5108   1.4584   0.0256   0.5553  -0.4133  -0.00    0.0
2382 116812.000   30.491752690  114.320323204    14.5172   4  21   0.3948   0.5084   1.2360  -0.0503   0.5409  -0.3484  -0.00    0.0
2382 116813.000   30.491798710  114.320316231     7.6160   4  20   0.4161   0.4418   1.2876   0.0665   0.4118  -0.4029  -0.00    0.0
2382 116814.000   30.491825340  114.320298846     5.1974   4  21   0.4145   0.4417   1.2406   0.0642   0.4079  -0.4176  -0.00    0.0
2382 116815.000   30.491832935  114.320295587    13.8728   4  19   0.4160   0.4615   1.3558   0.1274   0.5107  -0.1856  -0.00    0.0
2382 116816.000   30.491887223  114.320299844     7.1532   4  21   0.4145   0.4417   1.2412   0.0641   0.4080  -0.4178  -0.00    0.0
2382 116817.000   30.491926595  114.320302079    11.4302   4  19   0.4162   0.5109   1.4583   0.0237   0.5555  -0.4137  -0.00    0.0
2382 116818.000   30.491966117  114.320293149    16.3956   4  19   0.3979   0.5110   1.3351  -0.0124   0.5586  -0.3156  -0.00    0.0
2382 116819.000   30.492020385  114.320281355     7.9736   4  20   0.4160   0.4422   1.3458   0.0661   0.4055  -0.4038  -0.00    0.0
2382 116820.000   30.492073416  114.320296810     6.9083   4  20   0.4159   0.4419   1.2886   0.0660   0.4122  -0.4034  -0.00    0.0
2382 116821.000   30.492117899  114.320317767    18.5332   4  19   0.3979   0.5110   1.3349  -0.0137   0.5584  -0.3159  -0.00    0.0
2382 116822.000   30.492170429  114.320307451    10.1790   4  20   0.4159   0.4422   1.3455   0.0660   0.4055  -0.4039  -0.00    0.0
2382 116823.000   30.492235362  114.320295706    -1.5458   4  21   0.4159   0.4420   1.2890   0.0658   0.4124  -0.4036  -0.00    0.0
2382 116824.000   30.492293983  114.320316772     7.0521   4  19   0.4162   0.5111   1.4592   0.0197   0.5559  -0.4148  -0.00    0.0
2382 116825.000   30.492346700  114.320318831     7.4714   4  19   0.4150   0.5088   1.3826  -0.0349   0.5354  -0.4326  -0.00    0.0
2382 116826.000   30.492414583  114.320294003     2.9790   4  20   0.4159   0.4421   1.2900   0.0654   0.4129  -0.4041  -0.00    0.0
2382 116827.000   30.492459861  114.320278252     4.8340   4  20   0.3975   0.4402   1.1998  -0.0246   0.4350  -0.3249  -0.00    0.0
2382 116828.000   30.492533614  114.320282087    13.8409   4  19   0.3977   0.5111   1.3349  -0.0170   0.5586  -0.3167  -0.00    0.0
2382 116829.000   30.492610584  114.320258071     9.3252   4  19   0.4158   0.4423   1.3459   0.0654   0.4061  -0.4043  -0.00    0.0
2382 116830.000   30.492687804  114.320251929     9.9255   4  18   0.4161   0.5113   1.3972   0.0157   0.5553  -0.4144  -0.00    0.0
2382 116831.000   30.492765349  114.320250256    22.5622   4  18   0.4161   0.5113   1.4605   0.0142   0.5568  -0.4157  -0.00    0.0
2382 116832.000   30.492854749  114.320257129    18.7607   4  19   0.4158   0.4424   1.3476   0.0649   0.4068  -0.4051  -0.00    0.0
2382 116833.000   30.492925179  114.320261701    17.1517   4  20   0.3977   0.4405   1.2450  -0.0278   0.4320  -0.3187  -0.00    0.0
2382 116834.000   30.492984728  114.320265401    13.7775   4  20   0.3977   0.4404   1.2444  -0.0275   0.4317  -0.3186  -0.00    0.0
2382 116835.000   30.493038891  114.320266908     5.2154   4  21   0.3946   0.4403   1.2014  -0.0370   0.4270  -0.3425  -0.00    0.0
2382 116836.000   30.493102705  114.320277439     5.0592   4  19   0.3974   0.5113   1.2882  -0.0216   0.5576  -0.3249  -0.00    0.0
2382 116837.000   30.493164213  114.320257905     6.2810   4  20   0.4142   0.4424   1.2914   0.0627   0.4032  -0.4207  -0.00    0.0
2382 116838.000   30.493249996  114.320267397     6.1377   4  19   0.4148   0.5091   1.3834  -0.0380   0.5361  -0.4333  -0.00    0.0
2382 116839.000   30.493356144  114.320264491     2.7735   4  20   0.3974   0.5115   1.2895  -0.0237   0.5582  -0.3257  -0.00    0.0
2382 116840.000   30.493447527  114.320268622     1.4081   4  22   0.3945   0.4404   1.1649  -0.0365   0.4313  -0.3468  -0.00    0.0
2382 116841.000   30.493555454  114.320277022     5.5297   4  21   0.4142   0.4422   1.2444   0.0619   0.4098  -0.4190  -0.00    0.0
2382 116842.000   30.493669676  114.320265084    11.1034   4  19   0.4156   0.4425   1.3468   0.0644   0.4070  -0.4054  -0.00    0.0
2382 116843.000   30.493777560  114.320246798    14.1735   4  18   0.4159   0.5115   1.4608  -0.0056   0.5571  -0.4169  -0.00    0.0
2382 116844.000   30.493879391  114.320259652    15.6142   4  18   0.4159   0.5116   1.4621  -0.0098   0.5578  -0.4173  -0.00    0.0
2382 116845.000   30.493972862  114.320272436    14.5545   4  21   0.3946   0.4406   1.2039  -0.0383   0.4283  -0.3436  -0.00    0.0
2382 116845.999   30.494073905  114.320269555    19.5228   4  21   0.3945   0.4406   1.2032  -0.0381   0.4280  -0.3435  -0.00    0.0
2382 116846.999   30.494155277  114.320291093    22.0420   4  21   0.3945   0.4405   1.2026  -0.0379   0.4277  -0.3433  -0.00    0.0
2382 116847.999   30.494244292  114.320278966    17.4701   4  20   0.3974   0.4407   1.2452  -0.0289   0.4325  -0.3199  -0.00    0.0
2382 116848.999   30.494320788  114.320292881    17.5525   4  19   0.3978   0.4718   1.2586  -0.0630   0.4667  -0.3252  -0.00    0.0
2382 116849.999   30.494387178  114.320283524     8.5882   4  19   0.4154   0.4427   1.3481   0.0637   0.4079  -0.4061  -0.00    0.0
2382 116850.999   30.494467939  114.320309643     8.0801   4  19   0.4154   0.4427   1.3487   0.0635   0.4081  -0.4064  -0.00    0.0
2382 116851.999   30.494523363  114.320322933    11.4303   4  21   0.3945   0.4407   1.2040  -0.0385   0.4282  -0.3440  -0.00    0.0
2382 116852.999   30.494555108  114.320332929     6.5418   4  20   0.3974   0.4409   1.2462  -0.0295   0.4329  -0.3206  -0.00    0.0
2382 116853.999   30.494580083  114.320345849     3.0951   4  22   0.3943   0.4406   1.1661  -0.0373   0.4317  -0.3474  -0.00    0.0
2382 116854.999   30.494607994  114.320329012     0.8290   4  22   0.3943   0.4406   1.1661  -0.0374   0.4317  -0.3475  -0.00    0.0
2382 116855.999   30.494641279  114.320323965     3.2230   4  20   0.3973   0.4409   1.2457  -0.0296   0.4329  -0.3207  -0.00    0.0
2382 116856.999   30.494702343  114.320331384     5.2077   4  21   0.3944   0.4408   1.2037  -0.0387   0.4283  -0.3440  -0.00    0.0
2382 116857.999   30.494763861  114.320334046    10.3559   4  20   0.3976   0.4463   1.2186  -0.0709   0.4127  -0.3300  -0.00    0.0
2382 116858.999   30.494835957  114.320337736    10.5117   4  21   0.3944   0.4408   1.2040  -0.0388   0.4284  -0.3441  -0.00    0.0
2382 116859.999   30.494886354  114.320324035     4.9880   4  21   0.3944   0.4408   1.2041  -0.0389   0.4285  -0.3442  -0.00    0.0
2382 116860.999   30.494948232  114.320327859     2.3888   4  22   0.3943   0.4407   1.1669  -0.0379   0.4320  -0.3478  -0.00    0.0
2382 116861.999   30.495009152  114.320318501     3.3984   4  21   0.3944   0.4409   1.2041  -0.0390   0.4286  -0.3443  -0.00    0.0
2382 116862.999   30.495047243  114.320312319     7.5231   4  21   0.3944   0.4409   1.2043  -0.0391   0.4287  -0.3444  -0.00    0.0
2382 116863.999   30.495088260  114.320309254     3.2116   4  21   0.3943   0.4409   1.2045  -0.0392   0.4288  -0.3445  -0.00    0.0
2382 116864.999   30.495135264  114.320317604    -0.2121   4  22   0.3943   0.4408   1.1674  -0.0382   0.4322  -0.3481  -0.00    0.0
2382 116865.999   30.495171438  114.320330254     1.4480   4  22   0.3942   0.4408   1.1674  -0.0382   0.4322  -0.3481  -0.00    0.0
2382 116866.999   30.495203528  114.320346702     6.5942   4  21   0.3943   0.4410   1.2046  -0.0393   0.4289  -0.3446  -0.00    0.0
2382 116867.999   30.495211869  114.320382887    12.4144   4  21   0.3971   0.4412   1.2471  -0.0308   0.4338  -0.3219  -0.00    0.0
2382 116868.999   30.495208117  114.320373724     6.8784   4  21   0.3943   0.4410   1.2052  -0.0395   0.4291  -0.3449  -0.00    0.0
2382 116869.999   30.495220988  114.320378379     4.0158   4  22   0.3942   0.4409   1.1682  -0.0386   0.4325  -0.3484  -0.00    0.0
2382 116870.999   30.495245262  114.320393396     8.9756   4  22   0.3942   0.4410   1.1681  -0.0386   0.4325  -0.3484  -0.00    0.0
2382 116871.999   30.495260648  114.320397617     9.4207   4  21   0.3943   0.4411   1.2052  -0.0397   0.4292  -0.3450  -0.00    0.0
2382 116872.999   30.495276257  114.320405880     5.3764   4  21   0.3943   0.4411   1.2054  -0.0398   0.4293  -0.3451  -0.00    0.0
2382 116873.999   30.495299431  114.320437816     5.1830   4  21   0.3942   0.4410   1.1686  -0.0389   0.4327  -0.3487  -0.00    0.0
2382 116874.999   30.495311277  114.320461621    13.8842   4  21   0.3942   0.4412   1.2057  -0.0399   0.4294  -0.3452  -0.00    0.0
2382 116875.999   30.495315464  114.320494051    16.4251   4  21   0.3942   0.4412   1.2058  -0.0400   0.4295  -0.3453  -0.00    0.0
2382 116876.999   30.495304530  114.320559302    18.1975   4  21   0.3942   0.4412   1.2060  -0.0401   0.4296  -0.3454  -0.00    0.0
2382 116877.999   30.495292781  114.320640505    12.2428   4  21   0.3942   0.4412   1.2062  -0.0401   0.4296  -0.3455  -0.00    0.0
2382 116878.999   30.495266274  114.320730294     4.6221   4  22   0.3941   0.4411   1.1693  -0.0393   0.4330  -0.3490  -0.00    0.0
2382 116879.999   30.495250862  114.320830671    -0.9829   4  21   0.4137   0.4429   1.2501   0.0583   0.4124  -0.4211  -0.00    0.0
2382 116880.999   30.495230237  114.320940208    -4.4108   4  21   0.4137   0.4429   1.2505   0.0582   0.4125  -0.4213  -0.00    0.0
2382 116881.999   30.495213919  114.321036250    -3.0462   4  21   0.3942   0.4413   1.2069  -0.0405   0.4299  -0.3460  -0.00    0.0
2382 116882.999   30.495200406  114.321164633     0.5071   4  22   0.3942   0.4413   1.2069  -0.0405   0.4299  -0.3459  -0.00    0.0
2382 116883.999   30.495158863  114.321257354    -4.5697   4  20   0.4545   0.4722   1.3251   0.1811   0.4471  -0.4092  -0.00    0.0
2382 116884.999   30.495146949  114.321336358    -8.0027   4  21   0.4245   0.4624   1.3361   0.1264   0.4821  -0.3648  -0.00    0.0
2382 116885.999   30.495124608  114.321447259     0.2196   4  20   0.4819   0.4567   1.4134   0.1751   0.3134  -0.5832  -0.00    0.0
2382 116886.999   30.495095797  114.321530049     4.1959   4  19   0.4847   0.4579   1.4904   0.1799   0.2868  -0.6037  -0.00    0.0
2382 116887.999   30.495069791  114.321605286     1.3202   4  20   0.4397   0.4514   1.3177   0.1290   0.3687  -0.4717  -0.00    0.0
2382 116888.999   30.495036282  114.321675114    -9.4758   4  20   0.4246   0.4625   1.3376   0.1262   0.4824  -0.3657  -0.00    0.0
2382 116889.999   30.495019529  114.321765703    -4.2491   4  22   0.3941   0.4414   1.1715  -0.0401   0.4338  -0.3500  -0.00    0.0
2382 116890.999   30.494998283  114.321871493     3.3265   4  21   0.3968   0.4417   1.2500  -0.0327   0.4355  -0.3243  -0.00    0.0
2382 116891.999   30.494974630  114.321971896     2.1238   4  21   0.3941   0.4415   1.2079  -0.0410   0.4305  -0.3464  -0.00    0.0
2382 116892.999   30.494945157  114.322062710     2.6440   4  20   0.4087   0.4618   1.2925   0.1137   0.4976  -0.2654  -0.00    0.0
2382 116893.999   30.494943094  114.322156726     4.7946   4  21   0.3941   0.4416   1.2084  -0.0412   0.4308  -0.3466  -0.00    0.0
2382 116894.999   30.494915886  114.322236571    16.0736   4  19   0.4406   0.4516   1.3652   0.1296   0.3725  -0.4587  -0.00    0.0
2382 116895.999   30.494923338  114.322336282     6.7647   4  20   0.4148   0.4435   1.3539   0.0597   0.4121  -0.4102  -0.00    0.0
2382 116896.999   30.494893713  114.322426332    -6.2700   4  21   0.4819   0.4567   1.4168   0.1745   0.3141  -0.5846  -0.00    0.0
2382 116897.999   30.494860916  114.322507470    -3.6472   4  22   0.3940   0.4416   1.1728  -0.0409   0.4342  -0.3506  -0.00    0.0
2382 116898.999   30.494842843  114.322603146     2.7547   4  20   0.4148   0.4436   1.3542   0.0594   0.4123  -0.4106  -0.00    0.0
2382 116899.999   30.494812241  114.322696296     9.6597   4  18   0.4583   0.4741   1.4637   0.1868   0.4631  -0.3813  -0.00    0.0
2382 116900.999   30.494786714  114.322793417    -0.0841   4  21   0.4086   0.4621   1.2947   0.1136   0.4985  -0.2664  -0.00    0.0
2382 116901.999   30.494765283  114.322888603    -0.1864   4  18   0.4819   0.4568   1.4755   0.1742   0.3145  -0.5822  -0.00    0.0
2382 116902.999   30.494743420  114.322974825     4.8640   4  20   0.3967   0.4420   1.2522  -0.0339   0.4364  -0.3259  -0.00    0.0
2382 116903.999   30.494726610  114.323070169     5.3364   4  20   0.4086   0.4622   1.2946   0.1136   0.4984  -0.2668  -0.00    0.0
2382 116904.999   30.494695529  114.323134732     1.4181   4  21   0.4081   0.4622   1.2481   0.1132   0.4967  -0.2783  -0.00    0.0
2382 116905.999   30.494671682  114.323202167     3.6501   4  21   0.3940   0.4419   1.2099  -0.0419   0.4316  -0.3474  -0.00    0.0
2382 116906.999   30.494658072  114.323269371     4.1177   4  22   0.3940   0.4419   1.2098  -0.0420   0.4315  -0.3474  -0.00    0.0
2382 116907.999   30.494638392  114.323344267     1.9292   4  20   0.4243   0.4630   1.3390   0.1258   0.4837  -0.3659  -0.00    0.0
2382 116908.999   30.494632256  114.323410403    -4.1076   4  20   0.4145   0.4436   1.3008   0.0583   0.4189  -0.4100  -0.00    0.0
2382 116909.999   30.494606385  114.323486569     4.9515   4  20   0.4081   0.4623   1.2490   0.1131   0.4970  -0.2789  -0.00    0.0
2382 116910.999   30.494595976  114.323572354     7.9811   4  21   0.4086   0.4624   1.2948   0.1136   0.4989  -0.2670  -0.00    0.0
2382 116911.999   30.494581876  114.323654249    -0.2737   4  22   0.3939   0.4419   1.1741  -0.0416   0.4350  -0.3510  -0.00    0.0
2382 116912.999   30.494562361  114.323731597    -4.1405   4  22   0.3938   0.4419   1.1740  -0.0416   0.4349  -0.3510  -0.00    0.0
2382 116913.999   30.494532348  114.323818710    -3.9454   4  19   0.4817   0.4569   1.4765   0.1736   0.3152  -0.5828  -0.00    0.0
2382 116914.999   30.494498784  114.323935771     1.0235   4  20   0.4546   0.4729   1.3326   0.1806   0.4488  -0.4133  -0.00    0.0
2382 116915.999   30.494485820  114.324048421     5.4353   4  19   0.4407   0.4519   1.3707   0.1289   0.3738  -0.4624  -0.00    0.0
2382 116916.999   30.494477043  114.324157123    -2.0620   4  22   0.3939   0.4421   1.2117  -0.0427   0.4322  -0.3485  -0.00    0.0
2382 116917.999   30.494449872  114.324249778    -1.4090   4  22   0.3938   0.4420   1.1750  -0.0420   0.4352  -0.3516  -0.00    0.0
2382 116918.999   30.494426129  114.324328188     5.5881   4  21   0.3939   0.4421   1.2110  -0.0427   0.4321  -0.3483  -0.00    0.0
2382 116919.999   30.494413774  114.324415160     7.1606   4  21   0.3939   0.4422   1.2111  -0.0429   0.4322  -0.3483  -0.00    0.0
2382 116920.999   30.494394373  114.324497957    -0.8013   4  22   0.3938   0.4421   1.1750  -0.0422   0.4352  -0.3515  -0.00    0.0
2382 116921.999   30.494365744  114.324606765     2.0338   4  21   0.3940   0.4551   1.2233  -0.0561   0.3908  -0.3454  -0.00    0.0
2382 116922.999   30.494349590  114.324717236     9.8193   4  20   0.3964   0.4424   1.2529  -0.0353   0.4373  -0.3274  -0.00    0.0
2382 116923.999   30.494303073  114.324819746    16.9566   4  17   0.4945   0.4780   1.6901   0.2127   0.4100  -0.5520  -0.00    0.0
2382 116924.999   30.494311250  114.324966680     7.6773   4  19   0.4291   0.4378   1.2824   0.0620   0.4023  -0.4102  -0.00    0.0
2382 116925.999   30.494270304  114.325081231     7.8795   4  19   0.4608   0.4531   1.3363   0.1297   0.3744  -0.4701  -0.00    0.0
2382 116926.999   30.494254381  114.325222649     8.8005   4  21   0.3941   0.4427   1.2136  -0.0434   0.4332  -0.3494  -0.00    0.0
2382 116927.999   30.494220404  114.325359278     4.3143   4  20   0.4645   0.4631   1.3045   0.1264   0.4979  -0.3219  -0.00    0.0
2382 116928.999   30.494176724  114.325513998     3.3410   4  20   0.4357   0.4429   1.2389  -0.0761   0.4390  -0.4112  -0.00    0.0
2382 116929.999   30.494110790  114.325680380    10.1061   4  20   0.4148   0.4424   1.2150  -0.0390   0.4333  -0.3352  -0.00    0.0
2382 116930.999   30.494081633  114.325830743     9.5360   4  20   0.4084   0.4629   1.2966   0.1135   0.5000  -0.2687  -0.00    0.0
2382 116931.999   30.494057197  114.325985015     2.8117   4  18   0.4369   0.4443   1.3602   0.0628   0.4160  -0.3986  -0.00    0.0
2382 116932.999   30.494008113  114.326144866     9.2009   4  18   0.4843   0.4583   1.5727   0.1773   0.2891  -0.6079  -0.00    0.0
2382 116933.999   30.493961175  114.326322161    20.7818   4  19   0.4141   0.4651   1.3665   0.1256   0.5186  -0.2089  -0.00    0.0
2382 116934.999   30.493901682  114.326482855    19.2116   4  18   0.4185   0.4428   1.2600  -0.0277   0.4390  -0.3076  -0.00    0.0
2382 116935.999   30.493916209  114.326653952     2.6014   4  20   0.4141   0.4442   1.3050   0.0558   0.4211  -0.4120  -0.00    0.0
2382 116936.999   30.493878070  114.326824302     2.3534   4  20   0.4130   0.4442   1.3052   0.0534   0.4116  -0.4268  -0.00    0.0
2382 116937.999   30.493817382  114.326978480    18.3443   4  21   0.3960   0.4427   1.2135  -0.0356   0.4411  -0.3345  -0.00    0.0
2382 116938.999   30.493781720  114.327131453    19.3710   4  21   0.3962   0.4428   1.2550  -0.0366   0.4385  -0.3292  -0.00    0.0
2382 116939.999   30.493735243  114.327279559    13.4685   4  22   0.3936   0.4425   1.1777  -0.0434   0.4363  -0.3527  -0.00    0.0
2382 116940.999   30.493697495  114.327410794     9.5112   4  20   0.4083   0.4632   1.2976   0.1134   0.5006  -0.2694  -0.00    0.0
2382 116941.999   30.493667096  114.327553987    10.8750   4  22   0.3936   0.4426   1.1780  -0.0436   0.4365  -0.3528  -0.00    0.0
2382 116942.999   30.493640464  114.327655181     7.9515   4  22   0.3936   0.4426   1.1781  -0.0436   0.4365  -0.3528  -0.00    0.0
2382 116943.999   30.493610581  114.327761512     5.9727   4  21   0.3963   0.4519   1.1780  -0.0782   0.4346  -0.3518  -0.00    0.0
2382 116944.999   30.493568363  114.327845831     5.4952   4  21   0.4079   0.4633   1.2525   0.1129   0.4987  -0.2810  -0.00    0.0
2382 116945.999   30.493549016  114.327941433     9.9932   4  22   0.3936   0.4427   1.1784  -0.0438   0.4367  -0.3530  -0.00    0.0
2382 116946.999   30.493534178  114.328011469     7.1100   4  21   0.4083   0.4634   1.2982   0.1134   0.5010  -0.2699  -0.00    0.0
2382 116947.999   30.493514086  114.328090175     2.6299   4  20   0.4239   0.4640   1.3454   0.1248   0.4870  -0.3680  -0.00    0.0
2382 116948.999   30.493491372  114.328147344     2.2760   4  21   0.4128   0.4443   1.2618   0.0514   0.4178  -0.4252  -0.00    0.0
2382 116949.999   30.493487047  114.328198679     3.2369   4  19   0.4870   0.4670   1.5055   0.1629   0.2925  -0.6094  -0.00    0.0
2382 116950.999   30.493467933  114.328235408    -1.4719   4  20   0.4426   0.4603   1.2795   0.1040   0.3831  -0.4710  -0.00    0.0
2382 116951.999   30.493425244  114.328267111     4.2013   4  21   0.4129   0.4443   1.2627   0.0510   0.4178  -0.4259  -0.00    0.0
2382 116952.999   30.493396144  114.328299154     5.2770   4  22   0.3936   0.4429   1.2156  -0.0450   0.4343  -0.3510  -0.00    0.0
2382 116953.999   30.493354129  114.328290221    -6.0274   4  20   0.4048   0.4713   1.3215   0.0812   0.5140  -0.2657  -0.00    0.0
2382 116954.999   30.493293687  114.328297992    -8.4503   4  21   0.3976   0.4713   1.2718   0.0852   0.5174  -0.3130  -0.00    0.0
2382 116955.999   30.493206118  114.328302912    -4.8376   4  21   0.3935   0.4468   1.2426  -0.0450   0.4628  -0.3541  -0.00    0.0
2382 116956.999   30.493107411  114.328283036    -8.4477   4  21   0.4389   0.4521   1.2796   0.1249   0.3828  -0.4704  -0.00    0.0
2382 116957.999   30.492983587  114.328246561    -3.3011   4  22   0.3935   0.4429   1.1804  -0.0447   0.4374  -0.3540  -0.00    0.0
2382 116958.999   30.492851393  114.328219381     0.5789   4  20   0.4044   0.4885   1.2454   0.1280   0.4804  -0.3431  -0.00    0.0
2382 116959.999   30.492712163  114.328192801     5.0558   4  21   0.3935   0.4469   1.2426  -0.0451   0.4628  -0.3543  -0.00    0.0
2382 116960.999   30.492574267  114.328138293     4.4125   4  21   0.3934   0.4469   1.2430  -0.0451   0.4630  -0.3543  -0.00    0.0
2382 116961.999   30.492445807  114.328090502     0.1832   4  21   0.4353   0.4435   1.2059  -0.0764   0.4433  -0.4135  -0.00    0.0
2382 116962.999   30.492347573  114.328050503    -0.4317   4  21   0.3957   0.4433   1.2162  -0.0375   0.4424  -0.3364  -0.00    0.0
2382 116963.999   30.492237617  114.328030453     3.5496   4  21   0.3958   0.4475   1.3330  -0.0349   0.4695  -0.3286  -0.00    0.0
2382 116964.999   30.492088496  114.327986476    -1.6609   4  22   0.3934   0.4431   1.1814  -0.0451   0.4378  -0.3543  -0.00    0.0
2382 116965.999   30.491932647  114.327928591    -1.8435   4  22   0.3934   0.4431   1.1814  -0.0451   0.4378  -0.3543  -0.00    0.0
2382 116966.999   30.491787329  114.327884006     2.3021   4  21   0.3956   0.4434   1.2164  -0.0376   0.4426  -0.3366  -0.00    0.0
2382 116967.999   30.491651040  114.327846641     2.8486   4  20   0.4061   0.5019   1.2752   0.1249   0.3950  -0.3260  -0.00    0.0
2382 116968.999   30.491506781  114.327804423    -2.3385   4  21   0.3934   0.4471   1.2443  -0.0455   0.4635  -0.3547  -0.00    0.0
2382 116969.999   30.491379042  114.327774889     3.0518   4  22   0.3934   0.4432   1.1820  -0.0452   0.4380  -0.3546  -0.00    0.0
2382 116970.999   30.491266590  114.327736979     3.6156   4  21   0.4402   0.4529   1.3798   0.1269   0.3773  -0.4686  -0.00    0.0
2382 116971.999   30.491156785  114.327677760   -15.3168   4  17   0.4833   0.5635   1.6156   0.1293   0.4893  -0.6112  -0.00    0.0
2382 116972.999   30.491036814  114.327669458   -15.8686   4  20   0.4731   0.4517   1.4064   0.1670   0.3162  -0.5779  -0.00    0.0
2382 116973.999   30.490890217  114.327642395    -2.2449   4  19   0.5042   0.4573   1.4127   0.1238   0.4159  -0.5719  -0.00    0.0
2382 116974.999   30.490794749  114.327584332     1.8807   4  17   0.5384   0.5330   1.7374   0.3019   0.0676  -0.7008  -0.00    0.0
2382 116975.999   30.490690233  114.327552952     0.7659   4  19   0.4788   0.4976   1.3167   0.2222   0.3455  -0.4754  -0.00    0.0
2382 116976.999   30.490625351  114.327529685    -2.4763   4  21   0.4402   0.4535   1.2943   0.1238   0.3867  -0.4768  -0.00    0.0
2382 116977.999   30.490560122  114.327496709    -3.1244   4  21   0.4393   0.4528   1.2859   0.1245   0.3840  -0.4735  -0.00    0.0
2382 116978.999   30.490522266  114.327496812    -2.2111   4  20   0.4390   0.4564   1.3441   0.1239   0.4129  -0.4739  -0.00    0.0
2382 116979.999   30.490512311  114.327501002    -3.1624   4  19   0.4822   0.4606   1.5142   0.1665   0.3567  -0.6030  -0.00    0.0
2382 116980.999   30.490496198  114.327485871    -5.0764   4  20   0.4390   0.4564   1.3457   0.1236   0.4133  -0.4745  -0.00    0.0
2382 116981.999   30.490432735  114.327467068     1.6020   4  21   0.4352   0.4440   1.2092  -0.0769   0.4445  -0.4145  -0.00    0.0
2382 116982.999   30.490446733  114.327452316    -3.2716   4  21   0.3933   0.4475   1.2467  -0.0463   0.4646  -0.3557  -0.00    0.0
2382 116983.999   30.490431766  114.327451172    -1.4797   4  22   0.3954   0.4438   1.2190  -0.0390   0.4437  -0.3382  -0.00    0.0
2382 116984.999   30.490408474  114.327435904    -9.7577   4  22   0.3933   0.4436   1.1840  -0.0463   0.4389  -0.3555  -0.00    0.0
2382 116985.999   30.490344146  114.327458420    -7.6851   4  19   0.4638   0.4572   1.2587  -0.0956   0.3989  -0.3955  -0.00    0.0
2382 116986.999   30.490313832  114.327437965   -12.1074   4  18   0.4375   0.4782   1.2850  -0.0570   0.4923  -0.4007  -0.00    0.0
2382 116987.999   30.490260905  114.327378878   -43.1232   4  14   0.4620   0.5390   2.0189  -0.0931   0.7172   0.2184  -0.00    0.0
2382 116988.999   30.490173700  114.327437870   -50.7009   4  11   0.7374   0.7053   2.2288  -0.2682   0.5433  -0.9095  -0.00    0.0
2382 116989.999   30.490108736  114.327462850   -48.4424   4  12   1.0194   0.9118   3.7672   0.6203   0.6642  -1.4392  -0.00    0.0
2382 116990.999   30.489901911  114.327325679    -3.4626   4  19   0.5426   0.4750   1.3708   0.0982   0.3536  -0.5864  -0.00    0.0
2382 116991.999   30.489761883  114.327284045    34.0059   4  15   0.8575   1.0589   3.1238   0.7608  -1.2934  -1.3740  -0.00    0.0
2382 116992.999   30.489769199  114.327308725    14.3033   4  17   0.4636   0.5027   1.6284  -0.0969   0.5552  -0.4551  -0.00    0.0
2382 116993.999   30.489648275  114.327306566     4.0855   4  19   0.5125   0.4829   1.4834   0.1699   0.2516  -0.6173  -0.00    0.0
2382 116994.999   30.489543540  114.327290613     2.9195   4  20   0.4421   0.4814   1.2752   0.0767   0.4918  -0.2684  -0.00    0.0
2382 116995.999   30.489461733  114.327285412     6.4657   4  19   0.4185   0.4644   1.3830  -0.0765   0.3890  -0.4028  -0.00    0.0
2382 116996.999   30.489325032  114.327296254     6.1491   4  20   0.4182   0.4642   1.3815  -0.0765   0.3888  -0.4023  -0.00    0.0
2382 116997.999   30.489198492  114.327304071     0.6062   4  20   0.4088   0.5057   1.1918   0.0857   0.4380  -0.3403  -0.00    0.0
2382 116998.999   30.489072852  114.327279873     0.3768   4  18   0.4183   0.4677   1.4064  -0.0808   0.4372  -0.4114  -0.00    0.0
2382 116999.999   30.488962833  114.327269138     3.5164   4  18   0.4183   0.4678   1.4069  -0.0809   0.4375  -0.4115  -0.00    0.0
2382 117000.999   30.488859989  114.327217581    -5.2862   4  20   0.3997   0.5374   1.2609  -0.1283   0.5433  -0.3590  -0.00    0.0
2382 117001.999   30.488746526  114.327208257    -5.7979   4  19   0.4429   0.4675   1.2762  -0.1313   0.4638  -0.4108  -0.00    0.0
2382 117002.999   30.488634190  114.327198805    -4.3962   4  19   0.4180   0.4636   1.3239  -0.0763   0.4021  -0.4046  -0.00    0.0
2382 117003.999   30.488532797  114.327175097    -4.9155   4  19   0.4180   0.4636   1.3243  -0.0764   0.4020  -0.4048  -0.00    0.0
2382 117004.999   30.488433007  114.327173295     2.6940   4  18   0.4066   0.4727   1.3160  -0.1242   0.4407  -0.3046  -0.00    0.0
2382 117005.999   30.488343139  114.327170667    10.2571   4  19   0.3999   0.5478   1.3804  -0.1314   0.5828  -0.3572  -0.00    0.0
2382 117006.999   30.488253035  114.327155583    10.9448   4  20   0.3993   0.4668   1.2949  -0.1068   0.4500  -0.3432  -0.00    0.0
2382 117007.999   30.488173908  114.327141900     4.7327   4  19   0.4017   0.4667   1.2982  -0.1035   0.4599  -0.3263  -0.00    0.0
2382 117008.999   30.488104856  114.327146627     8.4459   4  20   0.3991   0.4666   1.2534  -0.1058   0.4558  -0.3493  -0.00    0.0
2382 117009.999   30.488030360  114.327149197     9.2002   4  18   0.4181   0.4684   1.4732  -0.0819   0.4286  -0.4106  -0.00    0.0
2382 117010.999   30.487989174  114.327134311     1.2466   4  18   0.4478   0.4678   1.3154  -0.1295   0.4669  -0.3846  -0.00    0.0
2382 117011.999   30.487976227  114.327156493     0.5048   4  18   0.4181   0.4681   1.4095  -0.0818   0.4390  -0.4126  -0.00    0.0
2382 117012.999   30.487923451  114.327142293     2.6332   4  21   0.3991   0.4618   1.1927  -0.1049   0.4265  -0.3480  -0.00    0.0
2382 117013.999   30.487879047  114.327122036     3.1198   4  19   0.4109   0.5060   1.2299   0.0841   0.4361  -0.3231  -0.00    0.0
2382 117014.999   30.487844445  114.327098076     3.5129   4  21   0.3990   0.4618   1.1921  -0.1048   0.4263  -0.3478  -0.00    0.0
2382 117015.999   30.487789362  114.327088327     8.7547   4  19   0.4016   0.4619   1.2291  -0.1038   0.4280  -0.3275  -0.00    0.0
2382 117016.999   30.487748591  114.327090722    17.8588   4  20   0.3992   0.4623   1.2298  -0.1061   0.4194  -0.3422  -0.00    0.0
2382 117017.999   30.487696009  114.327093893    25.3032   4  20   0.3992   0.4623   1.2300  -0.1062   0.4195  -0.3423  -0.00    0.0
2382 117018.999   30.487655491  114.327120727    14.1260   4  20   0.4165   0.4645   1.3263  -0.0773   0.3922  -0.4196  -0.00    0.0
2382 117019.999   30.487614752  114.327110627     2.1006   4  17   0.4647   0.4692   1.4286  -0.1123   0.4470  -0.4662  -0.00    0.0
2382 117020.999   30.487549235  114.327099051    -0.3706   4  18   0.4619   0.4692   1.3797  -0.1133   0.4458  -0.4869  -0.00    0.0
2382 117021.999   30.487460888  114.327101362     1.8050   4  17   0.4192   0.5679   1.5158  -0.1303   0.4635  -0.4167  -0.00    0.0
2382 117022.999   30.487392075  114.327085955     7.4366   4  18   0.4168   0.4688   1.4075  -0.0837   0.4283  -0.4290  -0.00    0.0
2382 117023.999   30.487286444  114.327062075    19.0494   4  18   0.4019   0.4675   1.3500  -0.1051   0.4555  -0.3185  -0.00    0.0
2382 117024.999   30.487217833  114.327034523    22.0651   4  18   0.4019   0.4675   1.3495  -0.1050   0.4554  -0.3184  -0.00    0.0
2382 117025.999   30.487128759  114.327039751    15.1310   4  18   0.4177   0.4647   1.3845  -0.0784   0.3921  -0.4048  -0.00    0.0
2382 117026.999   30.487045761  114.327010023    10.3668   4  18   0.4426   0.4682   1.2795  -0.1314   0.4653  -0.4109  -0.00    0.0
2382 117027.999   30.486968124  114.327022422    18.1866   4  19   0.3991   0.4674   1.2977  -0.1072   0.4516  -0.3447  -0.00    0.0
2382 117028.999   30.486872044  114.327016739    25.0635   4  19   0.4018   0.4626   1.2747  -0.1058   0.4216  -0.3203  -0.00    0.0
2382 117029.999   30.486813918  114.327004910    13.2520   4  17   0.4178   0.4690   1.4758  -0.0830   0.4312  -0.4122  -0.00    0.0
2382 117030.999   30.486737142  114.327013165     5.3574   4  18   0.4178   0.4686   1.4126  -0.0829   0.4410  -0.4138  -0.00    0.0
2382 117031.999   30.486644538  114.327009821     4.6114   4  19   0.4176   0.4642   1.3294  -0.0783   0.4047  -0.4072  -0.00    0.0
2382 117032.999   30.486546098  114.326995067     7.0668   4  18   0.4176   0.4648   1.3854  -0.0788   0.3928  -0.4056  -0.00    0.0
2382 117033.999   30.486426224  114.326995200    11.6332   4  18   0.4018   0.4677   1.3505  -0.1052   0.4561  -0.3194  -0.00    0.0
2382 117034.999   30.486315472  114.326973696    11.1481   4  17   0.4183   0.5490   1.5148  -0.1335   0.5860  -0.4530  -0.00    0.0
2382 117035.999   30.486187271  114.326955914    11.4684   4  17   0.4183   0.5492   1.5159  -0.1338   0.5868  -0.4533  -0.00    0.0
2382 117036.999   30.486050399  114.326946926     7.7601   4  18   0.3995   0.5493   1.3448  -0.1330   0.5884  -0.3658  -0.00    0.0
2382 117037.999   30.485915484  114.326934837    17.2848   4  18   0.3996   0.5494   1.3860  -0.1332   0.5863  -0.3602  -0.00    0.0
2382 117038.999   30.485790688  114.326904606    10.8559   4  17   0.4182   0.5494   1.5156  -0.1340   0.5871  -0.4532  -0.00    0.0
2382 117039.999   30.485669902  114.326871562     4.5271   4  18   0.4175   0.4651   1.3869  -0.0795   0.3942  -0.4064  -0.00    0.0
2382 117040.999   30.485560651  114.326851732     1.6597   4  19   0.4175   0.4645   1.3307  -0.0790   0.4057  -0.4080  -0.00    0.0
2382 117041.999   30.485443786  114.326847769     9.8784   4  17   0.4176   0.4693   1.4781  -0.0837   0.4329  -0.4135  -0.00    0.0
2382 117042.999   30.485324380  114.326859551    14.4295   4  17   0.4176   0.4693   1.4788  -0.0839   0.4332  -0.4138  -0.00    0.0
2382 117043.999   30.485227046  114.326837922     6.4189   4  17   0.4639   0.4659   1.4042  -0.1087   0.4016  -0.4573  -0.00    0.0
2382 117044.999   30.485115240  114.326829843     6.1765   4  19   0.4162   0.4651   1.3315  -0.0792   0.3952  -0.4219  -0.00    0.0
2382 117045.999   30.485031605  114.326817204     4.7365   4  18   0.4174   0.4651   1.3868  -0.0796   0.3942  -0.4068  -0.00    0.0
2382 117046.999   30.484926557  114.326822157    15.1542   4  19   0.3998   0.4892   1.3195  -0.1247   0.3927  -0.3352  -0.00    0.0
2382 117047.999   30.484844480  114.326793703     9.4840   4  20   0.4012   0.4628   1.2342  -0.1047   0.4302  -0.3308  -0.00    0.0
2382 117048.999   30.484764255  114.326786479     6.8803   4  20   0.4161   0.4646   1.2836  -0.0794   0.4056  -0.4214  -0.00    0.0
2382 117049.999   30.484693446  114.326774623     8.3230   4  18   0.4637   0.4654   1.3479  -0.1084   0.4130  -0.4584  -0.00    0.0
2382 117050.999   30.484592826  114.326776503     7.7341   4  18   0.4175   0.4692   1.4152  -0.0840   0.4430  -0.4152  -0.00    0.0
2382 117051.999   30.484520680  114.326746192     7.6477   4  20   0.4012   0.4629   1.2349  -0.1049   0.4306  -0.3313  -0.00    0.0
2382 117052.999   30.484452386  114.326739164     6.6672   4  20   0.4011   0.4629   1.2347  -0.1049   0.4306  -0.3312  -0.00    0.0
2382 117053.999   30.484374055  114.326743757     8.0767   4  20   0.4011   0.4629   1.2343  -0.1048   0.4305  -0.3311  -0.00    0.0
2382 117054.999   30.484308242  114.326739924     3.1966   4  21   0.3987   0.4629   1.1979  -0.1059   0.4288  -0.3504  -0.00    0.0
2382 117055.999   30.484250715  114.326745219     3.0427   4  21   0.3987   0.4629   1.1979  -0.1060   0.4288  -0.3504  -0.00    0.0
2382 117056.999   30.484217289  114.326741720     5.9499   4  19   0.4014   0.4633   1.2769  -0.1063   0.4235  -0.3232  -0.00    0.0
2382 117057.999   30.484191365  114.326743924     4.8275   4  20   0.3988   0.4634   1.2351  -0.1071   0.4223  -0.3454  -0.00    0.0
2382 117058.999   30.484166515  114.326747930     2.2755   4  19   0.4160   0.4648   1.2851  -0.0801   0.4064  -0.4219  -0.00    0.0
2382 117059.999   30.484152445  114.326743128     2.8943   4  20   0.3986   0.4630   1.1988  -0.1061   0.4291  -0.3509  -0.00    0.0
2382 117060.999   30.484141151  114.326726196     3.5846   4  19   0.4001   0.4872   1.3129  -0.1274   0.3343  -0.3249  -0.00    0.0
2382 117061.999   30.484116324  114.326722881     3.8190   4  16   0.4234   0.5084   1.5767  -0.1307   0.0647  -0.3629  -0.00    0.0
2382 117062.999   30.484107746  114.326696200    -0.4798   4  19   0.4000   0.4872   1.3148  -0.1274   0.3344  -0.3253  -0.00    0.0
2382 117063.999   30.484123238  114.326660507    -4.7854   4  19   0.4159   0.4655   1.3339  -0.0803   0.3967  -0.4229  -0.00    0.0
2382 117064.999   30.484105570  114.326661445    -2.6034   4  19   0.4159   0.4655   1.3333  -0.0804   0.3968  -0.4228  -0.00    0.0
2382 117065.999   30.484094681  114.326685611     4.8564   4  20   0.3988   0.4636   1.2367  -0.1074   0.4230  -0.3463  -0.00    0.0
2382 117066.999   30.484084279  114.326694630     9.2182   4  20   0.3988   0.4636   1.2365  -0.1074   0.4230  -0.3463  -0.00    0.0
2382 117067.999   30.484095525  114.326679572     4.3636   4  19   0.4159   0.4656   1.3330  -0.0806   0.3971  -0.4227  -0.00    0.0
2382 117068.999   30.484109019  114.326672943    -5.3487   4  18   0.4336   0.5167   1.3369   0.1449   0.3697  -0.4365  -0.00    0.0
2382 117069.999   30.484095023  114.326682394    -6.7852   4  20   0.4159   0.4651   1.2875  -0.0809   0.4074  -0.4229  -0.00    0.0
2382 117070.999   30.484075958  114.326717063    -2.7759   4  17   0.4432   0.5171   1.3397   0.1389   0.3677  -0.4285  -0.00    0.0
2382 117071.999   30.484064496  114.326714882     3.5437   4  18   0.4186   0.5081   1.2405   0.0727   0.4288  -0.3316  -0.00    0.0
2382 117072.999   30.484074232  114.326710365     4.9695   4  16   0.4767   0.4673   1.4074  -0.1228   0.4011  -0.4473  -0.00    0.0
2382 117073.999   30.484068645  114.326697813     2.2510   4  18   0.4251   0.4664   1.3370  -0.0934   0.3954  -0.4149  -0.00    0.0
2382 117074.999   30.484067451  114.326717337     4.8744   4  18   0.4251   0.4658   1.2906  -0.0933   0.4058  -0.4157  -0.00    0.0
2382 117075.999   30.484105227  114.326728334     8.9088   4  19   0.4087   0.5071   1.2021   0.0853   0.4392  -0.3471  -0.00    0.0
2382 117076.999   30.484118320  114.326710104     5.0309   4  19   0.4169   0.4658   1.3890  -0.0814   0.3974  -0.4092  -0.00    0.0
2382 117077.999   30.484106834  114.326687916     0.2045   4  20   0.4008   0.4636   1.2379  -0.1055   0.4321  -0.3335  -0.00    0.0
2382 117078.999   30.484098582  114.326699335    -0.7830   4  19   0.4160   0.4699   1.3630  -0.0870   0.4425  -0.4307  -0.00    0.0
2382 117079.999   30.484092881  114.326696088    -1.9520   4  21   0.3985   0.4636   1.2020  -0.1067   0.4304  -0.3523  -0.00    0.0
2382 117080.999   30.484068413  114.326707820     4.4058   4  20   0.4008   0.4636   1.2381  -0.1056   0.4323  -0.3338  -0.00    0.0
2382 117081.999   30.484033054  114.326710510     6.4202   4  19   0.4157   0.4906   1.3769  -0.0872   0.3021  -0.4198  -0.00    0.0
2382 117082.999   30.484013113  114.326709823     7.3715   4  20   0.4007   0.4637   1.2385  -0.1057   0.4324  -0.3340  -0.00    0.0
2382 117083.999   30.483996737  114.326701910     3.7888   4  20   0.4007   0.4637   1.2386  -0.1057   0.4324  -0.3341  -0.00    0.0
2382 117084.999   30.483968498  114.326694377     5.3389   4  19   0.4104   0.5073   1.2385   0.0842   0.4375  -0.3312  -0.00    0.0
2382 117085.999   30.483918718  114.326687667     8.8347   4  20   0.4010   0.4641   1.2802  -0.1070   0.4258  -0.3265  -0.00    0.0
2382 117086.999   30.483902282  114.326691498     7.6335   4  19   0.4007   0.4692   1.3093  -0.1051   0.4660  -0.3330  -0.00    0.0
2382 117087.999   30.483874583  114.326662455     2.8525   4  19   0.4010   0.4642   1.2809  -0.1071   0.4261  -0.3268  -0.00    0.0
2382 117088.999   30.483847428  114.326644449    -3.2126   4  19   0.4022   0.4862   1.3133  -0.1277   0.3522  -0.3109  -0.00    0.0
2382 117089.999   30.483829038  114.326595554    -3.1572   4  18   0.4168   0.4914   1.4464  -0.0920   0.2841  -0.4038  -0.00    0.0
2382 117090.999   30.483826982  114.326585350    -2.0431   4  18   0.4167   0.4661   1.3917  -0.0823   0.3990  -0.4107  -0.00    0.0
2382 117091.999   30.483815486  114.326549764     5.0431   4  20   0.4007   0.4639   1.2404  -0.1060   0.4331  -0.3351  -0.00    0.0
2382 117092.999   30.483823276  114.326481263     8.9960   4  19   0.3998   0.4880   1.3177  -0.1277   0.3370  -0.3280  -0.00    0.0
2382 117093.999   30.483813401  114.326429695     9.0518   4  21   0.3985   0.4643   1.2399  -0.1080   0.4249  -0.3483  -0.00    0.0
2382 117094.999   30.483807759  114.326370005     7.1247   4  21   0.3984   0.4640   1.2040  -0.1071   0.4312  -0.3532  -0.00    0.0
2382 117095.999   30.483842609  114.326306000    10.7023   4  18   0.4418   0.4832   1.3241   0.0745   0.4926  -0.2550  -0.00    0.0
2382 117096.999   30.483829942  114.326235641    15.2392   4  18   0.4279   0.4838   1.4353   0.0799   0.4770  -0.3564  -0.00    0.0
2382 117097.999   30.483844677  114.326152597    13.8043   4  18   0.4166   0.4663   1.3925  -0.0828   0.4002  -0.4113  -0.00    0.0
2382 117098.999   30.483851651  114.326090096    15.2158   4  20   0.3985   0.4645   1.2413  -0.1082   0.4256  -0.3490  -0.00    0.0
2382 117099.999   30.483857228  114.326008305    14.7323   4  20   0.3983   0.4641   1.2050  -0.1073   0.4316  -0.3537  -0.00    0.0
2382 117100.999   30.483858271  114.325895617     9.4765   4  20   0.4139   0.4831   1.2796   0.0597   0.4940  -0.2766  -0.00    0.0
2382 117101.999   30.483863917  114.325779094     8.7044   4  17   0.4309   0.5217   1.4704   0.0740   0.5389  -0.3338  -0.00    0.0
2382 117102.999   30.483882754  114.325704813    10.8933   4  21   0.3983   0.4643   1.2059  -0.1074   0.4321  -0.3539  -0.00    0.0
2382 117103.999   30.483870563  114.325580569     8.6917   4  18   0.4572   0.5314   1.4094   0.1482   0.4797  -0.4298  -0.00    0.0
2382 117104.999   30.483881695  114.325489556     9.4782   4  19   0.4141   0.5201   1.3016   0.0287   0.5377  -0.2830  -0.00    0.0
2382 117105.999   30.483892452  114.325394805     9.5785   4  21   0.3983   0.4644   1.2062  -0.1075   0.4322  -0.3541  -0.00    0.0
2382 117106.999   30.483897562  114.325306219    14.4795   4  21   0.3983   0.4644   1.2057  -0.1074   0.4321  -0.3540  -0.00    0.0
2382 117107.999   30.483916499  114.325204258    10.5342   4  20   0.4416   0.4652   1.2247  -0.1301   0.4390  -0.4081  -0.00    0.0
2382 117108.999   30.483927698  114.325091584     7.5139   4  20   0.4154   0.4660   1.2930  -0.0835   0.4105  -0.4249  -0.00    0.0
2382 117109.999   30.483933438  114.325017733     5.9058   4  20   0.3993   0.4865   1.2674  -0.1252   0.3609  -0.3385  -0.00    0.0
2382 117110.999   30.483936628  114.324908278    10.7833   4  21   0.3983   0.4644   1.2064  -0.1076   0.4322  -0.3544  -0.00    0.0
2382 117111.999   30.483948850  114.324818316    14.7120   4  21   0.3984   0.4648   1.2419  -0.1085   0.4261  -0.3497  -0.00    0.0
2382 117112.999   30.483961333  114.324742695    14.6888   4  19   0.4153   0.4666   1.3390  -0.0836   0.4016  -0.4256  -0.00    0.0
2382 117113.999   30.483969201  114.324659177    12.2180   4  20   0.4013   0.4961   1.3120  -0.0552   0.5260  -0.3170  -0.00    0.0
2382 117114.999   30.483989140  114.324599915     8.5581   4  19   0.4154   0.4662   1.2948  -0.0840   0.4113  -0.4255  -0.00    0.0
2382 117115.999   30.484000183  114.324504045     2.6528   4  20   0.4030   0.4708   1.2231  -0.1278   0.4152  -0.3372  -0.00    0.0
2382 117116.999   30.484013219  114.324437141    10.5049   4  20   0.4003   0.4646   1.2428  -0.1066   0.4346  -0.3372  -0.00    0.0
2382 117117.999   30.483991089  114.324383038    13.7497   4  19   0.4058   0.4714   1.3044  -0.1290   0.4067  -0.3066  -0.00    0.0
2382 117118.999   30.483993650  114.324324425    11.4510   4  19   0.4052   0.4708   1.2594  -0.1271   0.4168  -0.3179  -0.00    0.0
2382 117119.999   30.484005649  114.324281595    11.0993   4  19   0.4457   0.4655   1.2569  -0.1295   0.4406  -0.3873  -0.00    0.0
2382 117120.999   30.484003904  114.324210887     9.6692   4  19   0.4003   0.4647   1.2433  -0.1067   0.4349  -0.3375  -0.00    0.0
2382 117121.999   30.484006344  114.324155751    14.5085   4  19   0.4006   0.4651   1.2841  -0.1079   0.4287  -0.3307  -0.00    0.0
2382 117122.999   30.484018728  114.324103972    11.0148   4  18   0.4460   0.4659   1.2970  -0.1306   0.4346  -0.3807  -0.00    0.0
2382 117123.999   30.484013077  114.324089718    11.3786   4  20   0.4003   0.4648   1.2439  -0.1068   0.4352  -0.3379  -0.00    0.0
2382 117124.999   30.484012471  114.324051934     3.8719   4  18   0.4456   0.5026   1.3932  -0.1296   0.5549  -0.3877  -0.00    0.0
2382 117125.999   30.484019446  114.324075686    15.1618   4  19   0.4415   0.4657   1.2277  -0.1304   0.4403  -0.4087  -0.00    0.0
2382 117126.999   30.484022122  114.324055250    19.1177   4  18   0.4459   0.4661   1.2977  -0.1308   0.4351  -0.3811  -0.00    0.0
2382 117127.999   30.484013897  114.324012288     6.8253   4  17   0.4201   0.4994   1.4975   0.0539   0.5091  -0.3745  -0.00    0.0
2382 117128.999   30.484011468  114.324016507    -2.5592   4  17   0.4470   0.4997   1.4367   0.0707   0.5110  -0.3872  -0.00    0.0
2382 117129.999   30.483996363  114.324025939     2.7828   4  16   0.4981   0.5051   1.4810  -0.1052   0.5363  -0.4779  -0.00    0.0
2382 117130.999   30.483987577  114.324032168     7.3461   4  18   0.4620   0.4678   1.4112  -0.1116   0.4107  -0.4608  -0.00    0.0
2382 117131.999   30.483987742  114.324047521     6.9545   4  19   0.4162   0.4666   1.3440  -0.0849   0.4139  -0.4154  -0.00    0.0
2382 117132.999   30.483996429  114.324051090     7.4457   4  19   0.4162   0.4666   1.3436  -0.0849   0.4137  -0.4152  -0.00    0.0
2382 117133.999   30.484002610  114.324065844    11.0528   4  18   0.4161   0.4671   1.3961  -0.0850   0.4040  -0.4147  -0.00    0.0
2382 117134.999   30.484000272  114.324077574    10.7030   4  20   0.4004   0.4654   1.2864  -0.1082   0.4299  -0.3324  -0.00    0.0
2382 117135.999   30.483985491  114.324070933    15.5757   4  20   0.4001   0.4651   1.2458  -0.1072   0.4360  -0.3391  -0.00    0.0
2382 117136.999   30.483993637  114.324051009    20.7799   4  19   0.4003   0.4655   1.2859  -0.1082   0.4299  -0.3324  -0.00    0.0
2382 117137.999   30.483986776  114.324052620    19.4846   4  19   0.4003   0.4655   1.2860  -0.1083   0.4300  -0.3325  -0.00    0.0
2382 117138.999   30.484000273  114.324057631    13.5383   4  19   0.4234   0.4652   1.2465  -0.1087   0.4362  -0.3469  -0.00    0.0
2382 117139.999   30.483988711  114.324068148    12.7328   4  20   0.4001   0.4652   1.2459  -0.1072   0.4362  -0.3393  -0.00    0.0
2382 117140.999   30.483980498  114.324060540    17.8814   4  17   0.4197   0.5001   1.4374   0.0520   0.5130  -0.3797  -0.00    0.0
2382 117141.999   30.483987201  114.324074854    25.0860   4  18   0.4160   0.4673   1.3969  -0.0856   0.4051  -0.4153  -0.00    0.0
2382 117142.999   30.483995122  114.324059320    22.1766   4  19   0.4003   0.4657   1.2875  -0.1085   0.4307  -0.3334  -0.00    0.0
2382 117143.999   30.483973841  114.324039854    21.0503   4  18   0.4035   0.4981   1.4087  -0.0524   0.5354  -0.2862  -0.00    0.0
2382 117144.999   30.483965645  114.324051127    27.2863   4  19   0.4003   0.4657   1.2874  -0.1085   0.4308  -0.3334  -0.00    0.0
2382 117145.999   30.483981768  114.324039015    21.2326   4  20   0.3981   0.4657   1.2470  -0.1094   0.4290  -0.3525  -0.00    0.0
2382 117146.999   30.483979298  114.324047529    17.4659   4  18   0.4030   0.4983   1.3580  -0.0529   0.5351  -0.2986  -0.00    0.0
2382 117147.999   30.483978270  114.324052512    22.3042   4  19   0.4002   0.4658   1.2873  -0.1085   0.4309  -0.3336  -0.00    0.0
2382 117148.999   30.484006838  114.324030777    19.5868   4  19   0.4413   0.4666   1.2646  -0.1313   0.4359  -0.4053  -0.00    0.0
2382 117149.999   30.484024131  114.324004825    20.0842   4  19   0.4002   0.4658   1.2873  -0.1086   0.4309  -0.3339  -0.00    0.0
2382 117150.999   30.484034781  114.323977196    17.6242   4  18   0.4159   0.4674   1.3972  -0.0861   0.4058  -0.4159  -0.00    0.0
2382 117151.999   30.484034322  114.323930353    10.3125   4  19   0.4013   0.4880   1.3227  -0.1284   0.3564  -0.3184  -0.00    0.0
2382 117152.999   30.484058294  114.323858963     9.3149   4  21   0.3980   0.4656   1.2131  -0.1088   0.4349  -0.3574  -0.00    0.0
2382 117153.999   30.484063997  114.323785784    15.4890   4  19   0.3992   0.4896   1.3253  -0.1284   0.3419  -0.3337  -0.00    0.0
2382 117154.999   30.484060809  114.323693774    13.6011   4  19   0.4001   0.4659   1.2878  -0.1087   0.4312  -0.3344  -0.00    0.0
2382 117155.999   30.484058278  114.323574511     6.6500   4  21   0.3979   0.4656   1.2133  -0.1089   0.4350  -0.3575  -0.00    0.0
2382 117156.999   30.484064644  114.323477988    11.5423   4  18   0.4013   0.4881   1.3227  -0.1284   0.3566  -0.3188  -0.00    0.0
2382 117157.999   30.484067771  114.323384110    15.8689   4  19   0.4001   0.4660   1.2881  -0.1087   0.4315  -0.3347  -0.00    0.0
2382 117158.999   30.484086972  114.323279820    15.8221   4  17   0.4159   0.4960   1.5419  -0.0957   0.2409  -0.4086  -0.00    0.0
2382 117159.999   30.484095287  114.323180520    16.9294   4  19   0.4001   0.4661   1.2894  -0.1088   0.4319  -0.3352  -0.00    0.0
2382 117160.999   30.484099308  114.323070769    17.5298   4  19   0.4001   0.4661   1.2894  -0.1089   0.4319  -0.3353  -0.00    0.0
2382 117161.999   30.484111178  114.322969077    14.4115   4  20   0.3980   0.4661   1.2487  -0.1098   0.4300  -0.3538  -0.00    0.0
2382 117162.999   30.484111157  114.322877884     8.9630   4  19   0.4272   0.4858   1.3873   0.0773   0.4856  -0.3668  -0.00    0.0
2382 117163.999   30.484109113  114.322780709    12.8142   4  17   0.4302   0.4867   1.5271   0.0857   0.4984  -0.3260  -0.00    0.0
2382 117164.999   30.484115488  114.322694613    17.9239   4  18   0.4157   0.4678   1.4004  -0.0870   0.4079  -0.4176  -0.00    0.0
2382 117165.999   30.484126309  114.322598543    22.2294   4  19   0.4000   0.4663   1.2903  -0.1090   0.4326  -0.3359  -0.00    0.0
2382 117166.999   30.484148099  114.322500506    17.4497   4  18   0.4157   0.4678   1.3996  -0.0870   0.4077  -0.4175  -0.00    0.0
2382 117167.999   30.484153140  114.322399113    19.9375   4  18   0.4052   0.4724   1.3110  -0.1295   0.4115  -0.3126  -0.00    0.0
2382 117168.999   30.484160014  114.322298336    19.4481   4  19   0.4148   0.4679   1.3479  -0.0873   0.4075  -0.4296  -0.00    0.0
2382 117169.999   30.484158873  114.322176867    13.1839   4  20   0.3980   0.4663   1.2500  -0.1100   0.4306  -0.3545  -0.00    0.0
2382 117170.999   30.484162347  114.322086290     7.6063   4  21   0.3979   0.4661   1.2156  -0.1093   0.4361  -0.3586  -0.00    0.0
2382 117171.999   30.484162471  114.321989445     6.0900   4  21   0.3978   0.4661   1.2153  -0.1093   0.4360  -0.3586  -0.00    0.0
2382 117172.999   30.484164980  114.321921218    13.1575   4  18   0.4192   0.6125   1.5224   0.1314   0.7260  -0.1848  -0.00    0.0
2382 117173.999   30.484168315  114.321837023    15.7069   4  18   0.4005   0.5446   1.3696  -0.1336   0.5626  -0.3507  -0.00    0.0
2382 117174.999   30.484163443  114.321761702    14.4517   4  19   0.3999   0.4667   1.2911  -0.1093   0.4337  -0.3368  -0.00    0.0
2382 117175.999   30.484147329  114.321703432    12.4938   4  21   0.3978   0.4663   1.2165  -0.1095   0.4367  -0.3589  -0.00    0.0
2382 117176.999   30.484135476  114.321625889     7.9226   4  19   0.4170   0.5102   1.2340   0.0664   0.4332  -0.3312  -0.00    0.0
2382 117177.999   30.484149959  114.321555863     8.7333   4  20   0.3996   0.4663   1.2508  -0.1083   0.4387  -0.3429  -0.00    0.0
2382 117178.999   30.484142953  114.321494890     8.1812   4  19   0.3998   0.4666   1.2901  -0.1092   0.4332  -0.3370  -0.00    0.0
2382 117179.999   30.484140710  114.321449519     6.4501   4  19   0.4410   0.4674   1.2674  -0.1316   0.4377  -0.4060  -0.00    0.0
2382 117180.999   30.484146291  114.321391563    10.7811   4  17   0.4437   0.4806   1.4347  -0.1569   0.4487  -0.4730  -0.00    0.0
2382 117181.999   30.484154952  114.321306645     6.1400   4  18   0.4429   0.4806   1.3857  -0.1571   0.4486  -0.4839  -0.00    0.0
2382 117182.999   30.484143439  114.321234894     9.4907   4  19   0.4147   0.4682   1.3503  -0.0884   0.4091  -0.4309  -0.00    0.0
2382 117183.999   30.484140585  114.321155818    13.3618   4  19   0.4030   0.4727   1.2724  -0.1303   0.4117  -0.3350  -0.00    0.0
2382 117184.999   30.484146712  114.321083531    12.9976   4  19   0.4741   0.4676   1.2361  -0.1425   0.4420  -0.3974  -0.00    0.0
2382 117185.999   30.484151027  114.320977182    10.6934   4  19   0.4741   0.4676   1.2359  -0.1425   0.4420  -0.3972  -0.00    0.0
2382 117186.999   30.484156614  114.320893839    11.4017   4  19   0.4251   0.4667   1.2576  -0.1168   0.4376  -0.3183  -0.00    0.0
2382 117187.999   30.484177975  114.320811680    13.6601   4  19   0.4445   0.4673   1.2644  -0.1302   0.4446  -0.3903  -0.00    0.0
2382 117188.999   30.484171574  114.320748655    12.5828   4  17   0.4926   0.4694   1.3703  -0.1267   0.4149  -0.4666  -0.00    0.0
2382 117189.999   30.484191869  114.320692765    15.6973   4  19   0.4409   0.4676   1.2688  -0.1318   0.4384  -0.4066  -0.00    0.0
2382 117190.999   30.484198797  114.320635457    12.9061   4  18   0.4013   0.4909   1.3867  -0.1318   0.3351  -0.3113  -0.00    0.0
2382 117191.999   30.484213374  114.320614973     8.3957   4  20   0.3987   0.4889   1.2816  -0.1266   0.3655  -0.3450  -0.00    0.0
2382 117192.999   30.484243683  114.320590486     9.1894   4  16   0.5054   0.5140   1.6592   0.0550   0.5017  -0.5834  -0.00    0.0
2382 117193.999   30.484263613  114.320566094    12.3492   4  18   0.4936   0.4730   1.4157   0.0882   0.3391  -0.5622  -0.00    0.0
2382 117194.999   30.484302306  114.320563543    16.5727   4  18   0.4671   0.5379   1.4146   0.2104   0.2998  -0.5121  -0.00    0.0
2382 117195.999   30.484359641  114.320564235    20.0984   4  18   0.4669   0.5389   1.4144   0.2142   0.2762  -0.5232  -0.00    0.0
2382 117196.999   30.484452527  114.320566419    21.2467   4  16   0.4867   0.5602   1.4995   0.2453   0.3555  -0.4522  -0.00    0.0
2382 117197.999   30.484543789  114.320573079    15.6057   4  18   0.4666   0.5384   1.4143   0.2139   0.2761  -0.5232  -0.00    0.0
2382 117198.999   30.484663820  114.320562755    16.5424   4  17   0.4667   0.6129   1.4650   0.2060   0.4335  -0.5275  -0.00    0.0
2382 117199.999   30.484800686  114.320528108    10.0416   4  15   0.6336   0.8374   2.4211   0.5144  -0.9382  -1.0438  -0.00    0.0
2382 117200.999   30.484903632  114.320529281    11.1722   4  18   0.4606   0.5305   1.3907   0.2093   0.2809  -0.5062  -0.00    0.0
2382 117201.999   30.485032531  114.320526537    16.3974   4  19   0.4004   0.4684   1.3030  -0.1109   0.4387  -0.3426  -0.00    0.0
2382 117202.999   30.485184384  114.320495341    16.1244   4  19   0.4014   0.4916   1.3894  -0.1320   0.3364  -0.3131  -0.00    0.0
2382 117203.999   30.485326124  114.320505052    11.7799   4  20   0.3986   0.4894   1.2839  -0.1268   0.3662  -0.3460  -0.00    0.0
2382 117204.999   30.485467046  114.320513191     9.2573   4  20   0.3986   0.4893   1.2838  -0.1268   0.3662  -0.3460  -0.00    0.0
2382 117205.999   30.485609592  114.320504852     8.1893   4  19   0.4007   0.4895   1.3301  -0.1290   0.3598  -0.3245  -0.00    0.0
2382 117206.999   30.485746429  114.320502636    10.1352   4  20   0.3993   0.4671   1.2553  -0.1092   0.4406  -0.3459  -0.00    0.0
2382 117207.999   30.485875633  114.320510004     7.5861   4  18   0.4161   0.5052   1.4296  -0.0501   0.4262  -0.2313  -0.00    0.0
2382 117208.999   30.486008305  114.320528560    12.9176   4  19   0.3995   0.4674   1.2942  -0.1100   0.4357  -0.3405  -0.00    0.0
2382 117209.999   30.486124194  114.320540489    12.9833   4  20   0.3995   0.4675   1.2943  -0.1101   0.4358  -0.3406  -0.00    0.0
2382 117210.999   30.486201557  114.320568849     8.9513   4  18   0.4823   0.5595   1.5982   0.1106   0.4523  -0.6293  -0.00    0.0
2382 117211.999   30.486304875  114.320572502     2.3356   4  18   0.5229   0.5524   1.5473   0.2887  -0.1913  -0.6706  -0.00    0.0
2382 117212.999   30.486381837  114.320585820     3.4889   4  19   0.4343   0.5185   1.3256   0.1393   0.3948  -0.4503  -0.00    0.0
2382 117213.999   30.486480038  114.320609855     1.4364   4  19   0.4817   0.4854   1.5354   0.1502   0.2768  -0.6180  -0.00    0.0
2382 117214.999   30.486562430  114.320610020    11.6292   4  18   0.4152   0.4690   1.4058  -0.0900   0.4132  -0.4225  -0.00    0.0
2382 117215.999   30.486652814  114.320623410    18.3268   4  19   0.4101   0.5104   1.2958   0.0824   0.4332  -0.3438  -0.00    0.0
2382 117216.999   30.486759874  114.320617230    20.6579   4  16   0.4342   0.5660   1.5821   0.1578  -0.1584  -0.4632  -0.00    0.0
2382 117217.999   30.486884579  114.320632383     9.5567   4  17   0.4350   0.5523   1.3706   0.0364   0.4506  -0.4697  -0.00    0.0
2382 117218.999   30.487009948  114.320690921    10.2795   4  18   0.4010   0.5023   1.2811  -0.1315   0.4833  -0.3576  -0.00    0.0
2382 117219.999   30.487143475  114.320719926     8.1635   4  20   0.4091   0.5109   1.2576   0.0836   0.4354  -0.3586  -0.00    0.0
2382 117220.999   30.487280101  114.320740912     7.8613   4  19   0.3995   0.4678   1.2950  -0.1104   0.4366  -0.3419  -0.00    0.0
2382 117221.999   30.487391759  114.320756769     5.4140   4  20   0.3977   0.4678   1.2565  -0.1114   0.4344  -0.3587  -0.00    0.0
2382 117222.999   30.487525284  114.320755691     2.5210   4  21   0.3975   0.4675   1.2234  -0.1108   0.4394  -0.3623  -0.00    0.0
2382 117223.999   30.487663153  114.320755025     7.3504   4  19   0.3994   0.4678   1.2950  -0.1104   0.4367  -0.3422  -0.00    0.0
2382 117224.999   30.487794404  114.320732298    10.2832   4  19   0.3993   0.4678   1.2952  -0.1105   0.4368  -0.3423  -0.00    0.0
2382 117225.999   30.487940181  114.320710038     8.0795   4  18   0.4008   0.4918   1.3899  -0.1320   0.3388  -0.3162  -0.00    0.0
2382 117226.999   30.488081750  114.320672354     7.7660   4  18   0.4008   0.4918   1.3905  -0.1320   0.3388  -0.3164  -0.00    0.0
2382 117227.999   30.488204252  114.320639134     1.4983   4  18   0.4008   0.4918   1.3910  -0.1320   0.3388  -0.3166  -0.00    0.0
2382 117228.999   30.488338050  114.320612243     2.2477   4  19   0.4004   0.4902   1.3343  -0.1293   0.3615  -0.3274  -0.00    0.0
2382 117229.999   30.488476029  114.320584792     4.8574   4  18   0.4008   0.4919   1.3909  -0.1320   0.3389  -0.3168  -0.00    0.0
2382 117230.999   30.488599142  114.320565586     8.9174   4  19   0.3993   0.4680   1.2966  -0.1106   0.4373  -0.3431  -0.00    0.0
2382 117231.999   30.488712592  114.320524850     8.8360   4  19   0.3993   0.4680   1.2966  -0.1107   0.4374  -0.3432  -0.00    0.0
2382 117232.999   30.488828668  114.320486245     4.4010   4  20   0.3976   0.4680   1.2581  -0.1117   0.4353  -0.3596  -0.00    0.0
2382 117233.999   30.488932330  114.320459250     6.2362   4  17   0.4149   0.4972   1.5476  -0.0983   0.2575  -0.4169  -0.00    0.0
2382 117234.999   30.489036999  114.320444398     5.4332   4  19   0.3986   0.4917   1.3375  -0.1294   0.3489  -0.3420  -0.00    0.0
2382 117235.999   30.489124682  114.320460741     9.5833   4  19   0.3996   0.5744   1.3412  -0.1597   0.4955  -0.3647  -0.00    0.0
2382 117236.999   30.489209698  114.320441839     7.6042   4  18   0.3998   0.5758   1.3869  -0.1613   0.4817  -0.3583  -0.00    0.0
2382 117237.999   30.489277704  114.320432532     4.6458   4  18   0.4007   0.4922   1.3917  -0.1321   0.3403  -0.3182  -0.00    0.0
2382 117238.999   30.489341603  114.320437298     5.9097   4  18   0.4007   0.4922   1.3920  -0.1321   0.3402  -0.3183  -0.00    0.0
2382 117239.999   30.489371031  114.320415234     5.3283   4  18   0.4090   0.5443   1.3403   0.0683   0.3216  -0.3528  -0.00    0.0
2382 117240.999   30.489422494  114.320415454     5.7085   4  19   0.4003   0.4906   1.3358  -0.1294   0.3623  -0.3288  -0.00    0.0
2382 117241.999   30.489459758  114.320429664    13.4033   4  18   0.4148   0.4949   1.4703  -0.0982   0.3022  -0.4185  -0.00    0.0
2382 117242.999   30.489488743  114.320423855     3.7918   4  21   0.3974   0.4681   1.2273  -0.1115   0.4408  -0.3640  -0.00    0.0
2382 117243.999   30.489518925  114.320429134    10.7268   4  21   0.3974   0.4681   1.2271  -0.1115   0.4408  -0.3640  -0.00    0.0
2382 117244.999   30.489535352  114.320423186    14.3439   4  21   0.3975   0.4683   1.2592  -0.1120   0.4360  -0.3606  -0.00    0.0
2382 117245.999   30.489541941  114.320387444     6.2707   4  20   0.3990   0.4682   1.2603  -0.1103   0.4433  -0.3497  -0.00    0.0
2382 117246.999   30.489550863  114.320392051     3.2732   4  20   0.3990   0.4682   1.2605  -0.1103   0.4434  -0.3498  -0.00    0.0
2382 117247.999   30.489534896  114.320419624     7.6079   4  20   0.4140   0.4694   1.3166  -0.0925   0.4225  -0.4335  -0.00    0.0
2382 117248.999   30.489535455  114.320428483     5.1860   4  20   0.3983   0.4906   1.2910  -0.1277   0.3688  -0.3497  -0.00    0.0
2382 117249.999   30.489516883  114.320429298     4.5697   4  18   0.4773   0.5061   1.3752  -0.0091   0.4405  -0.2782  -0.00    0.0
2382 117250.999   30.489502566  114.320424103     0.6914   4  17   0.4886   0.5063   1.4455   0.0366   0.4474  -0.1756  -0.00    0.0
2382 117251.999   30.489505199  114.320423785     1.5283   4  17   0.4886   0.5064   1.4464   0.0370   0.4478  -0.1752  -0.00    0.0
2382 117252.999   30.489533938  114.320453470     5.6722   4  19   0.4434   0.4691   1.2732  -0.1307   0.4488  -0.3933  -0.00    0.0
2382 117253.999   30.489535673  114.320453383     8.1907   4  19   0.4434   0.4691   1.2728  -0.1307   0.4487  -0.3933  -0.00    0.0
2382 117254.999   30.489531729  114.320445084     6.7448   4  20   0.3989   0.4685   1.2618  -0.1106   0.4440  -0.3506  -0.00    0.0
2382 117255.999   30.489524771  114.320418675     4.7030   4  18   0.4448   0.6085   1.4612   0.1244   0.6993  -0.1947  -0.00    0.0
2382 117256.999   30.489531891  114.320385076    -3.3321   4  19   0.4438   0.4886   1.3140   0.0710   0.5068  -0.2373  -0.00    0.0
2382 117257.999   30.489537811  114.320368133    -1.7941   4  18   0.4246   0.4690   1.3083  -0.1192   0.4380  -0.3129  -0.00    0.0
2382 117258.999   30.489547588  114.320370524    -0.0209   4  19   0.4240   0.4688   1.2685  -0.1177   0.4429  -0.3248  -0.00    0.0
2382 117259.999   30.489564293  114.320360532    -1.1003   4  20   0.3982   0.4909   1.2929  -0.1278   0.3694  -0.3504  -0.00    0.0
2382 117260.999   30.489563630  114.320360483     0.2249   4  20   0.3974   0.4688   1.2617  -0.1124   0.4373  -0.3619  -0.00    0.0
2382 117261.999   30.489570954  114.320431825     6.5403   4  19   0.3994   0.5754   1.3443  -0.1608   0.4966  -0.3669  -0.00    0.0
2382 117262.999   30.489571003  114.320435490    10.5062   4  17   0.4159   0.6303   1.5593   0.0542   0.6430  -0.2212  -0.00    0.0
2382 117263.999   30.489568440  114.320385351     3.4963   4  19   0.3930   0.4868   1.3131  -0.1272   0.3491  -0.3356  -0.00    0.0
2382 117264.999   30.489563992  114.320394845     3.1396   4  20   0.3989   0.4923   1.3037  -0.1288   0.3727  -0.3538  -0.00    0.0
2382 117265.999   30.489566407  114.320420933     3.8221   4  19   0.3997   0.5763   1.3465  -0.1613   0.4975  -0.3677  -0.00    0.0
2382 117266.999   30.489550355  114.320394001     0.2677   4  20   0.3982   0.4913   1.2945  -0.1280   0.3699  -0.3512  -0.00    0.0
2382 117267.999   30.489543145  114.320398902    -1.0661   4  20   0.4132   0.4888   1.3036   0.0556   0.5051  -0.2915  -0.00    0.0
2382 117268.999   30.489540196  114.320417022     0.0336   4  20   0.4132   0.4888   1.3035   0.0556   0.5051  -0.2915  -0.00    0.0
2382 117269.999   30.489554535  114.320403115     0.7740   4  19   0.4148   0.5068   1.3777  -0.0432   0.4424  -0.2616  -0.00    0.0
2382 117270.999   30.489536497  114.320423589     3.3341   4  20   0.4136   0.4888   1.3440   0.0556   0.5051  -0.2810  -0.00    0.0
2382 117271.999   30.489541970  114.320434992     2.8367   4  21   0.3973   0.4689   1.2316  -0.1122   0.4428  -0.3659  -0.00    0.0
2382 117272.999   30.489537407  114.320441456     4.5315   4  21   0.3973   0.4689   1.2313  -0.1123   0.4427  -0.3659  -0.00    0.0
2382 117273.999   30.489522746  114.320442075     5.1021   4  18   0.4193   0.5070   1.4463  -0.0337   0.4483  -0.2044  -0.00    0.0
2382 117274.999   30.489528193  114.320444122     5.2801   4  19   0.4148   0.5069   1.3788  -0.0433   0.4426  -0.2623  -0.00    0.0
2382 117275.999   30.489538483  114.320462491     7.8430   4  21   0.3972   0.4690   1.2325  -0.1124   0.4431  -0.3662  -0.00    0.0
2382 117276.999   30.489529721  114.320422700     2.9397   4  19   0.4148   0.5070   1.3787  -0.0432   0.4426  -0.2624  -0.00    0.0
2382 117277.999   30.489532979  114.320426370    -0.3658   4  21   0.3972   0.4691   1.2322  -0.1124   0.4431  -0.3664  -0.00    0.0
2382 117278.999   30.489538777  114.320460057     6.2603   4  19   0.3988   0.4693   1.3014  -0.1118   0.4412  -0.3483  -0.00    0.0
2382 117279.999   30.489548525  114.320436257     3.8478   4  19   0.4264   0.4895   1.4561   0.0713   0.4945  -0.3711  -0.00    0.0
2382 117280.999   30.489569080  114.320431686     5.4832   4  19   0.4167   0.4902   1.3565   0.0694   0.5178  -0.2564  -0.00    0.0
2382 117281.999   30.489562503  114.320439426     3.9602   4  19   0.3995   0.5480   1.3426  -0.1402   0.5703  -0.3691  -0.00    0.0
2382 117282.999   30.489560390  114.320449960     4.3377   4  19   0.3995   0.5480   1.3424  -0.1403   0.5703  -0.3692  -0.00    0.0
2382 117283.999   30.489585297  114.320478512     4.6924   4  18   0.4854   0.6273   1.4588   0.2172   0.7135  -0.1838  -0.00    0.0
2382 117284.999   30.489581910  114.320487223    11.9588   4  19   0.4398   0.4703   1.2792  -0.1327   0.4451  -0.4092  -0.00    0.0
2382 117285.999   30.489585180  114.320496434    20.0804   4  19   0.4430   0.4703   1.3119  -0.1317   0.4465  -0.3898  -0.00    0.0
2382 117286.999   30.489553321  114.320501410    23.7695   4  20   0.3988   0.4696   1.3023  -0.1121   0.4418  -0.3493  -0.00    0.0
2382 117287.999   30.489553709  114.320485751    21.1386   4  20   0.3986   0.4694   1.2666  -0.1115   0.4463  -0.3538  -0.00    0.0
2382 117288.999   30.489542242  114.320466578    18.8760   4  19   0.3994   0.5481   1.3424  -0.1406   0.5702  -0.3698  -0.00    0.0
2382 117289.999   30.489527182  114.320425418     8.7350   4  18   0.4149   0.6318   1.5013   0.0529   0.6469  -0.2498  -0.00    0.0
2382 117290.999   30.489534355  114.320483697    19.8521   4  19   0.3997   0.4921   1.3437  -0.1301   0.3667  -0.3347  -0.00    0.0
2382 117291.999   30.489534837  114.320489914    19.9169   4  20   0.4000   0.4936   1.3975  -0.1323   0.3460  -0.3257  -0.00    0.0
2382 117292.999   30.489534436  114.320488173    18.5824   4  20   0.3985   0.4696   1.2677  -0.1116   0.4466  -0.3543  -0.00    0.0
2382 117293.999   30.489528098  114.320479978    16.8867   4  21   0.3971   0.4695   1.2349  -0.1129   0.4440  -0.3676  -0.00    0.0
2382 117294.999   30.489520115  114.320444262    15.0933   4  21   0.3971   0.4695   1.2346  -0.1129   0.4440  -0.3676  -0.00    0.0
2382 117295.999   30.489509225  114.320435720    17.6630   4  20   0.3972   0.4697   1.2661  -0.1134   0.4399  -0.3647  -0.00    0.0
2382 117296.999   30.489520069  114.320424689    18.1367   4  20   0.3972   0.4697   1.2663  -0.1134   0.4400  -0.3648  -0.00    0.0
2382 117297.999   30.489547022  114.320406166    14.7929   4  18   0.4428   0.4705   1.3122  -0.1317   0.4468  -0.3903  -0.00    0.0
2382 117298.999   30.489555723  114.320390117    12.3664   4  17   0.4429   0.5494   1.3815  -0.1174   0.5675  -0.3834  -0.00    0.0
2382 117299.999   30.489574384  114.320447658    25.8329   4  18   0.4138   0.6099   1.4952   0.0950   0.7020  -0.2649  -0.00    0.0
2382 117300.999   30.489593522  114.320496730    27.7507   4  15   0.5083   0.6609   1.7222   0.2393   0.7303   0.3119  -0.00    0.0
2382 117301.999   30.489577340  114.320479980    35.0721   4  17   0.4130   0.6080   1.5508   0.1240   0.7226  -0.1870  -0.00    0.0
2382 117302.999   30.489523889  114.320365937    -4.6721   4  19   0.3994   0.4712   1.3143  -0.1136   0.4469  -0.3539  -0.00    0.0
2382 117303.999   30.489547393  114.320425419    12.0384   4  18   0.8575   1.0689   2.8000   0.6676   1.4110   1.1437  -0.00    0.0
2382 117304.999   30.489585162  114.320496355    31.1033   4  17   0.4147   0.6141   1.5750   0.1289   0.7366  -0.1770  -0.00    0.0
2382 117305.999   30.489610563  114.320520972    38.8103   4  18   0.5880   0.7868   2.0752   0.3704   1.0486   0.4775  -0.00    0.0
2382 117306.999   30.489585364  114.320428658    20.5851   4  20   0.4000   0.5503   1.3886  -0.1429   0.5737  -0.3700  -0.00    0.0
2382 117307.999   30.489595729  114.320374471     8.1066   4  18   0.4187   0.6231   1.6053   0.1231   0.7507  -0.2002  -0.00    0.0
2382 117308.999   30.489621961  114.320379204     6.7688   4  18   0.4149   0.4931   1.3373  -0.0358   0.4836  -0.2597  -0.00    0.0
2382 117309.999   30.489647861  114.320424174    12.8251   4  18   0.4145   0.6139   1.5119   0.0937   0.7111  -0.2687  -0.00    0.0
2382 117310.999   30.489700265  114.320419816     7.3744   4  20   0.3974   0.4706   1.2704  -0.1140   0.4419  -0.3665  -0.00    0.0
2382 117311.999   30.489751107  114.320412310     5.5864   4  20   0.3972   0.4704   1.2695  -0.1139   0.4417  -0.3663  -0.00    0.0
2382 117312.999   30.489796380  114.320411762     7.4187   4  20   0.3971   0.4702   1.2687  -0.1138   0.4413  -0.3662  -0.00    0.0
2382 117313.999   30.489858079  114.320381769     9.1356   4  18   0.4134   0.4981   1.4823  -0.0985   0.2933  -0.4372  -0.00    0.0
2382 117314.999   30.489922761  114.320406908    10.4356   4  19   0.3980   0.4939   1.3484  -0.1303   0.3556  -0.3497  -0.00    0.0
2382 117315.999   30.490003267  114.320410846     4.4650   4  16   0.5686   0.5537   2.1892   0.2337  -0.4800  -0.8985  -0.00    0.0
2382 117316.999   30.489995651  114.320384551     0.0230   4  13   0.5103   0.6493   1.5055   0.0535   0.5918  -0.4224  -0.00    0.0
2382 117317.999   30.490026994  114.320507465    19.9505   4  11   0.4872   1.2861   3.3424   0.2235   1.9157   0.5201  -0.00    0.0
2382 117318.999   30.490117241  114.320456880     7.0688   4  10   0.6004   0.8896   2.2039  -0.4608   1.1809  -0.8298  -0.00    0.0
2382 117319.999   30.490216123  114.320401481    -6.7887   4  12   0.5096   0.7899   2.1616  -0.3648   1.0895  -0.6597  -0.00    0.0
2382 117320.999   30.490294264  114.320415949    -5.9863   4  17   0.4412   0.5176   1.6000  -0.1397   0.6063  -0.4002  -0.00    0.0
2382 117321.999   30.490307005  114.320415332    -3.6262   4  16   0.4758   0.5784   1.3612  -0.1602   0.5351  -0.3761  -0.00    0.0
2382 117322.999   30.490309454  114.320403620    -6.1159   4  17   0.4461   0.5034   1.4738   0.0857   0.5670  -0.1941  -0.00    0.0
2382 117323.999   30.490363253  114.320421421     1.9522   4  17   0.4588   0.5502   1.3522  -0.2275   0.5640  -0.4717  -0.00    0.0
2382 117324.999   30.490364143  114.320384872     8.4567   4  17   0.5428   0.4932   1.4340   0.1303   0.5291   0.1116  -0.00    0.0
2382 117325.999   30.490441594  114.320365576    13.7264   4  18   0.4153   0.5093   1.4430  -0.0496   0.4360  -0.2501  -0.00    0.0
2382 117326.999   30.490483661  114.320365288    24.4397   4  18   0.4169   0.4918   1.4066   0.0686   0.5217  -0.2480  -0.00    0.0
2382 117327.999   30.490473750  114.320355984    23.3819   4  17   0.4842   0.4925   1.4067   0.1036   0.5222  -0.2362  -0.00    0.0
2382 117328.999   30.490473678  114.320370781    15.5713   4  18   0.4406   0.4952   1.3601  -0.1504   0.3638  -0.3919  -0.00    0.0
2382 117329.999   30.490477976  114.320361860    18.3113   4  20   0.3971   0.4707   1.2718  -0.1143   0.4427  -0.3677  -0.00    0.0
2382 117330.999   30.490507944  114.320354386    16.7471   4  18   0.4138   0.4718   1.4167  -0.0967   0.4257  -0.4318  -0.00    0.0
2382 117331.999   30.490534275  114.320341785    13.2460   4  19   0.4133   0.4718   1.3707  -0.0973   0.4242  -0.4404  -0.00    0.0
2382 117332.999   30.490573897  114.320339603    13.6532   4  19   0.4133   0.4718   1.3712  -0.0974   0.4243  -0.4407  -0.00    0.0
2382 117333.999   30.490615745  114.320357994    14.7054   4  19   0.4133   0.4718   1.3712  -0.0974   0.4244  -0.4407  -0.00    0.0
2382 117334.999   30.490629857  114.320346517    11.4199   4  18   0.4261   0.4912   1.4631   0.0682   0.4999  -0.3760  -0.00    0.0
2382 117335.999   30.490643840  114.320334263     9.9453   4  19   0.4132   0.4719   1.3719  -0.0976   0.4248  -0.4409  -0.00    0.0
2382 117336.999   30.490654161  114.320341721    10.6719   4  19   0.4132   0.4719   1.3719  -0.0976   0.4249  -0.4409  -0.00    0.0
2382 117337.999   30.490688277  114.320341419    10.3940   4  19   0.4132   0.4719   1.3717  -0.0977   0.4248  -0.4409  -0.00    0.0
2382 117338.999   30.490713226  114.320348613    11.9369   4  19   0.4132   0.4720   1.3719  -0.0977   0.4249  -0.4410  -0.00    0.0
2382 117339.999   30.490740057  114.320358367    13.8162   4  19   0.4132   0.4720   1.3720  -0.0978   0.4250  -0.4411  -0.00    0.0
2382 117340.999   30.490768018  114.320352766    10.5303   4  19   0.4132   0.4720   1.3722  -0.0978   0.4251  -0.4412  -0.00    0.0
2382 117341.999   30.490771080  114.320347942    11.8191   4  19   0.4132   0.4720   1.3723  -0.0979   0.4252  -0.4412  -0.00    0.0
2382 117342.999   30.490762026  114.320343411    10.9749   4  18   0.4136   0.4721   1.4185  -0.0975   0.4272  -0.4331  -0.00    0.0
2382 117343.999   30.490767761  114.320337462    10.9161   4  18   0.4136   0.4721   1.4189  -0.0976   0.4274  -0.4333  -0.00    0.0
2382 117344.999   30.490768858  114.320330261     5.5544   4  16   0.4286   0.5121   1.7121   0.0483   0.3989  -0.3236  -0.00    0.0
2382 117345.999   30.490786714  114.320347724    11.9189   4  18   0.4077   0.4653   1.3915  -0.0938   0.4174  -0.4224  -0.00    0.0
2382 117346.999   30.490790496  114.320370794    16.3755   4  19   0.4142   0.4734   1.3842  -0.0997   0.4295  -0.4454  -0.00    0.0
2382 117347.999   30.490810171  114.320352390    11.4175   4  17   0.4139   0.4998   1.5599  -0.1023   0.2801  -0.4298  -0.00    0.0
2382 117348.999   30.490813928  114.320332293    10.3970   4  17   0.4137   0.4995   1.5597  -0.1023   0.2803  -0.4298  -0.00    0.0
2382 117349.999   30.490821346  114.320327033    11.9561   4  18   0.4132   0.4989   1.4905  -0.1001   0.2983  -0.4408  -0.00    0.0
2382 117350.999   30.490832265  114.320318932    12.4656   4  17   0.4136   0.4994   1.5600  -0.1023   0.2804  -0.4300  -0.00    0.0
2382 117351.999   30.490839250  114.320319387     9.3869   4  20   0.3970   0.4713   1.2756  -0.1150   0.4444  -0.3699  -0.00    0.0
2382 117352.999   30.490870500  114.320339755     7.9718   4  19   0.3982   0.4714   1.3104  -0.1138   0.4470  -0.3567  -0.00    0.0
2382 117353.999   30.490885602  114.320352463     8.5571   4  18   0.4135   0.4724   1.4189  -0.0980   0.4283  -0.4337  -0.00    0.0
2382 117354.999   30.490912214  114.320352620    11.0236   4  19   0.4130   0.4724   1.3741  -0.0987   0.4266  -0.4420  -0.00    0.0
2382 117355.999   30.490956328  114.320359252     6.9640   4  17   0.4135   0.4995   1.5589  -0.1026   0.2819  -0.4302  -0.00    0.0
2382 117356.999   30.491010248  114.320318138     6.7997   4  20   0.3969   0.4714   1.2761  -0.1151   0.4448  -0.3703  -0.00    0.0
2382 117357.999   30.491047007  114.320333435    13.4646   4  18   0.4130   0.4991   1.4901  -0.1004   0.2995  -0.4409  -0.00    0.0
2382 117358.999   30.491103704  114.320325104    10.3957   4  19   0.3977   0.4951   1.3548  -0.1309   0.3592  -0.3541  -0.00    0.0
2382 117359.999   30.491148572  114.320326107     9.8305   4  18   0.3993   0.4953   1.4045  -0.1327   0.3523  -0.3354  -0.00    0.0
2382 117360.999   30.491187133  114.320334056    19.1128   4  17   0.4135   0.4996   1.5591  -0.1027   0.2824  -0.4305  -0.00    0.0
2382 117361.999   30.491218954  114.320347299    10.1436   4  18   0.4449   0.5278   1.7230   0.1347  -0.2393  -0.5553  -0.00    0.0
2382 117362.999   30.491252370  114.320327618    10.8299   4  18   0.3943   0.4879   1.3790  -0.1290   0.3408  -0.3318  -0.00    0.0
2382 117363.999   30.491295677  114.320320663     8.1016   4  19   0.3988   0.4729   1.3212  -0.1152   0.4517  -0.3607  -0.00    0.0
2382 117364.999   30.491332436  114.320326028     8.3184   4  20   0.3971   0.4720   1.2774  -0.1153   0.4456  -0.3709  -0.00    0.0
2382 117365.999   30.491386868  114.320313314     5.5430   4  19   0.3981   0.4718   1.3112  -0.1142   0.4480  -0.3579  -0.00    0.0
2382 117366.999   30.491421800  114.320318641     7.4893   4  19   0.4129   0.4727   1.3751  -0.0993   0.4277  -0.4425  -0.00    0.0
2382 117367.999   30.491477017  114.320335302     5.1447   4  20   0.3968   0.4717   1.2768  -0.1153   0.4455  -0.3709  -0.00    0.0
2382 117368.999   30.491526426  114.320344545     7.0613   4  20   0.3968   0.4717   1.2767  -0.1154   0.4455  -0.3710  -0.00    0.0
2382 117369.999   30.491578762  114.320323465     6.9951   4  19   0.4129   0.4727   1.3754  -0.0994   0.4279  -0.4427  -0.00    0.0
2382 117370.999   30.491630285  114.320339356     8.3250   4  19   0.3980   0.4719   1.3119  -0.1143   0.4484  -0.3586  -0.00    0.0
2382 117371.999   30.491672580  114.320322963     5.1309   4  18   0.3992   0.5806   1.4045  -0.1668   0.4904  -0.3729  -0.00    0.0
2382 117372.999   30.491724096  114.320336126     8.6230   4  19   0.3976   0.4955   1.3565  -0.1311   0.3606  -0.3553  -0.00    0.0
2382 117373.999   30.491775236  114.320335374    13.2569   4  17   0.4133   0.4999   1.5601  -0.1033   0.2853  -0.4318  -0.00    0.0
2382 117374.999   30.491826457  114.320328133    11.4457   4  19   0.4129   0.4729   1.3777  -0.0998   0.4286  -0.4435  -0.00    0.0
2382 117375.999   30.491881013  114.320324132     8.2322   4  19   0.3976   0.4955   1.3577  -0.1311   0.3607  -0.3559  -0.00    0.0
2382 117376.999   30.491930218  114.320315017     8.6850   4  18   0.3991   0.4957   1.4058  -0.1328   0.3541  -0.3377  -0.00    0.0
2382 117377.999   30.491988469  114.320326869     4.1414   4  20   0.3968   0.4720   1.2784  -0.1156   0.4462  -0.3717  -0.00    0.0
2382 117378.999   30.492047486  114.320340206     7.6136   4  20   0.3968   0.4720   1.2782  -0.1156   0.4462  -0.3717  -0.00    0.0
2382 117379.999   30.492114031  114.320320564     6.1997   4  19   0.3979   0.4721   1.3125  -0.1145   0.4490  -0.3594  -0.00    0.0
2382 117380.999   30.492173777  114.320342568     7.7571   4  20   0.3968   0.4721   1.2782  -0.1157   0.4464  -0.3719  -0.00    0.0
2382 117381.999   30.492241007  114.320329437     9.8442   4  19   0.3979   0.4722   1.3128  -0.1146   0.4492  -0.3596  -0.00    0.0
2382 117382.999   30.492316886  114.320314472     7.2546   4  20   0.3968   0.4721   1.2785  -0.1157   0.4466  -0.3720  -0.00    0.0
2382 117383.999   30.492383247  114.320313140     9.3067   4  19   0.3976   0.4957   1.3575  -0.1312   0.3614  -0.3563  -0.00    0.0
2382 117384.999   30.492457165  114.320315381    13.7439   4  18   0.4132   0.4731   1.4223  -0.0998   0.4317  -0.4364  -0.00    0.0
2382 117385.999   30.492528523  114.320293463     9.8448   4  19   0.4128   0.4731   1.3786  -0.1004   0.4297  -0.4441  -0.00    0.0
2382 117386.999   30.492608535  114.320286072    20.2106   4  17   0.4156   0.5514   1.5175  -0.1502   0.5794  -0.4628  -0.00    0.0
2382 117387.999   30.492687729  114.320287567    20.9541   4  19   0.3979   0.4724   1.3147  -0.1149   0.4502  -0.3607  -0.00    0.0
2382 117388.999   30.492745337  114.320319020     8.3738   4  17   0.4154   0.5823   1.5542  -0.1560   0.4696  -0.4652  -0.00    0.0
2382 117389.999   30.492801734  114.320319988     5.1181   4  20   0.3976   0.4960   1.3596  -0.1314   0.3622  -0.3572  -0.00    0.0
2382 117390.999   30.492861733  114.320291057    19.2366   4  19   0.3979   0.4725   1.3150  -0.1150   0.4502  -0.3610  -0.00    0.0
2382 117391.999   30.492885819  114.320316233    15.5100   4  19   0.4131   0.4733   1.4232  -0.1002   0.4324  -0.4370  -0.00    0.0
2382 117392.999   30.492908096  114.320330508     9.5353   4  19   0.3989   0.4962   1.4075  -0.1329   0.3559  -0.3399  -0.00    0.0
2382 117393.999   30.492937776  114.320312945    12.8856   4  18   0.4131   0.4734   1.4242  -0.1004   0.4328  -0.4374  -0.00    0.0
2382 117394.999   30.492967931  114.320326688    10.7163   4  19   0.3978   0.4726   1.3151  -0.1150   0.4504  -0.3613  -0.00    0.0
2382 117395.999   30.492994504  114.320323142     8.4096   4  19   0.3978   0.4726   1.3149  -0.1150   0.4505  -0.3613  -0.00    0.0
2382 117396.999   30.493000806  114.320332658    11.4399   4  18   0.4131   0.4735   1.4236  -0.1005   0.4331  -0.4374  -0.00    0.0
2382 117397.999   30.493015116  114.320314298    11.8481   4  18   0.4131   0.4735   1.4242  -0.1006   0.4333  -0.4377  -0.00    0.0
2382 117398.999   30.493034579  114.320311022     8.7249   4  19   0.3978   0.4727   1.3157  -0.1152   0.4508  -0.3618  -0.00    0.0
2382 117399.999   30.493061447  114.320326493     8.3064   4  19   0.3978   0.4727   1.3154  -0.1151   0.4508  -0.3618  -0.00    0.0
2382 117400.999   30.493104532  114.320324291     5.4703   4  20   0.3967   0.4727   1.2811  -0.1162   0.4480  -0.3736  -0.00    0.0
2382 117401.999   30.493148627  114.320310344     4.8964   4  19   0.3978   0.4728   1.3151  -0.1151   0.4508  -0.3618  -0.00    0.0
2382 117402.999   30.493201486  114.320306963     4.2789   4  19   0.3977   0.4728   1.3152  -0.1152   0.4509  -0.3619  -0.00    0.0
2382 117403.999   30.493258403  114.320295173     7.4808   4  18   0.3989   0.5519   1.3902  -0.1478   0.5757  -0.3803  -0.00    0.0
2382 117404.999   30.493322032  114.320296959     7.1046   4  19   0.3980   0.5508   1.3488  -0.1511   0.5653  -0.3920  -0.00    0.0
2382 117405.999   30.493380848  114.320302012     9.5869   4  19   0.4126   0.4738   1.3812  -0.1017   0.4322  -0.4453  -0.00    0.0
2382 117406.999   30.493454710  114.320306414     9.7424   4  19   0.3977   0.4730   1.3162  -0.1154   0.4515  -0.3626  -0.00    0.0
2382 117407.999   30.493521396  114.320303078     9.6513   4  18   0.4130   0.4738   1.4250  -0.1011   0.4343  -0.4384  -0.00    0.0
2382 117408.999   30.493587804  114.320300968     8.8616   4  18   0.4130   0.4738   1.4254  -0.1012   0.4345  -0.4386  -0.00    0.0
2382 117409.999   30.493636488  114.320304567    11.5022   4  19   0.4126   0.4738   1.3823  -0.1018   0.4323  -0.4458  -0.00    0.0
2382 117410.999   30.493673756  114.320291714    11.1602   4  19   0.4126   0.4738   1.3822  -0.1019   0.4324  -0.4458  -0.00    0.0
2382 117411.999   30.493714465  114.320264592    11.3932   4  18   0.4153   0.5510   1.4644  -0.1535   0.5683  -0.4706  -0.00    0.0
2382 117412.999   30.493785467  114.320286013     9.1984   4  18   0.4841   0.4893   1.6692   0.1430   0.2707  -0.6600  -0.00    0.0
2382 117413.999   30.493816081  114.320285283    15.2030   4  18   0.4363   0.5522   1.4733  -0.0143   0.4782  -0.5217  -0.00    0.0
2382 117414.999   30.493867103  114.320244538    16.8929   4  19   0.4136   0.4751   1.3941  -0.1036   0.4366  -0.4500  -0.00    0.0
2382 117415.999   30.493948920  114.320244495    17.5999   4  20   0.3969   0.4735   1.2848  -0.1168   0.4497  -0.3754  -0.00    0.0
2382 117416.999   30.494036225  114.320242203    11.3171   4  18   0.4126   0.5004   1.4978  -0.1032   0.3084  -0.4452  -0.00    0.0
2382 117417.999   30.494131654  114.320268488     6.9791   4  19   0.4126   0.4740   1.3832  -0.1022   0.4330  -0.4462  -0.00    0.0
2382 117418.999   30.494213800  114.320270595     7.7260   4  20   0.3967   0.4732   1.2844  -0.1168   0.4494  -0.3754  -0.00    0.0
2382 117419.999   30.494293063  114.320289370     7.9858   4  20   0.3966   0.4732   1.2839  -0.1168   0.4494  -0.3753  -0.00    0.0
2382 117420.999   30.494370109  114.320267912     8.0642   4  18   0.4100   0.5140   1.3183   0.0815   0.4399  -0.3714  -0.00    0.0
2382 117421.999   30.494461938  114.320276737     9.4185   4  19   0.4125   0.4741   1.3829  -0.1024   0.4333  -0.4462  -0.00    0.0
2382 117422.999   30.494516637  114.320291242    11.9205   4  20   0.3966   0.4733   1.2845  -0.1168   0.4497  -0.3756  -0.00    0.0
2382 117423.999   30.494586371  114.320295952    12.6200   4  19   0.3976   0.4734   1.3178  -0.1158   0.4526  -0.3643  -0.00    0.0
2382 117424.999   30.494642623  114.320309633    10.9015   4  18   0.3988   0.5525   1.3921  -0.1490   0.5770  -0.3829  -0.00    0.0
2382 117425.999   30.494698140  114.320319320     9.5460   4  20   0.3966   0.4734   1.2850  -0.1170   0.4501  -0.3758  -0.00    0.0
2382 117426.999   30.494776470  114.320316014     7.7427   4  19   0.3976   0.4735   1.3182  -0.1159   0.4531  -0.3646  -0.00    0.0
2382 117427.999   30.494856370  114.320333565     4.4602   4  20   0.3966   0.4734   1.2848  -0.1170   0.4500  -0.3758  -0.00    0.0
2382 117428.999   30.494938363  114.320322583     3.8976   4  19   0.3976   0.4735   1.3181  -0.1159   0.4530  -0.3647  -0.00    0.0
2382 117429.999   30.495012761  114.320321343     0.8205   4  20   0.3966   0.4735   1.2851  -0.1170   0.4502  -0.3760  -0.00    0.0
2382 117430.999   30.495084403  114.320332191     1.3130   4  19   0.4124   0.4743   1.3841  -0.1029   0.4343  -0.4467  -0.00    0.0
2382 117431.999   30.495138145  114.320314517     2.9556   4  19   0.4124   0.4743   1.3846  -0.1030   0.4344  -0.4470  -0.00    0.0
2382 117432.999   30.495173157  114.320325296     4.3657   4  19   0.4124   0.4743   1.3852  -0.1031   0.4346  -0.4472  -0.00    0.0
2382 117433.999   30.495189096  114.320326387     8.0108   4  19   0.3980   0.5517   1.3528  -0.1526   0.5671  -0.3950  -0.00    0.0
2382 117434.999   30.495211835  114.320347324     9.6332   4  20   0.3966   0.4737   1.2863  -0.1172   0.4508  -0.3767  -0.00    0.0
2382 117435.999   30.495216471  114.320371395     8.7825   4  20   0.3966   0.4737   1.2861  -0.1172   0.4508  -0.3766  -0.00    0.0
2382 117436.999   30.495237436  114.320372927     8.5412   4  20   0.3965   0.4737   1.2860  -0.1172   0.4507  -0.3766  -0.00    0.0
2382 117437.999   30.495254226  114.320400112    11.2638   4  19   0.4094   0.5143   1.2868   0.0816   0.4410  -0.3825  -0.00    0.0
2382 117438.999   30.495269385  114.320406919     9.2178   4  20   0.3965   0.4737   1.2862  -0.1172   0.4508  -0.3767  -0.00    0.0
2382 117439.999   30.495282864  114.320430844     9.1901   4  19   0.3980   0.5519   1.3528  -0.1528   0.5673  -0.3952  -0.00    0.0
2382 117440.999   30.495290846  114.320438876     7.7054   4  20   0.3965   0.4738   1.2868  -0.1174   0.4512  -0.3770  -0.00    0.0
2382 117441.999   30.495285825  114.320469622    10.6541   4  20   0.3965   0.4739   1.2869  -0.1174   0.4513  -0.3771  -0.00    0.0
2382 117442.999   30.495293915  114.320514944    12.3465   4  19   0.4123   0.4746   1.3857  -0.1035   0.4355  -0.4475  -0.00    0.0
2382 117443.999   30.495283185  114.320554722     8.7354   4  18   0.4179   0.4788   1.4044  -0.1226   0.4192  -0.4303  -0.00    0.0
2382 117444.999   30.495261005  114.320605384     2.5881   4  20   0.3965   0.4739   1.2878  -0.1175   0.4514  -0.3775  -0.00    0.0
2382 117445.999   30.495232332  114.320703378     1.0190   4  19   0.3980   0.5521   1.3541  -0.1532   0.5678  -0.3960  -0.00    0.0
2382 117446.999   30.495221675  114.320805401    -1.7453   4  20   0.3965   0.4740   1.2877  -0.1175   0.4516  -0.3775  -0.00    0.0
2382 117447.999   30.495195797  114.320921950    -1.3069   4  20   0.3965   0.4740   1.2878  -0.1176   0.4517  -0.3776  -0.00    0.0
2382 117448.999   30.495169560  114.321032904     3.0032   4  19   0.4122   0.4748   1.3865  -0.1039   0.4361  -0.4479  -0.00    0.0
2382 117449.999   30.495124589  114.321147840     9.0346   4  20   0.3965   0.4740   1.2882  -0.1176   0.4517  -0.3778  -0.00    0.0
2382 117450.999   30.495094422  114.321281545     9.6006   4  20   0.3965   0.4741   1.2883  -0.1176   0.4518  -0.3779  -0.00    0.0
2382 117451.999   30.495083570  114.321423395     0.8171   4  19   0.4122   0.4748   1.3869  -0.1040   0.4364  -0.4481  -0.00    0.0
2382 117452.999   30.495046864  114.321546262    -7.4007   4  18   0.4253   0.4950   1.4752   0.0616   0.5106  -0.3855  -0.00    0.0
2382 117453.999   30.495020577  114.321685771    -4.2358   4  18   0.4253   0.4951   1.4763   0.0614   0.5110  -0.3858  -0.00    0.0
2382 117454.999   30.495000472  114.321829787     4.6662   4  18   0.4123   0.5012   1.5042  -0.1049   0.3143  -0.4483  -0.00    0.0
2382 117455.999   30.494969573  114.321967065     3.4926   4  19   0.4126   0.4750   1.4312  -0.1038   0.4397  -0.4427  -0.00    0.0
2382 117456.999   30.494924152  114.322079884     8.7206   4  16   0.4952   0.5096   1.8506   0.1845   0.3946  -0.6259  -0.00    0.0
2382 117457.999   30.494914659  114.322189628     2.0924   4  19   0.4072   0.4682   1.3666  -0.1005   0.4275  -0.4417  -0.00    0.0
2382 117458.999   30.494886972  114.322299433     0.6133   4  19   0.4133   0.4763   1.4003  -0.1060   0.4412  -0.4529  -0.00    0.0
2382 117459.999   30.494871817  114.322411104     3.3284   4  19   0.4125   0.4754   1.3901  -0.1046   0.4377  -0.4493  -0.00    0.0
2382 117460.999   30.494841441  114.322516833     5.1866   4  19   0.4123   0.4751   1.3894  -0.1046   0.4375  -0.4491  -0.00    0.0
2382 117461.999   30.494814520  114.322632895     0.8991   4  17   0.4125   0.5017   1.5670  -0.1066   0.3016  -0.4408  -0.00    0.0
2382 117462.999   30.494789712  114.322747613    -1.8593   4  17   0.4125   0.5017   1.5682  -0.1066   0.3017  -0.4411  -0.00    0.0
2382 117463.999   30.494755880  114.322853996     8.4435   4  18   0.4253   0.4954   1.4784   0.0608   0.5118  -0.3869  -0.00    0.0
2382 117464.999   30.494737777  114.322954145    10.5558   4  17   0.4266   0.4965   1.5411   0.0691   0.5252  -0.3670  -0.00    0.0
2382 117465.999   30.494719174  114.323080928    12.4146   4  18   0.4125   0.4753   1.4324  -0.1044   0.4410  -0.4435  -0.00    0.0
2382 117466.999   30.494694479  114.323158834     7.3604   4  19   0.4122   0.4753   1.3907  -0.1049   0.4384  -0.4495  -0.00    0.0
2382 117467.999   30.494665411  114.323247707     4.0685   4  19   0.4129   0.4954   1.3662   0.0497   0.5185  -0.3041  -0.00    0.0
2382 117468.999   30.494638401  114.323359838     9.3114   4  20   0.3964   0.4746   1.2911  -0.1181   0.4533  -0.3794  -0.00    0.0
2382 117469.999   30.494624666  114.323473014     8.9272   4  20   0.3964   0.4746   1.2909  -0.1180   0.4533  -0.3793  -0.00    0.0
2382 117470.999   30.494609038  114.323549903     1.9090   4  19   0.4129   0.4955   1.3655   0.0498   0.5185  -0.3041  -0.00    0.0
2382 117471.999   30.494571859  114.323650997     6.4438   4  19   0.3973   0.4748   1.3232  -0.1171   0.4564  -0.3693  -0.00    0.0
2382 117472.999   30.494558285  114.323730132     7.4547   4  19   0.4120   0.4754   1.3903  -0.1051   0.4387  -0.4494  -0.00    0.0
2382 117473.999   30.494544260  114.323797353     3.8047   4  19   0.4121   0.4754   1.3906  -0.1052   0.4387  -0.4497  -0.00    0.0
2382 117474.999   30.494542158  114.323881262     3.3683   4  19   0.4121   0.4754   1.3911  -0.1053   0.4388  -0.4499  -0.00    0.0
2382 117475.999   30.494507781  114.323925958    13.0811   4  19   0.4423   0.4855   1.4706   0.0774   0.3666  -0.5313  -0.00    0.0
2382 117476.999   30.494514008  114.323996424     7.3337   4  19   0.4121   0.4755   1.3917  -0.1054   0.4391  -0.4502  -0.00    0.0
2382 117477.999   30.494507692  114.324037438    10.5224   4  18   0.4252   0.4958   1.4785   0.0601   0.5128  -0.3879  -0.00    0.0
2382 117478.999   30.494497618  114.324092377    14.9181   4  17   0.4265   0.4969   1.5407   0.0683   0.5262  -0.3686  -0.00    0.0
2382 117479.999   30.494471162  114.324104282    15.0106   4  18   0.4841   0.4902   1.6887   0.1379   0.2828  -0.6675  -0.00    0.0
2382 117480.999   30.494474056  114.324110975     6.9732   4  17   0.4862   0.5014   1.7106   0.1796   0.3767  -0.6086  -0.00    0.0
2382 117481.999   30.494467081  114.324094095     2.1133   4  18   0.4258   0.4970   1.4860   0.0592   0.5160  -0.3899  -0.00    0.0
2382 117482.999   30.494475399  114.324113614     1.2998   4  18   0.4137   0.6218   1.5277   0.0785   0.7213  -0.2968  -0.00    0.0
2382 117483.999   30.494455244  114.324109080     2.6280   4  18   0.4594   0.5078   1.5345   0.1544   0.4443  -0.4822  -0.00    0.0
2382 117484.999   30.494450596  114.324159027     2.8553   4  18   0.4252   0.4964   1.4806   0.0595   0.5144  -0.3885  -0.00    0.0
2382 117485.999   30.494448100  114.324207564     9.5616   4  18   0.4252   0.4962   1.4802   0.0596   0.5140  -0.3885  -0.00    0.0
2382 117486.999   30.494446994  114.324262056    13.6838   4  20   0.3964   0.4751   1.2944  -0.1186   0.4549  -0.3811  -0.00    0.0
2382 117487.999   30.494437528  114.324287892    15.7171   4  20   0.3964   0.4751   1.2938  -0.1185   0.4548  -0.3810  -0.00    0.0
2382 117488.999   30.494415897  114.324292987     2.1291   4  19   0.4128   0.4961   1.3675   0.0492   0.5197  -0.3062  -0.00    0.0
2382 117489.999   30.494415617  114.324350938     0.5062   4  20   0.3963   0.4752   1.2938  -0.1186   0.4548  -0.3810  -0.00    0.0
2382 117490.999   30.494402832  114.324413869     9.7314   4  20   0.3971   0.4753   1.3253  -0.1176   0.4579  -0.3713  -0.00    0.0
2382 117491.999   30.494384677  114.324464074     3.1111   4  19   0.4152   0.4972   1.4150   0.0621   0.5311  -0.2791  -0.00    0.0
2382 117492.999   30.494361524  114.324513543     0.2577   4  19   0.4128   0.4963   1.3687   0.0491   0.5202  -0.3067  -0.00    0.0
2382 117493.999   30.494354863  114.324604456     4.1432   4  20   0.3963   0.4753   1.2947  -0.1187   0.4553  -0.3813  -0.00    0.0
2382 117494.999   30.494356999  114.324672001     3.4524   4  19   0.3971   0.4754   1.3258  -0.1177   0.4582  -0.3717  -0.00    0.0
2382 117495.999   30.494329336  114.324750329     4.9833   4  19   0.3971   0.4754   1.3258  -0.1177   0.4582  -0.3718  -0.00    0.0
2382 117496.999   30.494315715  114.324835864     4.0062   4  19   0.3971   0.4754   1.3260  -0.1177   0.4583  -0.3719  -0.00    0.0
2382 117497.999   30.494290047  114.324917978    -0.4295   4  19   0.4118   0.4760   1.3936  -0.1065   0.4411  -0.4510  -0.00    0.0
2382 117498.999   30.494271244  114.324997333    -3.5261   4  18   0.4348   0.4761   1.4004  -0.1107   0.4403  -0.4304  -0.00    0.0
2382 117499.999   30.494248932  114.325099236     0.2471   4  17   0.4852   0.4766   1.4077  -0.1299   0.4438  -0.4640  -0.00    0.0
2382 117500.999   30.494215391  114.325199357     9.4492   4  19   0.4196   0.4755   1.3033  -0.1228   0.4546  -0.3561  -0.00    0.0
2382 117501.999   30.494181668  114.325298633    28.2846   4  17   0.4596   0.6317   1.6505   0.1780   0.6522  -0.4704  -0.00    0.0
2382 117502.999   30.494167335  114.325422846    28.7232   4  17   0.4103   0.6122   1.5436   0.0996   0.7206  -0.2567  -0.00    0.0
2382 117503.999   30.494173957  114.325464497     9.0655   4  16   0.5168   0.5621   2.3191   0.2560  -0.5696  -0.8528  -0.00    0.0
2382 117504.999   30.494157454  114.325556316     3.4304   4  16   0.4841   0.4733   1.4322  -0.1262   0.4378  -0.4420  -0.00    0.0
2382 117505.999   30.494113505  114.325672579     7.5835   4  18   0.4869   0.4917   1.7163   0.1360   0.2894  -0.6793  -0.00    0.0
2382 117506.999   30.494108755  114.325770618    10.4232   4  18   0.4096   0.4726   1.4078  -0.1029   0.4343  -0.4383  -0.00    0.0
2382 117507.999   30.494088435  114.325868317     3.5285   4  17   0.4272   0.4995   1.5571   0.0648   0.5342  -0.3759  -0.00    0.0
2382 117508.999   30.494078177  114.325967979     4.1818   4  16   0.4878   0.4773   1.4501  -0.1292   0.4471  -0.4472  -0.00    0.0
2382 117509.999   30.494047954  114.326046629     6.2214   4  16   0.4874   0.4770   1.4495  -0.1291   0.4470  -0.4469  -0.00    0.0
2382 117510.999   30.494029909  114.326150121     4.3153   4  18   0.4121   0.4765   1.4364  -0.1068   0.4455  -0.4470  -0.00    0.0
2382 117511.999   30.493990111  114.326238723     3.9683   4  18   0.4121   0.4765   1.4365  -0.1068   0.4455  -0.4471  -0.00    0.0
2382 117512.999   30.493932889  114.326329728    -4.4279   4  14   0.6353   0.5159   1.8885   0.2478   0.4010  -0.6228  -0.00    0.0
2382 117513.999   30.493907009  114.326453600    10.1126   4  19   0.4079   0.4695   1.4128  -0.1023   0.4356  -0.4399  -0.00    0.0
2382 117514.999   30.493860950  114.326567148    10.1327   4  17   0.4863   0.4782   1.4215  -0.1315   0.4493  -0.4681  -0.00    0.0
2382 117515.999   30.493889511  114.326665039    11.4566   4  18   0.4253   0.4976   1.4835   0.0581   0.5167  -0.3910  -0.00    0.0
2382 117516.999   30.493854480  114.326746463    11.4352   4  18   0.4528   0.4770   1.4062  -0.1236   0.4468  -0.4840  -0.00    0.0
2382 117517.999   30.493823963  114.326851045    18.4234   4  19   0.4372   0.4764   1.3060  -0.1342   0.4602  -0.4158  -0.00    0.0
2382 117518.999   30.493807951  114.326944927    19.4298   4  18   0.3979   0.4996   1.4203  -0.1340   0.3682  -0.3566  -0.00    0.0
2382 117519.999   30.493792293  114.327039521    11.2019   4  18   0.4526   0.4770   1.4056  -0.1235   0.4467  -0.4836  -0.00    0.0
2382 117520.999   30.493764623  114.327131133    13.7822   4  20   0.3962   0.4760   1.2987  -0.1194   0.4571  -0.3838  -0.00    0.0
2382 117521.999   30.493735873  114.327210152     7.5230   4  17   0.4153   0.6269   1.5859   0.1001   0.7448  -0.2630  -0.00    0.0
2382 117522.999   30.493719748  114.327287424     4.5595   4  17   0.4095   0.6134   1.5424   0.0977   0.7225  -0.2577  -0.00    0.0
2382 117523.999   30.493709499  114.327394031     7.1105   4  20   0.3970   0.4774   1.3084  -0.1207   0.4611  -0.3870  -0.00    0.0
2382 117524.999   30.493673006  114.327515470     8.6525   4  19   0.3971   0.5002   1.3800  -0.1332   0.3736  -0.3705  -0.00    0.0
2382 117525.999   30.493674274  114.327617970     8.5356   4  19   0.4371   0.4767   1.3064  -0.1341   0.4605  -0.4158  -0.00    0.0
2382 117526.999   30.493612457  114.327685732     2.1128   4  19   0.4127   0.4973   1.3720   0.0479   0.5221  -0.3107  -0.00    0.0
2382 117527.999   30.493583491  114.327771060     0.1195   4  17   0.4251   0.5177   1.6161   0.0377   0.4186  -0.3806  -0.00    0.0
2382 117528.999   30.493572879  114.327849281     6.4205   4  20   0.3912   0.4694   1.2760  -0.1155   0.4476  -0.3754  -0.00    0.0
2382 117529.999   30.493539754  114.327914417     6.6989   4  18   0.4176   0.5179   1.5417  -0.0435   0.4612  -0.2443  -0.00    0.0
2382 117530.999   30.493533929  114.327983986    12.1699   4  18   0.4119   0.5034   1.5155  -0.1081   0.3244  -0.4539  -0.00    0.0
2382 117531.999   30.493520233  114.328043892     9.4346   4  18   0.4261   0.4987   1.5433   0.0649   0.5305  -0.3751  -0.00    0.0
2382 117532.999   30.493510894  114.328076760    11.1785   4  20   0.3962   0.4764   1.3012  -0.1198   0.4583  -0.3850  -0.00    0.0
2382 117533.999   30.493505765  114.328100388    15.7621   4  20   0.3969   0.4765   1.3309  -0.1188   0.4613  -0.3759  -0.00    0.0
2382 117534.999   30.493495111  114.328121497    13.5405   4  19   0.4148   0.4987   1.4176   0.0603   0.5335  -0.2866  -0.00    0.0
2382 117535.999   30.493484051  114.328152554    10.5513   4  20   0.3962   0.4765   1.3006  -0.1198   0.4584  -0.3849  -0.00    0.0
2382 117536.999   30.493469026  114.328189273    12.3650   4  18   0.4468   0.4957   1.4856  -0.0156   0.3737  -0.5392  -0.00    0.0
2382 117537.999   30.493453565  114.328207577     6.7471   4  18   0.4146   0.4870   1.4002  -0.1290   0.4420  -0.4523  -0.00    0.0
2382 117538.999   30.493425539  114.328264956     1.5518   4  19   0.4116   0.4771   1.4003  -0.1087   0.4453  -0.4541  -0.00    0.0
2382 117539.999   30.493385025  114.328300159     0.9168   4  20   0.3962   0.4766   1.3013  -0.1199   0.4586  -0.3854  -0.00    0.0
2382 117540.999   30.493345495  114.328315575     4.8930   4  18   0.4762   0.5431   1.5177   0.2180   0.2550  -0.5867  -0.00    0.0
2382 117541.999   30.493280180  114.328327166     6.7414   4  19   0.4100   0.5161   1.3035   0.0806   0.4438  -0.3949  -0.00    0.0
2382 117542.999   30.493220505  114.328325983     8.2693   4  17   0.4175   0.6498   1.5569   0.1823   0.5874  -0.3160  -0.00    0.0
2382 117543.999   30.493130234  114.328258995     3.7772   4  19   0.3963   0.4747   1.2973  -0.1302   0.4346  -0.3557  -0.00    0.0
2382 117544.999   30.493063060  114.328217953     1.0057   4  19   0.4379   0.4784   1.3184  -0.1356   0.4656  -0.4198  -0.00    0.0
2382 117545.999   30.492957096  114.328194681     2.8766   4  19   0.4372   0.4775   1.3095  -0.1343   0.4622  -0.4167  -0.00    0.0
2382 117546.999   30.492866694  114.328150720     7.6027   4  18   0.3977   0.5005   1.4230  -0.1342   0.3708  -0.3600  -0.00    0.0
2382 117547.999   30.492772147  114.328129841     3.6435   4  20   0.3968   0.4769   1.3322  -0.1191   0.4622  -0.3773  -0.00    0.0
2382 117548.999   30.492666109  114.328086043     3.8147   4  19   0.3967   0.5004   1.3822  -0.1333   0.3751  -0.3725  -0.00    0.0
2382 117549.999   30.492540585  114.328065180     2.1039   4  20   0.3961   0.4769   1.3025  -0.1201   0.4593  -0.3860  -0.00    0.0
2382 117550.999   30.492400319  114.328024756     0.7175   4  20   0.3961   0.4769   1.3025  -0.1201   0.4593  -0.3861  -0.00    0.0
2382 117551.999   30.492264758  114.327982287    -1.4635   4  20   0.3961   0.4769   1.3024  -0.1202   0.4594  -0.3861  -0.00    0.0
2382 117552.999   30.492135164  114.327960986     3.0401   4  20   0.3961   0.4769   1.3025  -0.1202   0.4595  -0.3862  -0.00    0.0
2382 117553.999   30.491981272  114.327906824     4.3089   4  20   0.3961   0.4770   1.3026  -0.1202   0.4595  -0.3863  -0.00    0.0
2382 117554.999   30.491825404  114.327858269     3.8464   4  20   0.3961   0.4770   1.3028  -0.1202   0.4596  -0.3863  -0.00    0.0
2382 117555.999   30.491672090  114.327799908    -2.1554   4  20   0.3961   0.4770   1.3029  -0.1203   0.4597  -0.3864  -0.00    0.0
2382 117556.999   30.491535779  114.327779984    -2.3564   4  19   0.3979   0.5557   1.3689  -0.1587   0.5752  -0.4064  -0.00    0.0
2382 117557.999   30.491394594  114.327724617     4.0875   4  18   0.4101   0.5511   1.3927   0.0781   0.3227  -0.3953  -0.00    0.0
2382 117558.999   30.491254314  114.327684915     4.7346   4  19   0.4428   0.4874   1.4916   0.0719   0.3739  -0.5414  -0.00    0.0
2382 117559.999   30.491144117  114.327639812     3.8621   4  20   0.3961   0.4772   1.3045  -0.1204   0.4601  -0.3871  -0.00    0.0
2382 117560.999   30.491053215  114.327597202    -2.4959   4  19   0.4429   0.4874   1.4924   0.0720   0.3738  -0.5419  -0.00    0.0
2382 117561.999   30.490945734  114.327574890     5.3073   4  19   0.4101   0.5164   1.3066   0.0804   0.4444  -0.3972  -0.00    0.0
2382 117562.999   30.490864591  114.327551157     5.0005   4  18   0.4105   0.5164   1.3370   0.0805   0.4444  -0.3910  -0.00    0.0
2382 117563.999   30.490791347  114.327521964     3.7893   4  20   0.3961   0.4773   1.3042  -0.1204   0.4603  -0.3871  -0.00    0.0
2382 117564.999   30.490733928  114.327496689     4.3014   4  19   0.3967   0.4774   1.3338  -0.1195   0.4635  -0.3789  -0.00    0.0
2382 117565.999   30.490664941  114.327493113     1.5308   4  18   0.4472   0.5303   1.7036   0.1348  -0.1764  -0.5874  -0.00    0.0
2382 117566.999   30.490629696  114.327483547     2.3861   4  20   0.3912   0.4700   1.2819  -0.1167   0.4477  -0.3814  -0.00    0.0
2382 117567.999   30.490602602  114.327456273     2.4563   4  19   0.4445   0.4887   1.5084   0.0699   0.3781  -0.5483  -0.00    0.0
2382 117568.999   30.490586326  114.327451708     2.0874   4  19   0.4434   0.4880   1.4960   0.0716   0.3748  -0.5435  -0.00    0.0
2382 117569.999   30.490565024  114.327439220     2.3405   4  19   0.4432   0.4877   1.4961   0.0712   0.3748  -0.5436  -0.00    0.0
2382 117570.999   30.490564019  114.327458431     6.0351   4  18   0.4476   0.5304   1.7086   0.1351  -0.1782  -0.5897  -0.00    0.0
2382 117571.999   30.490538880  114.327451328    17.9435   4  18   0.4313   0.4938   1.3643  -0.1453   0.3690  -0.3947  -0.00    0.0
2382 117572.999   30.490518238  114.327443280    15.6430   4  19   0.4392   0.4793   1.3496  -0.1344   0.4703  -0.4082  -0.00    0.0
2382 117573.999   30.490495915  114.327424756    15.2917   4  19   0.4368   0.4783   1.3132  -0.1345   0.4642  -0.4175  -0.00    0.0
2382 117574.999   30.490479874  114.327410236    19.7065   4  18   0.4382   0.4781   1.3392  -0.1331   0.4664  -0.4048  -0.00    0.0
2382 117575.999   30.490474895  114.327415110    21.7984   4  20   0.3967   0.4777   1.3351  -0.1199   0.4644  -0.3801  -0.00    0.0
2382 117576.999   30.490485923  114.327382859    27.0434   4  18   0.3966   0.5012   1.3861  -0.1337   0.3776  -0.3752  -0.00    0.0
2382 117577.999   30.490476603  114.327381691    35.4266   4  19   0.3974   0.5013   1.4267  -0.1345   0.3738  -0.3639  -0.00    0.0
2382 117578.999   30.490447502  114.327422295    33.9345   4  19   0.3966   0.4778   1.3360  -0.1199   0.4646  -0.3805  -0.00    0.0
2382 117579.999   30.490473009  114.327385693    39.7546   4  17   0.4206   0.5019   1.3870  -0.1459   0.3782  -0.3783  -0.00    0.0
2382 117580.999   30.490463644  114.327387937    45.9459   4  18   0.3974   0.5014   1.4270  -0.1345   0.3741  -0.3642  -0.00    0.0
2382 117581.999   30.490463684  114.327424127    30.6418   4  17   0.4240   0.4811   1.3412  -0.1361   0.4596  -0.3842  -0.00    0.0
2382 117582.999   30.490504377  114.327456170     6.6479   4  18   0.4674   0.4879   1.5023   0.0699   0.3759  -0.5599  -0.00    0.0
2382 117583.999   30.490527969  114.327473113    -5.7220   4  18   0.4906   0.4941   1.7164   0.1137   0.2985  -0.6765  -0.00    0.0
2382 117584.999   30.490525198  114.327453424    -0.0970   4  17   0.4439   0.4828   1.5064   0.0368   0.3628  -0.5303  -0.00    0.0
2382 117585.999   30.490460034  114.327397104    20.7442   4  17   0.4165   0.5217   1.3537   0.0498   0.4426  -0.3894  -0.00    0.0
2382 117586.999   30.490459516  114.327399577    37.6804   4  18   0.4117   0.5049   1.5778  -0.1112   0.3231  -0.4525  -0.00    0.0
2382 117587.999   30.490480318  114.327394320    35.1222   4  17   0.4218   0.5023   1.4290  -0.1470   0.3750  -0.3657  -0.00    0.0
2382 117588.999   30.490460291  114.327426404    27.9897   4  19   0.3966   0.4781   1.3378  -0.1203   0.4656  -0.3817  -0.00    0.0
2382 117589.999   30.490448337  114.327417246    26.1866   4  18   0.4378   0.4785   1.3409  -0.1332   0.4674  -0.4055  -0.00    0.0
2382 117590.999   30.490428667  114.327410761    15.6996   4  17   0.4697   0.4786   1.3431  -0.1389   0.4683  -0.4219  -0.00    0.0
2382 117591.999   30.490389015  114.327392118    11.8521   4  17   0.4162   0.5186   1.5276  -0.0430   0.4606  -0.2578  -0.00    0.0
2382 117592.999   30.490342194  114.327382297    10.4638   4  17   0.4711   0.4786   1.3505  -0.1376   0.4668  -0.3714  -0.00    0.0
2382 117593.999   30.490311094  114.327354033     7.0375   4  14   0.5651   0.6475   1.7321  -0.2107   0.6497  -0.7168  -0.00    0.0
2382 117594.999   30.490245123  114.327324664     7.7544   4  11   0.5049   0.7443   1.8614   0.2035   0.9015   0.1580  -0.00    0.0
2382 117595.999   30.490188891  114.327280253     2.3675   4   8   0.9671   1.1781   3.0715   0.5306   1.5876   0.9670  -0.00    0.0
2382 117596.999   30.490044339  114.327227823   -15.7750   4  13   0.4711   0.6819   1.7307   0.1305   0.7906  -0.2282  -0.00    0.0
2382 117597.999   30.489929487  114.327248998   -10.0740   4  16   0.4331   0.5428   1.6395  -0.1530   0.6334  -0.4805  -0.00    0.0
2382 117598.999   30.489809682  114.327286105     4.9278   4  16   0.4199   0.6913   1.6048   0.1478   0.7721  -0.3464  -0.00    0.0
2382 117599.999   30.489708563  114.327256288     7.0031   4  18   0.3976   0.5302   1.5159  -0.1006   0.6152  -0.3655  -0.00    0.0
2382 117600.999   30.489588902  114.327275866    14.7854   4  18   0.4206   0.4799   1.3503  -0.1254   0.4709  -0.3972  -0.00    0.0
2382 117601.999   30.489488143  114.327271697    12.8822   4  18   0.4380   0.4793   1.3437  -0.1334   0.4690  -0.4066  -0.00    0.0
2382 117602.999   30.489404981  114.327256962    14.1859   4  18   0.3984   0.5585   1.4105  -0.1591   0.5880  -0.4041  -0.00    0.0
2382 117603.999   30.489279131  114.327278601    19.0887   4  19   0.3966   0.4786   1.3388  -0.1207   0.4669  -0.3831  -0.00    0.0
2382 117604.999   30.489146143  114.327255552    16.4054   4  17   0.4364   0.5174   1.3443   0.0901   0.4451  -0.4098  -0.00    0.0
2382 117605.999   30.489051669  114.327230435    11.2913   4  19   0.3965   0.4786   1.3387  -0.1206   0.4668  -0.3832  -0.00    0.0
2382 117606.999   30.488955555  114.327223725    -2.4316   4  15   0.5691   0.6301   2.0465   0.2818   0.1189  -0.8678  -0.00    0.0
2382 117607.999   30.488795040  114.327216699    10.8947   4  19   0.3925   0.4724   1.3212  -0.1172   0.4568  -0.3819  -0.00    0.0
2382 117608.999   30.488691221  114.327218580    10.5752   4  18   0.4449   0.4897   1.5602   0.0667   0.3825  -0.5533  -0.00    0.0
2382 117609.999   30.488570581  114.327205163     9.9277   4  18   0.4437   0.4889   1.5467   0.0685   0.3791  -0.5483  -0.00    0.0
2382 117610.999   30.488431785  114.327190639    17.0174   4  18   0.4022   0.4821   1.3644  -0.1355   0.4523  -0.3617  -0.00    0.0
2382 117611.999   30.488335715  114.327188107    19.1127   4  19   0.3965   0.4788   1.3402  -0.1209   0.4674  -0.3841  -0.00    0.0
2382 117612.999   30.488228716  114.327184242    18.0606   4  19   0.3965   0.4788   1.3396  -0.1208   0.4673  -0.3839  -0.00    0.0
2382 117613.999   30.488140551  114.327174834    12.5253   4  18   0.4432   0.4886   1.5448   0.0679   0.3793  -0.5476  -0.00    0.0
2382 117614.999   30.488052547  114.327168570    15.1512   4  18   0.4434   0.4886   1.5465   0.0678   0.3795  -0.5484  -0.00    0.0
2382 117615.999   30.487980229  114.327168146    17.0563   4  18   0.4112   0.4793   1.4475  -0.1121   0.4565  -0.4553  -0.00    0.0
2382 117616.999   30.487934039  114.327150438    15.0609   4  19   0.3965   0.4790   1.3410  -0.1210   0.4678  -0.3847  -0.00    0.0
2382 117617.999   30.487880359  114.327148234    13.1000   4  19   0.3965   0.4790   1.3405  -0.1210   0.4678  -0.3845  -0.00    0.0
2382 117618.999   30.487840715  114.327140924    11.4397   4  18   0.4195   0.4791   1.3418  -0.1246   0.4683  -0.3958  -0.00    0.0
2382 117619.999   30.487789064  114.327126669    16.9144   4  18   0.3971   0.5025   1.4310  -0.1349   0.3780  -0.3690  -0.00    0.0
2382 117620.999   30.487740234  114.327124833    13.0694   4  19   0.3964   0.4791   1.3408  -0.1211   0.4680  -0.3847  -0.00    0.0
2382 117621.999   30.487721482  114.327123123    15.2050   4  19   0.3964   0.4791   1.3408  -0.1211   0.4680  -0.3848  -0.00    0.0
2382 117622.999   30.487677539  114.327103281    18.3307   4  18   0.4373   0.4794   1.3440  -0.1333   0.4698  -0.4070  -0.00    0.0
2382 117623.999   30.487679071  114.327097882    16.2417   4  19   0.3964   0.4792   1.3408  -0.1212   0.4682  -0.3850  -0.00    0.0
2382 117624.999   30.487676223  114.327092327    14.6794   4  19   0.3964   0.4792   1.3409  -0.1212   0.4683  -0.3851  -0.00    0.0
2382 117625.999   30.487652036  114.327074922    22.8824   4  18   0.4372   0.4795   1.3443  -0.1333   0.4700  -0.4072  -0.00    0.0
2382 117626.999   30.487636310  114.327081305    27.3807   4  15   0.4865   0.5159   1.4729  -0.1512   0.5042  -0.5059  -0.00    0.0
2382 117627.999   30.487647317  114.327088960    31.3328   4  16   0.4369   0.5155   1.4682  -0.1345   0.5017  -0.4783  -0.00    0.0
2382 117628.999   30.487639769  114.327083954    28.3100   4  16   0.4233   0.5176   1.4673  -0.1549   0.5002  -0.4590  -0.00    0.0
2382 117629.999   30.487621209  114.327082846    28.5168   4  16   0.4534   0.5161   1.4705  -0.1554   0.5057  -0.4872  -0.00    0.0
2382 117630.999   30.487647385  114.327028219    22.3637   4  17   0.4204   0.4802   1.4511  -0.1203   0.4563  -0.4472  -0.00    0.0
2382 117631.999   30.487624957  114.327064089    20.5738   4  16   0.4534   0.5161   1.4706  -0.1554   0.5059  -0.4873  -0.00    0.0
2382 117632.999   30.487631907  114.327066693    13.3789   4  16   0.4533   0.5162   1.4707  -0.1555   0.5060  -0.4873  -0.00    0.0
2382 117633.999   30.487635725  114.327084186    12.2287   4  16   0.4533   0.5162   1.4709  -0.1555   0.5062  -0.4874  -0.00    0.0
2382 117634.999   30.487662770  114.327077567     5.4200   4  17   0.4126   0.5157   1.4667  -0.1405   0.5037  -0.4655  -0.00    0.0
2382 117635.999   30.487654651  114.327087623     4.9336   4  16   0.4533   0.5163   1.4710  -0.1556   0.5064  -0.4874  -0.00    0.0
2382 117636.999   30.487661137  114.327105494     6.6586   4  17   0.4126   0.5158   1.4669  -0.1406   0.5039  -0.4656  -0.00    0.0
2382 117637.999   30.487679899  114.327117392     0.3199   4  17   0.4126   0.5158   1.4670  -0.1407   0.5040  -0.4657  -0.00    0.0
2382 117638.999   30.487661941  114.327136373    -0.8986   4  18   0.4109   0.4800   1.4491  -0.1133   0.4591  -0.4566  -0.00    0.0
2382 117639.999   30.487625221  114.327118904     2.8969   4  18   0.4109   0.4800   1.4491  -0.1133   0.4591  -0.4566  -0.00    0.0
2382 117640.999   30.487570570  114.327106529     4.7421   4  18   0.4109   0.4800   1.4491  -0.1133   0.4591  -0.4567  -0.00    0.0
2382 117641.999   30.487488903  114.327055468    16.4431   4  18   0.3970   0.5031   1.4344  -0.1351   0.3803  -0.3721  -0.00    0.0
2382 117642.999   30.487400648  114.327050503    16.7769   4  18   0.4213   0.5038   1.4344  -0.1475   0.3805  -0.3735  -0.00    0.0
2382 117643.999   30.487314952  114.327037066    16.8115   4  18   0.3970   0.5032   1.4344  -0.1351   0.3802  -0.3721  -0.00    0.0
2382 117644.999   30.487215923  114.327063051    13.4441   4  19   0.3964   0.4798   1.3438  -0.1217   0.4699  -0.3872  -0.00    0.0
2382 117645.999   30.487104369  114.327046823    16.1214   4  19   0.3963   0.4798   1.3436  -0.1218   0.4699  -0.3873  -0.00    0.0
2382 117646.999   30.487001371  114.327039387    13.9364   4  18   0.4108   0.4802   1.4486  -0.1135   0.4595  -0.4567  -0.00    0.0
2382 117647.999   30.486892343  114.327022542    13.3801   4  17   0.4202   0.4806   1.4520  -0.1209   0.4579  -0.4482  -0.00    0.0
2382 117648.999   30.486784882  114.327002700    10.8355   4  19   0.3964   0.4799   1.3445  -0.1219   0.4704  -0.3878  -0.00    0.0
2382 117649.999   30.486688052  114.326993038    13.9713   4  18   0.4108   0.4803   1.4494  -0.1137   0.4599  -0.4571  -0.00    0.0
2382 117650.999   30.486571965  114.326974989    11.9249   4  18   0.4108   0.4803   1.4496  -0.1138   0.4601  -0.4572  -0.00    0.0
2382 117651.999   30.486455798  114.326956891    16.8735   4  17   0.4108   0.5060   1.5809  -0.1137   0.3343  -0.4576  -0.00    0.0
2382 117652.999   30.486357884  114.326940231    16.1963   4  18   0.3970   0.5034   1.4362  -0.1352   0.3813  -0.3736  -0.00    0.0
2382 117653.999   30.486260936  114.326950111    14.7336   4  18   0.4108   0.4804   1.4507  -0.1139   0.4603  -0.4576  -0.00    0.0
2382 117654.999   30.486153085  114.326972545    20.7877   4  17   0.4142   0.5604   1.5393  -0.1684   0.6006  -0.4867  -0.00    0.0
2382 117655.999   30.486056604  114.326936143    19.8399   4  17   0.4108   0.5061   1.5818  -0.1140   0.3354  -0.4581  -0.00    0.0
2382 117656.999   30.485951931  114.326922077    16.0177   4  17   0.4251   0.5029   1.5462   0.0559   0.5400  -0.3896  -0.00    0.0
2382 117657.999   30.485851613  114.326908701    10.7334   4  18   0.4108   0.4806   1.4516  -0.1142   0.4611  -0.4581  -0.00    0.0
2382 117658.999   30.485735916  114.326891947    11.2628   4  18   0.4108   0.4806   1.4512  -0.1142   0.4612  -0.4580  -0.00    0.0
2382 117659.999   30.485627111  114.326897518    12.8400   4  18   0.3969   0.5037   1.4364  -0.1353   0.3820  -0.3743  -0.00    0.0
2382 117660.999   30.485527322  114.326877498    15.8744   4  18   0.4107   0.4806   1.4509  -0.1142   0.4611  -0.4580  -0.00    0.0
2382 117661.999   30.485411448  114.326849065    14.9389   4  18   0.4107   0.4806   1.4510  -0.1143   0.4612  -0.4580  -0.00    0.0
2382 117662.999   30.485305456  114.326830160    12.5828   4  18   0.4107   0.4807   1.4512  -0.1144   0.4614  -0.4582  -0.00    0.0
2382 117663.999   30.485181811  114.326836581    16.0758   4  17   0.4107   0.5063   1.5817  -0.1141   0.3363  -0.4586  -0.00    0.0
2382 117664.999   30.485072702  114.326836832    16.9199   4  18   0.4107   0.4807   1.4520  -0.1145   0.4617  -0.4585  -0.00    0.0
2382 117665.999   30.484951526  114.326832785    17.7168   4  18   0.4107   0.4807   1.4519  -0.1145   0.4617  -0.4586  -0.00    0.0
2382 117666.999   30.484826895  114.326825680    23.2382   4  19   0.3963   0.4805   1.3466  -0.1224   0.4718  -0.3896  -0.00    0.0
2382 117667.999   30.484711105  114.326812385    21.5720   4  18   0.4107   0.4808   1.4511  -0.1146   0.4618  -0.4584  -0.00    0.0
2382 117668.999   30.484594715  114.326809962    17.2216   4  18   0.4107   0.4808   1.4513  -0.1146   0.4619  -0.4585  -0.00    0.0
2382 117669.999   30.484480486  114.326785657    20.3213   4  18   0.3969   0.5039   1.4374  -0.1354   0.3830  -0.3755  -0.00    0.0
2382 117670.999   30.484376414  114.326785471    22.8782   4  19   0.3963   0.4806   1.3470  -0.1225   0.4720  -0.3899  -0.00    0.0
2382 117671.999   30.484290416  114.326759846    14.2788   4  18   0.4106   0.4809   1.4514  -0.1147   0.4621  -0.4585  -0.00    0.0
2382 117672.999   30.484215786  114.326754002    12.6866   4  18   0.4106   0.4809   1.4517  -0.1148   0.4624  -0.4587  -0.00    0.0
2382 117673.999   30.484160009  114.326757834    14.5974   4  18   0.4106   0.4810   1.4522  -0.1149   0.4626  -0.4590  -0.00    0.0
2382 117674.999   30.484122024  114.326738710    13.4687   4  18   0.4106   0.4810   1.4523  -0.1150   0.4627  -0.4591  -0.00    0.0
2382 117675.999   30.484079550  114.326716377    15.3731   4  19   0.3962   0.4807   1.3477  -0.1226   0.4725  -0.3905  -0.00    0.0
2382 117676.999   30.484059940  114.326724912    13.9219   4  18   0.4106   0.4811   1.4519  -0.1150   0.4627  -0.4590  -0.00    0.0
2382 117677.999   30.484052209  114.326702398    11.3646   4  19   0.3962   0.4808   1.3476  -0.1227   0.4726  -0.3906  -0.00    0.0
2382 117678.999   30.484040723  114.326720881    14.1406   4  17   0.4199   0.4815   1.4548  -0.1222   0.4611  -0.4505  -0.00    0.0
2382 117679.999   30.484031097  114.326729551    23.1064   4  18   0.4059   0.4812   1.3508  -0.1293   0.4709  -0.3805  -0.00    0.0
2382 117680.999   30.484037570  114.326726304    19.2646   4  19   0.3962   0.4809   1.3479  -0.1227   0.4728  -0.3908  -0.00    0.0
2382 117681.999   30.484044406  114.326718680    13.3106   4  19   0.3962   0.4809   1.3476  -0.1227   0.4728  -0.3908  -0.00    0.0
2382 117682.999   30.484047516  114.326695153     5.8117   4  19   0.3962   0.4809   1.3477  -0.1228   0.4728  -0.3909  -0.00    0.0
2382 117683.999   30.484045637  114.326683377     5.5247   4  18   0.4019   0.4838   1.3714  -0.1364   0.4587  -0.3685  -0.00    0.0
2382 117684.999   30.484049773  114.326686613     8.4574   4  19   0.3962   0.4810   1.3480  -0.1228   0.4730  -0.3911  -0.00    0.0
2382 117685.999   30.484058678  114.326696963     3.4519   4  18   0.4105   0.4813   1.4524  -0.1154   0.4636  -0.4594  -0.00    0.0
2382 117686.999   30.484059077  114.326695353     6.0665   4  19   0.3962   0.4811   1.3486  -0.1229   0.4733  -0.3915  -0.00    0.0
2382 117687.999   30.484039008  114.326705606     8.2641   4  17   0.4199   0.4817   1.4557  -0.1225   0.4621  -0.4512  -0.00    0.0
2382 117688.999   30.484032674  114.326696717     6.7057   4  18   0.4059   0.4815   1.3518  -0.1296   0.4716  -0.3815  -0.00    0.0
2382 117689.999   30.484039531  114.326693337     1.8956   4  17   0.4199   0.4818   1.4559  -0.1226   0.4623  -0.4513  -0.00    0.0
2382 117690.999   30.484031766  114.326685444    -0.3414   4  18   0.4058   0.4816   1.3521  -0.1296   0.4718  -0.3817  -0.00    0.0
2382 117691.999   30.484022522  114.326677960     1.1180   4  18   0.4058   0.4816   1.3521  -0.1296   0.4719  -0.3818  -0.00    0.0
2382 117692.999   30.484021917  114.326688663     3.0965   4  18   0.4058   0.4816   1.3518  -0.1296   0.4718  -0.3817  -0.00    0.0
2382 117693.999   30.484005714  114.326679972     4.9536   4  16   0.4435   0.5229   1.4779   0.1182   0.4028  -0.4902  -0.00    0.0
2382 117694.999   30.484034580  114.326691419     1.5376   4  18   0.4058   0.4817   1.3526  -0.1297   0.4721  -0.3822  -0.00    0.0
2382 117695.999   30.484034375  114.326692229     4.1313   4  18   0.4058   0.4817   1.3526  -0.1297   0.4721  -0.3822  -0.00    0.0
2382 117696.999   30.484044190  114.326689136     3.0406   4  17   0.4198   0.4820   1.4560  -0.1229   0.4629  -0.4517  -0.00    0.0
2382 117697.999   30.484035893  114.326684976     8.3192   4  18   0.4058   0.4818   1.3529  -0.1298   0.4724  -0.3824  -0.00    0.0
2382 117698.999   30.484027164  114.326690602     9.0155   4  19   0.3962   0.4814   1.3499  -0.1232   0.4742  -0.3927  -0.00    0.0
2382 117699.999   30.484041590  114.326714393     8.9684   4  18   0.4058   0.4818   1.3526  -0.1298   0.4724  -0.3825  -0.00    0.0
2382 117700.999   30.484018742  114.326706389     7.0185   4  18   0.4360   0.4817   1.3521  -0.1336   0.4755  -0.4108  -0.00    0.0
2382 117701.998   30.484029762  114.326719140     5.0923   4  17   0.4104   0.5072   1.5828  -0.1156   0.3423  -0.4612  -0.00    0.0
2382 117702.998   30.484037589  114.326716275    10.8211   4  17   0.4104   0.5072   1.5846  -0.1156   0.3424  -0.4618  -0.00    0.0
2382 117703.998   30.484031676  114.326712596     8.9766   4  19   0.3962   0.4816   1.3517  -0.1235   0.4747  -0.3935  -0.00    0.0
2382 117704.998   30.484054712  114.326717511     8.4717   4  17   0.4198   0.4822   1.4577  -0.1233   0.4638  -0.4526  -0.00    0.0
2382 117705.998   30.484046357  114.326717102    11.4553   4  17   0.4197   0.4823   1.4574  -0.1233   0.4640  -0.4526  -0.00    0.0
2382 117706.998   30.484032104  114.326727451    14.3907   4  18   0.4104   0.4819   1.4553  -0.1166   0.4660  -0.4614  -0.00    0.0
2382 117707.998   30.484013927  114.326737564    12.1185   4  16   0.4437   0.5230   1.4808   0.1176   0.4040  -0.4923  -0.00    0.0
2382 117708.998   30.484001386  114.326728531    16.7909   4  19   0.3962   0.4817   1.3516  -0.1236   0.4751  -0.3939  -0.00    0.0
2382 117709.998   30.483998887  114.326716761    17.2097   4  18   0.4018   0.4845   1.3750  -0.1368   0.4611  -0.3714  -0.00    0.0
2382 117710.998   30.484009882  114.326717593    14.1894   4  19   0.3961   0.4818   1.3511  -0.1235   0.4750  -0.3937  -0.00    0.0
2382 117711.998   30.484032383  114.326710719    12.8966   4  17   0.4457   0.5202   1.3584   0.0175   0.4516  -0.4243  -0.00    0.0
2382 117712.998   30.484024864  114.326712594     6.5573   4  18   0.4115   0.5191   1.3569   0.0787   0.4491  -0.4112  -0.00    0.0
2382 117713.998   30.484021817  114.326706542    14.9922   4  18   0.3967   0.5053   1.4412  -0.1358   0.3869  -0.3806  -0.00    0.0
2382 117714.998   30.484029520  114.326743749    16.9508   4  18   0.4358   0.4821   1.3540  -0.1337   0.4765  -0.4116  -0.00    0.0
2382 117715.998   30.484015005  114.326716102    15.8251   4  19   0.3961   0.4819   1.3518  -0.1237   0.4754  -0.3943  -0.00    0.0
2382 117716.998   30.484022341  114.326715627    17.3618   4  18   0.4115   0.5191   1.3575   0.0786   0.4493  -0.4117  -0.00    0.0
2382 117717.998   30.484045891  114.326718163     6.7561   4  18   0.4103   0.4822   1.4552  -0.1170   0.4668  -0.4618  -0.00    0.0
2382 117718.998   30.484029807  114.326737604    14.5464   4  17   0.4340   0.5230   1.4796   0.1221   0.4060  -0.5008  -0.00    0.0
2382 117719.998   30.484040859  114.326712911     9.9584   4  17   0.4340   0.5230   1.4803   0.1220   0.4060  -0.5012  -0.00    0.0
2382 117720.998   30.484028878  114.326702948     3.9832   4  17   0.4341   0.5231   1.4806   0.1221   0.4060  -0.5014  -0.00    0.0
2382 117721.998   30.484042004  114.326694130    -0.6142   4  17   0.4103   0.5077   1.5857  -0.1162   0.3454  -0.4636  -0.00    0.0
2382 117722.998   30.484066049  114.326701872    -0.1303   4  15   0.4666   0.5708   1.6497   0.1210   0.0587  -0.5283  -0.00    0.0
2382 117723.998   30.484056674  114.326690925    -0.0461   4  17   0.4276   0.5148   1.4488   0.1207   0.3928  -0.4898  -0.00    0.0
2382 117724.998   30.484067160  114.326684024    -4.7443   4  18   0.4113   0.4838   1.4695  -0.1190   0.4722  -0.4669  -0.00    0.0
2382 117725.998   30.484055995  114.326708186     0.4892   4  17   0.4200   0.4833   1.4608  -0.1243   0.4665  -0.4546  -0.00    0.0
2382 117726.998   30.484041910  114.326696154     7.3342   4  18   0.4058   0.4827   1.3568  -0.1305   0.4749  -0.3857  -0.00    0.0
2382 117727.998   30.484034503  114.326687794     9.5639   4  17   0.4216   0.5195   1.3621   0.0704   0.4485  -0.4039  -0.00    0.0
2382 117728.998   30.484041195  114.326679653     4.2945   4  17   0.4196   0.4829   1.4589  -0.1242   0.4662  -0.4541  -0.00    0.0
2382 117729.998   30.484038883  114.326674589    -0.1569   4  17   0.4196   0.4830   1.4596  -0.1243   0.4665  -0.4544  -0.00    0.0
2382 117730.998   30.484029873  114.326682414     0.3287   4  16   0.4438   0.5233   1.4838   0.1167   0.4057  -0.4949  -0.00    0.0
2382 117731.998   30.484035735  114.326682438     0.4890   4  16   0.4438   0.5233   1.4841   0.1167   0.4057  -0.4951  -0.00    0.0
2382 117732.998   30.484021602  114.326698662    -0.7788   4  16   0.4622   0.4833   1.4621  -0.1361   0.4680  -0.4696  -0.00    0.0
2382 117733.998   30.484012528  114.326701118     0.8863   4  17   0.4196   0.4831   1.4605  -0.1245   0.4670  -0.4550  -0.00    0.0
2382 117734.998   30.484007117  114.326702339     8.3942   4  17   0.4196   0.4831   1.4605  -0.1246   0.4671  -0.4550  -0.00    0.0
2382 117735.998   30.483999821  114.326702473    12.0179   4  17   0.4196   0.4831   1.4605  -0.1247   0.4672  -0.4550  -0.00    0.0
2382 117736.998   30.483993415  114.326703412    11.9220   4  17   0.4196   0.4832   1.4606  -0.1247   0.4673  -0.4551  -0.00    0.0
2382 117737.998   30.483987945  114.326708045    10.6516   4  17   0.4196   0.4832   1.4607  -0.1247   0.4674  -0.4552  -0.00    0.0
2382 117738.998   30.483997772  114.326697199     7.6231   4  18   0.4102   0.4829   1.4582  -0.1181   0.4692  -0.4636  -0.00    0.0
2382 117739.998   30.484005908  114.326696607     3.4895   4  17   0.4161   0.4854   1.4785  -0.1320   0.4563  -0.4450  -0.00    0.0
2382 117740.998   30.484009770  114.326680481     3.2390   4  17   0.4488   0.4831   1.4605  -0.1280   0.4706  -0.4788  -0.00    0.0
2382 117741.998   30.483999425  114.326687631    -0.9192   4  16   0.4267   0.4860   1.4827  -0.1399   0.4539  -0.4335  -0.00    0.0
2382 117742.998   30.484013298  114.326696031     4.7062   4  17   0.4341   0.5233   1.4834   0.1210   0.4078  -0.5036  -0.00    0.0
2382 117743.998   30.484010616  114.326688029    12.0345   4  16   0.4439   0.5234   1.4857   0.1162   0.4066  -0.4964  -0.00    0.0
2382 117744.998   30.484021084  114.326705063     9.6524   4  16   0.4439   0.5235   1.4859   0.1163   0.4065  -0.4966  -0.00    0.0
2382 117745.998   30.483999408  114.326731619    15.2010   4  18   0.4102   0.4831   1.4590  -0.1184   0.4699  -0.4643  -0.00    0.0
2382 117746.998   30.484008227  114.326732089    10.7925   4  18   0.4102   0.4831   1.4590  -0.1184   0.4700  -0.4643  -0.00    0.0
2382 117747.998   30.484007689  114.326741295    15.1200   4  18   0.4101   0.4831   1.4590  -0.1185   0.4702  -0.4643  -0.00    0.0
2382 117748.998   30.483998967  114.326745029    13.9901   4  18   0.4101   0.4832   1.4591  -0.1186   0.4703  -0.4643  -0.00    0.0
2382 117749.998   30.483998094  114.326738729     7.0151   4  17   0.4342   0.5233   1.4842   0.1207   0.4083  -0.5043  -0.00    0.0
2382 117750.998   30.483989287  114.326727590     9.3987   4  19   0.3961   0.4830   1.3565  -0.1248   0.4784  -0.3981  -0.00    0.0
2382 117751.998   30.483992696  114.326756286    14.1898   4  18   0.4118   0.5197   1.3629   0.0781   0.4504  -0.4168  -0.00    0.0
2382 117752.998   30.483990022  114.326737166    13.7743   4  19   0.3960   0.4831   1.3559  -0.1247   0.4783  -0.3980  -0.00    0.0
2382 117753.998   30.483997463  114.326756000    17.3260   4  18   0.4352   0.4833   1.3577  -0.1339   0.4793  -0.4134  -0.00    0.0
2382 117754.998   30.484012987  114.326766621    17.9615   4  17   0.4485   0.4835   1.4604  -0.1282   0.4716  -0.4787  -0.00    0.0
2382 117755.998   30.484000017  114.326781040    28.1305   4  18   0.3962   0.5408   1.5453  -0.1153   0.6394  -0.3895  -0.00    0.0
2382 117756.998   30.484001961  114.326782319    31.7047   4  18   0.3962   0.5410   1.5467  -0.1156   0.6402  -0.3899  -0.00    0.0
2382 117757.998   30.484007408  114.326759022    22.8816   4  17   0.4366   0.5462   1.5682  -0.1642   0.6553  -0.4460  -0.00    0.0
2382 117758.998   30.484010895  114.326749655    20.0009   4  19   0.3960   0.4834   1.3581  -0.1252   0.4797  -0.3989  -0.00    0.0
2382 117759.998   30.483997374  114.326753984    21.0550   4  19   0.3960   0.4834   1.3575  -0.1251   0.4793  -0.3989  -0.00    0.0
2382 117760.998   30.483985975  114.326772596    23.9989   4  18   0.3961   0.4929   1.4394  -0.1213   0.5252  -0.3930  -0.00    0.0
2382 117761.998   30.483989224  114.326774770    22.8632   4  18   0.3961   0.4929   1.4399  -0.1214   0.5254  -0.3932  -0.00    0.0
2382 117762.998   30.483971382  114.326745260    13.6769   4  19   0.3960   0.4834   1.3576  -0.1251   0.4794  -0.3991  -0.00    0.0
2382 117763.998   30.483970758  114.326750089    10.8766   4  16   0.4654   0.5245   1.4859   0.0942   0.4111  -0.5128  -0.00    0.0
2382 117764.998   30.483992426  114.326753042    16.4706   4  18   0.4100   0.4836   1.4602  -0.1193   0.4718  -0.4654  -0.00    0.0
2382 117765.998   30.483994311  114.326752636    23.0439   4  19   0.3961   0.4835   1.3582  -0.1252   0.4795  -0.3996  -0.00    0.0
2382 117766.998   30.483982175  114.326741529    21.3528   4  18   0.4100   0.4837   1.4601  -0.1194   0.4719  -0.4654  -0.00    0.0
2382 117767.998   30.484001117  114.326750342    20.8413   4  18   0.4100   0.4837   1.4603  -0.1195   0.4721  -0.4655  -0.00    0.0
2382 117768.998   30.484010357  114.326736288    21.5328   4  19   0.3960   0.4836   1.3585  -0.1253   0.4798  -0.3999  -0.00    0.0
2382 117769.998   30.484001673  114.326706517    13.8921   4  18   0.4100   0.4838   1.4604  -0.1195   0.4723  -0.4656  -0.00    0.0
2382 117770.998   30.483967520  114.326698731    15.2209   4  18   0.4100   0.4838   1.4606  -0.1196   0.4724  -0.4657  -0.00    0.0
2382 117771.998   30.483959040  114.326686624    13.0914   4  19   0.3960   0.4837   1.3588  -0.1254   0.4800  -0.4002  -0.00    0.0
2382 117772.998   30.483918216  114.326685663    13.6967   4  19   0.3960   0.4837   1.3585  -0.1254   0.4800  -0.4001  -0.00    0.0
2382 117773.998   30.483886368  114.326695374    15.1936   4  18   0.4099   0.4839   1.4603  -0.1197   0.4726  -0.4657  -0.00    0.0
2382 117774.998   30.483858017  114.326692097    15.9972   4  18   0.4099   0.4839   1.4609  -0.1198   0.4728  -0.4659  -0.00    0.0
2382 117775.998   30.483828206  114.326656374    13.0138   4  19   0.3960   0.4838   1.3593  -0.1255   0.4803  -0.4006  -0.00    0.0
2382 117776.998   30.483801330  114.326614788     7.5236   4  19   0.3960   0.4838   1.3590  -0.1255   0.4803  -0.4005  -0.00    0.0
2382 117777.998   30.483789919  114.326552453    -1.2099   4  18   0.4099   0.4840   1.4606  -0.1199   0.4730  -0.4659  -0.00    0.0
2382 117778.998   30.483791871  114.326508759     3.8950   4  19   0.3960   0.4839   1.3593  -0.1256   0.4805  -0.4007  -0.00    0.0
2382 117779.998   30.483796057  114.326445893     9.3819   4  19   0.3960   0.4839   1.3593  -0.1256   0.4805  -0.4008  -0.00    0.0
2382 117780.998   30.483799031  114.326366258     5.3249   4  18   0.4136   0.5070   1.4318   0.0478   0.5468  -0.3267  -0.00    0.0
2382 117781.998   30.483813844  114.326269619     5.9069   4  19   0.3960   0.4840   1.3595  -0.1256   0.4808  -0.4009  -0.00    0.0
2382 117782.998   30.483835660  114.326180685     9.3033   4  19   0.3960   0.4840   1.3596  -0.1256   0.4808  -0.4009  -0.00    0.0
2382 117783.998   30.483857270  114.326065320    11.5946   4  19   0.3960   0.4840   1.3594  -0.1256   0.4808  -0.4010  -0.00    0.0
2382 117784.998   30.483862671  114.325945567    12.5054   4  18   0.4136   0.5071   1.4321   0.0475   0.5470  -0.3274  -0.00    0.0
2382 117785.998   30.483880075  114.325819062     8.3345   4  19   0.3960   0.4841   1.3600  -0.1257   0.4811  -0.4013  -0.00    0.0
2382 117786.998   30.483891874  114.325679519    10.4716   4  19   0.3960   0.4841   1.3600  -0.1257   0.4812  -0.4013  -0.00    0.0
2382 117787.998   30.483899164  114.325540587    11.1797   4  17   0.4098   0.5094   1.5879  -0.1189   0.3559  -0.4681  -0.00    0.0
2382 117788.998   30.483909359  114.325397139    11.3491   4  18   0.4099   0.4843   1.4628  -0.1205   0.4743  -0.4671  -0.00    0.0
2382 117789.998   30.483924795  114.325272633    12.5716   4  19   0.3960   0.4842   1.3613  -0.1259   0.4814  -0.4020  -0.00    0.0
2382 117790.998   30.483940962  114.325139205    15.0664   4  17   0.4158   0.4867   1.4826  -0.1335   0.4621  -0.4483  -0.00    0.0
2382 117791.998   30.483963670  114.325014785    16.0490   4  19   0.3960   0.4843   1.3609  -0.1260   0.4816  -0.4020  -0.00    0.0
2382 117792.998   30.483979531  114.324886938    18.3555   4  19   0.3960   0.4843   1.3609  -0.1260   0.4816  -0.4021  -0.00    0.0
2382 117793.998   30.483995982  114.324743485    18.3251   4  19   0.3959   0.4843   1.3606  -0.1260   0.4816  -0.4020  -0.00    0.0
2382 117794.998   30.484009181  114.324602837    18.3736   4  19   0.3959   0.4844   1.3607  -0.1260   0.4817  -0.4021  -0.00    0.0
2382 117795.998   30.484019421  114.324488624    17.3857   4  18   0.4098   0.4845   1.4622  -0.1208   0.4748  -0.4672  -0.00    0.0
2382 117796.998   30.484022948  114.324353863    19.7011   4  18   0.4017   0.4867   1.3853  -0.1382   0.4693  -0.3803  -0.00    0.0
2382 117797.998   30.484013014  114.324229920    19.8028   4  19   0.3960   0.4845   1.3615  -0.1261   0.4820  -0.4026  -0.00    0.0
2382 117798.998   30.484017895  114.324119810    20.0898   4  18   0.4098   0.4846   1.4625  -0.1209   0.4752  -0.4674  -0.00    0.0
2382 117799.998   30.484027162  114.324000746    19.5609   4  19   0.3960   0.4845   1.3618  -0.1262   0.4822  -0.4028  -0.00    0.0
2382 117800.998   30.484038985  114.323863632    15.4689   4  19   0.3960   0.4846   1.3618  -0.1262   0.4822  -0.4029  -0.00    0.0
2382 117801.998   30.484055673  114.323757447    16.3643   4  19   0.3959   0.4846   1.3616  -0.1262   0.4822  -0.4028  -0.00    0.0
2382 117802.998   30.484068688  114.323635651    16.6160   4  19   0.3959   0.4846   1.3617  -0.1262   0.4823  -0.4029  -0.00    0.0
2382 117803.998   30.484077604  114.323515839    20.0927   4  19   0.3959   0.4846   1.3618  -0.1263   0.4824  -0.4030  -0.00    0.0
2382 117804.998   30.484083140  114.323380644    23.6304   4  19   0.3959   0.4847   1.3619  -0.1263   0.4825  -0.4031  -0.00    0.0
2382 117805.998   30.484101371  114.323239975    24.7374   4  19   0.3959   0.4847   1.3620  -0.1263   0.4825  -0.4032  -0.00    0.0
2382 117806.998   30.484109379  114.323066102    21.5532   4  18   0.3964   0.5081   1.4512  -0.1371   0.3960  -0.3917  -0.00    0.0
2382 117807.998   30.484135398  114.322914784    16.6557   4  16   0.4855   0.5101   1.5518   0.1140   0.5551  -0.3657  -0.00    0.0
2382 117808.998   30.484127536  114.322754775    17.0102   4  18   0.4097   0.4850   1.4647  -0.1215   0.4765  -0.4684  -0.00    0.0
2382 117809.998   30.484125700  114.322604872    18.1950   4  17   0.4311   0.4851   1.4762  -0.1201   0.4772  -0.4416  -0.00    0.0
2382 117810.998   30.484150114  114.322454479    19.5228   4  18   0.4098   0.4850   1.4646  -0.1216   0.4767  -0.4686  -0.00    0.0
2382 117811.998   30.484155836  114.322318430    18.1679   4  18   0.4098   0.4851   1.4646  -0.1216   0.4768  -0.4687  -0.00    0.0
2382 117812.998   30.484140026  114.322192342    19.6832   4  19   0.3960   0.4850   1.3637  -0.1266   0.4833  -0.4043  -0.00    0.0
2382 117813.998   30.484156023  114.322059038    17.6432   4  19   0.3959   0.4850   1.3634  -0.1266   0.4833  -0.4042  -0.00    0.0
2382 117814.998   30.484163891  114.321944848    18.4735   4  19   0.3959   0.4850   1.3631  -0.1266   0.4833  -0.4041  -0.00    0.0
2382 117815.998   30.484156178  114.321836665    16.2827   4  18   0.3985   0.5654   1.4322  -0.1705   0.6010  -0.4279  -0.00    0.0
2382 117816.998   30.484146907  114.321709039    12.8838   4  18   0.4017   0.4873   1.3875  -0.1386   0.4713  -0.3823  -0.00    0.0
2382 117817.998   30.484145296  114.321615630    12.0185   4  19   0.3959   0.4852   1.3638  -0.1268   0.4838  -0.4045  -0.00    0.0
2382 117818.998   30.484129699  114.321522734    12.6278   4  19   0.3959   0.4851   1.3636  -0.1267   0.4836  -0.4045  -0.00    0.0
2382 117819.998   30.484123023  114.321421789    11.7040   4  19   0.3959   0.4852   1.3637  -0.1267   0.4837  -0.4046  -0.00    0.0
2382 117820.998   30.484120222  114.321338169    13.2970   4  19   0.3959   0.4852   1.3638  -0.1268   0.4838  -0.4047  -0.00    0.0
2382 117821.998   30.484128919  114.321269906    13.7151   4  18   0.4096   0.4854   1.4644  -0.1220   0.4775  -0.4690  -0.00    0.0
2382 117822.998   30.484131136  114.321194695    13.7200   4  19   0.3959   0.4853   1.3645  -0.1269   0.4840  -0.4051  -0.00    0.0
2382 117823.998   30.484128634  114.321127730    13.9736   4  19   0.3959   0.4853   1.3645  -0.1269   0.4841  -0.4052  -0.00    0.0
2382 117824.998   30.484146609  114.321040609    12.5842   4  15   0.5384   0.5131   1.5884   0.1566   0.5712  -0.2349  -0.00    0.0
2382 117825.998   30.484145682  114.320973167    15.9650   4  17   0.4248   0.4783   1.4412  -0.1158   0.4680  -0.4287  -0.00    0.0
2382 117826.998   30.484156671  114.320891080    18.9718   4  19   0.3968   0.4868   1.3756  -0.1284   0.4885  -0.4088  -0.00    0.0
2382 117827.998   30.484172853  114.320843055    20.4566   4  18   0.4345   0.4860   1.3670  -0.1345   0.4854  -0.4174  -0.00    0.0
2382 117828.998   30.484152529  114.320814085    20.8704   4  17   0.4657   0.4856   1.3775  -0.1336   0.4853  -0.3796  -0.00    0.0
2382 117829.998   30.484180780  114.320785062    17.6852   4  19   0.3959   0.4855   1.3649  -0.1270   0.4845  -0.4057  -0.00    0.0
2382 117830.998   30.484170819  114.320782649    17.6371   4  18   0.4342   0.4856   1.3660  -0.1343   0.4851  -0.4171  -0.00    0.0
2382 117831.998   30.484168748  114.320777805    16.2956   4  18   0.4341   0.4857   1.3661  -0.1344   0.4852  -0.4172  -0.00    0.0
2382 117832.998   30.484160483  114.320757135    14.4970   4  17   0.4469   0.4858   1.4664  -0.1300   0.4793  -0.4802  -0.00    0.0
2382 117833.998   30.484175698  114.320758445    14.2635   4  18   0.4096   0.4857   1.4660  -0.1227   0.4789  -0.4700  -0.00    0.0
2382 117834.998   30.484166006  114.320737507    13.7411   4  17   0.4772   0.5111   1.4406   0.1159   0.5550  -0.2907  -0.00    0.0
2382 117835.998   30.484184800  114.320737090    15.1302   4  17   0.4468   0.4859   1.4675  -0.1301   0.4798  -0.4804  -0.00    0.0
2382 117836.998   30.484187445  114.320712053    14.0586   4  17   0.4117   0.5231   1.4871  -0.1520   0.5268  -0.4809  -0.00    0.0
2382 117837.998   30.484163473  114.320676116    17.7962   4  17   0.4146   0.5276   1.5355  -0.0457   0.4766  -0.3118  -0.00    0.0
2382 117838.998   30.484192743  114.320651726    16.5951   4  17   0.4241   0.5091   1.5478   0.0397   0.5521  -0.4089  -0.00    0.0
2382 117839.998   30.484212013  114.320637226    22.0640   4  17   0.3993   0.5983   1.5040  -0.1848   0.5269  -0.4182  -0.00    0.0
2382 117840.998   30.484225308  114.320599201    23.3625   4  17   0.4525   0.5371   1.8594   0.1356  -0.1945  -0.6397  -0.00    0.0
2382 117841.998   30.484239584  114.320541425    25.3449   4  16   0.5087   0.6320   2.0295   0.3203  -0.5935  -0.7833  -0.00    0.0
2382 117842.998   30.484294276  114.320535421    16.1869   4  15   0.8570   0.9112   3.9471   0.7399  -1.5906  -1.7129  -0.00    0.0
2382 117843.998   30.484323352  114.320527837    28.8124   4  16   0.4384   0.5700   1.6807   0.1543   0.1029  -0.5514  -0.00    0.0
2382 117844.998   30.484398621  114.320545612    24.6425   4  14   0.8902   1.0588   3.9903   0.8193  -1.6017  -1.7296  -0.00    0.0
2382 117845.998   30.484458308  114.320531658    19.1123   4  14   0.8994   1.0649   4.0456   0.8282  -1.6251  -1.7542  -0.00    0.0
2382 117846.998   30.484526637  114.320497806    15.6054   4  16   0.5205   0.5587   2.3875   0.2384  -0.5105  -0.8907  -0.00    0.0
2382 117847.998   30.484586579  114.320554589    16.3042   4  16   0.4923   0.5757   1.9310  -0.0975   0.5330  -0.7458  -0.00    0.0
2382 117848.998   30.484641579  114.320539563    32.3111   4  17   0.3999   0.6001   1.5127  -0.1862   0.5304  -0.4219  -0.00    0.0
2382 117849.998   30.484730435  114.320558051    19.7380   4  15   0.5233   0.6451   2.4242   0.2021  -0.3664  -0.9033  -0.00    0.0
2382 117850.998   30.484833047  114.320541430    10.3871   4  14   0.7888   0.9017   3.5770   0.6496  -1.3652  -1.5429  -0.00    0.0
2382 117851.998   30.484936391  114.320542766    12.4260   4  15   0.8751   0.9705   4.0641   0.7418  -1.5832  -1.7621  -0.00    0.0
2382 117852.998   30.485016056  114.320479624    31.4834   4  14   0.4631   0.7578   1.7835  -0.2217   0.5445  -0.6203  -0.00    0.0
2382 117853.998   30.485118885  114.320514001    31.4115   4  18   0.3969   0.5104   1.4661  -0.1384   0.4026  -0.4001  -0.00    0.0
2382 117854.998   30.485260715  114.320525134    26.8887   4  17   0.4140   0.5594   1.4968   0.0860   0.3147  -0.4405  -0.00    0.0
2382 117855.998   30.485386646  114.320491075    19.3161   4  18   0.3966   0.5101   1.4589  -0.1379   0.4009  -0.3981  -0.00    0.0
2382 117856.998   30.485517222  114.320507605    11.6918   4  18   0.3964   0.5097   1.4578  -0.1378   0.4006  -0.3979  -0.00    0.0
2382 117857.998   30.485654748  114.320491364     9.1442   4  17   0.4145   0.5283   1.5358  -0.0459   0.4774  -0.3156  -0.00    0.0
2382 117858.998   30.485776332  114.320466786    10.4797   4  18   0.3963   0.5097   1.4580  -0.1378   0.4010  -0.3980  -0.00    0.0
2382 117859.998   30.485881896  114.320475338     9.9252   4  18   0.3963   0.5097   1.4580  -0.1378   0.4010  -0.3981  -0.00    0.0
2382 117860.998   30.485993139  114.320490832    15.3093   4  17   0.4338   0.4866   1.4901  -0.1267   0.4828  -0.5088  -0.00    0.0
2382 117861.998   30.486087616  114.320497744    15.4408   4  17   0.4851   0.4964   1.8331   0.1010   0.3523  -0.7127  -0.00    0.0
2382 117862.998   30.486171284  114.320499931    15.0477   4  17   0.4761   0.4888   1.7826   0.0988   0.3447  -0.6924  -0.00    0.0
2382 117863.998   30.486255582  114.320504021    12.3167   4  16   0.5808   0.5712   2.0870   0.3148  -0.3843  -0.9080  -0.00    0.0
2382 117864.998   30.486329231  114.320547389    14.1556   4  17   0.4870   0.4973   1.8485   0.1003   0.3548  -0.7194  -0.00    0.0
2382 117865.998   30.486403280  114.320594464     5.7849   4  15   0.5234   0.5640   2.4796   0.2234  -0.5557  -0.8564  -0.00    0.0
2382 117866.998   30.486471866  114.320591278     4.2853   4  17   0.5192   0.5583   2.3760   0.2357  -0.5017  -0.8868  -0.00    0.0
2382 117867.998   30.486499674  114.320592570    16.8977   4  19   0.3965   0.4876   1.3770  -0.1291   0.4902  -0.4120  -0.00    0.0
2382 117868.998   30.486527978  114.320588122    14.4663   4  17   0.4938   0.5493   1.7007   0.2246   0.2163  -0.6738  -0.00    0.0
2382 117869.998   30.486525433  114.320604700    12.7203   4  18   0.4153   0.4826   1.3569  -0.1229   0.4770  -0.3721  -0.00    0.0
2382 117870.998   30.486545746  114.320615932     5.9491   4  16   0.4485   0.5460   1.5968   0.1680   0.5012  -0.4694  -0.00    0.0
2382 117871.998   30.486558718  114.320625127    28.3484   4  15   0.4541   0.5644   1.6463   0.1367   0.0904  -0.4896  -0.00    0.0
2382 117872.998   30.486524823  114.320596352    39.9591   4  16   0.8659   0.9132   3.9956   0.7458  -1.6041  -1.7358  -0.00    0.0
2382 117873.998   30.486513386  114.320581009    39.9611   4  15   0.8835   0.9260   4.0983   0.7637  -1.6473  -1.7814  -0.00    0.0
2382 117874.998   30.486439748  114.320545070    59.7013   4  12   1.0993   1.0740   4.8804   0.9185  -1.9327  -2.2101  -0.00    0.0
2382 117875.998   30.486508196  114.320561953    44.9822   4  17   0.5725   0.5588   2.4157   0.2455  -0.5105  -0.9352  -0.00    0.0
2382 117876.998   30.486551829  114.320574259    25.7968   4  18   0.4343   0.4880   1.3800  -0.1357   0.4916  -0.4226  -0.00    0.0
2382 117877.998   30.486603698  114.320570007    25.2388   4  19   0.3968   0.4884   1.3819  -0.1300   0.4926  -0.4141  -0.00    0.0
2382 117878.998   30.486644529  114.320599762    27.7973   4  17   0.4340   0.5706   1.4413  -0.1465   0.6080  -0.4258  -0.00    0.0
2382 117879.998   30.486683204  114.320616139    26.7518   4  19   0.3960   0.4872   1.3711  -0.1287   0.4887  -0.4108  -0.00    0.0
2382 117880.998   30.486743662  114.320623912    26.8550   4  19   0.3959   0.4872   1.3710  -0.1287   0.4887  -0.4108  -0.00    0.0
2382 117881.998   30.486792961  114.320633537    24.2419   4  18   0.4122   0.5299   1.4108  -0.2011   0.5552  -0.4549  -0.00    0.0
2382 117882.998   30.486863736  114.320648264    20.0303   4  17   0.4193   0.5332   1.4303  -0.2121   0.5429  -0.4350  -0.00    0.0
2382 117883.998   30.486935657  114.320661889    11.2831   4  18   0.4122   0.5300   1.4115  -0.2013   0.5556  -0.4553  -0.00    0.0
2382 117884.998   30.486965369  114.320686567    14.8471   4  19   0.3959   0.4873   1.3716  -0.1289   0.4890  -0.4112  -0.00    0.0
2382 117885.998   30.487038549  114.320712257    19.0004   4  19   0.3959   0.4873   1.3714  -0.1288   0.4890  -0.4113  -0.00    0.0
2382 117886.998   30.487099308  114.320710844    17.5193   4  18   0.4135   0.5106   1.4376   0.0400   0.5521  -0.3431  -0.00    0.0
2382 117887.998   30.487151434  114.320723279    16.5984   4  17   0.4200   0.5679   1.4526  -0.1716   0.6068  -0.4057  -0.00    0.0
2382 117888.998   30.487240772  114.320729274    13.1444   4  19   0.3959   0.4874   1.3722  -0.1289   0.4895  -0.4116  -0.00    0.0
2382 117889.998   30.487304339  114.320721992    12.0895   4  18   0.4175   0.4874   1.3849  -0.1264   0.4903  -0.3801  -0.00    0.0
2382 117890.998   30.487381691  114.320724487     9.2096   4  19   0.3959   0.4874   1.3719  -0.1289   0.4892  -0.4117  -0.00    0.0
2382 117891.998   30.487487425  114.320721688     7.4677   4  18   0.4333   0.4875   1.3725  -0.1347   0.4896  -0.4201  -0.00    0.0
2382 117892.998   30.487557149  114.320686360     2.9516   4  18   0.3963   0.5107   1.4603  -0.1383   0.4041  -0.4018  -0.00    0.0
2382 117893.998   30.487651162  114.320707633     5.1648   4  19   0.3959   0.4875   1.3725  -0.1290   0.4895  -0.4121  -0.00    0.0
2382 117894.998   30.487732998  114.320709671     9.3185   4  18   0.4015   0.4904   1.3752  -0.1422   0.4848  -0.4052  -0.00    0.0
2382 117895.998   30.487783781  114.320677378     6.4957   4  17   0.4204   0.5126   1.4428  -0.0411   0.5480  -0.3314  -0.00    0.0
2382 117896.998   30.487834716  114.320692295     8.1413   4  19   0.3959   0.4876   1.3728  -0.1291   0.4898  -0.4123  -0.00    0.0
2382 117897.998   30.487879650  114.320708291    13.7665   4  18   0.4092   0.4877   1.4709  -0.1256   0.4852  -0.4741  -0.00    0.0
2382 117898.998   30.487905141  114.320692601    13.3765   4  19   0.3959   0.4876   1.3732  -0.1292   0.4900  -0.4126  -0.00    0.0
2382 117899.998   30.487949486  114.320686612    10.9479   4  18   0.4015   0.4906   1.3758  -0.1424   0.4853  -0.4058  -0.00    0.0
2382 117900.998   30.487986090  114.320665686     7.7737   4  19   0.3959   0.4877   1.3729  -0.1292   0.4900  -0.4127  -0.00    0.0
2382 117901.998   30.488002553  114.320670976     7.5958   4  19   0.3959   0.4877   1.3731  -0.1292   0.4901  -0.4127  -0.00    0.0
2382 117902.998   30.488020154  114.320681376     6.4133   4  18   0.4092   0.4878   1.4710  -0.1258   0.4856  -0.4744  -0.00    0.0
2382 117903.998   30.488036262  114.320667316     8.3624   4  19   0.3959   0.4878   1.3737  -0.1293   0.4903  -0.4131  -0.00    0.0
2382 117904.998   30.488057855  114.320671976     9.4353   4  19   0.3959   0.4878   1.3738  -0.1294   0.4904  -0.4132  -0.00    0.0
2382 117905.998   30.488080142  114.320685575    12.4848   4  19   0.3959   0.4878   1.3735  -0.1293   0.4904  -0.4131  -0.00    0.0
2382 117906.998   30.488095590  114.320658420     9.4024   4  18   0.4135   0.5112   1.4387   0.0384   0.5531  -0.3461  -0.00    0.0
2382 117907.998   30.488130731  114.320650884    11.1518   4  18   0.3981   0.5257   1.3954  -0.1576   0.5370  -0.4253  -0.00    0.0
2382 117908.998   30.488177947  114.320678821    11.9342   4  19   0.3959   0.4880   1.3742  -0.1295   0.4908  -0.4135  -0.00    0.0
2382 117909.998   30.488212828  114.320653684    15.0116   4  18   0.4135   0.5114   1.4389   0.0381   0.5533  -0.3465  -0.00    0.0
2382 117910.998   30.488252127  114.320632154    12.9430   4  19   0.3959   0.4880   1.3744  -0.1295   0.4909  -0.4137  -0.00    0.0
2382 117911.998   30.488300252  114.320623940    15.5111   4  19   0.3959   0.4881   1.3744  -0.1295   0.4910  -0.4137  -0.00    0.0
2382 117912.998   30.488348759  114.320600692    13.8840   4  19   0.3959   0.4881   1.3743  -0.1295   0.4909  -0.4138  -0.00    0.0
2382 117913.998   30.488424447  114.320591687    10.0236   4  18   0.4092   0.4882   1.4719  -0.1263   0.4866  -0.4751  -0.00    0.0
2382 117914.998   30.488470912  114.320585149    14.5739   4  18   0.4092   0.4882   1.4725  -0.1264   0.4869  -0.4754  -0.00    0.0
2382 117915.998   30.488495462  114.320553846    17.2678   4  19   0.3960   0.4882   1.3754  -0.1297   0.4913  -0.4144  -0.00    0.0
2382 117916.998   30.488539315  114.320538915    16.5108   4  19   0.3959   0.4882   1.3751  -0.1297   0.4913  -0.4144  -0.00    0.0
2382 117917.998   30.488588342  114.320537206    15.0244   4  17   0.4239   0.5116   1.5464   0.0301   0.5563  -0.4167  -0.00    0.0
2382 117918.998   30.488617525  114.320520775    17.7765   4  18   0.4092   0.4884   1.4733  -0.1267   0.4875  -0.4757  -0.00    0.0
2382 117919.998   30.488642532  114.320511561    18.8277   4  19   0.3960   0.4883   1.3761  -0.1299   0.4918  -0.4148  -0.00    0.0
2382 117920.998   30.488702138  114.320497642    10.8759   4  18   0.4092   0.4884   1.4729  -0.1267   0.4874  -0.4757  -0.00    0.0
2382 117921.998   30.488758270  114.320493791     7.5385   4  17   0.4239   0.5118   1.5470   0.0291   0.5567  -0.4173  -0.00    0.0
2382 117922.998   30.488800091  114.320493629    11.9456   4  18   0.4135   0.5118   1.4408   0.0367   0.5543  -0.3488  -0.00    0.0
2382 117923.998   30.488866795  114.320501017     9.2856   4  18   0.4092   0.4885   1.4738  -0.1269   0.4880  -0.4760  -0.00    0.0
2382 117924.998   30.488915747  114.320502478     8.4539   4  19   0.4092   0.4886   1.4736  -0.1269   0.4880  -0.4760  -0.00    0.0
2382 117925.998   30.488958973  114.320497459    11.4064   4  18   0.4092   0.4886   1.4739  -0.1270   0.4880  -0.4763  -0.00    0.0
2382 117926.998   30.489020467  114.320481560    12.7280   4  19   0.3960   0.4885   1.3767  -0.1301   0.4922  -0.4155  -0.00    0.0
2382 117927.998   30.489075153  114.320458144     9.3652   4  19   0.3960   0.4885   1.3764  -0.1300   0.4922  -0.4154  -0.00    0.0
2382 117928.998   30.489135668  114.320465460     6.6560   4  19   0.3959   0.4886   1.3761  -0.1300   0.4921  -0.4154  -0.00    0.0
2382 117929.998   30.489183298  114.320434546     3.0406   4  19   0.3959   0.4886   1.3762  -0.1301   0.4922  -0.4155  -0.00    0.0
2382 117930.998   30.489229869  114.320431492     5.8450   4  19   0.3959   0.4886   1.3763  -0.1301   0.4923  -0.4156  -0.00    0.0
2382 117931.998   30.489284219  114.320438252     7.1597   4  18   0.4135   0.5121   1.4400   0.0362   0.5542  -0.3498  -0.00    0.0
2382 117932.998   30.489346528  114.320431299     7.5575   4  17   0.4238   0.5122   1.5468   0.0277   0.5574  -0.4182  -0.00    0.0
2382 117933.998   30.489409521  114.320423527     5.8276   4  18   0.4016   0.4917   1.3802  -0.1434   0.4884  -0.4092  -0.00    0.0
2382 117934.998   30.489462981  114.320426489     6.4609   4  19   0.3960   0.4888   1.3774  -0.1303   0.4929  -0.4161  -0.00    0.0
2382 117935.998   30.489525107  114.320419204     9.5440   4  19   0.3959   0.4888   1.3769  -0.1302   0.4927  -0.4161  -0.00    0.0
2382 117936.998   30.489563143  114.320418340    11.3595   4  19   0.3959   0.4888   1.3770  -0.1303   0.4928  -0.4162  -0.00    0.0
2382 117937.998   30.489601417  114.320393213     6.4458   4  19   0.3959   0.4888   1.3771  -0.1303   0.4928  -0.4162  -0.00    0.0
2382 117938.998   30.489651125  114.320384951     1.7265   4  18   0.4135   0.5123   1.4403   0.0355   0.5545  -0.3508  -0.00    0.0
2382 117939.998   30.489687126  114.320377980     4.0320   4  18   0.3962   0.5122   1.4655  -0.1391   0.4086  -0.4072  -0.00    0.0
2382 117940.998   30.489726391  114.320387544     7.3591   4  18   0.3962   0.5122   1.4660  -0.1391   0.4086  -0.4073  -0.00    0.0
2382 117941.998   30.489766243  114.320391641    -1.5555   4  18   0.4091   0.4890   1.4749  -0.1276   0.4893  -0.4771  -0.00    0.0
2382 117942.998   30.489810202  114.320398521     3.0933   4  18   0.4091   0.4891   1.4751  -0.1277   0.4895  -0.4773  -0.00    0.0
2382 117943.998   30.489848597  114.320383950    11.3772   4  17   0.4091   0.5136   1.5969  -0.1250   0.3794  -0.4803  -0.00    0.0
2382 117944.998   30.489892990  114.320378237    12.1847   4  17   0.4091   0.5137   1.5978  -0.1250   0.3795  -0.4806  -0.00    0.0
2382 117945.998   30.489950848  114.320363458    -1.0913   4  17   0.4853   0.4981   1.8484   0.0901   0.3685  -0.7201  -0.00    0.0
2382 117946.998   30.489973471  114.320356534     7.2773   4  13   0.4918   0.5301   1.5026  -0.1068   0.4110  -0.4921  -0.00    0.0
2382 117947.998   30.490028998  114.320382055    -3.7075   4  14   0.6385   0.5747   2.2017   0.2905  -0.3557  -0.9960  -0.00    0.0
2382 117948.998   30.490000048  114.320395639     7.8974   4  11   0.5480   0.7317   1.9032  -0.3967   0.8017  -0.4367  -0.00    0.0
2382 117949.998   30.490015978  114.320410951     9.5156   4  10   0.6219   0.7515   2.3101  -0.4120   0.8369   0.3625  -0.00    0.0
2382 117950.998   30.490013401  114.320408864    -4.9042   4  10   0.5512   0.8236   1.8577  -0.4113   0.9362  -0.5790  -0.00    0.0
2382 117951.998   30.490045073  114.320392417    -8.0762   4  13   0.4587   0.6874   1.7494  -0.2412   0.7937  -0.5234  -0.00    0.0
2382 117952.998   30.490087663  114.320401622   -12.2011   4  12   0.5167   0.7232   1.7162  -0.2538   0.8132  -0.5053  -0.00    0.0
2382 117953.998   30.490139284  114.320387076   -21.2849   4  10   0.5295   0.8949   1.9455  -0.4536   1.0086  -0.6554  -0.00    0.0
2382 117954.998   30.490134564  114.320432535   -15.4644   4  17   0.3851   0.5815   1.4967   0.0269   0.6533  -0.2918  -0.00    0.0
2382 117955.998   30.490159708  114.320425962   -16.8232   4  18   0.4158   0.5329   1.5678   0.0750   0.6288  -0.3273  -0.00    0.0
2382 117956.998   30.490184863  114.320449059   -17.1956   4  18   0.4042   0.5266   1.2869   0.1081   0.4934  -0.2583  -0.00    0.0
2382 117957.998   30.490224460  114.320490960   -20.3350   4  14   0.4990   0.6385   1.5391   0.1040   0.1414  -0.2794  -0.00    0.0
2382 117958.998   30.490282289  114.320505445   -24.8069   4  16   0.3955   0.5355   1.3893  -0.1192   0.2345  -0.3283  -0.00    0.0
2382 117959.998   30.490292898  114.320522003   -18.6317   4  12   0.5161   0.7406   1.4759  -0.3311   0.4359  -0.4090  -0.00    0.0
2382 117960.998   30.490365592  114.320531445     0.8363   4  17   0.3922   0.5486   1.5142   0.0418   0.4424  -0.3490  -0.00    0.0
2382 117961.998   30.490394569  114.320511082    39.5611   4  14   0.4040   0.5732   1.6674  -0.0579   0.4947  -0.2701  -0.00    0.0
2382 117962.998   30.490472349  114.320389203    39.3347   4  11   0.5492   0.8540   1.9640   0.1819   0.9317   0.0948  -0.00    0.0
2382 117963.998   30.490406973  114.320443813    38.7617   4  13   0.5777   0.8408   1.5660  -0.4070   0.7653  -0.5056  -0.00    0.0
2382 117964.998   30.490273827  114.320421574    25.7816   4  16   0.4447   0.5967   1.3508  -0.1824   0.3789  -0.2801  -0.00    0.0
2382 117965.998   30.490171001  114.320283760    10.0793   4  16   0.6645   0.6783   1.6011   0.3615   0.6697   0.5658  -0.00    0.0
2382 117966.998   30.490249200  114.320270415     5.2575   4  17   0.5624   0.6590   1.5262   0.3020   0.6250   0.4669  -0.00    0.0
2382 117967.998   30.490353864  114.320329269    21.8994   4  16   0.4699   0.6989   1.8561   0.2889  -0.2083  -0.5685  -0.00    0.0
2382 117968.998   30.490392869  114.320318697    35.9587   4  18   0.4450   0.5156   1.6067  -0.1387   0.3839  -0.4796  -0.00    0.0
2382 117969.998   30.490387206  114.320333158    35.8233   4  16   0.4315   0.6685   1.4423   0.1625   0.4843  -0.3078  -0.00    0.0
2382 117970.998   30.490375715  114.320394510    32.0771   4  16   0.4303   0.5157   1.4001  -0.1093   0.2290  -0.3470  -0.00    0.0
2382 117971.998   30.490358250  114.320405007    27.5135   4  16   0.4254   0.5206   1.3266  -0.1659   0.2747  -0.2398  -0.00    0.0
2382 117972.998   30.490377636  114.320383953    23.6078   4  16   0.4539   0.5042   1.3922  -0.0792   0.2515  -0.3848  -0.00    0.0
2382 117973.998   30.490406210  114.320348563    24.5179   4  16   0.4368   0.5573   1.4027  -0.1934   0.3266  -0.4273  -0.00    0.0
2382 117974.998   30.490395346  114.320360394    14.3882   4  16   0.4538   0.5042   1.3922  -0.0792   0.2517  -0.3849  -0.00    0.0
2382 117975.998   30.490400475  114.320338142     5.8361   4  14   0.4734   0.5162   1.4253  -0.1442   0.2009  -0.3575  -0.00    0.0
2382 117976.998   30.490420458  114.320382018     9.4207   4  14   0.4747   0.6328   1.4901   0.1654   0.1810  -0.4606  -0.00    0.0
2382 117977.998   30.490397371  114.320397101    13.8930   4  15   0.4299   0.6161   1.4299  -0.1395   0.3149  -0.3332  -0.00    0.0
2382 117978.998   30.490393369  114.320416299    13.2702   4  16   0.4290   0.5098   1.4193  -0.1000   0.1990  -0.3260  -0.00    0.0
2382 117979.998   30.490398023  114.320427187    12.4436   4  17   0.3917   0.5370   1.3869  -0.0905   0.2910  -0.3732  -0.00    0.0
2382 117980.998   30.490402327  114.320426032     9.6528   4  15   0.4175   0.5933   1.5750  -0.0351   0.5017  -0.2681  -0.00    0.0
2382 117981.998   30.490446487  114.320421840     6.8922   4  16   0.4053   0.6176   1.4673   0.1219   0.5038  -0.2780  -0.00    0.0
2382 117982.998   30.490468692  114.320382527     8.5082   4  16   0.4363   0.5941   1.3429  -0.2334   0.3636  -0.2777  -0.00    0.0
2382 117983.998   30.490679288  114.320327864    21.3447   4  14   0.7259   0.5782   1.4426  -0.2638   0.3688   0.4266  -0.00    0.0
2382 117984.998   30.490565937  114.320377269    18.1686   4  16   2.2146   0.8467   2.0036  -0.7768   0.5463   1.5742  -0.00    0.0
2382 117985.998   30.490470702  114.320389374    18.9859   4  17   0.5989   0.5003   1.3062  -0.1893   0.2807  -0.1163  -0.00    0.0
2382 117986.998   30.490281947  114.320386047    -0.3633   4  15   1.9772   0.7297   1.8251  -0.9192  -0.2111   1.2213  -0.00    0.0
2382 117987.998   30.490237038  114.320434864     5.8394   4  12   1.9230   0.7787   1.7638  -0.9431  -0.2217   1.1610  -0.00    0.0
2382 117988.998   30.490489843  114.320353274    16.7579   4  14   0.4838   0.5964   1.7138  -0.2139   0.5462  -0.4773  -0.00    0.0
2382 117989.998   30.490699419  114.320275611    20.5846   4  17   0.7273   0.5788   1.4483  -0.2638   0.3700   0.4300  -0.00    0.0
2382 117990.998   30.490508608  114.320307775     8.8744   4  14   0.7418   0.6029   1.8200  -0.2989   0.5107   0.1904  -0.00    0.0
2382 117991.998   30.490439969  114.320351677    15.0979   4  16   0.8452   0.5311   1.6484   0.1681   0.5006   0.5632  -0.00    0.0
2382 117992.998   30.490483604  114.320364352    16.1306   4  15   0.4879   0.5345   1.6041  -0.0253   0.4906  -0.2206  -0.00    0.0
2382 117993.998   30.490472827  114.320362120    11.1678   4  16   0.4678   0.5159   1.5130  -0.1670   0.4031  -0.3336  -0.00    0.0
2382 117994.998   30.490487205  114.320369407    15.0534   4  17   0.4150   0.5350   1.5537  -0.0503   0.4899  -0.3447  -0.00    0.0
2382 117995.998   30.490482656  114.320356387    13.8698   4  15   0.4470   0.5551   1.6191  -0.1726   0.4446  -0.4906  -0.00    0.0
2382 117996.998   30.490484401  114.320371679    16.5414   4  17   0.4275   0.5073   1.4413  -0.1470   0.4042  -0.3995  -0.00    0.0
2382 117997.998   30.490488299  114.320365743    15.2603   4  19   0.3918   0.4847   1.4658  -0.0924   0.4645  -0.4356  -0.00    0.0
2382 117998.998   30.490501406  114.320366511    13.7730   4  18   0.4055   0.4841   1.5728  -0.0805   0.4498  -0.5006  -0.00    0.0
2382 117999.998   30.490525778  114.320337771    10.7062   4  18   0.3931   0.5212   1.4746  -0.1269   0.5094  -0.4434  -0.00    0.0
2382 118000.998   30.490559325  114.320328678     2.8573   4  18   0.4053   0.4838   1.5722  -0.0808   0.4500  -0.5005  -0.00    0.0
2382 118001.998   30.490577709  114.320342932     4.5965   4  18   0.4052   0.4838   1.5724  -0.0809   0.4501  -0.5006  -0.00    0.0
2382 118002.998   30.490597244  114.320331086     6.9023   4  19   0.3910   0.4835   1.4549  -0.0910   0.4608  -0.4325  -0.00    0.0
2382 118003.998   30.490616550  114.320322419     4.9238   4  19   0.3910   0.4836   1.4545  -0.0910   0.4608  -0.4324  -0.00    0.0
2382 118004.998   30.490634160  114.320317647     6.7912   4  19   0.3909   0.4836   1.4541  -0.0909   0.4607  -0.4323  -0.00    0.0
2382 118005.998   30.490656855  114.320299290     8.1990   4  18   0.4052   0.4839   1.5718  -0.0810   0.4502  -0.5005  -0.00    0.0
2382 118006.998   30.490687684  114.320304937     4.3678   4  19   0.3910   0.4836   1.4549  -0.0911   0.4610  -0.4328  -0.00    0.0
2382 118007.998   30.490690259  114.320336741    10.8593   4  18   0.4052   0.4839   1.5725  -0.0812   0.4505  -0.5009  -0.00    0.0
2382 118008.998   30.490696409  114.320330317    14.1646   4  19   0.3910   0.4837   1.4552  -0.0911   0.4612  -0.4330  -0.00    0.0
2382 118009.998   30.490721274  114.320315345     9.1104   4  19   0.3910   0.4837   1.4552  -0.0911   0.4612  -0.4330  -0.00    0.0
2382 118010.998   30.490729122  114.320316516     7.6244   4  18   0.4081   0.5070   1.5179   0.0973   0.5277  -0.3697  -0.00    0.0
2382 118011.998   30.490672179  114.320291346     2.7488   4  16   0.4740   0.5112   1.6594   0.1548   0.5390  -0.3909  -0.00    0.0
2382 118012.998   30.490691727  114.320304555     5.9137   4  18   0.4029   0.4990   1.4840   0.0973   0.5149  -0.3611  -0.00    0.0
2382 118013.998   30.490715215  114.320334995    13.8984   4  19   0.3919   0.4852   1.4677  -0.0929   0.4657  -0.4371  -0.00    0.0
2382 118014.998   30.490714030  114.320328251     9.2313   4  18   0.4054   0.4845   1.5738  -0.0815   0.4515  -0.5015  -0.00    0.0
2382 118015.998   30.490727287  114.320305319     4.5540   4  18   0.3966   0.4871   1.4595  -0.1095   0.4560  -0.4263  -0.00    0.0
2382 118016.998   30.490734654  114.320295888     7.2856   4  19   0.3910   0.4839   1.4560  -0.0914   0.4617  -0.4337  -0.00    0.0
2382 118017.998   30.490728495  114.320288751     6.4115   4  17   0.4193   0.5072   1.6460   0.0983   0.5266  -0.4456  -0.00    0.0
2382 118018.998   30.490723803  114.320276616     3.9212   4  17   0.4090   0.5007   1.4880   0.0770   0.5088  -0.3510  -0.00    0.0
2382 118019.998   30.490736215  114.320287007     9.4667   4  19   0.3919   0.4853   1.4684  -0.0930   0.4661  -0.4377  -0.00    0.0
2382 118020.998   30.490730025  114.320302790     9.4416   4  17   0.4153   0.5097   1.5252   0.0786   0.5232  -0.3581  -0.00    0.0
2382 118021.998   30.490718308  114.320290778     8.4526   4  18   0.3966   0.4873   1.4599  -0.1096   0.4564  -0.4267  -0.00    0.0
2382 118022.998   30.490735504  114.320302442     9.0373   4  17   0.4121   0.5164   1.5193   0.0634   0.5248  -0.3685  -0.00    0.0
2382 118023.998   30.490737087  114.320274986     4.8304   4  18   0.3965   0.4873   1.4598  -0.1097   0.4565  -0.4268  -0.00    0.0
2382 118024.998   30.490748648  114.320284525     5.7082   4  19   0.3910   0.4842   1.4567  -0.0916   0.4623  -0.4343  -0.00    0.0
2382 118025.998   30.490737666  114.320283189     6.2938   4  18   0.3965   0.4873   1.4597  -0.1097   0.4564  -0.4269  -0.00    0.0
2382 118026.998   30.490727382  114.320283188     5.5153   4  18   0.3965   0.4873   1.4598  -0.1097   0.4565  -0.4271  -0.00    0.0
2382 118027.998   30.490724724  114.320278006     2.1351   4  18   0.3947   0.4943   1.4570  -0.1173   0.4593  -0.4328  -0.00    0.0
2382 118028.998   30.490722548  114.320292325     5.2426   4  18   0.3965   0.4874   1.4601  -0.1098   0.4567  -0.4272  -0.00    0.0
2382 118029.998   30.490731939  114.320302364     9.9219   4  19   0.3910   0.4843   1.4570  -0.0917   0.4625  -0.4347  -0.00    0.0
2382 118030.998   30.490731950  114.320304414     9.7073   4  17   0.4320   0.4875   1.4604  -0.1110   0.4568  -0.4243  -0.00    0.0
2382 118031.998   30.490706857  114.320318426     7.1990   4  16   0.4151   0.5003   1.5783  -0.1324   0.4382  -0.4909  -0.00    0.0
2382 118032.998   30.490721345  114.320291739     8.3146   4  18   0.3966   0.4875   1.4611  -0.1099   0.4571  -0.4279  -0.00    0.0
2382 118033.998   30.490722290  114.320307364    11.3477   4  19   0.3910   0.4844   1.4579  -0.0919   0.4629  -0.4353  -0.00    0.0
2382 118034.998   30.490732538  114.320323257    11.9036   4  18   0.4051   0.4847   1.5735  -0.0827   0.4530  -0.5021  -0.00    0.0
2382 118035.998   30.490739675  114.320327561    10.6800   4  18   0.4051   0.4847   1.5743  -0.0828   0.4533  -0.5024  -0.00    0.0
2382 118036.998   30.490754731  114.320327499     7.7647   4  18   0.3966   0.4876   1.4620  -0.1101   0.4575  -0.4284  -0.00    0.0
2382 118037.998   30.490755764  114.320345770    10.4860   4  18   0.3948   0.4946   1.4586  -0.1176   0.4601  -0.4339  -0.00    0.0
2382 118038.998   30.490746286  114.320346297    10.4706   4  17   0.4193   0.5079   1.6453   0.0977   0.5275  -0.4475  -0.00    0.0
2382 118039.998   30.490781451  114.320353102    18.4938   4  19   0.3859   0.4775   1.4268  -0.0885   0.4529  -0.4254  -0.00    0.0
2382 118040.998   30.490801221  114.320329942     9.2641   4  18   0.3957   0.4960   1.4711  -0.1190   0.4646  -0.4380  -0.00    0.0
2382 118041.998   30.490798972  114.320355101    12.9447   4  19   0.3913   0.4850   1.4594  -0.0921   0.4637  -0.4362  -0.00    0.0
2382 118042.998   30.490817757  114.320364124    11.7172   4  18   0.3967   0.4879   1.4619  -0.1101   0.4578  -0.4287  -0.00    0.0
2382 118043.998   30.490842207  114.320363211    10.1585   4  18   0.4050   0.4849   1.5740  -0.0832   0.4539  -0.5026  -0.00    0.0
2382 118044.998   30.490878420  114.320364487    11.9912   4  19   0.3911   0.4847   1.4593  -0.0922   0.4637  -0.4364  -0.00    0.0
2382 118045.998   30.490910696  114.320340055     8.3350   4  19   0.3911   0.4848   1.4593  -0.0922   0.4638  -0.4365  -0.00    0.0
2382 118046.998   30.490937535  114.320318008     7.2854   4  19   0.3911   0.4848   1.4589  -0.0922   0.4637  -0.4364  -0.00    0.0
2382 118047.998   30.490948405  114.320301904     5.3507   4  19   0.3911   0.4848   1.4590  -0.0922   0.4638  -0.4365  -0.00    0.0
2382 118048.998   30.490975003  114.320309553     3.6732   4  18   0.4050   0.4851   1.5742  -0.0834   0.4544  -0.5028  -0.00    0.0
2382 118049.998   30.490984030  114.320319053     2.9187   4  19   0.3911   0.4849   1.4598  -0.0924   0.4641  -0.4369  -0.00    0.0
2382 118050.998   30.490992640  114.320344085     8.7935   4  19   0.3911   0.4849   1.4598  -0.0924   0.4641  -0.4369  -0.00    0.0
2382 118051.998   30.491000970  114.320330550     7.2429   4  18   0.4050   0.4851   1.5744  -0.0836   0.4547  -0.5030  -0.00    0.0
2382 118052.998   30.491018659  114.320315798     5.5804   4  19   0.3911   0.4850   1.4602  -0.0925   0.4643  -0.4372  -0.00    0.0
2382 118053.998   30.491051787  114.320324091     6.9371   4  18   0.3967   0.4881   1.4633  -0.1104   0.4586  -0.4299  -0.00    0.0
2382 118054.998   30.491068539  114.320337095    10.4019   4  19   0.3911   0.4850   1.4598  -0.0924   0.4643  -0.4371  -0.00    0.0
2382 118055.998   30.491104647  114.320335688     9.9693   4  17   0.4742   0.5198   1.8618   0.1882   0.4045  -0.6332  -0.00    0.0
2382 118056.998   30.491133812  114.320350893    13.4708   4  16   0.5025   0.4945   2.0768   0.1563   0.1812  -0.8062  -0.00    0.0
2382 118057.998   30.491153386  114.320328858    19.7302   4  18   0.3973   0.4891   1.4704  -0.1112   0.4611  -0.4324  -0.00    0.0
2382 118058.998   30.491174606  114.320308855    21.5032   4  17   0.4112   0.4898   1.5947  -0.1048   0.4535  -0.5019  -0.00    0.0
2382 118059.998   30.491202618  114.320321797    15.5993   4  19   0.3914   0.4856   1.4623  -0.0927   0.4652  -0.4382  -0.00    0.0
2382 118060.998   30.491247109  114.320316766    19.5052   4  17   0.4101   0.4886   1.5797  -0.1032   0.4492  -0.4970  -0.00    0.0
2382 118061.998   30.491271413  114.320313248    15.7651   4  18   0.4084   0.5086   1.5208   0.0963   0.5295  -0.3774  -0.00    0.0
2382 118062.998   30.491317355  114.320305778    11.0375   4  18   0.3967   0.4884   1.4646  -0.1107   0.4594  -0.4308  -0.00    0.0
2382 118063.998   30.491343747  114.320329478     9.7744   4  19   0.3911   0.4853   1.4611  -0.0927   0.4651  -0.4380  -0.00    0.0
2382 118064.998   30.491376964  114.320327172     9.9217   4  19   0.3911   0.4853   1.4609  -0.0927   0.4650  -0.4381  -0.00    0.0
2382 118065.998   30.491420871  114.320337702     8.3511   4  19   0.3911   0.4853   1.4610  -0.0928   0.4651  -0.4382  -0.00    0.0
2382 118066.998   30.491455496  114.320332823    12.3345   4  19   0.3911   0.4853   1.4611  -0.0928   0.4651  -0.4383  -0.00    0.0
2382 118067.998   30.491492175  114.320308993    12.3866   4  19   0.3911   0.4854   1.4613  -0.0928   0.4652  -0.4384  -0.00    0.0
2382 118068.998   30.491524693  114.320292438     7.6852   4  19   0.3911   0.4854   1.4614  -0.0929   0.4653  -0.4385  -0.00    0.0
2382 118069.998   30.491540636  114.320298776     6.3222   4  19   0.3911   0.4854   1.4615  -0.0929   0.4654  -0.4386  -0.00    0.0
2382 118070.998   30.491565232  114.320328613     8.2998   4  19   0.3911   0.4855   1.4616  -0.0929   0.4654  -0.4387  -0.00    0.0
2382 118071.998   30.491595422  114.320320163     9.5058   4  18   0.3934   0.5601   1.5160  -0.1430   0.5736  -0.4577  -0.00    0.0
2382 118072.998   30.491621421  114.320291037     3.6474   4  19   0.3912   0.4856   1.4621  -0.0931   0.4658  -0.4389  -0.00    0.0
2382 118073.998   30.491653137  114.320303951     4.9909   4  19   0.3912   0.4856   1.4622  -0.0931   0.4659  -0.4390  -0.00    0.0
2382 118074.998   30.491678803  114.320327876    11.4966   4  19   0.3912   0.4856   1.4620  -0.0931   0.4657  -0.4390  -0.00    0.0
2382 118075.998   30.491734448  114.320309103     8.0645   4  18   0.3967   0.4887   1.4652  -0.1109   0.4601  -0.4319  -0.00    0.0
2382 118076.998   30.491805448  114.320311522     6.4072   4  19   0.3912   0.4856   1.4623  -0.0931   0.4659  -0.4392  -0.00    0.0
2382 118077.998   30.491884473  114.320310067     9.3192   4  19   0.3912   0.4857   1.4624  -0.0931   0.4659  -0.4393  -0.00    0.0
2382 118078.998   30.491968568  114.320310437     8.9479   4  18   0.3967   0.4888   1.4656  -0.1110   0.4604  -0.4322  -0.00    0.0
2382 118079.998   30.492067605  114.320305363    12.5372   4  18   0.3967   0.4888   1.4657  -0.1110   0.4604  -0.4323  -0.00    0.0
2382 118080.998   30.492174833  114.320297388    11.9698   4  18   0.3967   0.4888   1.4658  -0.1111   0.4605  -0.4324  -0.00    0.0
2382 118081.998   30.492288549  114.320291956     8.6655   4  19   0.3912   0.4858   1.4628  -0.0933   0.4662  -0.4397  -0.00    0.0
2382 118082.998   30.492400077  114.320300670     8.7572   4  19   0.3912   0.4858   1.4629  -0.0933   0.4663  -0.4398  -0.00    0.0
2382 118083.998   30.492517730  114.320301616    11.1945   4  19   0.3912   0.4858   1.4630  -0.0933   0.4664  -0.4399  -0.00    0.0
2382 118084.998   30.492619226  114.320271612     9.4018   4  19   0.3912   0.4859   1.4631  -0.0934   0.4664  -0.4400  -0.00    0.0
2382 118085.998   30.492708684  114.320285551    12.1607   4  18   0.4085   0.5093   1.5210   0.0960   0.5301  -0.3807  -0.00    0.0
2382 118086.998   30.492793039  114.320288256    11.0942   4  18   0.4082   0.4863   1.4862  -0.0818   0.4715  -0.4047  -0.00    0.0
2382 118087.998   30.492847728  114.320293384     8.6805   4  19   0.3912   0.4860   1.4638  -0.0935   0.4668  -0.4403  -0.00    0.0
2382 118088.998   30.492923516  114.320291406     7.5601   4  19   0.3912   0.4860   1.4637  -0.0935   0.4667  -0.4404  -0.00    0.0
2382 118089.998   30.492986742  114.320288625     7.5647   4  19   0.3912   0.4860   1.4637  -0.0935   0.4668  -0.4405  -0.00    0.0
2382 118090.998   30.493065576  114.320285759     8.3541   4  18   0.3968   0.4891   1.4669  -0.1113   0.4612  -0.4334  -0.00    0.0
2382 118091.998   30.493121116  114.320277530     8.6498   4  19   0.3912   0.4861   1.4639  -0.0936   0.4669  -0.4407  -0.00    0.0
2382 118092.998   30.493201132  114.320266016    10.5447   4  18   0.3968   0.4892   1.4671  -0.1114   0.4614  -0.4336  -0.00    0.0
2382 118093.998   30.493306365  114.320282767    11.1665   4  19   0.3912   0.4861   1.4641  -0.0937   0.4671  -0.4409  -0.00    0.0
2382 118094.998   30.493441679  114.320277637    13.1491   4  18   0.4049   0.4863   1.5767  -0.0861   0.4588  -0.5053  -0.00    0.0
2382 118095.998   30.493584185  114.320260376    12.3982   4  19   0.3913   0.4862   1.4649  -0.0938   0.4673  -0.4413  -0.00    0.0
2382 118096.998   30.493741406  114.320258503     5.6066   4  18   0.4049   0.4864   1.5773  -0.0862   0.4591  -0.5057  -0.00    0.0
2382 118097.998   30.493890991  114.320282722     7.6353   4  18   0.4583   0.4967   1.8338   0.1240   0.3268  -0.6768  -0.00    0.0
2382 118098.998   30.494053402  114.320278107     9.4240   4  19   0.3867   0.4787   1.4385  -0.0903   0.4552  -0.4353  -0.00    0.0
2382 118099.998   30.494220397  114.320280126     5.0228   4  19   0.3922   0.4876   1.4775  -0.0956   0.4719  -0.4455  -0.00    0.0
2382 118100.998   30.494364382  114.320291782     5.2833   4  19   0.3915   0.4867   1.4660  -0.0939   0.4679  -0.4419  -0.00    0.0
2382 118101.998   30.494476442  114.320301740     9.6101   4  18   0.4035   0.4928   1.4674  -0.1289   0.4743  -0.4503  -0.00    0.0
2382 118102.998   30.494606619  114.320299451     9.7230   4  19   0.3913   0.4864   1.4651  -0.0940   0.4677  -0.4418  -0.00    0.0
2382 118103.998   30.494716695  114.320312812    10.0379   4  19   0.3913   0.4864   1.4652  -0.0940   0.4678  -0.4418  -0.00    0.0
2382 118104.998   30.494825626  114.320315650     7.2825   4  19   0.3913   0.4864   1.4653  -0.0940   0.4678  -0.4419  -0.00    0.0
2382 118105.998   30.494924290  114.320341289     8.0225   4  19   0.3913   0.4865   1.4654  -0.0941   0.4679  -0.4420  -0.00    0.0
2382 118106.998   30.494987775  114.320341622     5.4704   4  18   0.4082   0.4868   1.4883  -0.0821   0.4730  -0.4066  -0.00    0.0
2382 118107.998   30.495059583  114.320342747     4.9534   4  19   0.3913   0.4865   1.4657  -0.0941   0.4681  -0.4422  -0.00    0.0
2382 118108.998   30.495122530  114.320343461     5.5343   4  17   0.4205   0.4870   1.6010  -0.0742   0.4655  -0.4743  -0.00    0.0
2382 118109.998   30.495164432  114.320373376    10.7188   4  19   0.3913   0.4866   1.4666  -0.0943   0.4684  -0.4426  -0.00    0.0
2382 118110.998   30.495197995  114.320363672    11.9369   4  17   0.4175   0.4939   1.4702  -0.1413   0.4723  -0.4423  -0.00    0.0
2382 118111.998   30.495217759  114.320368920    11.7382   4  19   0.3844   0.4707   1.2825   0.0624   0.3589  -0.3270  -0.00    0.0
2382 118112.998   30.495248457  114.320363548     8.5188   4  18   0.4048   0.4868   1.5763  -0.0868   0.4601  -0.5058  -0.00    0.0
2382 118113.998   30.495259406  114.320384617    11.7993   4  19   0.3913   0.4867   1.4661  -0.0942   0.4683  -0.4427  -0.00    0.0
2382 118114.998   30.495268626  114.320444082    12.5620   4  19   0.3914   0.4867   1.4669  -0.0944   0.4686  -0.4430  -0.00    0.0
2382 118115.998   30.495286398  114.320497402    11.6155   4  19   0.3913   0.4868   1.4665  -0.0943   0.4686  -0.4430  -0.00    0.0
2382 118116.998   30.495278431  114.320568078    13.0256   4  20   0.3754   0.4707   1.2773   0.0696   0.3607  -0.3413  -0.00    0.0
2382 118117.998   30.495268519  114.320653605    13.1324   4  20   0.3753   0.4706   1.2766   0.0698   0.3604  -0.3412  -0.00    0.0
2382 118118.998   30.495253431  114.320756193     9.8805   4  20   0.3753   0.4706   1.2760   0.0700   0.3601  -0.3410  -0.00    0.0
2382 118119.998   30.495223895  114.320889667    17.0452   4  19   0.3969   0.4906   1.3167   0.1509   0.4179  -0.2726  -0.00    0.0
2382 118120.998   30.495188950  114.321035516    14.8209   4  20   0.3753   0.4707   1.2761   0.0701   0.3602  -0.3410  -0.00    0.0
2382 118121.998   30.495157595  114.321181112     8.4816   4  19   0.3838   0.4721   1.3471   0.0883   0.3380  -0.3885  -0.00    0.0
2382 118122.998   30.495114511  114.321369056     8.8178   4  18   0.4035   0.4914   1.3917   0.1577   0.4024  -0.3277  -0.00    0.0
2382 118123.998   30.495077498  114.321548678    10.1991   4  18   0.4035   0.4915   1.3921   0.1577   0.4025  -0.3279  -0.00    0.0
2382 118124.998   30.495035600  114.321722213     5.9442   4  18   0.4035   0.4915   1.3922   0.1577   0.4027  -0.3279  -0.00    0.0
2382 118125.998   30.495000354  114.321885557     8.1029   4  17   0.4217   0.5178   1.4013   0.1992   0.1883  -0.4449  -0.00    0.0
2382 118126.998   30.494965136  114.322081621     5.5603   4  19   0.3837   0.4722   1.3476   0.0885   0.3381  -0.3888  -0.00    0.0
2382 118127.998   30.494934519  114.322249753    -1.7455   4  17   0.4194   0.5104   1.6402   0.0957   0.5303  -0.4549  -0.00    0.0
2382 118128.998   30.494884924  114.322394388    -4.2763   4  16   0.4428   0.5346   1.6676   0.1963   0.4191  -0.5227  -0.00    0.0
2382 118129.998   30.494839962  114.322546054    -6.7855   4  16   0.4523   0.5457   1.7314   0.2020   0.4315  -0.5454  -0.00    0.0
2382 118130.998   30.494817049  114.322739345     2.0086   4  18   0.4055   0.4882   1.5866  -0.0889   0.4644  -0.5099  -0.00    0.0
2382 118131.998   30.494773872  114.322900342    11.9494   4  19   0.3844   0.4733   1.3578   0.0880   0.3411  -0.3920  -0.00    0.0
2382 118132.998   30.494732007  114.323064628    11.1525   4  18   0.4038   0.4921   1.3930   0.1581   0.4030  -0.3286  -0.00    0.0
2382 118133.998   30.494689427  114.323202226     9.2454   4  17   0.4195   0.5107   1.6405   0.0955   0.5310  -0.4554  -0.00    0.0
2382 118135.000   30.494652497  114.323350706    12.0301   4  19   0.3790   0.4660   1.3221   0.0875   0.3342  -0.3805  -0.00    0.0
2382 118136.000   30.494615922  114.323471882    13.3040   4  19   0.3758   0.4720   1.2855   0.0701   0.3631  -0.3442  -0.00    0.0
2382 118137.000   30.494588918  114.323583346     1.9331   4  17   0.4197   0.5112   1.6413   0.0956   0.5315  -0.4559  -0.00    0.0
2382 118138.000   30.494556185  114.323695179     5.2902   4  18   0.3988   0.4850   1.3626   0.1544   0.3945  -0.3225  -0.00    0.0
2382 118139.000   30.494521004  114.323807822     3.5831   4  19   0.3843   0.4734   1.3572   0.0882   0.3412  -0.3918  -0.00    0.0
2382 118140.000   30.494513986  114.323922507     1.7352   4  19   0.3837   0.4727   1.3476   0.0887   0.3386  -0.3889  -0.00    0.0
2382 118141.000   30.494485346  114.324023420     8.3748   4  19   0.3835   0.4724   1.3465   0.0886   0.3384  -0.3886  -0.00    0.0
2382 118142.000   30.494454692  114.324144653    14.5284   4  18   0.4033   0.4918   1.3896   0.1580   0.4020  -0.3285  -0.00    0.0
2382 118143.000   30.494424711  114.324228607    10.4479   4  18   0.4088   0.5109   1.5220   0.0953   0.5311  -0.3882  -0.00    0.0
2382 118144.000   30.494410668  114.324335660     5.5904   4  19   0.3834   0.4724   1.3470   0.0885   0.3389  -0.3887  -0.00    0.0
2382 118145.000   30.494386258  114.324420157     7.8710   4  19   0.3967   0.4911   1.3163   0.1516   0.4175  -0.2750  -0.00    0.0
2382 118146.000   30.494378831  114.324485812     4.8247   4  18   0.4088   0.5110   1.5217   0.0953   0.5311  -0.3885  -0.00    0.0
2382 118147.000   30.494364351  114.324578815     6.1553   4  19   0.3834   0.4725   1.3466   0.0886   0.3390  -0.3885  -0.00    0.0
2382 118148.000   30.494356439  114.324636375     0.8319   4  20   0.3750   0.4712   1.2768   0.0711   0.3605  -0.3421  -0.00    0.0
2382 118149.000   30.494335776  114.324680183     3.1893   4  20   0.3750   0.4711   1.2760   0.0712   0.3601  -0.3420  -0.00    0.0
2382 118150.000   30.494322904  114.324761655     8.0328   4  20   0.3750   0.4711   1.2758   0.0713   0.3600  -0.3419  -0.00    0.0
2382 118151.000   30.494314265  114.324817238     5.9596   4  19   0.3914   0.4876   1.4682  -0.0948   0.4700  -0.4453  -0.00    0.0
2382 118152.000   30.494305053  114.324898320     5.2958   4  18   0.4046   0.4878   1.5782  -0.0887   0.4635  -0.5077  -0.00    0.0
2382 118153.000   30.494276736  114.324982328     9.4535   4  18   0.4020   0.4727   1.3652   0.0958   0.3428  -0.3526  -0.00    0.0
2382 118154.000   30.494264165  114.325082407     8.4016   4  17   0.4391   0.4729   1.3701   0.1086   0.3452  -0.3201  -0.00    0.0
2382 118155.000   30.494246843  114.325180665     9.5644   4  16   0.5068   0.5007   1.4553   0.2312   0.4472   0.1501  -0.00    0.0
2382 118156.000   30.494231941  114.325252637     6.6406   4  19   0.3832   0.4726   1.3459   0.0889   0.3389  -0.3883  -0.00    0.0
2382 118157.000   30.494215596  114.325344942     0.8225   4  17   0.4194   0.5114   1.6393   0.0951   0.5318  -0.4569  -0.00    0.0
2382 118158.000   30.494177075  114.325428150     5.3139   4  17   0.4321   0.5169   1.6080   0.1572   0.3389  -0.5671  -0.00    0.0
2382 118159.000   30.494141654  114.325552868    11.4908   4  17   0.5123   0.5021   2.1884   0.1662   0.2144  -0.8563  -0.00    0.0
2382 118160.000   30.494128262  114.325690330     5.6336   4  16   0.4637   0.5270   1.6714   0.1566   0.3427  -0.5801  -0.00    0.0
2382 118161.000   30.494100917  114.325824994    11.3945   4  19   0.3837   0.4734   1.3516   0.0887   0.3404  -0.3903  -0.00    0.0
2382 118162.000   30.494065871  114.325977645    14.1001   4  17   0.4355   0.4896   1.5965  -0.0845   0.4701  -0.5060  -0.00    0.0
2382 118163.000   30.494046278  114.326116034     7.0879   4  17   0.4203   0.4890   1.6063  -0.0762   0.4711  -0.4773  -0.00    0.0
2382 118164.000   30.494001345  114.326295595    18.3732   4  18   0.4032   0.4923   1.3891   0.1584   0.4024  -0.3297  -0.00    0.0
2382 118165.000   30.493917956  114.326409599    33.9573   4  20   0.3749   0.4714   1.2771   0.0717   0.3605  -0.3428  -0.00    0.0
2382 118166.000   30.493864242  114.326567353    42.6880   4  20   0.3749   0.4714   1.2761   0.0720   0.3601  -0.3424  -0.00    0.0
2382 118167.000   30.493855395  114.326766434    22.9583   4  18   0.4396   0.4981   1.6410   0.2045  -0.1816  -0.5948  -0.00    0.0
2382 118168.000   30.493829018  114.326923038    11.2078   4  17   0.4935   0.4933   2.0611   0.1628   0.2071  -0.8029  -0.00    0.0
2382 118169.000   30.493774805  114.327084268    13.5646   4  19   0.4176   0.4923   1.4992   0.1752   0.1497  -0.5109  -0.00    0.0
2382 118170.000   30.493727159  114.327217876    21.9893   4  19   0.3925   0.4896   1.4854  -0.0976   0.4766  -0.4520  -0.00    0.0
2382 118171.000   30.493705969  114.327363709    15.6127   4  19   0.4171   0.4920   1.4935   0.1750   0.1496  -0.5088  -0.00    0.0
2382 118172.000   30.493650077  114.327450160    17.9561   4  18   0.4031   0.4925   1.3872   0.1587   0.4017  -0.3298  -0.00    0.0
2382 118173.000   30.493626404  114.327575375    16.6999   4  19   0.3966   0.4916   1.3146   0.1524   0.4162  -0.2776  -0.00    0.0
2382 118174.000   30.493630170  114.327693644     8.8563   4  19   0.4166   0.4916   1.4904   0.1747   0.1505  -0.5075  -0.00    0.0
2382 118175.000   30.493587203  114.327789258    14.4683   4  19   0.3829   0.4729   1.3447   0.0892   0.3391  -0.3883  -0.00    0.0
2382 118176.000   30.493552022  114.327897132    14.2199   4  20   0.3748   0.4716   1.2765   0.0724   0.3599  -0.3430  -0.00    0.0
2382 118177.000   30.493537584  114.327973192     9.9439   4  20   0.3747   0.4716   1.2758   0.0724   0.3599  -0.3428  -0.00    0.0
2382 118178.000   30.493524800  114.328031355     8.0254   4  19   0.3828   0.4729   1.3434   0.0892   0.3390  -0.3878  -0.00    0.0
2382 118179.000   30.493500383  114.328070808     6.1028   4  18   0.4089   0.5119   1.5226   0.0948   0.5317  -0.3929  -0.00    0.0
2382 118180.000   30.493496242  114.328113936     9.2990   4  19   0.3915   0.4885   1.4731  -0.0959   0.4726  -0.4485  -0.00    0.0
2382 118181.000   30.493477900  114.328160344    13.1493   4  20   0.3747   0.4717   1.2770   0.0723   0.3606  -0.3432  -0.00    0.0
2382 118182.000   30.493464206  114.328178544    15.1363   4  20   0.3747   0.4717   1.2762   0.0725   0.3602  -0.3431  -0.00    0.0
2382 118183.000   30.493467586  114.328211064    16.3143   4  20   0.3747   0.4717   1.2755   0.0726   0.3599  -0.3429  -0.00    0.0
2382 118184.000   30.493459517  114.328222032    11.3730   4  19   0.3915   0.4885   1.4717  -0.0957   0.4721  -0.4482  -0.00    0.0
2382 118185.000   30.493434967  114.328276422     7.9253   4  18   0.3853   0.4818   1.3466   0.0622   0.3275  -0.3830  -0.00    0.0
2382 118186.000   30.493390369  114.328304095     5.3333   4  19   0.3827   0.4730   1.3439   0.0892   0.3395  -0.3881  -0.00    0.0
2382 118187.000   30.493313889  114.328325494     8.1148   4  19   0.3915   0.4887   1.4727  -0.0959   0.4725  -0.4488  -0.00    0.0
2382 118188.000   30.493239728  114.328329082    10.7914   4  20   0.3746   0.4718   1.2764   0.0727   0.3602  -0.3433  -0.00    0.0
2382 118189.000   30.493162650  114.328307194    12.8770   4  19   0.3944   0.4719   1.2780   0.0779   0.3596  -0.3554  -0.00    0.0
2382 118190.000   30.493067941  114.328258549    13.5253   4  18   0.4044   0.4888   1.5783  -0.0902   0.4662  -0.5088  -0.00    0.0
2382 118191.000   30.492955434  114.328227616    15.1193   4  18   0.4045   0.4889   1.5806  -0.0907   0.4670  -0.5097  -0.00    0.0
2382 118192.000   30.492843956  114.328220709    18.5191   4  19   0.3917   0.4889   1.4756  -0.0965   0.4738  -0.4501  -0.00    0.0
2382 118193.000   30.492743023  114.328182848    15.3905   4  19   0.3916   0.4889   1.4752  -0.0965   0.4737  -0.4500  -0.00    0.0
2382 118194.000   30.492652649  114.328150643     8.1956   4  19   0.3916   0.4890   1.4750  -0.0964   0.4737  -0.4499  -0.00    0.0
2382 118195.000   30.492548437  114.328088924     9.9008   4  18   0.3966   0.5204   1.4912  -0.1432   0.4308  -0.4344  -0.00    0.0
2382 118196.000   30.492444968  114.328059707     8.3461   4  19   0.3916   0.4890   1.4752  -0.0965   0.4738  -0.4501  -0.00    0.0
2382 118197.000   30.492325132  114.328043639     9.2713   4  18   0.4052   0.5249   1.5008  -0.1708   0.5263  -0.4809  -0.00    0.0
2382 118198.000   30.492216684  114.328000070     7.2350   4  19   0.3916   0.4891   1.4755  -0.0966   0.4741  -0.4503  -0.00    0.0
2382 118199.000   30.492110708  114.327973886     5.6589   4  19   0.3917   0.4891   1.4756  -0.0967   0.4742  -0.4504  -0.00    0.0
2382 118200.000   30.491980783  114.327955164     8.1370   4  19   0.3916   0.4891   1.4756  -0.0966   0.4741  -0.4504  -0.00    0.0
2382 118201.000   30.491846812  114.327897309     7.9224   4  18   0.3943   0.5636   1.5280  -0.1488   0.5795  -0.4702  -0.00    0.0
2382 118202.000   30.491739290  114.327843198    10.1214   4  19   0.3917   0.4892   1.4761  -0.0968   0.4745  -0.4507  -0.00    0.0
2382 118203.000   30.491627343  114.327789732     8.4379   4  19   0.3917   0.4893   1.4762  -0.0968   0.4746  -0.4508  -0.00    0.0
2382 118204.000   30.491517943  114.327730061     4.3666   4  19   0.3917   0.4893   1.4760  -0.0967   0.4744  -0.4508  -0.00    0.0
2382 118205.000   30.491404043  114.327706290    12.1164   4  18   0.4172   0.5231   1.5177   0.1314   0.3999  -0.5040  -0.00    0.0
2382 118206.000   30.491291945  114.327688312    20.1543   4  17   0.4409   0.5264   1.6637   0.1602   0.3459  -0.5926  -0.00    0.0
2382 118207.000   30.491166354  114.327643961    21.7096   4  17   0.5334   0.5552   2.0404   0.2959  -0.3748  -0.8478  -0.00    0.0
2382 118208.000   30.491094439  114.327632946    17.6371   4  19   0.3923   0.4902   1.4836  -0.0977   0.4770  -0.4535  -0.00    0.0
2382 118209.000   30.490999555  114.327628056    19.8734   4  19   0.3926   0.4908   1.4897  -0.0986   0.4792  -0.4554  -0.00    0.0
2382 118210.000   30.490921149  114.327560015    21.3599   4  17   0.5535   0.5678   2.1447   0.3114  -0.4144  -0.8970  -0.00    0.0
2382 118211.000   30.490841091  114.327526864    22.1816   4  18   0.4136   0.5154   1.4975   0.1308   0.3873  -0.5002  -0.00    0.0
2382 118212.000   30.490790089  114.327555746    21.4115   4  19   0.3927   0.4909   1.4899  -0.0987   0.4794  -0.4556  -0.00    0.0
2382 118213.000   30.490722838  114.327513915    30.3740   4  17   0.4414   0.5271   1.6660   0.1605   0.3463  -0.5939  -0.00    0.0
2382 118214.000   30.490699260  114.327495924    24.8321   4  18   0.4343   0.5185   1.6209   0.1568   0.3390  -0.5767  -0.00    0.0
2382 118215.000   30.490689842  114.327507147    18.6088   4  18   0.4183   0.5242   1.5264   0.1316   0.4015  -0.5080  -0.00    0.0
2382 118216.000   30.490648094  114.327488952    15.8600   4  19   0.3927   0.4910   1.4902  -0.0988   0.4797  -0.4560  -0.00    0.0
2382 118217.000   30.490635593  114.327505881     8.2300   4  18   0.4179   0.5238   1.5217   0.1318   0.4002  -0.5064  -0.00    0.0
2382 118218.000   30.490602029  114.327507409     3.7401   4  18   0.4177   0.5234   1.5207   0.1315   0.4000  -0.5062  -0.00    0.0
2382 118219.000   30.490552398  114.327476850    11.6851   4  19   0.3918   0.4897   1.4781  -0.0970   0.4754  -0.4523  -0.00    0.0
2382 118220.000   30.490521345  114.327486322     9.6598   4  19   0.3918   0.4897   1.4779  -0.0971   0.4754  -0.4523  -0.00    0.0
2382 118221.000   30.490499487  114.327474298     2.2436   4  18   0.4044   0.4898   1.5822  -0.0922   0.4700  -0.5111  -0.00    0.0
2382 118222.000   30.490469109  114.327476021     6.7553   4  20   0.3743   0.4724   1.2770   0.0740   0.3605  -0.3445  -0.00    0.0
2382 118223.000   30.490455380  114.327470936    -1.6701   4  18   0.4176   0.5233   1.5205   0.1315   0.3997  -0.5065  -0.00    0.0
2382 118224.000   30.490444641  114.327449906    -5.5636   4  18   0.4177   0.5234   1.5206   0.1316   0.3996  -0.5066  -0.00    0.0
2382 118225.000   30.490419418  114.327452914    -3.9524   4  16   0.5462   0.5324   1.8928   0.2439   0.4134  -0.6536  -0.00    0.0
2382 118226.000   30.490384587  114.327449908   -11.8813   4  13   0.5986   0.5696   2.2457   0.2627   0.5040  -0.7351  -0.00    0.0
2382 118227.000   30.490353302  114.327462096     2.3260   4  15   0.5217   0.5276   1.5412  -0.1963   0.5323  -0.4781  -0.00    0.0
2382 118228.000   30.490306841  114.327486712    13.4560   4  13   0.5664   0.7129   2.0738  -0.2099   0.6994  -0.8325  -0.00    0.0
2382 118229.000   30.490269838  114.327508882    16.4315   4  10   0.5958   0.6119   1.9176   0.0645   0.5817  -0.3444  -0.00    0.0
2382 118230.000   30.490195081  114.327474059     0.5600   4  10   0.5100   0.7722   2.1354  -0.2372   0.3465  -0.2343  -0.00    0.0
2382 118231.000   30.490170508  114.327446669    -7.7128   4  10   0.5744   0.8298   1.7696   0.2351   0.8575  -0.3072  -0.00    0.0
2382 118232.000   30.490190131  114.327479696    -0.7105   4  13   0.4653   0.6522   1.6413  -0.2479   0.6477  -0.2530  -0.00    0.0
2382 118233.000   30.490181224  114.327373098    -1.6798   4  12   0.5018   0.6722   1.9475  -0.3125   0.7038  -0.3566  -0.00    0.0
2382 118234.000   30.490090599  114.327464765   -10.3851   4  14   0.5189   0.5972   1.3892  -0.2238   0.4927  -0.2136  -0.00    0.0
2382 118235.000   30.490023847  114.327313220   -28.6749   4  15   0.5681   0.7293   1.3943  -0.4436   0.4866  -0.4754  -0.00    0.0
2382 118236.000   30.489881927  114.327282226   -41.7597   4  16   0.4631   0.6889   1.8119  -0.2493   0.7757  -0.5387  -0.00    0.0
2382 118237.000   30.489778976  114.327323901     0.0472   4  10   0.5431   0.7317   2.2423  -0.2389  -0.5536   0.0191  -0.00    0.0
2382 118238.000   30.489740521  114.327334492     9.6313   4  15   0.6197   0.7807   2.7091   0.3872  -0.6634  -0.9662  -0.00    0.0
2382 118239.000   30.489658131  114.327390267    -9.9103   4  16   0.4418   0.6469   1.4936   0.1220   0.3867  -0.2276  -0.00    0.0
2382 118240.000   30.489554793  114.327380134   -15.8347   4  16   1.0023   1.0049   4.6964   0.8490  -1.7953  -2.0661  -0.00    0.0
2382 118241.000   30.489420566  114.327349081   -14.9034   4  18   0.4123   0.5643   1.5807  -0.2067   0.4275  -0.5350  -0.00    0.0
2382 118242.000   30.489283504  114.327362094    -5.7002   4  19   0.3782   0.5097   1.2712  -0.1430   0.2490  -0.3548  -0.00    0.0
2382 118243.000   30.489110523  114.327300823    12.4069   4  17   0.4970   0.6325   1.7794   0.3173  -0.6611  -0.7096  -0.00    0.0
2382 118244.000   30.489001073  114.327277063     3.3946   4  21   0.4226   0.5241   1.4760   0.2008  -0.5104  -0.5463  -0.00    0.0
2382 118245.000   30.488926264  114.327305512   -16.7047   4  21   0.3922   0.4684   1.2715  -0.1342   0.0997  -0.4146  -0.00    0.0
2382 118246.000   30.488813327  114.327292373   -20.2837   4  21   0.4011   0.4711   1.3436  -0.1146  -0.1238  -0.4574  -0.00    0.0
2382 118247.000   30.488682020  114.327282597    -7.4900   4  20   0.3765   0.4829   1.1460  -0.1257  -0.1530  -0.3307  -0.00    0.0
2382 118248.000   30.488568560  114.327273618    -6.5782   4  20   0.3795   0.4777   1.1567  -0.0659  -0.0585  -0.3164  -0.00    0.0
2382 118249.000   30.488468470  114.327252093    -4.9530   4  21   0.3748   0.4637   1.1450  -0.1056  -0.1478  -0.3309  -0.00    0.0
2382 118250.000   30.488368552  114.327222604    -3.2658   4  19   0.3823   0.4876   1.2030  -0.1061  -0.2194  -0.3661  -0.00    0.0
2382 118251.000   30.488262553  114.327205401    -0.3150   4  21   0.3747   0.4637   1.1451  -0.1055  -0.1479  -0.3310  -0.00    0.0
2382 118252.000   30.488169256  114.327184721     4.0357   4  21   0.3747   0.4638   1.1451  -0.1054  -0.1479  -0.3311  -0.00    0.0
2382 118253.000   30.488083138  114.327162154     8.6809   4  21   0.3747   0.4638   1.1449  -0.1054  -0.1478  -0.3310  -0.00    0.0
2382 118254.000   30.487998183  114.327131760    15.6655   4  20   0.3912   0.4676   1.2617  -0.1336   0.0996  -0.4114  -0.00    0.0
2382 118255.000   30.487942172  114.327129538    11.5309   4  18   0.4470   0.5328   1.5926   0.1444  -0.4376  -0.6135  -0.00    0.0
2382 118256.000   30.487894763  114.327126476    11.5308   4  20   0.4371   0.5051   1.5500   0.1584  -0.4286  -0.5953  -0.00    0.0
2382 118257.000   30.487854767  114.327137021    13.3657   4  19   0.4473   0.5152   1.6132   0.1674  -0.4493  -0.6211  -0.00    0.0
2382 118258.000   30.487834817  114.327135747    10.1579   4  20   0.4064   0.5093   1.3446   0.1554  -0.4235  -0.4739  -0.00    0.0
2382 118259.000   30.487817564  114.327128338    11.8395   4  20   0.4103   0.5151   1.3810   0.1602  -0.4368  -0.4872  -0.00    0.0
2382 118260.000   30.487825196  114.327122569     9.7236   4  17   0.4709   0.5345   1.6080   0.1285  -0.4330  -0.6369  -0.00    0.0
2382 118261.000   30.487815717  114.327104466    16.1108   4  17   0.4629   0.5259   1.5642   0.1246  -0.4213  -0.6185  -0.00    0.0
2382 118262.000   30.487807635  114.327090160    19.2494   4  18   0.4495   0.5347   1.6143   0.1475  -0.4442  -0.6227  -0.00    0.0
2382 118263.000   30.487800134  114.327090672    18.3543   4  18   0.4427   0.5284   1.5577   0.1404  -0.4273  -0.5999  -0.00    0.0
2382 118264.000   30.487808573  114.327157444    10.1860   4  19   0.4474   0.5153   1.6147   0.1675  -0.4494  -0.6219  -0.00    0.0
2382 118265.000   30.487810824  114.327127155     0.6976   4  19   0.3917   0.4852   1.2449  -0.1531   0.1159  -0.4084  -0.00    0.0
2382 118266.000   30.487799566  114.327115926     1.0744   4  19   0.4647   0.5256   1.9235   0.1225  -0.3057  -0.7200  -0.00    0.0
2382 118267.000   30.487790501  114.327096279     1.5530   4  20   0.3893   0.4650   1.2481  -0.1320   0.0983  -0.4078  -0.00    0.0
2382 118268.000   30.487777928  114.327106375     7.0836   4  19   0.3952   0.4845   1.2916  -0.1099   0.1926  -0.4036  -0.00    0.0
2382 118269.000   30.487746471  114.327070882    13.9754   4  20   0.3916   0.4683   1.2649  -0.1337   0.1025  -0.4134  -0.00    0.0
2382 118270.000   30.487724921  114.327090875     9.6159   4  20   0.3914   0.4680   1.2639  -0.1336   0.1026  -0.4131  -0.00    0.0
2382 118271.000   30.487687485  114.327105700     8.7207   4  19   0.3943   0.4835   1.2816  -0.1093   0.1910  -0.4004  -0.00    0.0
2382 118272.000   30.487638272  114.327094541     9.4814   4  20   0.3913   0.4680   1.2639  -0.1335   0.1029  -0.4132  -0.00    0.0
2382 118273.000   30.487590484  114.327071539     8.8417   4  18   0.3991   0.5239   1.4498  -0.1904   0.3869  -0.4667  -0.00    0.0
2382 118274.000   30.487531068  114.327063521     7.6400   4  19   0.3943   0.4836   1.2825  -0.1094   0.1917  -0.4009  -0.00    0.0
2382 118275.000   30.487473416  114.327046134     5.8408   4  19   0.3940   0.4888   1.2652  -0.1556   0.1271  -0.4157  -0.00    0.0
2382 118276.000   30.487413177  114.327059719     6.8981   4  19   0.3952   0.4952   1.4414  -0.1636   0.3502  -0.4574  -0.00    0.0
2382 118277.000   30.487362013  114.327065311     4.6687   4  19   0.4006   0.4711   1.3425  -0.1151  -0.1151  -0.4580  -0.00    0.0
2382 118278.000   30.487311205  114.327065367     4.5419   4  19   0.4007   0.4712   1.3427  -0.1151  -0.1150  -0.4581  -0.00    0.0
2382 118279.000   30.487246923  114.327055089     4.9027   4  20   0.3914   0.4681   1.2648  -0.1335   0.1036  -0.4139  -0.00    0.0
2382 118280.000   30.487182146  114.327044825     7.5624   4  19   0.3953   0.4953   1.4420  -0.1636   0.3504  -0.4579  -0.00    0.0
2382 118281.000   30.487115631  114.327046218     4.7280   4  20   0.3914   0.4682   1.2651  -0.1335   0.1046  -0.4141  -0.00    0.0
2382 118282.000   30.487040037  114.327030587     3.8124   4  19   0.3940   0.4890   1.2656  -0.1556   0.1278  -0.4161  -0.00    0.0
2382 118283.000   30.486972929  114.327030675     2.3310   4  19   0.4091   0.4756   1.2751  -0.0888   0.1568  -0.3896  -0.00    0.0
2382 118284.000   30.486898145  114.327016180     1.6978   4  20   0.3913   0.4682   1.2646  -0.1335   0.1045  -0.4140  -0.00    0.0
2382 118285.000   30.486815193  114.326985409    -2.0781   4  19   0.3943   0.4838   1.2825  -0.1092   0.1921  -0.4015  -0.00    0.0
2382 118286.000   30.486741246  114.327014550     7.2203   4  19   0.3953   0.4954   1.4422  -0.1637   0.3510  -0.4583  -0.00    0.0
2382 118287.000   30.486673988  114.327030897     7.0696   4  19   0.3953   0.4955   1.4434  -0.1638   0.3515  -0.4587  -0.00    0.0
2382 118288.000   30.486609836  114.327011379     8.0698   4  19   0.3953   0.4956   1.4442  -0.1639   0.3520  -0.4590  -0.00    0.0
2382 118289.000   30.486541240  114.326993337     6.1774   4  21   0.3744   0.4644   1.1466  -0.1043  -0.1463  -0.3327  -0.00    0.0
2382 118290.000   30.486463936  114.326972813     8.0104   4  20   0.3935   0.4716   1.1559  -0.0293  -0.0946  -0.3035  -0.00    0.0
2382 118291.000   30.486400782  114.326986331    10.2727   4  21   0.3743   0.4644   1.1451  -0.1041  -0.1468  -0.3322  -0.00    0.0
2382 118292.000   30.486329741  114.326972173    11.1268   4  20   0.3913   0.4684   1.2641  -0.1333   0.1051  -0.4141  -0.00    0.0
2382 118293.000   30.486251848  114.326975150    15.8026   4  20   0.3913   0.4684   1.2647  -0.1333   0.1054  -0.4144  -0.00    0.0
2382 118294.000   30.486177552  114.326990047    17.9026   4  21   0.3743   0.4644   1.1457  -0.1040  -0.1467  -0.3326  -0.00    0.0
2382 118295.000   30.486100749  114.326954447     8.2307   4  19   0.3953   0.4956   1.4422  -0.1637   0.3514  -0.4587  -0.00    0.0
2382 118296.000   30.486018753  114.326942069     8.2393   4  18   0.4063   0.4966   1.5455  -0.1551   0.3279  -0.5126  -0.00    0.0
2382 118297.000   30.485938719  114.326940516     6.8021   4  19   0.3954   0.4958   1.4455  -0.1640   0.3528  -0.4600  -0.00    0.0
2382 118298.000   30.485849097  114.326919705     9.8084   4  19   0.3954   0.4958   1.4455  -0.1640   0.3529  -0.4600  -0.00    0.0
2382 118299.000   30.485769182  114.326897590    11.9291   4  18   0.4064   0.4967   1.5473  -0.1553   0.3290  -0.5134  -0.00    0.0
2382 118300.000   30.485678885  114.326911172    17.4152   4  19   0.4119   0.5240   1.5237   0.1408  -0.3432  -0.5185  -0.00    0.0
2382 118301.000   30.485606527  114.326886357    13.3381   4  18   0.4065   0.4968   1.5482  -0.1553   0.3289  -0.5138  -0.00    0.0
2382 118302.000   30.485509636  114.326878987    10.3975   4  18   0.4202   0.5089   1.5785  -0.1111   0.3770  -0.4809  -0.00    0.0
2382 118303.000   30.485425861  114.326890504    13.3884   4  19   0.3955   0.4960   1.4467  -0.1641   0.3535  -0.4607  -0.00    0.0
2382 118304.000   30.485336888  114.326867745     9.0567   4  18   0.4109   0.5085   1.4724  -0.1201   0.3948  -0.4257  -0.00    0.0
2382 118305.000   30.485248321  114.326859609    11.6442   4  19   0.3954   0.4960   1.4459  -0.1641   0.3535  -0.4605  -0.00    0.0
2382 118306.000   30.485145412  114.326849695    11.5256   4  19   0.3954   0.4961   1.4460  -0.1641   0.3536  -0.4606  -0.00    0.0
2382 118307.000   30.485038873  114.326850589    18.3550   4  21   0.3696   0.4481   1.2460  -0.0480   0.2957  -0.3673  -0.00    0.0
2382 118308.000   30.484945327  114.326829423    16.5855   4  18   0.4063   0.4969   1.5461  -0.1555   0.3299  -0.5133  -0.00    0.0
2382 118309.000   30.484848628  114.326822305    13.6913   4  19   0.4029   0.4605   1.5278  -0.1195   0.3930  -0.5261  -0.00    0.0
2382 118310.000   30.484761276  114.326805142     9.9625   4  20   0.3908   0.4604   1.4333  -0.1252   0.4027  -0.4742  -0.00    0.0
2382 118311.000   30.484665243  114.326789585    10.7056   4  20   0.3908   0.4604   1.4329  -0.1252   0.4027  -0.4741  -0.00    0.0
2382 118312.000   30.484584851  114.326769501     6.9010   4  19   0.4029   0.4606   1.5281  -0.1197   0.3935  -0.5263  -0.00    0.0
2382 118313.000   30.484497039  114.326763678     7.6834   4  20   0.3908   0.4604   1.4332  -0.1253   0.4029  -0.4743  -0.00    0.0
2382 118314.000   30.484410823  114.326764571     7.8602   4  19   0.3943   0.4876   1.4438  -0.1552   0.4363  -0.4839  -0.00    0.0
2382 118315.000   30.484310363  114.326764861     8.0058   4  20   0.3908   0.4605   1.4330  -0.1253   0.4030  -0.4743  -0.00    0.0
2382 118316.000   30.484233234  114.326733726     8.7241   4  20   0.3908   0.4605   1.4331  -0.1253   0.4031  -0.4743  -0.00    0.0
2382 118317.000   30.484153048  114.326731899    11.8199   4  20   0.3908   0.4605   1.4331  -0.1253   0.4031  -0.4744  -0.00    0.0
2382 118318.000   30.484074077  114.326715852    15.1762   4  19   0.4029   0.4608   1.5282  -0.1198   0.3941  -0.5264  -0.00    0.0
2382 118319.000   30.484012205  114.326714111    18.5284   4  19   0.4029   0.4608   1.5288  -0.1199   0.3943  -0.5267  -0.00    0.0
2382 118320.000   30.483962918  114.326712387    16.3259   4  20   0.3908   0.4606   1.4342  -0.1254   0.4034  -0.4750  -0.00    0.0
2382 118321.000   30.483924173  114.326696908    11.4503   4  20   0.3908   0.4606   1.4339  -0.1254   0.4034  -0.4749  -0.00    0.0
2382 118322.000   30.483894263  114.326673361     9.0140   4  20   0.3767   0.4494   1.3063   0.0128   0.2734  -0.4048  -0.00    0.0
2382 118323.000   30.483858713  114.326651003     9.9897   4  20   0.3766   0.4495   1.3057   0.0134   0.2732  -0.4047  -0.00    0.0
2382 118324.000   30.483826989  114.326628098    15.2554   4  19   0.3954   0.4965   1.4461  -0.1641   0.3546  -0.4616  -0.00    0.0
2382 118325.000   30.483805464  114.326600021    11.1067   4  18   0.4063   0.4973   1.5467  -0.1559   0.3322  -0.5141  -0.00    0.0
2382 118326.000   30.483782837  114.326563303     8.2329   4  19   0.4029   0.4610   1.5291  -0.1201   0.3948  -0.5270  -0.00    0.0
2382 118327.000   30.483788751  114.326487520     4.9201   4  18   0.4076   0.4623   1.5551  -0.1287   0.3825  -0.5106  -0.00    0.0
2382 118328.000   30.483795708  114.326392670     6.5142   4  18   0.4166   0.4753   1.5575  -0.0471   0.4360  -0.4969  -0.00    0.0
2382 118329.000   30.483805012  114.326279459     6.9441   4  18   0.4166   0.4753   1.5576  -0.0471   0.4361  -0.4970  -0.00    0.0
2382 118330.000   30.483820098  114.326175705     8.5235   4  17   0.4699   0.4645   1.3441   0.1487   0.3293  -0.3360  -0.00    0.0
2382 118331.000   30.483867657  114.326063390    13.7561   4  20   0.3909   0.4609   1.4345  -0.1254   0.4039  -0.4754  -0.00    0.0
2382 118332.000   30.483878017  114.325941730    13.8649   4  18   0.4091   0.4778   1.4802  -0.0719   0.4260  -0.4296  -0.00    0.0
2382 118333.000   30.483895991  114.325799205     4.0182   4  19   0.4063   0.4754   1.4590  -0.0536   0.4406  -0.4438  -0.00    0.0
2382 118334.000   30.483928915  114.325728370     7.3323   4  19   0.4029   0.4611   1.5289  -0.1204   0.3956  -0.5270  -0.00    0.0
2382 118335.000   30.483940367  114.325638368     9.0992   4  21   0.3694   0.4485   1.2463  -0.0463   0.2960  -0.3680  -0.00    0.0
2382 118336.000   30.483963352  114.325552134     6.3202   4  20   0.3909   0.4610   1.4345  -0.1255   0.4041  -0.4757  -0.00    0.0
2382 118337.000   30.483958712  114.325478265     6.5252   4  20   0.3908   0.4610   1.4343  -0.1255   0.4041  -0.4756  -0.00    0.0
2382 118338.000   30.483957576  114.325428034    10.3874   4  19   0.4028   0.4612   1.5287  -0.1205   0.3958  -0.5271  -0.00    0.0
2382 118339.000   30.483961438  114.325447149     7.6576   4  19   0.3948   0.5197   1.4672  -0.1702   0.4861  -0.4934  -0.00    0.0
2382 118340.000   30.483963994  114.325480629     1.6187   4  16   0.4157   0.6428   1.5456  -0.1877   0.6093  -0.4654  -0.00    0.0
2382 118341.000   30.483964539  114.325496180     1.5819   4  18   0.4005   0.5050   1.4512  -0.1806   0.3487  -0.4592  -0.00    0.0
2382 118342.000   30.483952004  114.325492055    19.2880   4  15   0.4622   0.5779   1.6950  -0.0756  -0.1302  -0.5982  -0.00    0.0
2382 118343.000   30.483960388  114.325515477    21.3380   4  19   0.3974   0.4557   1.4941  -0.1168   0.3834  -0.5150  -0.00    0.0
2382 118344.000   30.483943591  114.325518045    21.3130   4  18   0.4421   0.4923   1.6595   0.1238   0.2398  -0.6269  -0.00    0.0
2382 118345.000   30.483948201  114.325535494    20.3402   4  16   0.4153   0.5786   1.5404  -0.2275   0.4258  -0.5208  -0.00    0.0
2382 118346.000   30.483958720  114.325531661    13.0393   4  16   0.4088   0.5871   1.4880  -0.2363   0.4505  -0.4853  -0.00    0.0
2382 118347.000   30.483959857  114.325490743    11.1399   4  20   0.3731   0.4552   1.2510  -0.0772   0.2831  -0.3613  -0.00    0.0
2382 118348.000   30.483952702  114.325485445    10.1242   4  20   0.3709   0.4714   1.2478  -0.0839   0.3135  -0.3715  -0.00    0.0
2382 118349.000   30.483939143  114.325493539    12.5053   4  21   0.3692   0.4487   1.2447  -0.0452   0.2955  -0.3678  -0.00    0.0
2382 118350.000   30.483922052  114.325473889    16.4940   4  19   0.3956   0.4625   1.4619  -0.1335   0.3926  -0.4578  -0.00    0.0
2382 118351.000   30.483928939  114.325470854    18.0074   4  18   0.4154   0.4615   1.5434  -0.1234   0.3948  -0.5058  -0.00    0.0
2382 118352.000   30.483929129  114.325458323    20.3080   4  21   0.3692   0.4487   1.2462  -0.0453   0.2960  -0.3684  -0.00    0.0
2382 118353.000   30.483930582  114.325412572    16.1020   4  21   0.3692   0.4487   1.2455  -0.0451   0.2958  -0.3682  -0.00    0.0
2382 118354.000   30.483942818  114.325418212    10.1233   4  19   0.3779   0.4996   1.3179  -0.0879   0.3439  -0.4127  -0.00    0.0
2382 118355.000   30.483948627  114.325413330    12.9453   4  20   0.3761   0.4499   1.3031   0.0166   0.2741  -0.4038  -0.00    0.0
2382 118356.000   30.483947405  114.325421930    20.4931   4  20   0.3761   0.4499   1.3032   0.0166   0.2742  -0.4039  -0.00    0.0
2382 118357.000   30.483961502  114.325404531    16.4123   4  18   0.3972   0.4658   1.3406   0.1006   0.2982  -0.3533  -0.00    0.0
2382 118358.000   30.483969702  114.325372338    16.9054   4  20   0.3760   0.4499   1.3032   0.0170   0.2742  -0.4039  -0.00    0.0
2382 118359.000   30.483969853  114.325322964    12.2704   4  19   0.4027   0.4617   1.5277  -0.1208   0.3970  -0.5272  -0.00    0.0
2382 118360.000   30.483968477  114.325260234     9.1448   4  19   0.4028   0.4617   1.5291  -0.1210   0.3975  -0.5278  -0.00    0.0
2382 118361.000   30.483954941  114.325188188    17.0505   4  21   0.3692   0.4489   1.2463  -0.0448   0.2961  -0.3687  -0.00    0.0
2382 118362.000   30.483948055  114.325116984    15.2306   4  20   0.3910   0.4616   1.4369  -0.1260   0.4057  -0.4777  -0.00    0.0
2382 118363.000   30.483950089  114.325036136    16.2386   4  21   0.3691   0.4489   1.2453  -0.0445   0.2958  -0.3683  -0.00    0.0
2382 118364.000   30.483961803  114.324914798     5.4224   4  17   0.4092   0.5543   1.7479  -0.1917   0.5582  -0.5535  -0.00    0.0
2382 118365.000   30.483964509  114.324848130    10.2998   4  21   0.3856   0.4557   1.4087  -0.1235   0.3984  -0.4674  -0.00    0.0
2382 118366.000   30.483968373  114.324746985     6.8294   4  19   0.4666   0.4748   1.8560   0.1027   0.2129  -0.7250  -0.00    0.0
2382 118367.000   30.483974461  114.324643329     6.3712   4  19   0.3934   0.4938   1.4257  -0.1619   0.3506  -0.4577  -0.00    0.0
2382 118368.000   30.483984778  114.324553900     4.2120   4  19   0.4041   0.4630   1.5446  -0.1230   0.4026  -0.5336  -0.00    0.0
2382 118369.000   30.483985071  114.324462750     5.4325   4  18   0.4156   0.4624   1.5468  -0.1240   0.3972  -0.5073  -0.00    0.0
2382 118370.000   30.483991204  114.324375137    15.7291   4  19   0.4186   0.4885   1.5099   0.0879   0.3049  -0.5452  -0.00    0.0
2382 118371.000   30.483998128  114.324286584    16.1025   4  19   0.4186   0.4885   1.5096   0.0880   0.3047  -0.5451  -0.00    0.0
2382 118372.000   30.484008877  114.324203595    11.0032   4  18   0.4168   0.4764   1.5555  -0.0481   0.4375  -0.4995  -0.00    0.0
2382 118373.000   30.484018283  114.324160820    18.2746   4  19   0.4028   0.4621   1.5305  -0.1216   0.3990  -0.5287  -0.00    0.0
2382 118374.000   30.484025222  114.324098463    18.0294   4  19   0.4028   0.4621   1.5306  -0.1216   0.3992  -0.5287  -0.00    0.0
2382 118375.000   30.484047900  114.324014786    18.4117   4  18   0.4279   0.4621   1.5323  -0.1227   0.3991  -0.5185  -0.00    0.0
2382 118376.000   30.484043738  114.323928595    15.3777   4  18   0.4406   0.4914   1.6461   0.1227   0.2412  -0.6227  -0.00    0.0
2382 118377.000   30.484039408  114.323849399    17.7689   4  19   0.3973   0.4554   1.4945  -0.1172   0.3872  -0.5166  -0.00    0.0
2382 118378.000   30.484049284  114.323779320    15.3331   4  19   0.4041   0.4633   1.5444  -0.1233   0.4034  -0.5338  -0.00    0.0
2382 118379.000   30.484071423  114.323715179    15.9723   4  18   0.4281   0.4626   1.5334  -0.1228   0.3997  -0.5188  -0.00    0.0
2382 118380.000   30.484072535  114.323658138    19.9769   4  19   0.4178   0.4621   1.4418  -0.1272   0.4073  -0.4700  -0.00    0.0
2382 118381.000   30.484062628  114.323589031    20.6903   4  19   0.4028   0.4622   1.5302  -0.1218   0.3997  -0.5287  -0.00    0.0
2382 118382.000   30.484067169  114.323513887    19.9674   4  19   0.4028   0.4622   1.5303  -0.1219   0.3998  -0.5288  -0.00    0.0
2382 118383.000   30.484089185  114.323394660    15.6822   4  19   0.4028   0.4623   1.5307  -0.1219   0.3999  -0.5290  -0.00    0.0
2382 118384.000   30.484106894  114.323290961    15.3216   4  19   0.4028   0.4623   1.5307  -0.1220   0.4000  -0.5290  -0.00    0.0
2382 118385.000   30.484110090  114.323200330    22.1932   4  20   0.3913   0.4622   1.4405  -0.1265   0.4077  -0.4800  -0.00    0.0
2382 118386.000   30.484123534  114.323114720    22.2756   4  20   0.3913   0.4622   1.4402  -0.1265   0.4076  -0.4799  -0.00    0.0
2382 118387.000   30.484121879  114.323017534    16.3659   4  18   0.4152   0.4624   1.5456  -0.1243   0.3986  -0.5072  -0.00    0.0
2382 118388.000   30.484116129  114.322933918    15.6302   4  17   0.4334   0.4770   1.5774  -0.0302   0.4422  -0.4677  -0.00    0.0
2382 118389.000   30.484116234  114.322881598    13.9083   4  17   0.4220   0.4636   1.5775  -0.1340   0.3861  -0.4843  -0.00    0.0
2382 118390.000   30.484136413  114.322803901    23.1361   4  19   0.4003   0.4504   1.3072   0.0258   0.2763  -0.3853  -0.00    0.0
2382 118391.000   30.484110337  114.322719387    31.7069   4  19   0.4640   0.4742   1.8350   0.1016   0.2149  -0.7169  -0.00    0.0
2382 118392.000   30.484121759  114.322651128    25.1484   4  20   0.3717   0.4442   1.2823   0.0207   0.2691  -0.3991  -0.00    0.0
2382 118393.000   30.484125253  114.322574363    23.1052   4  19   0.3763   0.4909   1.4282  -0.0217   0.4320  -0.4093  -0.00    0.0
2382 118394.000   30.484140401  114.322490197    16.9980   4  20   0.3757   0.4508   1.3023   0.0195   0.2758  -0.4037  -0.00    0.0
2382 118395.000   30.484134236  114.322423558    19.7342   4  20   0.3704   0.4998   1.2575  -0.0954   0.3547  -0.3768  -0.00    0.0
2382 118396.000   30.484127722  114.322352511    17.2323   4  21   0.3688   0.4494   1.2447  -0.0422   0.2959  -0.3688  -0.00    0.0
2382 118397.000   30.484126090  114.322282920    11.2528   4  20   0.3912   0.4624   1.4389  -0.1264   0.4076  -0.4798  -0.00    0.0
2382 118398.000   30.484125910  114.322231636     7.3552   4  20   0.3913   0.4625   1.4400  -0.1266   0.4080  -0.4803  -0.00    0.0
2382 118399.000   30.484123647  114.322195063     9.7152   4  18   0.4254   0.5381   1.5541  -0.0920   0.4146  -0.5712  -0.00    0.0
2382 118400.000   30.484135255  114.322183229     9.0617   4  17   0.4290   0.5233   1.5762  -0.1557   0.5008  -0.5313  -0.00    0.0
2382 118401.000   30.484131577  114.322151144     8.8117   4  17   0.4290   0.5234   1.5770  -0.1558   0.5012  -0.5316  -0.00    0.0
2382 118402.000   30.484129300  114.322107897     6.3473   4  18   0.4063   0.4994   1.5491  -0.1582   0.3433  -0.5179  -0.00    0.0
2382 118403.000   30.484126994  114.322054517     7.1108   4  17   0.4209   0.6284   1.6780  -0.0101   0.5005  -0.5417  -0.00    0.0
2382 118404.000   30.484134232  114.322050691    11.1049   4  15   0.4557   0.5917   1.6992  -0.1160   0.2733  -0.6020  -0.00    0.0
2382 118405.000   30.484137824  114.322026232    10.0892   4  18   0.4281   0.4635   1.5400  -0.1237   0.4035  -0.5207  -0.00    0.0
2382 118406.000   30.484141974  114.321976761    12.2446   4  18   0.4431   0.4928   1.6671   0.1219   0.2460  -0.6324  -0.00    0.0
2382 118407.000   30.484140847  114.321921807    14.3460   4  17   0.4444   0.5340   1.6573  -0.0601   0.3795  -0.6361  -0.00    0.0
2382 118408.000   30.484138955  114.321867801    14.0074   4  18   0.4423   0.4925   1.6593   0.1220   0.2450  -0.6293  -0.00    0.0
2382 118409.000   30.484136950  114.321830888    11.5494   4  18   0.4422   0.4925   1.6583   0.1220   0.2449  -0.6290  -0.00    0.0
2382 118410.000   30.484131284  114.321787371    10.4652   4  17   0.4528   0.5040   1.6873   0.1589   0.3052  -0.6049  -0.00    0.0
2382 118411.000   30.484141329  114.321745731     6.7969   4  17   0.7621   0.5945   3.1511   0.4707  -0.9122  -1.4349  -0.00    0.0
2382 118412.000   30.484135994  114.321720781     2.9860   4  17   0.4595   0.4929   1.6709   0.1117   0.2391  -0.6159  -0.00    0.0
2382 118413.000   30.484142596  114.321717767     1.0295   4  20   0.3922   0.4636   1.4504  -0.1278   0.4115  -0.4847  -0.00    0.0
2382 118414.000   30.484112647  114.321700603    14.4075   4  18   0.5844   0.5412   2.2996   0.3172  -0.5463  -1.0022  -0.00    0.0
2382 118415.000   30.484125008  114.321704256    14.1511   4  19   0.4153   0.4596   1.4278  -0.1244   0.4009  -0.4667  -0.00    0.0
2382 118416.000   30.484140454  114.321673532     7.0584   4  19   0.4040   0.4642   1.5456  -0.1244   0.4067  -0.5352  -0.00    0.0
2382 118417.000   30.484128725  114.321635888    13.9666   4  19   0.3964   0.4996   1.4569  -0.1656   0.3635  -0.4704  -0.00    0.0
2382 118418.000   30.484121227  114.321601276    14.4625   4  20   0.3916   0.4630   1.4436  -0.1271   0.4098  -0.4824  -0.00    0.0
2382 118419.000   30.484119622  114.321595714    16.5717   4  19   0.4026   0.4631   1.5304  -0.1229   0.4027  -0.5297  -0.00    0.0
2382 118420.000   30.484117678  114.321566254    16.4216   4  20   0.3915   0.4630   1.4435  -0.1271   0.4098  -0.4825  -0.00    0.0
2382 118421.000   30.484118366  114.321569067    12.1234   4  20   0.3915   0.4630   1.4435  -0.1271   0.4099  -0.4825  -0.00    0.0
2382 118422.000   30.484122911  114.321571236     5.6701   4  19   0.4646   0.4747   1.8411   0.1000   0.2202  -0.7202  -0.00    0.0
2382 118423.000   30.484114864  114.321573428     6.4079   4  19   0.3975   0.4563   1.5003  -0.1191   0.3918  -0.5203  -0.00    0.0
2382 118424.000   30.484116444  114.321555023    11.3471   4  19   0.4184   0.4642   1.4578  -0.1285   0.4138  -0.4756  -0.00    0.0
2382 118425.000   30.484119266  114.321530088    10.7006   4  20   0.3918   0.4635   1.4448  -0.1273   0.4104  -0.4831  -0.00    0.0
2382 118426.000   30.484138828  114.321486720    13.0441   4  19   0.3964   0.4642   1.4708  -0.1344   0.3996  -0.4647  -0.00    0.0
2382 118427.000   30.484141908  114.321419646     9.0598   4  19   0.3963   0.4642   1.4707  -0.1344   0.3997  -0.4647  -0.00    0.0
2382 118428.000   30.484156884  114.321345801     6.0121   4  19   0.4172   0.4632   1.4460  -0.1272   0.4103  -0.4715  -0.00    0.0
2382 118429.000   30.484156529  114.321270661     3.8257   4  19   0.4026   0.4633   1.5306  -0.1232   0.4036  -0.5300  -0.00    0.0
2382 118430.000   30.484154739  114.321177921     6.4270   4  16   0.4601   0.4830   1.5804   0.0730   0.4369  -0.4594  -0.00    0.0
2382 118431.000   30.484164400  114.321087734    12.1527   4  16   0.4488   0.4645   1.5815  -0.1330   0.3910  -0.4694  -0.00    0.0
2382 118432.000   30.484168767  114.321003421    10.5928   4  17   0.4446   0.4635   1.5536  -0.1257   0.4028  -0.4882  -0.00    0.0
2382 118433.000   30.484173053  114.320908714     9.6288   4  18   0.4268   0.4635   1.5344  -0.1234   0.4042  -0.5182  -0.00    0.0
2382 118434.000   30.484172624  114.320847227    12.0054   4  18   0.4268   0.4635   1.5343  -0.1235   0.4042  -0.5182  -0.00    0.0
2382 118435.000   30.484183625  114.320784003    15.4826   4  18   0.4149   0.4635   1.5479  -0.1252   0.4031  -0.5089  -0.00    0.0
2382 118436.000   30.484183741  114.320722214    16.5802   4  19   0.3965   0.4644   1.4722  -0.1345   0.4006  -0.4657  -0.00    0.0
2382 118437.000   30.484200470  114.320690977    19.7855   4  19   0.4026   0.4635   1.5312  -0.1235   0.4044  -0.5304  -0.00    0.0
2382 118438.000   30.484207079  114.320653082    23.7122   4  19   0.4650   0.4750   1.8452   0.0992   0.2227  -0.7223  -0.00    0.0
2382 118439.000   30.484205800  114.320573952    25.6203   4  17   0.5750   0.5410   2.1745   0.3227  -0.4825  -0.9333  -0.00    0.0
2382 118440.000   30.484245163  114.320544103    28.1751   4  17   0.6012   0.5563   2.3025   0.3444  -0.5315  -0.9949  -0.00    0.0
2382 118441.000   30.484314100  114.320562256    30.3255   4  17   0.7679   0.5945   3.1838   0.4725  -0.9170  -1.4501  -0.00    0.0
2382 118442.000   30.484412111  114.320539234    20.5882   4  16   0.7753   0.6512   3.3675   0.4535  -0.7603  -1.4859  -0.00    0.0
2382 118443.000   30.484512984  114.320547409    21.1204   4  17   0.5140   0.5355   2.1551   0.0610   0.2908  -0.8746  -0.00    0.0
2382 118444.000   30.484643955  114.320568425    28.2040   4  18   0.4703   0.5345   1.8851  -0.0540   0.3433  -0.7404  -0.00    0.0
2382 118445.000   30.484779299  114.320565636    28.2583   4  19   0.4034   0.4645   1.5396  -0.1246   0.4073  -0.5337  -0.00    0.0
2382 118446.000   30.484945623  114.320542810    24.0225   4  15   1.0302   0.9493   4.8142   0.8132  -1.7886  -2.1401  -0.00    0.0
2382 118447.000   30.485081581  114.320536854    22.6906   4  18   0.3900   0.5936   1.3867  -0.2145   0.4646  -0.3950  -0.00    0.0
2382 118448.000   30.485238769  114.320579972    14.2607   4  20   0.3755   0.4521   1.3078   0.0210   0.2794  -0.4057  -0.00    0.0
2382 118449.000   30.485386597  114.320578540    10.2059   4  19   0.3801   0.4532   1.3069  -0.0435   0.2671  -0.3911  -0.00    0.0
2382 118450.000   30.485531197  114.320560288    16.7304   4  20   0.3917   0.4638   1.4444  -0.1274   0.4111  -0.4840  -0.00    0.0
2382 118451.000   30.485672610  114.320524404    12.1650   4  20   0.3917   0.4637   1.4452  -0.1275   0.4114  -0.4844  -0.00    0.0
2382 118452.000   30.485820340  114.320504116    11.7232   4  20   0.3917   0.4638   1.4459  -0.1277   0.4117  -0.4847  -0.00    0.0
2382 118453.000   30.485956928  114.320477680    16.8128   4  20   0.3746   0.4512   1.2980   0.0225   0.2777  -0.4026  -0.00    0.0
2382 118454.000   30.486075345  114.320519182     9.7327   4  18   0.4060   0.5007   1.5465  -0.1593   0.3488  -0.5188  -0.00    0.0
2382 118455.000   30.486190654  114.320519622     6.8030   4  18   0.4655   0.5271   1.9280   0.1144  -0.2751  -0.7291  -0.00    0.0
2382 118456.000   30.486288257  114.320555587    10.9752   4  17   0.5838   0.6331   2.4604   0.3797  -0.8053  -1.0396  -0.00    0.0
2382 118457.000   30.486396190  114.320563374     4.8931   4  19   0.4674   0.4760   1.8641   0.0987   0.2254  -0.7308  -0.00    0.0
2382 118458.000   30.486470925  114.320592895     2.8629   4  17   0.7680   0.5937   3.1850   0.4712  -0.9143  -1.4507  -0.00    0.0
2382 118459.000   30.486562144  114.320618800    11.2193   4  19   0.4273   0.4768   1.5877   0.1778  -0.2445  -0.5908  -0.00    0.0
2382 118460.000   30.486657813  114.320600677    16.4629   4  19   0.4040   0.4652   1.5464  -0.1258   0.4104  -0.5366  -0.00    0.0
2382 118461.000   30.486765593  114.320617330    19.5101   4  19   0.4029   0.4645   1.5334  -0.1243   0.4067  -0.5319  -0.00    0.0
2382 118462.000   30.486868421  114.320673206    20.5613   4  19   0.4027   0.4642   1.5322  -0.1243   0.4066  -0.5315  -0.00    0.0
2382 118463.000   30.486977882  114.320754875    21.0927   4  16   0.4611   0.5945   1.6114  -0.1936   0.5053  -0.5937  -0.00    0.0
2382 118464.000   30.487106040  114.320766150    17.3988   4  21   0.3645   0.4453   1.2254  -0.0401   0.2933  -0.3662  -0.00    0.0
2382 118465.000   30.487224788  114.320764640    11.8463   4  20   0.3929   0.4652   1.4593  -0.1293   0.4163  -0.4900  -0.00    0.0
2382 118466.000   30.487352253  114.320758311    14.7750   4  20   0.3921   0.4645   1.4477  -0.1279   0.4127  -0.4859  -0.00    0.0
2382 118467.000   30.487484434  114.320713881    12.3661   4  20   0.3919   0.4642   1.4474  -0.1279   0.4127  -0.4859  -0.00    0.0
2382 118468.000   30.487590432  114.320705113    16.6357   4  20   0.3919   0.4642   1.4473  -0.1280   0.4127  -0.4859  -0.00    0.0
2382 118469.000   30.487683433  114.320691497    16.4900   4  21   0.3683   0.4505   1.2453  -0.0375   0.2965  -0.3707  -0.00    0.0
2382 118470.000   30.487751012  114.320698948    15.6872   4  21   0.3682   0.4505   1.2446  -0.0373   0.2963  -0.3705  -0.00    0.0
2382 118471.000   30.487801981  114.320701167    16.3585   4  21   0.3682   0.4505   1.2439  -0.0369   0.2961  -0.3702  -0.00    0.0
2382 118472.000   30.487857592  114.320687276    14.2731   4  21   0.3682   0.4505   1.2439  -0.0368   0.2960  -0.3702  -0.00    0.0
2382 118473.000   30.487902825  114.320700185    15.4744   4  21   0.3682   0.4506   1.2439  -0.0368   0.2960  -0.3703  -0.00    0.0
2382 118474.000   30.487943616  114.320699814    18.2371   4  21   0.3682   0.4506   1.2439  -0.0367   0.2960  -0.3703  -0.00    0.0
2382 118475.000   30.487978857  114.320707845    15.9385   4  20   0.3918   0.4643   1.4456  -0.1277   0.4123  -0.4855  -0.00    0.0
2382 118476.000   30.488025635  114.320692091     9.1321   4  19   0.3948   0.5231   1.6608  -0.1670   0.6057  -0.5247  -0.00    0.0
2382 118477.000   30.488069898  114.320679789     7.8985   4  19   0.3890   0.5138   1.6171  -0.1619   0.5885  -0.5109  -0.00    0.0
2382 118478.000   30.488108473  114.320704604    18.2963   4  19   0.4033   0.4652   1.5382  -0.1254   0.4096  -0.5340  -0.00    0.0
2382 118479.000   30.488152672  114.320681194    17.1967   4  19   0.3962   0.5257   1.6819  -0.1702   0.6145  -0.5318  -0.00    0.0
2382 118480.000   30.488187434  114.320664463    12.0090   4  18   0.3739   0.5173   1.3936  -0.0794   0.4522  -0.4050  -0.00    0.0
2382 118481.000   30.488199775  114.320678791    13.6532   4  18   0.4086   0.4666   1.5711  -0.1331   0.4024  -0.5205  -0.00    0.0
2382 118482.000   30.488231144  114.320665385    11.8816   4  19   0.4028   0.4650   1.5327  -0.1249   0.4083  -0.5321  -0.00    0.0
2382 118483.000   30.488247120  114.320685683    12.1459   4  19   0.4027   0.4647   1.5323  -0.1249   0.4083  -0.5320  -0.00    0.0
2382 118484.000   30.488254794  114.320685518    15.0569   4  19   0.4026   0.4647   1.5319  -0.1249   0.4082  -0.5319  -0.00    0.0
2382 118485.000   30.488249872  114.320665887    14.2456   4  20   0.3744   0.4520   1.2691  -0.0600   0.2827  -0.3482  -0.00    0.0
2382 118486.000   30.488247441  114.320671439    10.6274   4  19   0.4025   0.4647   1.5303  -0.1247   0.4079  -0.5313  -0.00    0.0
2382 118487.000   30.488274272  114.320687690    13.0668   4  18   0.4073   0.4655   1.5549  -0.1316   0.3985  -0.5150  -0.00    0.0
2382 118488.000   30.488243650  114.320658565    18.5554   4  19   0.4220   0.4900   1.5330   0.0883   0.3066  -0.5617  -0.00    0.0
2382 118489.000   30.488244271  114.320659278    20.5445   4  19   0.4026   0.4648   1.5319  -0.1250   0.4085  -0.5321  -0.00    0.0
2382 118490.000   30.488246030  114.320645581    17.8495   4  19   0.4026   0.4648   1.5319  -0.1250   0.4085  -0.5321  -0.00    0.0
2382 118491.000   30.488266650  114.320652438    13.6615   4  19   0.4026   0.4648   1.5319  -0.1251   0.4087  -0.5321  -0.00    0.0
2382 118492.000   30.488275522  114.320673125     9.2154   4  18   0.4424   0.4924   1.6590   0.1191   0.2523  -0.6325  -0.00    0.0
2382 118493.000   30.488286155  114.320657478     8.1181   4  18   0.4115   0.4719   1.5135  -0.0472   0.4280  -0.4958  -0.00    0.0
2382 118494.000   30.488278087  114.320681738     7.5072   4  19   0.4038   0.4660   1.5458  -0.1267   0.4129  -0.5372  -0.00    0.0
2382 118495.000   30.488280649  114.320686386     9.5266   4  18   0.4177   0.4800   1.5519  -0.0516   0.4427  -0.5068  -0.00    0.0
2382 118496.000   30.488280879  114.320679976     7.9748   4  20   0.3741   0.4519   1.2961   0.0251   0.2791  -0.4021  -0.00    0.0
2382 118497.000   30.488279320  114.320680656    11.0204   4  19   0.4025   0.4649   1.5307  -0.1251   0.4088  -0.5317  -0.00    0.0
2382 118498.000   30.488274292  114.320661563    10.6737   4  19   0.4025   0.4650   1.5308  -0.1251   0.4089  -0.5318  -0.00    0.0
2382 118499.000   30.488257027  114.320665001    10.3204   4  19   0.4025   0.4650   1.5319  -0.1253   0.4094  -0.5323  -0.00    0.0
2382 118500.000   30.488247321  114.320646722     5.4821   4  18   0.4111   0.4816   1.4887  -0.0719   0.4328  -0.4489  -0.00    0.0
2382 118501.000   30.488257778  114.320641749    10.3972   4  20   0.3921   0.4650   1.4506  -0.1285   0.4149  -0.4884  -0.00    0.0
2382 118502.000   30.488259438  114.320651159     8.0546   4  19   0.4025   0.4651   1.5313  -0.1253   0.4095  -0.5320  -0.00    0.0
2382 118503.000   30.488267717  114.320644315    11.8001   4  19   0.4025   0.4651   1.5316  -0.1254   0.4096  -0.5322  -0.00    0.0
2382 118504.000   30.488265498  114.320655661     7.8608   4  18   0.4175   0.4798   1.5504  -0.0521   0.4426  -0.5070  -0.00    0.0
2382 118505.000   30.488290584  114.320657488     7.7015   4  18   0.4074   0.4660   1.5562  -0.1321   0.4007  -0.5161  -0.00    0.0
2382 118506.000   30.488295551  114.320641344    13.3019   4  20   0.3743   0.4523   1.2689  -0.0585   0.2832  -0.3486  -0.00    0.0
2382 118507.000   30.488313535  114.320654233    12.2310   4  20   0.3921   0.4651   1.4502  -0.1285   0.4148  -0.4885  -0.00    0.0
2382 118508.000   30.488356333  114.320643818    14.7018   4  18   0.4073   0.4660   1.5542  -0.1319   0.4003  -0.5154  -0.00    0.0
2382 118509.000   30.488373642  114.320642089    15.3338   4  20   0.3922   0.4652   1.4513  -0.1287   0.4153  -0.4890  -0.00    0.0
2382 118510.000   30.488420055  114.320604597     6.7357   4  18   0.4064   0.5254   1.7563  -0.1720   0.6147  -0.5763  -0.00    0.0
2382 118511.000   30.488467675  114.320622548    11.3462   4  19   0.3965   0.4591   1.4984  -0.1235   0.4040  -0.5199  -0.00    0.0
2382 118512.000   30.488516567  114.320605378    11.1445   4  19   0.4038   0.4664   1.5459  -0.1272   0.4144  -0.5376  -0.00    0.0
2382 118513.000   30.488562812  114.320591660    15.2570   4  20   0.3925   0.4656   1.4527  -0.1288   0.4159  -0.4897  -0.00    0.0
2382 118514.000   30.488616708  114.320571126    16.1110   4  20   0.3923   0.4654   1.4519  -0.1288   0.4157  -0.4895  -0.00    0.0
2382 118515.000   30.488679247  114.320559092    14.2868   4  20   0.3743   0.4524   1.2681  -0.0579   0.2833  -0.3486  -0.00    0.0
2382 118516.000   30.488732041  114.320563042     9.6232   4  20   0.3737   0.4521   1.2933   0.0265   0.2793  -0.4011  -0.00    0.0
2382 118517.000   30.488780373  114.320549655     7.9636   4  20   0.3736   0.4521   1.2926   0.0269   0.2790  -0.4009  -0.00    0.0
2382 118518.000   30.488831304  114.320541169    14.1240   4  18   0.4072   0.4661   1.5531  -0.1319   0.4008  -0.5152  -0.00    0.0
2382 118519.000   30.488867780  114.320520647     3.4379   4  19   0.4024   0.4654   1.5310  -0.1257   0.4105  -0.5323  -0.00    0.0
2382 118520.000   30.488901267  114.320491165     6.1886   4  18   0.4429   0.4927   1.6620   0.1182   0.2549  -0.6347  -0.00    0.0
2382 118521.000   30.488928559  114.320480994     7.0380   4  20   0.3695   0.4461   1.2723   0.0269   0.2740  -0.3964  -0.00    0.0
2382 118522.000   30.488951894  114.320487498     9.6357   4  19   0.4037   0.4667   1.5458  -0.1274   0.4151  -0.5378  -0.00    0.0
2382 118523.000   30.488968800  114.320501176    17.4712   4  18   0.4178   0.4807   1.5499  -0.0520   0.4434  -0.5081  -0.00    0.0
2382 118524.000   30.488985556  114.320497822    23.0315   4  18   0.4074   0.4664   1.5565  -0.1325   0.4025  -0.5167  -0.00    0.0
2382 118525.000   30.489020351  114.320482394    17.3591   4  17   0.4126   0.5685   1.7968  -0.2123   0.6784  -0.5996  -0.00    0.0
2382 118526.000   30.489051448  114.320483721     9.7777   4  21   0.3638   0.4460   1.2282  -0.0370   0.2965  -0.3674  -0.00    0.0
2382 118527.000   30.489053623  114.320472804    13.1003   4  19   0.3974   0.4949   1.4770  -0.1621   0.4558  -0.5053  -0.00    0.0
2382 118528.000   30.489039958  114.320503989    21.6559   4  20   0.3925   0.4660   1.4530  -0.1290   0.4165  -0.4904  -0.00    0.0
2382 118529.000   30.489043831  114.320496149    21.5864   4  20   0.3924   0.4657   1.4528  -0.1290   0.4165  -0.4904  -0.00    0.0
2382 118530.000   30.489050642  114.320492355    17.6244   4  19   0.3936   0.4989   1.5069  -0.1052   0.4952  -0.4774  -0.00    0.0
2382 118531.000   30.489062473  114.320478979    15.4067   4  21   0.3678   0.4515   1.2450  -0.0327   0.2969  -0.3719  -0.00    0.0
2382 118532.000   30.489071820  114.320463023    11.5179   4  21   0.3678   0.4515   1.2443  -0.0323   0.2967  -0.3716  -0.00    0.0
2382 118533.000   30.489070350  114.320474075    14.4636   4  21   0.3677   0.4515   1.2435  -0.0319   0.2963  -0.3713  -0.00    0.0
2382 118534.000   30.489058783  114.320487834    16.2850   4  21   0.3677   0.4515   1.2434  -0.0318   0.2962  -0.3713  -0.00    0.0
2382 118535.000   30.489061027  114.320494226    18.8767   4  21   0.3677   0.4515   1.2434  -0.0317   0.2962  -0.3714  -0.00    0.0
2382 118536.000   30.489055625  114.320480681    14.7583   4  21   0.3677   0.4515   1.2434  -0.0316   0.2962  -0.3714  -0.00    0.0
2382 118537.000   30.489062149  114.320469946    12.1956   4  21   0.3677   0.4515   1.2434  -0.0315   0.2962  -0.3714  -0.00    0.0
2382 118538.000   30.489062226  114.320465355     9.2944   4  20   0.3741   0.4526   1.2663  -0.0560   0.2833  -0.3485  -0.00    0.0
2382 118539.000   30.489060278  114.320441550     4.2380   4  20   0.3741   0.4527   1.2663  -0.0560   0.2833  -0.3486  -0.00    0.0
2382 118540.000   30.489054667  114.320455305     5.9726   4  20   0.3740   0.4527   1.2664  -0.0559   0.2833  -0.3486  -0.00    0.0
2382 118541.000   30.489052652  114.320456649     8.6176   4  20   0.3677   0.4935   1.3620  -0.0492   0.4454  -0.3769  -0.00    0.0
2382 118542.000   30.489048707  114.320473709    18.7599   4  20   0.3732   0.4525   1.2912   0.0281   0.2800  -0.4004  -0.00    0.0
2382 118543.000   30.489050736  114.320484176    15.8918   4  21   0.3677   0.4517   1.2439  -0.0312   0.2965  -0.3717  -0.00    0.0
2382 118544.000   30.489053040  114.320475953    18.7475   4  21   0.3677   0.4517   1.2435  -0.0309   0.2963  -0.3716  -0.00    0.0
2382 118545.000   30.489054308  114.320478328    17.7677   4  21   0.3676   0.4517   1.2433  -0.0308   0.2962  -0.3715  -0.00    0.0
2382 118546.000   30.489067924  114.320470266    15.9515   4  20   0.3740   0.4527   1.2661  -0.0555   0.2835  -0.3487  -0.00    0.0
2382 118547.000   30.489075823  114.320454346    13.9046   4  19   0.3695   0.5232   1.3700  -0.0934   0.4735  -0.3842  -0.00    0.0
2382 118548.000   30.489069396  114.320477345    19.2903   4  20   0.3677   0.4938   1.3626  -0.0495   0.4460  -0.3773  -0.00    0.0
2382 118549.000   30.489062308  114.320460542    10.8277   4  19   0.3747   0.4970   1.4558   0.0392   0.4771  -0.3250  -0.00    0.0
2382 118550.000   30.489059061  114.320445460    15.6956   4  20   0.3693   0.4745   1.2465  -0.0776   0.3141  -0.3753  -0.00    0.0
2382 118551.000   30.489049510  114.320485770    14.0480   4  21   0.3676   0.4518   1.2440  -0.0305   0.2967  -0.3718  -0.00    0.0
2382 118552.000   30.489049439  114.320485450     6.7545   4  19   0.3747   0.4970   1.4545   0.0397   0.4766  -0.3249  -0.00    0.0
2382 118553.000   30.489063219  114.320469553     3.2788   4  21   0.3676   0.4518   1.2441  -0.0303   0.2966  -0.3718  -0.00    0.0
2382 118554.000   30.489052226  114.320462613     7.1532   4  19   0.3906   0.4681   1.2748   0.1016   0.3124  -0.3250  -0.00    0.0
2382 118555.000   30.489049967  114.320465457     7.7580   4  20   0.3869   0.4658   1.2554   0.1131   0.3278  -0.3423  -0.00    0.0
2382 118556.000   30.489040414  114.320487700     7.0184   4  20   0.3869   0.4658   1.2554   0.1132   0.3278  -0.3423  -0.00    0.0
2382 118557.000   30.489026021  114.320495374    13.6834   4  20   0.3869   0.4658   1.2553   0.1132   0.3278  -0.3424  -0.00    0.0
2382 118558.000   30.489030649  114.320502635    13.2709   4  19   0.3917   0.4665   1.3024   0.1196   0.3146  -0.3719  -0.00    0.0
2382 118559.000   30.489038309  114.320503410     9.1035   4  20   0.3869   0.4659   1.2554   0.1133   0.3277  -0.3426  -0.00    0.0
2382 118560.000   30.489041307  114.320506643     9.3500   4  20   0.3869   0.4659   1.2554   0.1134   0.3277  -0.3426  -0.00    0.0
2382 118561.000   30.489050438  114.320510585    11.8191   4  21   0.3675   0.4519   1.2433  -0.0291   0.2964  -0.3718  -0.00    0.0
2382 118562.000   30.489044623  114.320495846    11.2027   4  20   0.3869   0.4659   1.2551   0.1134   0.3276  -0.3427  -0.00    0.0
2382 118563.000   30.489046611  114.320505711    10.3965   4  21   0.3675   0.4520   1.2432  -0.0290   0.2963  -0.3718  -0.00    0.0
2382 118564.000   30.489046855  114.320495821     8.6899   4  20   0.3869   0.4660   1.2550   0.1135   0.3275  -0.3428  -0.00    0.0
2382 118565.000   30.489050216  114.320497460    12.1373   4  20   0.3729   0.4528   1.2892   0.0296   0.2804  -0.3998  -0.00    0.0
2382 118565.999   30.489058811  114.320474795    11.9258   4  20   0.3869   0.4660   1.2551   0.1136   0.3275  -0.3429  -0.00    0.0
2382 118566.999   30.489058368  114.320465138     7.5920   4  19   0.3916   0.4667   1.3017   0.1199   0.3144  -0.3721  -0.00    0.0
2382 118567.999   30.489042042  114.320452818     8.7291   4  21   0.3675   0.4520   1.2434  -0.0285   0.2964  -0.3720  -0.00    0.0
2382 118568.999   30.489038372  114.320449432    10.6963   4  20   0.3729   0.4529   1.2891   0.0299   0.2805  -0.3998  -0.00    0.0
2382 118569.999   30.489037875  114.320460857     7.9591   4  20   0.3728   0.4529   1.2890   0.0299   0.2805  -0.3998  -0.00    0.0
2382 118570.999   30.489038405  114.320469918     7.9737   4  21   0.3675   0.4521   1.2435  -0.0283   0.2963  -0.3721  -0.00    0.0
2382 118571.999   30.489034180  114.320472776     9.8949   4  21   0.3674   0.4521   1.2433  -0.0282   0.2963  -0.3720  -0.00    0.0
2382 118572.999   30.489042053  114.320476404    12.4871   4  20   0.3728   0.4529   1.2887   0.0300   0.2805  -0.3997  -0.00    0.0
2382 118573.999   30.489043729  114.320480010    10.6773   4  19   0.3975   0.4673   1.4793  -0.1352   0.4101  -0.4748  -0.00    0.0
2382 118574.999   30.489044183  114.320480650     8.2665   4  20   0.3926   0.4667   1.4555  -0.1296   0.4188  -0.4931  -0.00    0.0
2382 118575.999   30.489041369  114.320473226    13.6652   4  20   0.3927   0.4668   1.4564  -0.1297   0.4192  -0.4934  -0.00    0.0
2382 118576.999   30.489043149  114.320479638    17.3526   4  18   0.4178   0.4816   1.5462  -0.0533   0.4447  -0.5104  -0.00    0.0
2382 118577.999   30.489056737  114.320473106    13.3198   4  19   0.3916   0.4669   1.3023   0.1200   0.3149  -0.3729  -0.00    0.0
2382 118578.999   30.489055792  114.320482896    18.1080   4  17   0.4206   0.4834   1.5645  -0.0692   0.4333  -0.4986  -0.00    0.0
2382 118579.999   30.489041729  114.320476945    15.9137   4  20   0.3927   0.4669   1.4565  -0.1297   0.4193  -0.4936  -0.00    0.0
2382 118580.999   30.489038425  114.320465080    15.0844   4  19   0.4023   0.4670   1.5317  -0.1274   0.4155  -0.5339  -0.00    0.0
2382 118581.999   30.489038590  114.320471395    15.8077   4  19   0.4023   0.4670   1.5316  -0.1274   0.4155  -0.5340  -0.00    0.0
2382 118582.999   30.489051462  114.320470093     7.1439   4  20   0.3727   0.4531   1.2901   0.0298   0.2814  -0.4003  -0.00    0.0
2382 118583.999   30.489052647  114.320462529    11.1141   4  20   0.3691   0.4749   1.2462  -0.0764   0.3137  -0.3760  -0.00    0.0
2382 118584.999   30.489057766  114.320472091    12.8829   4  21   0.3674   0.4523   1.2432  -0.0269   0.2964  -0.3723  -0.00    0.0
2382 118585.999   30.489065858  114.320481509    16.2989   4  19   0.3914   0.4670   1.2996   0.1204   0.3141  -0.3723  -0.00    0.0
2382 118586.999   30.489061512  114.320502208    20.3789   4  19   0.3964   0.5297   1.6777  -0.1746   0.6199  -0.5378  -0.00    0.0
2382 118587.999   30.489054930  114.320505028    25.4323   4  19   0.3905   0.5201   1.6323  -0.1685   0.6016  -0.5227  -0.00    0.0
2382 118588.999   30.489057572  114.320468691    23.0539   4  20   0.3934   0.4678   1.4635  -0.1306   0.4219  -0.4965  -0.00    0.0
2382 118589.999   30.489054318  114.320492509    17.9928   4  20   0.3939   0.4683   1.4700  -0.1314   0.4239  -0.4989  -0.00    0.0
2382 118590.999   30.489062285  114.320500374    17.4294   4  19   0.4681   0.4780   1.8716   0.0916   0.2449  -0.7368  -0.00    0.0
2382 118591.999   30.489059786  114.320509213    23.6359   4  18   0.3981   0.4888   1.4670  -0.1638   0.4350  -0.4804  -0.00    0.0
2382 118592.999   30.489059778  114.320502348    16.7663   4  19   0.3981   0.5327   1.7016  -0.1785   0.6302  -0.5462  -0.00    0.0
2382 118593.999   30.489072252  114.320528665    19.9239   4  17   0.4959   0.5007   2.0131   0.0508   0.2666  -0.8173  -0.00    0.0
2382 118594.999   30.489074239  114.320535792    20.9974   4  18   0.5043   0.4803   2.1006   0.1267   0.1474  -0.8496  -0.00    0.0
2382 118595.999   30.489077909  114.320523337    14.3842   4  18   0.5043   0.4803   2.1004   0.1267   0.1475  -0.8495  -0.00    0.0
2382 118596.999   30.489085861  114.320502284     5.9404   4  17   0.5115   0.5052   2.1258   0.0514   0.2698  -0.8659  -0.00    0.0
2382 118597.999   30.489079776  114.320502105     5.3420   4  19   0.4220   0.4775   1.5627   0.1737  -0.2237  -0.5780  -0.00    0.0
2382 118598.999   30.489091968  114.320497686     0.3766   4  17   0.5135   0.5056   2.1410   0.0492   0.2725  -0.8722  -0.00    0.0
2382 118599.999   30.489091646  114.320474164    -7.0794   4  16   0.5279   0.5665   2.4617  -0.2029   0.6556  -0.9605  -0.00    0.0
2382 118600.999   30.489062218  114.320467379    17.8421   4  18   0.4081   0.4688   1.5649  -0.1346   0.4120  -0.5217  -0.00    0.0
2382 118601.999   30.489041970  114.320422687    22.5940   4  18   0.4488   0.5250   1.6966   0.0706   0.3133  -0.6545  -0.00    0.0
2382 118602.999   30.489070633  114.320442055    11.7981   4  19   0.3722   0.4729   1.2709  -0.0621   0.2937  -0.3968  -0.00    0.0
2382 118603.999   30.489088406  114.320433129    -5.2236   4  18   0.4238   0.4995   1.5694   0.1584  -0.1988  -0.5820  -0.00    0.0
2382 118604.999   30.489074862  114.320421684     1.7028   4  18   0.4068   0.4962   1.5453  -0.1615   0.4549  -0.5456  -0.00    0.0
2382 118605.999   30.489080616  114.320437128     4.0526   4  18   0.4066   0.4958   1.5453  -0.1615   0.4548  -0.5456  -0.00    0.0
2382 118606.999   30.489082128  114.320450481     6.9598   4  18   0.4066   0.4958   1.5450  -0.1616   0.4552  -0.5455  -0.00    0.0
2382 118607.999   30.489103114  114.320439192    -9.5956   4  17   0.5082   0.5046   2.1024   0.0480   0.2724  -0.8558  -0.00    0.0
2382 118608.999   30.489099917  114.320433799   -11.1264   4  18   0.4978   0.4967   2.0447   0.0460   0.2673  -0.8315  -0.00    0.0
2382 118609.999   30.489080038  114.320452146     2.0038   4  19   0.4214   0.4776   1.5597   0.1734  -0.2218  -0.5765  -0.00    0.0
2382 118610.999   30.489079406  114.320463112     2.6663   4  18   0.5057   0.4808   2.1135   0.1251   0.1560  -0.8548  -0.00    0.0
2382 118611.999   30.489081171  114.320466570    -2.0595   4  18   0.4935   0.4765   2.0225   0.1244   0.1491  -0.8169  -0.00    0.0
2382 118612.999   30.489051409  114.320469973    12.5222   4  19   0.4031   0.4685   1.5403  -0.1291   0.4201  -0.5378  -0.00    0.0
2382 118613.999   30.489097390  114.320468370   -10.2063   4  16   0.5375   0.6035   2.8062  -0.2099   0.8299  -1.0262  -0.00    0.0
2382 118614.999   30.489083502  114.320472988    -5.6073   4  18   0.5193   0.5288   2.4360  -0.1433   0.5741  -0.9413  -0.00    0.0
2382 118615.999   30.489062240  114.320479891     5.7263   4  17   0.5300   0.5344   2.5179  -0.1512   0.5912  -0.9743  -0.00    0.0
2382 118616.999   30.489061584  114.320462343     7.8963   4  19   0.4031   0.4686   1.5415  -0.1294   0.4208  -0.5383  -0.00    0.0
2382 118617.999   30.489080097  114.320452974    -4.5066   4  17   0.5057   0.5106   2.1923   0.1203   0.3544  -0.8567  -0.00    0.0
2382 118618.999   30.489084050  114.320466090    -4.8398   4  17   0.4935   0.5054   2.0947   0.1228   0.3397  -0.8174  -0.00    0.0
2382 118619.999   30.489063127  114.320469188    10.2594   4  20   0.3727   0.4542   1.2927   0.0315   0.2834  -0.4011  -0.00    0.0
2382 118620.999   30.489042676  114.320453259    20.5301   4  19   0.4465   0.4948   1.6904   0.1149   0.2660  -0.6499  -0.00    0.0
2382 118621.999   30.489046327  114.320453741    24.7396   4  18   0.4389   0.4900   1.6255   0.1155   0.2560  -0.6237  -0.00    0.0
2382 118622.999   30.489072325  114.320479541    13.2579   4  18   0.5033   0.4806   2.0949   0.1239   0.1607  -0.8470  -0.00    0.0
2382 118623.999   30.489058318  114.320473227    18.0600   4  19   0.4030   0.4687   1.5395  -0.1293   0.4207  -0.5377  -0.00    0.0
2382 118624.999   30.489063860  114.320461243    12.1664   4  20   0.3729   0.4546   1.2956   0.0312   0.2843  -0.4021  -0.00    0.0
2382 118625.999   30.489049932  114.320450600    17.2891   4  17   0.5232   0.4983   2.0770   0.1878   0.1749  -0.8363  -0.00    0.0
2382 118626.999   30.489056588  114.320450355    14.4074   4  19   0.4153   0.4706   1.5239   0.1686  -0.2092  -0.5628  -0.00    0.0
2382 118627.999   30.489039501  114.320441107    23.6336   4  19   0.4035   0.4692   1.5457  -0.1301   0.4229  -0.5401  -0.00    0.0
2382 118628.999   30.489048476  114.320455184    22.2987   4  18   0.5010   0.4804   2.0777   0.1233   0.1626  -0.8398  -0.00    0.0
2382 118629.999   30.489045689  114.320424945    17.7355   4  20   0.3691   0.4483   1.2732   0.0318   0.2773  -0.3969  -0.00    0.0
2382 118630.999   30.489042646  114.320431332    18.3932   4  19   0.4034   0.4693   1.5456  -0.1302   0.4231  -0.5401  -0.00    0.0
2382 118631.999   30.489034906  114.320430342    19.9561   4  19   0.4024   0.4686   1.5320  -0.1286   0.4192  -0.5351  -0.00    0.0
2382 118632.999   30.489040563  114.320424735    12.7364   4  19   0.4197   0.4771   1.5483   0.1720  -0.2159  -0.5715  -0.00    0.0
2382 118633.999   30.489027450  114.320434357    19.9659   4  17   0.5014   0.4812   2.1166   0.1179   0.1147  -0.8303  -0.00    0.0
2382 118634.999   30.489051022  114.320433510    12.6128   4  19   0.4145   0.4700   1.5248   0.1686  -0.2112  -0.5633  -0.00    0.0
2382 118635.999   30.489065317  114.320460942     5.1388   4  19   0.4211   0.4781   1.5621   0.1730  -0.2191  -0.5769  -0.00    0.0
2382 118636.999   30.489059808  114.320450854     4.3534   4  19   0.4198   0.4775   1.5487   0.1724  -0.2168  -0.5716  -0.00    0.0
2382 118637.999   30.489046120  114.320451758     8.4218   4  19   0.3754   0.4598   1.2914  -0.0510   0.2676  -0.3923  -0.00    0.0
2382 118638.999   30.489043879  114.320458206    11.4922   4  19   0.4013   0.4877   1.3697   0.1674  -0.0684  -0.4800  -0.00    0.0
2382 118639.999   30.489028216  114.320458452    13.9708   4  17   0.4044   0.5267   1.3759   0.1391  -0.1272  -0.4736  -0.00    0.0
2382 118640.999   30.489029344  114.320464372    18.4461   4  17   0.4470   0.5240   1.6791   0.0696   0.3123  -0.6488  -0.00    0.0
2382 118641.999   30.489042744  114.320465672    20.2939   4  18   0.4860   0.4738   1.9842   0.1195   0.1659  -0.7999  -0.00    0.0
2382 118642.999   30.489060389  114.320465936     8.8208   4  19   0.4202   0.4778   1.5540   0.1725  -0.2168  -0.5736  -0.00    0.0
2382 118643.999   30.489054545  114.320456262    11.7010   4  18   0.4223   0.4998   1.5625   0.1571  -0.1921  -0.5784  -0.00    0.0
2382 118644.999   30.489059063  114.320449679    13.9292   4  20   0.3721   0.4543   1.2869   0.0335   0.2828  -0.3992  -0.00    0.0
2382 118645.999   30.489058162  114.320465114    12.7634   4  19   0.4192   0.4772   1.5451   0.1719  -0.2148  -0.5700  -0.00    0.0
2382 118646.999   30.489057047  114.320462479    18.3785   4  20   0.3718   0.4540   1.2852   0.0337   0.2824  -0.3987  -0.00    0.0
2382 118647.999   30.489056247  114.320471928    18.6650   4  19   0.3752   0.4599   1.2896  -0.0506   0.2678  -0.3917  -0.00    0.0
2382 118648.999   30.489069665  114.320476287    11.6340   4  18   0.4218   0.4828   1.5466   0.1605  -0.2320  -0.5639  -0.00    0.0
2382 118649.999   30.489072608  114.320471018    15.0822   4  19   0.4189   0.4771   1.5443   0.1717  -0.2140  -0.5695  -0.00    0.0
2382 118650.999   30.489062273  114.320463152    21.5934   4  19   0.4190   0.4771   1.5454   0.1718  -0.2146  -0.5700  -0.00    0.0
2382 118651.999   30.489066817  114.320484275    15.6666   4  18   0.4201   0.5136   1.6762   0.1538   0.2784  -0.5872  -0.00    0.0
2382 118652.999   30.489064874  114.320482964    14.2963   4  18   0.4153   0.4758   1.5128   0.1570  -0.2220  -0.5509  -0.00    0.0
2382 118653.999   30.489059595  114.320479639    19.0340   4  19   0.4204   0.4782   1.5590   0.1725  -0.2163  -0.5752  -0.00    0.0
2382 118654.999   30.489057345  114.320477741    18.9691   4  19   0.4192   0.4776   1.5457   0.1719  -0.2141  -0.5701  -0.00    0.0
2382 118655.999   30.489062503  114.320488414    11.5186   4  18   0.4190   0.5361   1.6102   0.1705  -0.3956  -0.5691  -0.00    0.0
2382 118656.999   30.489052397  114.320484659    10.0783   4  20   0.3677   0.4482   1.2620   0.0394   0.2711  -0.3926  -0.00    0.0
2382 118657.999   30.489058543  114.320473515     8.0833   4  19   0.4203   0.4782   1.5582   0.1724  -0.2157  -0.5748  -0.00    0.0
2382 118658.999   30.489056388  114.320467537    15.0325   4  19   0.4190   0.4776   1.5443   0.1717  -0.2133  -0.5694  -0.00    0.0
2382 118659.999   30.489065143  114.320466259    12.6354   4  20   0.3717   0.4542   1.2852   0.0343   0.2828  -0.3988  -0.00    0.0
2382 118660.999   30.489065208  114.320438777    10.8963   4  19   0.4186   0.4772   1.5422   0.1714  -0.2125  -0.5685  -0.00    0.0
2382 118661.999   30.489066055  114.320455108    11.6821   4  18   0.4282   0.4775   1.5639   0.1670  -0.2219  -0.5475  -0.00    0.0
2382 118662.999   30.489047513  114.320443181    10.0450   4  20   0.3716   0.4542   1.2848   0.0346   0.2828  -0.3987  -0.00    0.0
2382 118663.999   30.489060171  114.320424850     3.5626   4  19   0.4184   0.4772   1.5418   0.1713  -0.2120  -0.5682  -0.00    0.0
2382 118664.999   30.489059385  114.320440568    -0.6555   4  18   0.4235   0.4787   1.5468   0.1640  -0.2225  -0.5611  -0.00    0.0
2382 118665.999   30.489065495  114.320420325     7.4576   4  19   0.4021   0.4689   1.5313  -0.1291   0.4207  -0.5356  -0.00    0.0
2382 118666.999   30.489070228  114.320421749     9.0258   4  18   0.4993   0.4805   2.0698   0.1191   0.1790  -0.8361  -0.00    0.0
2382 118667.999   30.489062706  114.320388736    11.3844   4  18   0.4017   0.4892   1.5194  -0.1584   0.4470  -0.5390  -0.00    0.0
2382 118668.999   30.489066670  114.320393138     9.2830   4  18   0.4079   0.4989   1.5590  -0.1652   0.4645  -0.5522  -0.00    0.0
2382 118669.999   30.489082721  114.320406625    -6.3209   4  18   0.4997   0.4809   2.0720   0.1187   0.1810  -0.8371  -0.00    0.0
2382 118670.999   30.489067387  114.320389869     1.4677   4  18   0.4153   0.4916   1.5203   0.1511  -0.1746  -0.5621  -0.00    0.0
2382 118671.999   30.489055401  114.320383029     6.9199   4  18   0.4213   0.5000   1.5577   0.1562  -0.1874  -0.5759  -0.00    0.0
2382 118672.999   30.489054642  114.320398953     6.6763   4  19   0.3733   0.4775   1.2866  -0.0623   0.3006  -0.4015  -0.00    0.0
2382 118673.999   30.489061075  114.320396673     3.2564   4  19   0.4182   0.4774   1.5405   0.1711  -0.2105  -0.5676  -0.00    0.0
2382 118674.999   30.489043496  114.320409352    13.4755   4  17   0.4155   0.5143   1.3752   0.1602   0.0241  -0.4664  -0.00    0.0
2382 118675.999   30.489060283  114.320406078    16.5690   4  18   0.4064   0.4976   1.5435  -0.1633   0.4593  -0.5466  -0.00    0.0
2382 118676.999   30.489065227  114.320410635     6.9304   4  18   0.4064   0.4977   1.5438  -0.1635   0.4599  -0.5467  -0.00    0.0
2382 118677.999   30.489052168  114.320400519    10.5722   4  18   0.4065   0.4978   1.5447  -0.1638   0.4606  -0.5471  -0.00    0.0
2382 118678.999   30.489062504  114.320398535    13.4172   4  16   0.4177   0.5518   1.5563  -0.2195   0.4130  -0.5349  -0.00    0.0
2382 118679.999   30.489069507  114.320431001    12.5251   4  18   0.4065   0.4979   1.5448  -0.1638   0.4607  -0.5472  -0.00    0.0
2382 118680.999   30.489073817  114.320408038     9.7060   4  19   0.4020   0.4694   1.5314  -0.1299   0.4226  -0.5359  -0.00    0.0
2382 118681.999   30.489062335  114.320410466    10.7585   4  19   0.4020   0.4694   1.5312  -0.1299   0.4226  -0.5359  -0.00    0.0
2382 118682.999   30.489052300  114.320407014    13.4287   4  18   0.4065   0.4763   1.5322  -0.1475   0.4173  -0.5327  -0.00    0.0
2382 118683.999   30.489058701  114.320421556    14.1689   4  19   0.4020   0.4694   1.5311  -0.1299   0.4227  -0.5359  -0.00    0.0
2382 118684.999   30.489046711  114.320423138    11.2749   4  20   0.3713   0.4546   1.2833   0.0349   0.2840  -0.3981  -0.00    0.0
2382 118685.999   30.489049538  114.320425498    11.4520   4  19   0.3747   0.4604   1.2870  -0.0496   0.2693  -0.3908  -0.00    0.0
2382 118686.999   30.489053122  114.320434625     9.8212   4  20   0.3712   0.4546   1.2815   0.0355   0.2835  -0.3974  -0.00    0.0
2382 118687.999   30.489056986  114.320437767    11.0800   4  19   0.3746   0.4604   1.2860  -0.0493   0.2690  -0.3904  -0.00    0.0
2382 118688.999   30.489049005  114.320433299     9.4290   4  19   0.3746   0.4604   1.2859  -0.0493   0.2691  -0.3904  -0.00    0.0
2382 118689.999   30.489051155  114.320451333     9.0469   4  19   0.3746   0.4604   1.2859  -0.0493   0.2691  -0.3904  -0.00    0.0
2382 118690.999   30.489052453  114.320457258    10.0237   4  20   0.3711   0.4546   1.2812   0.0358   0.2835  -0.3973  -0.00    0.0
2382 118691.999   30.489062259  114.320448753    20.0818   4  18   0.4070   0.4700   1.5502  -0.1345   0.4159  -0.5187  -0.00    0.0
2382 118692.999   30.489046455  114.320466181    15.7494   4  18   0.4064   0.4765   1.5309  -0.1475   0.4175  -0.5324  -0.00    0.0
2382 118693.999   30.489057278  114.320468277    18.4169   4  18   0.4065   0.4766   1.5320  -0.1477   0.4180  -0.5329  -0.00    0.0
2382 118694.999   30.489060538  114.320462627    16.6824   4  17   0.4215   0.5275   1.6084   0.0859   0.5444  -0.4935  -0.00    0.0
2382 118695.999   30.489049658  114.320435639     8.4154   4  18   0.3999   0.5230   1.4991  -0.1558   0.5956  -0.5165  -0.00    0.0
2382 118696.999   30.489043035  114.320492502    20.9686   4  20   0.4024   0.4551   1.4643  -0.1432   0.4925  -0.5292  -0.00    0.0
2382 118697.999   30.489033070  114.320465237    17.0961   4  19   0.4024   0.4914   1.5063  -0.1213   0.5596  -0.5142  -0.00    0.0
2382 118698.999   30.489034670  114.320498185    21.3035   4  19   0.4060   0.4602   1.4527  -0.1570   0.4858  -0.5227  -0.00    0.0
2382 118699.999   30.489043580  114.320493176    20.2831   4  20   0.4012   0.4539   1.4519  -0.1414   0.4883  -0.5246  -0.00    0.0
2382 118700.999   30.489050856  114.320466309    12.2122   4  19   0.4021   0.4910   1.5049  -0.1213   0.5591  -0.5138  -0.00    0.0
2382 118701.999   30.489041279  114.320474617    15.0580   4  20   0.4011   0.4539   1.4520  -0.1414   0.4884  -0.5246  -0.00    0.0
2382 118702.999   30.489029754  114.320474384    15.8892   4  19   0.4021   0.4911   1.5051  -0.1214   0.5594  -0.5139  -0.00    0.0
2382 118703.999   30.489031594  114.320480363    17.3452   4  20   0.4011   0.4540   1.4520  -0.1415   0.4885  -0.5246  -0.00    0.0
2382 118704.999   30.489025820  114.320480753    14.7351   4  20   0.4011   0.4540   1.4520  -0.1415   0.4886  -0.5246  -0.00    0.0
2382 118705.999   30.489014276  114.320472241    11.5964   4  19   0.4021   0.4912   1.5049  -0.1214   0.5594  -0.5139  -0.00    0.0
2382 118706.999   30.489023533  114.320491132    17.7202   4  20   0.4011   0.4541   1.4520  -0.1415   0.4887  -0.5247  -0.00    0.0
2382 118707.999   30.489036231  114.320469207    11.0183   4  19   0.4058   0.4823   1.4685  -0.1732   0.5240  -0.5374  -0.00    0.0
2382 118708.999   30.489035764  114.320461093    10.0232   4  20   0.4011   0.4541   1.4519  -0.1415   0.4887  -0.5247  -0.00    0.0
2382 118709.999   30.489034048  114.320465108    12.9428   4  20   0.4011   0.4541   1.4519  -0.1416   0.4887  -0.5247  -0.00    0.0
2382 118710.999   30.489024911  114.320457759    13.4958   4  20   0.4011   0.4541   1.4518  -0.1415   0.4887  -0.5247  -0.00    0.0
2382 118711.999   30.489039398  114.320459749     9.9732   4  20   0.4011   0.4541   1.4518  -0.1416   0.4888  -0.5247  -0.00    0.0
2382 118712.999   30.489025636  114.320443334     8.8175   4  20   0.4011   0.4542   1.4518  -0.1416   0.4888  -0.5247  -0.00    0.0
2382 118713.999   30.489031181  114.320444670    10.2412   4  20   0.4011   0.4542   1.4518  -0.1416   0.4889  -0.5247  -0.00    0.0
2382 118714.999   30.489035487  114.320447351    11.1706   4  20   0.4011   0.4542   1.4518  -0.1416   0.4889  -0.5247  -0.00    0.0
2382 118715.999   30.489044002  114.320427245     6.7824   4  19   0.4058   0.4605   1.4522  -0.1573   0.4864  -0.5228  -0.00    0.0
2382 118716.999   30.489030983  114.320434898     6.5810   4  20   0.4011   0.4543   1.4518  -0.1417   0.4890  -0.5248  -0.00    0.0
2382 118717.999   30.489021918  114.320449763    10.9506   4  20   0.4011   0.4543   1.4518  -0.1417   0.4890  -0.5248  -0.00    0.0
2382 118718.999   30.489021660  114.320441791     7.3330   4  20   0.4011   0.4543   1.4519  -0.1417   0.4891  -0.5248  -0.00    0.0
2382 118719.999   30.489022313  114.320451558     9.1794   4  20   0.4011   0.4543   1.4519  -0.1417   0.4891  -0.5248  -0.00    0.0
2382 118720.999   30.489019721  114.320472179    12.6843   4  19   0.4021   0.4916   1.5050  -0.1217   0.5601  -0.5141  -0.00    0.0
2382 118721.999   30.489018500  114.320441425     9.0499   4  20   0.4011   0.4544   1.4522  -0.1418   0.4894  -0.5249  -0.00    0.0
2382 118722.999   30.489031632  114.320439347     6.7401   4  19   0.4058   0.4607   1.4525  -0.1575   0.4869  -0.5230  -0.00    0.0
2382 118723.999   30.489024898  114.320471607    11.7134   4  18   0.4064   0.5011   1.5051  -0.1434   0.5611  -0.5148  -0.00    0.0
2382 118724.999   30.489012242  114.320456237     5.2901   4  20   0.4011   0.4545   1.4522  -0.1419   0.4896  -0.5250  -0.00    0.0
2382 118725.999   30.489022542  114.320448284     2.9530   4  19   0.4058   0.4607   1.4525  -0.1575   0.4871  -0.5230  -0.00    0.0
2382 118726.999   30.489013912  114.320471521     8.2155   4  20   0.4011   0.4545   1.4519  -0.1419   0.4895  -0.5249  -0.00    0.0
2382 118727.999   30.489038398  114.320440395     7.1613   4  17   0.4287   0.5098   1.4798  -0.1537   0.5467  -0.5182  -0.00    0.0
2382 118728.999   30.489030692  114.320443892     9.6876   4  18   0.4122   0.4609   1.4671  -0.1599   0.4850  -0.5086  -0.00    0.0
2382 118729.999   30.489032814  114.320443249     7.8535   4  20   0.4011   0.4546   1.4521  -0.1420   0.4898  -0.5250  -0.00    0.0
2382 118730.999   30.489040966  114.320459999    10.1913   4  20   0.4011   0.4546   1.4520  -0.1419   0.4897  -0.5250  -0.00    0.0
2382 118731.999   30.489040782  114.320465855     8.1169   4  19   0.4058   0.4608   1.4523  -0.1576   0.4872  -0.5231  -0.00    0.0
2382 118732.999   30.489038190  114.320471141    13.4881   4  19   0.4058   0.4609   1.4523  -0.1576   0.4873  -0.5231  -0.00    0.0
2382 118733.999   30.489028679  114.320453830    10.3438   4  19   0.4058   0.4609   1.4523  -0.1576   0.4873  -0.5231  -0.00    0.0
2382 118734.999   30.489043248  114.320441580     7.2591   4  20   0.4010   0.4547   1.4520  -0.1420   0.4899  -0.5251  -0.00    0.0
2382 118735.999   30.489039898  114.320441249     7.5008   4  20   0.4010   0.4547   1.4520  -0.1420   0.4899  -0.5251  -0.00    0.0
2382 118736.999   30.489048525  114.320445908     4.5494   4  19   0.4069   0.5279   1.6937  -0.1968   0.6884  -0.5797  -0.00    0.0
2382 118737.999   30.489044034  114.320449781     6.5400   4  19   0.4005   0.5179   1.6474  -0.1903   0.6684  -0.5638  -0.00    0.0
2382 118738.999   30.489035919  114.320456246     9.7729   4  19   0.4065   0.4618   1.4586  -0.1586   0.4898  -0.5255  -0.00    0.0
2382 118739.999   30.489023926  114.320458188    11.8709   4  19   0.4071   0.4623   1.4649  -0.1595   0.4921  -0.5280  -0.00    0.0
2382 118740.999   30.489040733  114.320453145    12.2706   4  19   0.4061   0.4614   1.4538  -0.1579   0.4882  -0.5238  -0.00    0.0
2382 118741.999   30.489038330  114.320442336    11.3969   4  20   0.4011   0.4549   1.4523  -0.1422   0.4903  -0.5253  -0.00    0.0
2382 118742.999   30.489041676  114.320439902    11.6667   4  20   0.4010   0.4549   1.4521  -0.1422   0.4903  -0.5252  -0.00    0.0
2382 118743.999   30.489047987  114.320418223     0.7423   4  21   0.3705   0.4338   1.2232   0.0283   0.3651  -0.3946  -0.00    0.0
2382 118744.999   30.489053291  114.320417644    -0.6418   4  20   0.4009   0.4549   1.4508  -0.1420   0.4899  -0.5247  -0.00    0.0
2382 118745.999   30.489046783  114.320414841    -1.7088   4  20   0.4009   0.4549   1.4510  -0.1420   0.4900  -0.5248  -0.00    0.0
2382 118746.999   30.489048239  114.320426389     1.4212   4  20   0.4010   0.4550   1.4520  -0.1422   0.4905  -0.5252  -0.00    0.0
2382 118747.999   30.489025443  114.320423544     1.7948   4  20   0.4010   0.4550   1.4520  -0.1422   0.4905  -0.5252  -0.00    0.0
2382 118748.999   30.489032136  114.320428081     3.8647   4  20   0.4010   0.4550   1.4521  -0.1423   0.4906  -0.5253  -0.00    0.0
2382 118749.999   30.489044494  114.320435551     1.6578   4  19   0.4058   0.4834   1.4689  -0.1742   0.5261  -0.5382  -0.00    0.0
2382 118750.999   30.489059474  114.320452752    12.4405   4  19   0.4067   0.4551   1.4663  -0.1433   0.4899  -0.5121  -0.00    0.0
2382 118751.999   30.489051218  114.320458681    19.2034   4  19   0.4058   0.4613   1.4526  -0.1580   0.4883  -0.5235  -0.00    0.0
2382 118752.999   30.489053602  114.320439978     8.9672   4  19   0.4071   0.5289   1.6951  -0.1979   0.6903  -0.5808  -0.00    0.0
2382 118753.999   30.489045814  114.320455912    14.3781   4  20   0.3952   0.4492   1.4225  -0.1396   0.4824  -0.5138  -0.00    0.0
2382 118754.999   30.489047606  114.320469317    18.9659   4  20   0.4022   0.4565   1.4647  -0.1443   0.4954  -0.5301  -0.00    0.0
2382 118755.999   30.489047191  114.320490090    21.1994   4  19   0.4760   0.4575   1.7978  -0.0979   0.4439  -0.7400  -0.00    0.0
2382 118756.999   30.489040428  114.320494330    21.3924   4  20   0.3968   0.4491   1.4261  -0.1389   0.4799  -0.5167  -0.00    0.0
2382 118757.999   30.489055997  114.320493270    21.4286   4  20   0.4022   0.4565   1.4647  -0.1443   0.4955  -0.5302  -0.00    0.0
2382 118758.999   30.489070912  114.320485406    18.0313   4  20   0.4012   0.4556   1.4532  -0.1425   0.4914  -0.5258  -0.00    0.0
2382 118759.999   30.489064499  114.320451843    10.4603   4  19   0.4207   0.4558   1.4593  -0.1331   0.4941  -0.5081  -0.00    0.0
2382 118760.999   30.489060623  114.320453794    11.9055   4  20   0.4010   0.4553   1.4522  -0.1425   0.4912  -0.5255  -0.00    0.0
2382 118761.999   30.489064300  114.320443167    12.7084   4  19   0.4058   0.4837   1.4690  -0.1745   0.5268  -0.5384  -0.00    0.0
2382 118762.999   30.489076101  114.320446129    10.2809   4  19   0.4058   0.4838   1.4691  -0.1746   0.5269  -0.5385  -0.00    0.0
2382 118763.999   30.489078439  114.320469894    11.2987   4  19   0.4058   0.4838   1.4692  -0.1747   0.5271  -0.5386  -0.00    0.0
2382 118764.999   30.489069506  114.320485407    13.3076   4  19   0.4019   0.4929   1.5055  -0.1228   0.5624  -0.5150  -0.00    0.0
2382 118765.999   30.489064807  114.320483836    12.7586   4  19   0.4754   0.4574   1.7957  -0.0990   0.4450  -0.7388  -0.00    0.0
2382 118766.999   30.489048853  114.320482803    23.7487   4  20   0.3960   0.4489   1.4257  -0.1388   0.4805  -0.5167  -0.00    0.0
2382 118767.999   30.489047914  114.320480516    22.0714   4  20   0.4022   0.4568   1.4647  -0.1445   0.4960  -0.5303  -0.00    0.0
2382 118768.999   30.489048798  114.320493383    24.3880   4  20   0.4012   0.4559   1.4532  -0.1427   0.4919  -0.5260  -0.00    0.0
2382 118769.999   30.489055001  114.320493072    23.2198   4  19   0.4073   0.5300   1.6969  -0.1990   0.6923  -0.5820  -0.00    0.0
2382 118770.999   30.489041837  114.320491427    25.3814   4  19   0.4010   0.5199   1.6501  -0.1924   0.6720  -0.5659  -0.00    0.0
2382 118771.999   30.489051823  114.320469586    15.9634   4  20   0.4016   0.4564   1.4585  -0.1436   0.4940  -0.5280  -0.00    0.0
2382 118772.999   30.489056018  114.320451359     9.5983   4  19   0.4071   0.4856   1.4822  -0.1769   0.5325  -0.5437  -0.00    0.0
2382 118773.999   30.489052349  114.320462383     9.4118   4  20   0.4012   0.4560   1.4537  -0.1429   0.4923  -0.5262  -0.00    0.0
2382 118774.999   30.489059925  114.320468177     9.9864   4  20   0.4010   0.4557   1.4526  -0.1428   0.4920  -0.5258  -0.00    0.0
2382 118775.999   30.489058207  114.320462199     7.9882   4  20   0.4009   0.4557   1.4522  -0.1428   0.4919  -0.5257  -0.00    0.0
2382 118776.999   30.489080533  114.320479680     5.6943   4  19   0.4751   0.4575   1.7945  -0.0995   0.4457  -0.7382  -0.00    0.0
2382 118777.999   30.489077179  114.320472180    17.9133   4  20   0.3960   0.4487   1.4250  -0.1390   0.4802  -0.5169  -0.00    0.0
2382 118778.999   30.489060779  114.320445972    10.8458   4  19   0.4079   0.4570   1.4791  -0.1454   0.4960  -0.5172  -0.00    0.0
2382 118779.999   30.489055469  114.320430518     4.3190   4  20   0.4012   0.4561   1.4533  -0.1429   0.4924  -0.5261  -0.00    0.0
2382 118780.999   30.489072031  114.320479695     3.2051   4  18   0.4829   0.4850   1.8237  -0.1545   0.5008  -0.7571  -0.00    0.0
2382 118781.999   30.489071604  114.320464446     5.6700   4  19   0.4660   0.4512   1.7459  -0.0967   0.4358  -0.7174  -0.00    0.0
2382 118782.999   30.489042634  114.320450699    16.8428   4  19   0.4082   0.5323   1.7080  -0.2016   0.6982  -0.5864  -0.00    0.0
2382 118783.999   30.489040510  114.320434892    10.9834   4  19   0.4082   0.5324   1.7083  -0.2017   0.6985  -0.5865  -0.00    0.0
2382 118784.999   30.489079529  114.320406069   -14.6921   4  19   0.4767   0.4585   1.8068  -0.1020   0.4494  -0.7435  -0.00    0.0
2382 118785.999   30.489068286  114.320425975    -4.8234   4  17   0.4987   0.5519   2.3673  -0.2281   0.8152  -0.8614  -0.00    0.0
2382 118786.999   30.489062148  114.320431599   -11.6202   4  18   0.4990   0.5338   2.1805  -0.2249   0.7316  -0.8561  -0.00    0.0
2382 118787.999   30.489088109  114.320360509   -35.6948   4  18   0.4850   0.4861   1.8394  -0.1572   0.5058  -0.7639  -0.00    0.0
2382 118788.999   30.489059733  114.320418466   -11.1353   4  19   0.4988   0.5338   2.1784  -0.2247   0.7311  -0.8552  -0.00    0.0
2382 118789.999   30.489065356  114.320430957    -3.7471   4  18   0.4989   0.5340   2.1795  -0.2250   0.7317  -0.8557  -0.00    0.0
2382 118790.999   30.489090296  114.320376268   -28.8600   4  19   0.4769   0.4586   1.8093  -0.1029   0.4506  -0.7446  -0.00    0.0
2382 118791.999   30.489090390  114.320361177   -36.5749   4  19   0.4802   0.4586   1.8249  -0.1038   0.4491  -0.7343  -0.00    0.0
2382 118792.999   30.489082906  114.320372160   -29.3652   4  18   0.4801   0.4586   1.8241  -0.1037   0.4489  -0.7340  -0.00    0.0
2382 118793.999   30.489090067  114.320368040   -26.9060   4  19   0.4766   0.4586   1.8071  -0.1026   0.4502  -0.7436  -0.00    0.0
2382 118794.999   30.489069346  114.320402136   -13.0467   4  18   0.4986   0.5341   2.1771  -0.2250   0.7315  -0.8548  -0.00    0.0
2382 118795.999   30.489072130  114.320396301   -12.2367   4  18   0.4989   0.5343   2.1797  -0.2256   0.7326  -0.8558  -0.00    0.0
2382 118796.999   30.489075308  114.320370024   -13.8900   4  20   0.4017   0.4570   1.4604  -0.1444   0.4958  -0.5291  -0.00    0.0
2382 118797.999   30.489076375  114.320382544   -12.7058   4  20   0.4021   0.4575   1.4651  -0.1451   0.4975  -0.5308  -0.00    0.0
2382 118798.999   30.489082347  114.320397776   -11.1099   4  18   0.4965   0.5331   2.1590  -0.2223   0.7259  -0.8475  -0.00    0.0
2382 118799.999   30.489066139  114.320389883    -6.9553   4  19   0.4019   0.4786   1.4516  -0.1730   0.5214  -0.5330  -0.00    0.0
2382 118800.999   30.489061409  114.320418809    -7.1499   4  19   0.4778   0.4592   1.8172  -0.1050   0.4536  -0.7478  -0.00    0.0
2382 118801.999   30.489054099  114.320438556    -1.6724   4  19   0.4677   0.4547   1.7443  -0.0938   0.4355  -0.7166  -0.00    0.0
2382 118802.999   30.489046148  114.320440494     2.8210   4  17   0.4988   0.5535   2.3700  -0.2301   0.8191  -0.8626  -0.00    0.0
2382 118803.999   30.489041343  114.320459825     6.8961   4  16   0.4345   0.5596   1.8413  -0.1846   0.7582  -0.5738  -0.00    0.0
2382 118804.999   30.489052779  114.320451012     7.2434   4  18   0.4104   0.5505   1.8384  -0.1899   0.7632  -0.5656  -0.00    0.0
2382 118805.999   30.489057289  114.320460419     8.3322   4  18   0.4103   0.5505   1.8373  -0.1898   0.7629  -0.5653  -0.00    0.0
2382 118806.999   30.489055980  114.320467039    10.1683   4  18   0.4103   0.5506   1.8374  -0.1899   0.7630  -0.5654  -0.00    0.0
2382 118807.999   30.489060425  114.320457150     6.6406   4  19   0.4074   0.4573   1.4734  -0.1449   0.4956  -0.5155  -0.00    0.0
2382 118808.999   30.489058817  114.320463611     8.4707   4  18   0.4110   0.5522   1.8488  -0.1918   0.7682  -0.5691  -0.00    0.0
2382 118809.999   30.489067102  114.320460454    14.0271   4  19   0.4670   0.4554   1.7446  -0.0967   0.4399  -0.7154  -0.00    0.0
2382 118810.999   30.489052733  114.320458834     9.4245   4  19   0.4074   0.4573   1.4736  -0.1449   0.4957  -0.5156  -0.00    0.0
2382 118811.999   30.489062210  114.320452789     4.4489   4  19   0.4078   0.4578   1.4790  -0.1457   0.4977  -0.5176  -0.00    0.0
2382 118812.999   30.489064793  114.320479200    16.9540   4  19   0.4078   0.5330   1.7022  -0.2021   0.6979  -0.5854  -0.00    0.0
2382 118813.999   30.489067077  114.320445903     4.8538   4  18   0.4875   0.4690   1.7371   0.0898   0.4447  -0.7095  -0.00    0.0
2382 118814.999   30.489071017  114.320443164     4.4595   4  19   0.4191   0.4726   1.4662  -0.0810   0.5134  -0.5115  -0.00    0.0
2382 118815.999   30.489078558  114.320436481    -9.1866   4  18   0.5020   0.4763   1.8161   0.0906   0.4560  -0.7463  -0.00    0.0
2382 118816.999   30.489066330  114.320434210    -4.0531   4  19   0.4310   0.4592   1.3672   0.1873   0.2768  -0.5051  -0.00    0.0
2382 118817.999   30.489060435  114.320436456    -3.0383   4  19   0.4355   0.4632   1.4007   0.1895   0.2824  -0.5181  -0.00    0.0
2382 118818.999   30.489050484  114.320457314     2.3877   4  18   0.4375   0.4995   1.5247   0.1618   0.4433  -0.5444  -0.00    0.0
2382 118819.999   30.489055587  114.320431409    -3.5884   4  18   0.4958   0.5338   2.1558  -0.2235   0.7274  -0.8464  -0.00    0.0
2382 118820.999   30.489064284  114.320415205   -10.8632   4  18   0.4865   0.5246   2.0985  -0.2158   0.7078  -0.8233  -0.00    0.0
2382 118821.999   30.489047206  114.320426385     0.8976   4  19   0.4086   0.5347   1.7121  -0.2043   0.7030  -0.5893  -0.00    0.0
2382 118822.999   30.489058552  114.320377606   -13.7899   4  20   0.4015   0.4576   1.4593  -0.1446   0.4966  -0.5289  -0.00    0.0
2382 118823.999   30.489088199  114.320382519   -26.4766   4  19   0.4772   0.4597   1.8156  -0.1065   0.4557  -0.7469  -0.00    0.0
2382 118824.999   30.489093460  114.320400107   -25.1694   4  19   0.4673   0.4552   1.7440  -0.0956   0.4378  -0.7162  -0.00    0.0
2382 118825.999   30.489063277  114.320394671    -8.6557   4  20   0.4016   0.4577   1.4595  -0.1447   0.4967  -0.5291  -0.00    0.0
2382 118826.999   30.489051206  114.320407410    -1.2341   4  20   0.4426   0.4713   1.5756  -0.0265   0.4296  -0.6241  -0.00    0.0
2382 118827.999   30.489076968  114.320395294   -16.1366   4  18   0.4746   0.4959   1.8564  -0.0942   0.5405  -0.7349  -0.00    0.0
2382 118828.999   30.489079300  114.320403420   -15.4185   4  18   0.4663   0.4880   1.8052  -0.0880   0.5250  -0.7142  -0.00    0.0
2382 118829.999   30.489067749  114.320421438    -5.6125   4  19   0.4757   0.4594   1.8038  -0.1049   0.4532  -0.7418  -0.00    0.0
2382 118830.999   30.489080853  114.320441252    -6.3654   4  18   0.5006   0.4761   1.8041   0.0920   0.4538  -0.7416  -0.00    0.0
2382 118831.999   30.489079697  114.320442326    -9.7258   4  18   0.5006   0.4761   1.8043   0.0919   0.4539  -0.7417  -0.00    0.0
2382 118832.999   30.489092324  114.320428453   -11.9203   4  18   0.5006   0.4762   1.8042   0.0919   0.4539  -0.7417  -0.00    0.0
2382 118833.999   30.489078338  114.320419886   -10.7818   4  19   0.4756   0.4595   1.8042  -0.1053   0.4537  -0.7419  -0.00    0.0
2382 118834.999   30.489080242  114.320417654   -13.5614   4  19   0.4756   0.4595   1.8041  -0.1053   0.4538  -0.7419  -0.00    0.0
2382 118835.999   30.489095337  114.320420747   -13.5958   4  18   0.5006   0.4762   1.8040   0.0918   0.4540  -0.7417  -0.00    0.0
2382 118836.999   30.489076383  114.320414893    -8.8438   4  19   0.4193   0.4731   1.4661  -0.0814   0.5138  -0.5126  -0.00    0.0
2382 118837.999   30.489043766  114.320460263    12.4149   4  18   0.5006   0.5382   2.1982  -0.2324   0.7452  -0.8635  -0.00    0.0
2382 118838.999   30.489047705  114.320462036    10.6466   4  19   0.4049   0.5283   1.6730  -0.1988   0.6860  -0.5767  -0.00    0.0
2382 118839.999   30.489078048  114.320398569   -15.0969   4  19   0.4755   0.4597   1.8043  -0.1059   0.4546  -0.7419  -0.00    0.0
2382 118840.999   30.489059955  114.320453859     6.8101   4  17   0.4984   0.5565   2.3695  -0.2335   0.8259  -0.8628  -0.00    0.0
2382 118841.999   30.489043893  114.320466868    12.3967   4  17   0.4990   0.5570   2.3759  -0.2347   0.8284  -0.8652  -0.00    0.0
2382 118842.999   30.489048195  114.320441125     3.4508   4  19   0.4757   0.4598   1.8066  -0.1065   0.4555  -0.7428  -0.00    0.0
2382 118843.999   30.489045891  114.320441245     3.7662   4  20   0.4015   0.4581   1.4599  -0.1451   0.4977  -0.5294  -0.00    0.0
2382 118844.999   30.489042085  114.320449890    10.9961   4  19   0.4767   0.4602   1.8141  -0.1079   0.4575  -0.7460  -0.00    0.0
2382 118845.999   30.489054159  114.320456179    10.5025   4  18   0.4857   0.5273   2.0739  -0.2122   0.7012  -0.8141  -0.00    0.0
2382 118846.999   30.489050931  114.320454477     9.4011   4  18   0.4987   0.5376   2.1825  -0.2306   0.7410  -0.8573  -0.00    0.0
2382 118847.999   30.489051423  114.320459681     7.3662   4  19   0.4088   0.5363   1.7151  -0.2062   0.7062  -0.5913  -0.00    0.0
2382 118848.999   30.489052834  114.320453126    10.2491   4  18   0.4984   0.5376   2.1803  -0.2304   0.7406  -0.8564  -0.00    0.0
2382 118849.999   30.489062917  114.320449195     5.7672   4  19   0.4088   0.5364   1.7149  -0.2062   0.7063  -0.5913  -0.00    0.0
2382 118850.999   30.489068019  114.320432968     3.9643   4  19   0.4088   0.5364   1.7143  -0.2062   0.7061  -0.5911  -0.00    0.0
2382 118851.999   30.489066488  114.320450799     8.4277   4  20   0.4014   0.4583   1.4589  -0.1451   0.4978  -0.5291  -0.00    0.0
2382 118852.999   30.489070903  114.320435943     6.0640   4  19   0.4095   0.5376   1.7231  -0.2078   0.7102  -0.5943  -0.00    0.0
2382 118853.999   30.489056986  114.320435678     5.4758   4  20   0.3975   0.4543   1.4243  -0.1404   0.4861  -0.5158  -0.00    0.0
2382 118854.999   30.489068726  114.320437214     5.3351   4  19   0.4199   0.4740   1.4716  -0.0832   0.5163  -0.5155  -0.00    0.0
2382 118855.999   30.489073994  114.320431314     5.8819   4  19   0.4081   0.5354   1.7044  -0.2047   0.7021  -0.5878  -0.00    0.0
2382 118856.999   30.489062118  114.320438504     8.5825   4  20   0.3958   0.4523   1.4240  -0.1412   0.4873  -0.5156  -0.00    0.0
2382 118857.999   30.489069171  114.320443399     4.7475   4  20   0.4019   0.4589   1.4647  -0.1461   0.5001  -0.5314  -0.00    0.0
2382 118858.999   30.489072254  114.320442969     3.0922   4  20   0.4009   0.4580   1.4532  -0.1442   0.4960  -0.5270  -0.00    0.0
2382 118859.999   30.489080563  114.320438790     2.1176   4  20   0.4007   0.4577   1.4524  -0.1442   0.4957  -0.5268  -0.00    0.0
2382 118860.999   30.489088074  114.320443182     3.6462   4  20   0.4007   0.4577   1.4522  -0.1442   0.4957  -0.5267  -0.00    0.0
2382 118861.999   30.489085118  114.320438957     4.5244   4  20   0.4006   0.4577   1.4521  -0.1442   0.4957  -0.5267  -0.00    0.0
2382 118862.999   30.489082305  114.320439682     5.6775   4  20   0.4006   0.4577   1.4521  -0.1442   0.4958  -0.5267  -0.00    0.0
2382 118863.999   30.489072332  114.320445910    11.4560   4  20   0.4006   0.4577   1.4521  -0.1442   0.4958  -0.5267  -0.00    0.0
2382 118864.999   30.489068867  114.320446245    10.9850   4  20   0.4006   0.4578   1.4521  -0.1443   0.4958  -0.5267  -0.00    0.0
2382 118865.999   30.489065437  114.320442859     7.5312   4  20   0.4006   0.4578   1.4521  -0.1443   0.4959  -0.5267  -0.00    0.0
2382 118866.999   30.489062969  114.320453219     8.6827   4  20   0.4006   0.4578   1.4521  -0.1443   0.4959  -0.5267  -0.00    0.0
2382 118867.999   30.489061127  114.320449640     8.4548   4  20   0.4006   0.4578   1.4521  -0.1443   0.4960  -0.5267  -0.00    0.0
2382 118868.999   30.489053039  114.320454820    11.9753   4  18   0.4069   0.4741   1.5463  -0.1368   0.4304  -0.5217  -0.00    0.0
2382 118869.999   30.489065792  114.320458701    13.9321   4  20   0.4006   0.4579   1.4525  -0.1444   0.4961  -0.5269  -0.00    0.0
2382 118870.999   30.489068879  114.320449888    11.9456   4  20   0.4006   0.4579   1.4524  -0.1444   0.4961  -0.5269  -0.00    0.0
2382 118871.999   30.489067226  114.320439551     9.5445   4  19   0.4187   0.4729   1.4580  -0.0804   0.5115  -0.5113  -0.00    0.0
2382 118872.999   30.489064151  114.320419550     2.8831   4  20   0.4006   0.4580   1.4521  -0.1444   0.4962  -0.5268  -0.00    0.0
2382 118873.999   30.489069153  114.320409303    -1.6330   4  20   0.4006   0.4580   1.4521  -0.1444   0.4963  -0.5268  -0.00    0.0
2382 118874.999   30.489075204  114.320405166    -2.9269   4  20   0.4006   0.4580   1.4520  -0.1444   0.4963  -0.5268  -0.00    0.0
2382 118875.999   30.489073996  114.320403511    -3.1604   4  20   0.4006   0.4580   1.4520  -0.1444   0.4963  -0.5268  -0.00    0.0
2382 118876.999   30.489068664  114.320400158    -1.4476   4  20   0.4006   0.4580   1.4520  -0.1445   0.4964  -0.5268  -0.00    0.0
2382 118877.999   30.489063050  114.320429387     5.0761   4  19   0.4079   0.5360   1.7038  -0.2057   0.7033  -0.5884  -0.00    0.0
2382 118878.999   30.489065625  114.320437362     6.5034   4  18   0.4216   0.5321   1.6573  -0.1703   0.6841  -0.5699  -0.00    0.0
2382 118879.999   30.489071058  114.320430352     3.9571   4  18   0.4298   0.5446   1.7145  -0.1783   0.7096  -0.5896  -0.00    0.0
2382 118880.999   30.489057010  114.320486366    17.1529   4  19   0.4195   0.4740   1.4644  -0.0818   0.5142  -0.5141  -0.00    0.0
2382 118881.999   30.489047054  114.320491167    22.6022   4  19   0.4200   0.4746   1.4705  -0.0834   0.5165  -0.5164  -0.00    0.0
2382 118882.999   30.489038577  114.320495753    25.0537   4  20   0.4009   0.4586   1.4535  -0.1447   0.4971  -0.5274  -0.00    0.0
2382 118883.999   30.489035530  114.320493993    23.5110   4  20   0.4007   0.4583   1.4523  -0.1446   0.4968  -0.5270  -0.00    0.0
2382 118884.999   30.489033282  114.320491862    22.3819   4  20   0.4006   0.4582   1.4520  -0.1446   0.4967  -0.5269  -0.00    0.0
2382 118885.999   30.489031746  114.320495699    22.9274   4  20   0.4006   0.4583   1.4520  -0.1446   0.4967  -0.5269  -0.00    0.0
2382 118886.999   30.489050258  114.320466782    13.9997   4  17   0.4297   0.6270   1.8557  -0.1551   0.8528  -0.5721  -0.00    0.0
2382 118887.999   30.489056931  114.320485464    18.2986   4  19   0.4125   0.4677   1.4316  -0.0803   0.5058  -0.5013  -0.00    0.0
2382 118888.999   30.489054844  114.320469287    16.2338   4  19   0.4027   0.4982   1.5189  -0.1276   0.5735  -0.5214  -0.00    0.0
2382 118889.999   30.489054368  114.320469974    19.0335   4  19   0.4191   0.4737   1.4588  -0.0805   0.5122  -0.5124  -0.00    0.0
2382 118890.999   30.489048477  114.320470247    22.0120   4  19   0.4016   0.4966   1.5055  -0.1252   0.5681  -0.5166  -0.00    0.0
2382 118891.999   30.489059943  114.320470717    18.0949   4  20   0.4006   0.4585   1.4523  -0.1447   0.4972  -0.5270  -0.00    0.0
2382 118892.999   30.489057304  114.320472045    16.9921   4  19   0.4015   0.4966   1.5051  -0.1252   0.5680  -0.5165  -0.00    0.0
2382 118893.999   30.489060583  114.320469331    17.9748   4  19   0.4015   0.4966   1.5051  -0.1252   0.5681  -0.5166  -0.00    0.0
2382 118894.999   30.489055963  114.320471829    18.9019   4  18   0.4219   0.5204   1.5187   0.0666   0.5951  -0.4908  -0.00    0.0
2382 118895.999   30.489056896  114.320464761    15.0621   4  20   0.3892   0.4510   1.2215   0.1259   0.3839  -0.3731  -0.00    0.0
2382 118896.999   30.489054156  114.320471337    18.3447   4  19   0.4014   0.4966   1.5038  -0.1249   0.5677  -0.5160  -0.00    0.0
2382 118897.999   30.489059197  114.320440216     8.2749   4  19   0.4080   0.5371   1.7038  -0.2067   0.7048  -0.5890  -0.00    0.0
2382 118898.999   30.489060853  114.320446794    11.5060   4  20   0.3948   0.4528   1.4230  -0.1418   0.4894  -0.5156  -0.00    0.0
2382 118899.999   30.489058663  114.320459740    14.6707   4  20   0.4018   0.4599   1.4644  -0.1467   0.5019  -0.5318  -0.00    0.0
2382 118900.999   30.489056457  114.320450187     9.7838   4  19   0.4084   0.5379   1.7069  -0.2074   0.7065  -0.5903  -0.00    0.0
2382 118901.999   30.489055331  114.320442081     7.8462   4  21   0.3650   0.4314   1.1988   0.0330   0.3636  -0.3861  -0.00    0.0
2382 118902.999   30.489057222  114.320452195    12.7654   4  19   0.4098   0.5405   1.7258  -0.2108   0.7150  -0.5971  -0.00    0.0
2382 118903.999   30.489060636  114.320445318    10.3922   4  20   0.3971   0.4553   1.4211  -0.1405   0.4871  -0.5151  -0.00    0.0
2382 118904.999   30.489052966  114.320467931    15.8767   4  20   0.4018   0.4601   1.4648  -0.1469   0.5023  -0.5320  -0.00    0.0
2382 118905.999   30.489045280  114.320462009    12.9133   4  20   0.4008   0.4591   1.4529  -0.1450   0.4979  -0.5275  -0.00    0.0
2382 118906.999   30.489050648  114.320453059    15.8313   4  19   0.4013   0.4750   1.5253  -0.1343   0.4363  -0.5378  -0.00    0.0
2382 118907.999   30.489045025  114.320463133    16.8235   4  20   0.4005   0.4588   1.4522  -0.1449   0.4977  -0.5272  -0.00    0.0
2382 118908.999   30.489050374  114.320464646    16.1462   4  20   0.4005   0.4588   1.4521  -0.1449   0.4977  -0.5272  -0.00    0.0
2382 118909.999   30.489046933  114.320472538    17.0721   4  20   0.4005   0.4588   1.4518  -0.1449   0.4977  -0.5271  -0.00    0.0
2382 118910.999   30.489049122  114.320475613    18.9837   4  20   0.4005   0.4588   1.4518  -0.1450   0.4978  -0.5271  -0.00    0.0
2382 118911.999   30.489051598  114.320460732    13.0573   4  20   0.4005   0.4589   1.4518  -0.1450   0.4978  -0.5271  -0.00    0.0
2382 118912.999   30.489046652  114.320490634    22.9660   4  20   0.4005   0.4589   1.4518  -0.1450   0.4979  -0.5271  -0.00    0.0
2382 118913.999   30.489046903  114.320494561    27.1308   4  20   0.4005   0.4589   1.4518  -0.1450   0.4979  -0.5271  -0.00    0.0
2382 118914.999   30.489047101  114.320488380    24.2565   4  20   0.4005   0.4589   1.4518  -0.1450   0.4980  -0.5271  -0.00    0.0
2382 118915.999   30.489046632  114.320485283    19.6636   4  20   0.4005   0.4590   1.4517  -0.1450   0.4980  -0.5271  -0.00    0.0
2382 118916.999   30.489052748  114.320477778    16.7936   4  19   0.4082   0.5382   1.7059  -0.2081   0.7070  -0.5906  -0.00    0.0
2382 118917.999   30.489060624  114.320484302    17.4163   4  20   0.3947   0.4530   1.4224  -0.1423   0.4897  -0.5158  -0.00    0.0
2382 118918.999   30.489056777  114.320496883    16.3815   4  19   0.4099   0.5414   1.7268  -0.2118   0.7166  -0.5981  -0.00    0.0
2382 118919.999   30.489048653  114.320502733    12.7318   4  19   0.4023   0.4618   1.4233  -0.1571   0.4865  -0.5145  -0.00    0.0
2382 118920.999   30.489058970  114.320494308    16.1235   4  20   0.4018   0.4604   1.4646  -0.1471   0.5029  -0.5321  -0.00    0.0
2382 118921.999   30.489050326  114.320501542    20.0055   4  20   0.4007   0.4595   1.4528  -0.1452   0.4986  -0.5276  -0.00    0.0
2382 118922.999   30.489057031  114.320498196    17.6326   4  20   0.4005   0.4592   1.4520  -0.1452   0.4984  -0.5273  -0.00    0.0
2382 118923.999   30.489063106  114.320506766    17.1970   4  19   0.4014   0.4974   1.5045  -0.1256   0.5691  -0.5168  -0.00    0.0
2382 118924.999   30.489060558  114.320511022    16.1729   4  20   0.4005   0.4592   1.4519  -0.1452   0.4985  -0.5273  -0.00    0.0
2382 118925.999   30.489060126  114.320496852    17.0755   4  19   0.4012   0.4754   1.5245  -0.1346   0.4375  -0.5378  -0.00    0.0
2382 118926.999   30.489065574  114.320469214     9.6002   4  19   0.4012   0.4754   1.5246  -0.1346   0.4374  -0.5379  -0.00    0.0
2382 118927.999   30.489070047  114.320474329     7.0604   4  19   0.4083   0.5389   1.7073  -0.2088   0.7082  -0.5915  -0.00    0.0
2382 118928.999   30.489055278  114.320474347     6.6193   4  19   0.3996   0.4594   1.4234  -0.1577   0.4877  -0.5145  -0.00    0.0
2382 118929.999   30.489065235  114.320476686    10.0425   4  20   0.4017   0.4606   1.4642  -0.1472   0.5032  -0.5320  -0.00    0.0
2382 118930.999   30.489065240  114.320482704    12.3347   4  20   0.4007   0.4597   1.4527  -0.1453   0.4990  -0.5276  -0.00    0.0
2382 118931.999   30.489064586  114.320487080    13.6507   4  19   0.4015   0.4977   1.5047  -0.1258   0.5696  -0.5169  -0.00    0.0
2382 118932.999   30.489061848  114.320483822    10.8051   4  20   0.4004   0.4594   1.4519  -0.1453   0.4989  -0.5274  -0.00    0.0
2382 118933.999   30.489060230  114.320481214    11.8008   4  20   0.4004   0.4594   1.4518  -0.1453   0.4989  -0.5273  -0.00    0.0
2382 118934.999   30.489059368  114.320481898    13.9397   4  20   0.4004   0.4594   1.4516  -0.1453   0.4988  -0.5273  -0.00    0.0
2382 118935.999   30.489061881  114.320474712     9.1901   4  20   0.4004   0.4594   1.4516  -0.1453   0.4988  -0.5273  -0.00    0.0
2382 118936.999   30.489059895  114.320468240     5.9048   4  20   0.4004   0.4595   1.4515  -0.1453   0.4988  -0.5273  -0.00    0.0
2382 118937.999   30.489058683  114.320486275     9.0877   4  20   0.4004   0.4595   1.4515  -0.1453   0.4989  -0.5273  -0.00    0.0
2382 118938.999   30.489055376  114.320473175     7.2741   4  20   0.4004   0.4595   1.4515  -0.1454   0.4989  -0.5273  -0.00    0.0
2382 118939.999   30.489057488  114.320481408     9.5673   4  20   0.4004   0.4595   1.4515  -0.1454   0.4990  -0.5273  -0.00    0.0
2382 118940.999   30.489061813  114.320490567    13.9625   4  20   0.4004   0.4595   1.4515  -0.1454   0.4990  -0.5273  -0.00    0.0
2382 118941.999   30.489065431  114.320482211     9.5533   4  20   0.4004   0.4596   1.4515  -0.1454   0.4990  -0.5273  -0.00    0.0
2382 118942.999   30.489060511  114.320498609    17.5107   4  19   0.4065   0.4596   1.4645  -0.1449   0.4995  -0.5142  -0.00    0.0
2382 118943.999   30.489047978  114.320511727    17.3746   4  20   0.4004   0.4596   1.4515  -0.1454   0.4991  -0.5274  -0.00    0.0
2382 118944.999   30.489048769  114.320510535    17.4218   4  20   0.4004   0.4596   1.4515  -0.1454   0.4992  -0.5274  -0.00    0.0
2382 118945.999   30.489056859  114.320518756    17.2722   4  20   0.4004   0.4597   1.4514  -0.1455   0.4992  -0.5274  -0.00    0.0
2382 118946.999   30.489051734  114.320504135    14.7680   4  20   0.4004   0.4597   1.4514  -0.1455   0.4992  -0.5274  -0.00    0.0
2382 118947.999   30.489058928  114.320497869    13.7177   4  19   0.4013   0.4981   1.5041  -0.1260   0.5700  -0.5169  -0.00    0.0
2382 118948.999   30.489065188  114.320490156    12.8690   4  20   0.4004   0.4598   1.4517  -0.1456   0.4995  -0.5275  -0.00    0.0
2382 118949.999   30.489063934  114.320493591    14.3037   4  20   0.4004   0.4598   1.4516  -0.1456   0.4995  -0.5274  -0.00    0.0
2382 118950.999   30.489072194  114.320491783    13.2148   4  20   0.4004   0.4598   1.4514  -0.1455   0.4994  -0.5274  -0.00    0.0
2382 118951.999   30.489074600  114.320501609    13.7115   4  19   0.4013   0.4982   1.5041  -0.1260   0.5702  -0.5170  -0.00    0.0
2382 118952.999   30.489074594  114.320499486    16.8121   4  18   0.4223   0.5217   1.5155   0.0664   0.5948  -0.4932  -0.00    0.0
2382 118953.999   30.489077701  114.320498544    16.8901   4  20   0.4004   0.4599   1.4519  -0.1457   0.4999  -0.5275  -0.00    0.0
2382 118954.999   30.489078647  114.320492914    11.8314   4  20   0.4004   0.4599   1.4516  -0.1456   0.4998  -0.5275  -0.00    0.0
2382 118955.999   30.489068530  114.320492248    10.8403   4  20   0.4004   0.4599   1.4513  -0.1456   0.4996  -0.5274  -0.00    0.0
2382 118956.999   30.489063157  114.320504299    12.7056   4  20   0.4003   0.4599   1.4513  -0.1456   0.4996  -0.5274  -0.00    0.0
2382 118957.999   30.489066862  114.320477114    10.2035   4  19   0.4085   0.5405   1.7078  -0.2104   0.7108  -0.5927  -0.00    0.0
2382 118958.999   30.489075813  114.320483712     8.5760   4  20   0.3946   0.4540   1.4220  -0.1429   0.4914  -0.5161  -0.00    0.0
2382 118959.999   30.489071903  114.320491899    11.5359   4  19   0.4103   0.5437   1.7288  -0.2142   0.7204  -0.6002  -0.00    0.0
2382 118960.999   30.489082035  114.320479261     7.4658   4  20   0.3971   0.4567   1.4227  -0.1418   0.4902  -0.5164  -0.00    0.0
2382 118961.999   30.489095387  114.320481574    10.0616   4  20   0.4016   0.4614   1.4641  -0.1477   0.5046  -0.5324  -0.00    0.0
2382 118962.999   30.489091059  114.320485486    11.9725   4  20   0.4006   0.4604   1.4523  -0.1458   0.5003  -0.5279  -0.00    0.0
2382 118963.999   30.489075639  114.320480705    15.2866   4  20   0.4004   0.4602   1.4515  -0.1457   0.5000  -0.5276  -0.00    0.0
2382 118964.999   30.489069573  114.320486638    14.4885   4  18   0.4744   0.4615   1.7938  -0.1106   0.4619  -0.7199  -0.00    0.0
2382 118965.999   30.489061201  114.320492315    16.8464   4  19   0.4013   0.4531   1.4362  -0.1412   0.4886  -0.5058  -0.00    0.0
2382 118966.999   30.489072754  114.320491120    13.4172   4  18   0.4775   0.4628   1.8176  -0.1142   0.4680  -0.7299  -0.00    0.0
2382 118967.999   30.489085334  114.320479438     8.5359   4  18   0.4788   0.4816   1.9403   0.0838   0.2670  -0.7797  -0.00    0.0
2382 118968.999   30.489074810  114.320466926     7.5593   4  19   0.4019   0.4773   1.5314  -0.1362   0.4419  -0.5411  -0.00    0.0
2382 118969.999   30.489080240  114.320455508     7.9575   4  19   0.4024   0.4777   1.5372  -0.1370   0.4439  -0.5432  -0.00    0.0
2382 118970.999   30.489076321  114.320462678     9.0801   4  19   0.4013   0.4769   1.5247  -0.1354   0.4401  -0.5386  -0.00    0.0
2382 118971.999   30.489067553  114.320458089     8.4554   4  20   0.4004   0.4604   1.4521  -0.1459   0.5004  -0.5279  -0.00    0.0
2382 118972.999   30.489071730  114.320452392     6.5176   4  20   0.4003   0.4603   1.4514  -0.1458   0.5003  -0.5276  -0.00    0.0
2382 118973.999   30.489075093  114.320463765     4.5206   4  20   0.4003   0.4603   1.4511  -0.1458   0.5003  -0.5275  -0.00    0.0
2382 118974.999   30.489070634  114.320449991     7.5457   4  20   0.4003   0.4603   1.4511  -0.1459   0.5003  -0.5275  -0.00    0.0
2382 118975.999   30.489071728  114.320439479     5.6725   4  19   0.4064   0.4604   1.4639  -0.1450   0.5010  -0.5145  -0.00    0.0
2382 118976.999   30.489072988  114.320426084     4.6210   4  20   0.4003   0.4604   1.4511  -0.1459   0.5004  -0.5275  -0.00    0.0
2382 118977.999   30.489080006  114.320444357    11.3390   4  19   0.4064   0.4604   1.4639  -0.1451   0.5011  -0.5145  -0.00    0.0
2382 118978.999   30.489065587  114.320449769     9.8956   4  20   0.4003   0.4604   1.4511  -0.1459   0.5005  -0.5276  -0.00    0.0
2382 118979.999   30.489066290  114.320458925    11.0238   4  20   0.4003   0.4605   1.4510  -0.1459   0.5005  -0.5276  -0.00    0.0
2382 118980.999   30.489077775  114.320454868    10.7979   4  20   0.4003   0.4605   1.4510  -0.1459   0.5006  -0.5276  -0.00    0.0
2382 118981.999   30.489078800  114.320443635     6.3829   4  20   0.4003   0.4605   1.4510  -0.1459   0.5006  -0.5276  -0.00    0.0
2382 118982.999   30.489083147  114.320467769     6.2740   4  19   0.4698   0.4619   1.7775  -0.1121   0.4628  -0.7286  -0.00    0.0
2382 118983.999   30.489075355  114.320480305    11.5547   4  20   0.3952   0.4534   1.4234  -0.1421   0.4887  -0.5185  -0.00    0.0
2382 118984.999   30.489066694  114.320480257    15.4557   4  19   0.4077   0.4619   1.4765  -0.1470   0.5061  -0.5193  -0.00    0.0
2382 118985.999   30.489070827  114.320477182    17.9277   4  20   0.4005   0.4610   1.4520  -0.1461   0.5011  -0.5280  -0.00    0.0
2382 118986.999   30.489073118  114.320489540    16.9251   4  20   0.4003   0.4607   1.4513  -0.1460   0.5009  -0.5277  -0.00    0.0
2382 118987.999   30.489066612  114.320484392    15.9091   4  20   0.4003   0.4607   1.4509  -0.1460   0.5008  -0.5276  -0.00    0.0
2382 118988.999   30.489047977  114.320477330    17.3216   4  20   0.4002   0.4607   1.4509  -0.1460   0.5009  -0.5276  -0.00    0.0
2382 118989.999   30.489056227  114.320473706    13.3858   4  20   0.4002   0.4607   1.4509  -0.1460   0.5009  -0.5276  -0.00    0.0
2382 118990.999   30.489065445  114.320479398     8.3400   4  19   0.4696   0.4621   1.7766  -0.1125   0.4634  -0.7282  -0.00    0.0
2382 118991.999   30.489071124  114.320480388     6.3012   4  19   0.4604   0.4551   1.7274  -0.1080   0.4514  -0.7071  -0.00    0.0
2382 118992.999   30.489080405  114.320476370     5.4945   4  19   0.4713   0.4629   1.7884  -0.1141   0.4663  -0.7333  -0.00    0.0
2382 118993.999   30.489082596  114.320481940     6.9456   4  20   0.4010   0.4616   1.4575  -0.1471   0.5035  -0.5302  -0.00    0.0
2382 118994.999   30.489074957  114.320477390    10.9174   4  20   0.4015   0.4622   1.4634  -0.1481   0.5058  -0.5325  -0.00    0.0
2382 118995.999   30.489074440  114.320479532    12.7021   4  20   0.4005   0.4612   1.4522  -0.1463   0.5016  -0.5282  -0.00    0.0
2382 118996.999   30.489077697  114.320480902    12.0503   4  20   0.4003   0.4609   1.4511  -0.1462   0.5013  -0.5278  -0.00    0.0
2382 118997.999   30.489089820  114.320477667     6.5701   4  19   0.4694   0.4622   1.7760  -0.1128   0.4639  -0.7278  -0.00    0.0
2382 118998.999   30.489089151  114.320481794     2.9749   4  19   0.4603   0.4552   1.7267  -0.1084   0.4519  -0.7068  -0.00    0.0
2382 118999.999   30.489087747  114.320475527     4.4579   4  19   0.4711   0.4630   1.7877  -0.1145   0.4668  -0.7329  -0.00    0.0
2382 119000.999   30.489100308  114.320469905    -0.7641   4  19   0.4711   0.4631   1.7882  -0.1147   0.4670  -0.7331  -0.00    0.0
2382 119001.999   30.489097691  114.320458632     1.3894   4  19   0.4712   0.4631   1.7885  -0.1148   0.4672  -0.7332  -0.00    0.0
2382 119002.999   30.489092989  114.320474307     1.5063   4  19   0.4711   0.4631   1.7884  -0.1148   0.4673  -0.7332  -0.00    0.0
2382 119003.999   30.489064459  114.320472983    10.5794   4  20   0.4010   0.4619   1.4576  -0.1472   0.5039  -0.5303  -0.00    0.0
2382 119004.999   30.489088121  114.320483520     1.9908   4  19   0.4724   0.4636   1.7987  -0.1168   0.4703  -0.7375  -0.00    0.0
2382 119005.999   30.489105140  114.320477007    -4.0245   4  19   0.4627   0.4589   1.7282  -0.1061   0.4518  -0.7075  -0.00    0.0
2382 119006.999   30.489096243  114.320486107    -1.6043   4  19   0.4711   0.4632   1.7885  -0.1151   0.4677  -0.7332  -0.00    0.0
2382 119007.999   30.489080550  114.320474627     1.0754   4  19   0.4709   0.4632   1.7874  -0.1150   0.4675  -0.7327  -0.00    0.0
2382 119008.999   30.489077278  114.320474007     5.0633   4  20   0.4010   0.4620   1.4575  -0.1473   0.5041  -0.5304  -0.00    0.0
2382 119009.999   30.489095984  114.320481096    -4.6479   4  19   0.4723   0.4637   1.7981  -0.1170   0.4707  -0.7372  -0.00    0.0
2382 119010.999   30.489075405  114.320461145     2.1020   4  20   0.3973   0.4575   1.4244  -0.1422   0.4912  -0.5182  -0.00    0.0
2382 119011.999   30.489065449  114.320469977     6.4604   4  19   0.4022   0.4788   1.5357  -0.1377   0.4461  -0.5433  -0.00    0.0
2382 119012.999   30.489082970  114.320476230    -1.8065   4  19   0.4695   0.4629   1.7769  -0.1135   0.4653  -0.7281  -0.00    0.0
2382 119013.999   30.489091795  114.320470676    -3.1884   4  19   0.4609   0.4565   1.7284  -0.1087   0.4528  -0.7072  -0.00    0.0
2382 119014.999   30.489088870  114.320466585    -0.1981   4  19   0.4707   0.4634   1.7861  -0.1152   0.4679  -0.7321  -0.00    0.0
2382 119015.999   30.489083640  114.320461029     2.9599   4  19   0.4707   0.4634   1.7865  -0.1154   0.4681  -0.7322  -0.00    0.0
2382 119016.999   30.489070444  114.320450025     4.6542   4  18   0.4769   0.4693   1.7869  -0.1379   0.4702  -0.7336  -0.00    0.0
2382 119017.999   30.489075271  114.320457777     5.2555   4  19   0.4707   0.4634   1.7867  -0.1156   0.4684  -0.7323  -0.00    0.0
2382 119018.999   30.489065402  114.320464015     4.9500   4  18   0.4075   0.4786   1.5471  -0.1387   0.4424  -0.5254  -0.00    0.0
2382 119019.999   30.489068900  114.320466377     6.8107   4  19   0.4067   0.4689   1.4633  -0.1641   0.5049  -0.5311  -0.00    0.0
2382 119020.999   30.489063257  114.320464409     4.7312   4  20   0.4004   0.4618   1.4520  -0.1466   0.5026  -0.5284  -0.00    0.0
2382 119021.999   30.489060214  114.320466124     8.3101   4  20   0.4002   0.4615   1.4507  -0.1465   0.5022  -0.5279  -0.00    0.0
2382 119022.999   30.489068152  114.320475207     8.7183   4  19   0.4064   0.4615   1.4629  -0.1453   0.5031  -0.5148  -0.00    0.0
2382 119023.999   30.489060745  114.320483564    11.3642   4  19   0.4687   0.4628   1.7731  -0.1141   0.4658  -0.7263  -0.00    0.0
2382 119024.999   30.489071897  114.320484619     9.4646   4  20   0.3951   0.4544   1.4228  -0.1425   0.4903  -0.5185  -0.00    0.0
2382 119025.999   30.489087987  114.320468702     7.9463   4  19   0.4069   0.4925   1.4819  -0.1825   0.5448  -0.5472  -0.00    0.0
2382 119026.999   30.489080716  114.320477737     3.4440   4  19   0.4164   0.4630   1.4666  -0.1340   0.5091  -0.5048  -0.00    0.0
2382 119027.999   30.489064939  114.320468678     6.7232   4  19   0.4065   0.4617   1.4632  -0.1454   0.5035  -0.5149  -0.00    0.0
2382 119028.999   30.489070408  114.320464727     9.5444   4  20   0.4001   0.4616   1.4504  -0.1465   0.5024  -0.5278  -0.00    0.0
2382 119029.999   30.489101295  114.320455913     4.0439   4  20   0.4001   0.4616   1.4502  -0.1465   0.5024  -0.5278  -0.00    0.0
2382 119030.999   30.489105943  114.320458358     6.2797   4  20   0.4001   0.4616   1.4502  -0.1465   0.5024  -0.5278  -0.00    0.0
2382 119031.999   30.489139766  114.320456291     5.9913   4  20   0.4001   0.4617   1.4502  -0.1466   0.5025  -0.5278  -0.00    0.0
2382 119032.999   30.489170660  114.320475151    10.0707   4  20   0.4001   0.4617   1.4501  -0.1466   0.5025  -0.5278  -0.00    0.0
2382 119033.999   30.489205335  114.320472915    10.7025   4  20   0.4001   0.4617   1.4501  -0.1466   0.5025  -0.5278  -0.00    0.0
2382 119034.999   30.489235089  114.320479100    16.2360   4  20   0.4001   0.4617   1.4501  -0.1466   0.5026  -0.5278  -0.00    0.0
2382 119035.999   30.489285091  114.320471819    13.0951   4  20   0.4001   0.4618   1.4501  -0.1466   0.5026  -0.5278  -0.00    0.0
2382 119036.999   30.489334329  114.320452212     8.1186   4  19   0.4091   0.5447   1.7103  -0.2147   0.7174  -0.5965  -0.00    0.0
2382 119037.999   30.489352529  114.320466722    17.2795   4  19   0.3949   0.4715   1.4855  -0.1346   0.4382  -0.5254  -0.00    0.0
2382 119038.999   30.489378761  114.320453871    12.1119   4  20   0.4014   0.4632   1.4626  -0.1486   0.5074  -0.5326  -0.00    0.0
2382 119039.999   30.489411955  114.320452809     9.4516   4  20   0.4004   0.4622   1.4512  -0.1467   0.5032  -0.5282  -0.00    0.0
2382 119040.999   30.489437776  114.320440652     7.8799   4  20   0.4001   0.4620   1.4503  -0.1467   0.5029  -0.5279  -0.00    0.0
2382 119041.999   30.489456644  114.320417479     3.3013   4  20   0.4001   0.4619   1.4500  -0.1467   0.5029  -0.5278  -0.00    0.0
2382 119042.999   30.489475439  114.320438028     4.0405   4  20   0.4001   0.4619   1.4499  -0.1467   0.5029  -0.5278  -0.00    0.0
2382 119043.999   30.489484480  114.320426902     2.2294   4  20   0.4001   0.4620   1.4499  -0.1467   0.5029  -0.5278  -0.00    0.0
2382 119044.999   30.489508564  114.320425640     2.7570   4  20   0.4001   0.4620   1.4499  -0.1467   0.5029  -0.5278  -0.00    0.0
2382 119045.999   30.489523306  114.320436795     4.5458   4  20   0.4001   0.4620   1.4499  -0.1467   0.5030  -0.5278  -0.00    0.0
2382 119046.999   30.489518828  114.320419298     3.5772   4  20   0.4001   0.4620   1.4499  -0.1467   0.5030  -0.5278  -0.00    0.0
2382 119047.999   30.489533510  114.320405665     6.3928   4  20   0.4001   0.4620   1.4498  -0.1468   0.5030  -0.5278  -0.00    0.0
2382 119048.999   30.489528173  114.320399157     6.9959   4  20   0.4000   0.4621   1.4498  -0.1468   0.5031  -0.5278  -0.00    0.0
2382 119049.999   30.489525837  114.320385144     1.3683   4  18   0.4283   0.5455   1.7129  -0.2181   0.7179  -0.5876  -0.00    0.0
2382 119050.999   30.489528340  114.320372919    -0.8234   4  19   0.4026   0.5347   1.6638  -0.2083   0.6975  -0.5805  -0.00    0.0
2382 119051.999   30.489528341  114.320372825     1.3563   4  19   0.4101   0.5473   1.7213  -0.2174   0.7236  -0.6009  -0.00    0.0
2382 119052.999   30.489508626  114.320395988     6.8485   4  18   0.4293   0.5475   1.7241  -0.2201   0.7233  -0.5915  -0.00    0.0
2382 119053.999   30.489509353  114.320407463     0.1834   4  18   0.4293   0.5476   1.7245  -0.2202   0.7235  -0.5916  -0.00    0.0
2382 119054.999   30.489506587  114.320402748    -4.1923   4  18   0.4293   0.5477   1.7246  -0.2202   0.7236  -0.5916  -0.00    0.0
2382 119055.999   30.489512253  114.320405818    -5.6654   4  19   0.4102   0.5476   1.7222  -0.2178   0.7243  -0.6014  -0.00    0.0
2382 119056.999   30.489503827  114.320423169    -0.9183   4  18   0.4118   0.5688   1.8495  -0.2047   0.7926  -0.5809  -0.00    0.0
2382 119057.999   30.489512831  114.320422388    -2.5069   4  20   0.4008   0.4632   1.4567  -0.1480   0.5061  -0.5305  -0.00    0.0
2382 119058.999   30.489525170  114.320398532    -7.9374   4  20   0.4013   0.4637   1.4623  -0.1489   0.5082  -0.5327  -0.00    0.0
2382 119059.999   30.489521671  114.320395175    -4.4207   4  17   0.4306   0.4798   1.5777  -0.1215   0.4559  -0.4734  -0.00    0.0
2382 119060.999   30.489517935  114.320382472    -0.8521   4  18   0.4303   0.4649   1.4873  -0.1187   0.5191  -0.4764  -0.00    0.0
2382 119061.999   30.489516387  114.320404532    -1.8745   4  18   0.4106   0.4789   1.5443  -0.1329   0.4479  -0.5145  -0.00    0.0
2382 119062.999   30.489507088  114.320402144    -4.6378   4  18   0.4106   0.4790   1.5441  -0.1329   0.4479  -0.5145  -0.00    0.0
2382 119063.999   30.489510629  114.320360386    12.9058   4  19   0.4104   0.4634   1.4651  -0.1375   0.5098  -0.5097  -0.00    0.0
2382 119064.999   30.489490782  114.320356541    30.2743   4  18   0.4915   0.4660   1.8066  -0.0801   0.4863  -0.6860  -0.00    0.0
2382 119065.999   30.489518294  114.320408589     5.8323   4  17   0.4898   0.4792   1.9920   0.0785   0.3078  -0.7246  -0.00    0.0
2382 119066.999   30.489538098  114.320412763     2.2719   4  17   0.5026   0.4879   2.0880   0.0839   0.3079  -0.7600  -0.00    0.0
2382 119067.999   30.489549499  114.320407457     2.6662   4  17   0.4309   0.4804   1.5857  -0.1222   0.4587  -0.4756  -0.00    0.0
2382 119068.999   30.489545683  114.320406668     2.2862   4  17   0.4313   0.4809   1.5924  -0.1229   0.4610  -0.4777  -0.00    0.0
2382 119069.999   30.489555202  114.320422890     6.5748   4  17   0.4305   0.4801   1.5790  -0.1214   0.4569  -0.4733  -0.00    0.0
2382 119070.999   30.489532252  114.320399160    -0.0837   4  17   0.4285   0.5593   1.7844  -0.2152   0.6792  -0.5943  -0.00    0.0
2382 119071.999   30.489548621  114.320396575    -1.5718   4  16   0.4293   0.5125   1.6253  -0.0361   0.5496  -0.4248  -0.00    0.0
2382 119072.999   30.489526951  114.320402277    -7.7147   4  19   0.4014   0.4799   1.5253  -0.1376   0.4468  -0.5404  -0.00    0.0
2382 119073.999   30.489537065  114.320400562     2.4881   4  19   0.4166   0.4652   1.4792  -0.1359   0.5159  -0.5084  -0.00    0.0
2382 119074.999   30.489539955  114.320416844     2.1563   4  18   0.4159   0.4800   1.5434  -0.1283   0.4514  -0.5102  -0.00    0.0
2382 119075.999   30.489546928  114.320404032    -5.1386   4  19   0.4155   0.4640   1.4671  -0.1340   0.5115  -0.5040  -0.00    0.0
2382 119076.999   30.489548667  114.320414895    -3.9118   4  19   0.4007   0.4792   1.5184  -0.1369   0.4450  -0.5379  -0.00    0.0
2382 119077.999   30.489540899  114.320425343    -0.9934   4  19   0.4055   0.4923   1.4684  -0.1813   0.5418  -0.5427  -0.00    0.0
2382 119078.999   30.489525654  114.320387506     7.0611   4  19   0.4009   0.5018   1.5018  -0.1276   0.5748  -0.5176  -0.00    0.0
2382 119079.999   30.489518527  114.320424091    15.5781   4  20   0.4000   0.4629   1.4496  -0.1472   0.5044  -0.5280  -0.00    0.0
2382 119080.999   30.489520273  114.320448160    17.5809   4  19   0.4153   0.4640   1.4666  -0.1340   0.5116  -0.5037  -0.00    0.0
2382 119081.999   30.489511110  114.320459573    16.9825   4  20   0.3999   0.4628   1.4492  -0.1471   0.5043  -0.5279  -0.00    0.0
2382 119082.999   30.489520023  114.320454739    15.4985   4  19   0.4152   0.4640   1.4664  -0.1340   0.5116  -0.5036  -0.00    0.0
2382 119083.999   30.489519529  114.320460449    27.2656   4  19   0.4152   0.4641   1.4665  -0.1340   0.5117  -0.5036  -0.00    0.0
2382 119084.999   30.489509028  114.320457841    26.9422   4  20   0.3999   0.4629   1.4492  -0.1472   0.5044  -0.5279  -0.00    0.0
2382 119085.999   30.489533018  114.320479958    15.2586   4  17   0.4522   0.4992   1.5499   0.0903   0.4757  -0.4801  -0.00    0.0
2382 119086.999   30.489528408  114.320479907    17.4577   4  19   0.4154   0.4799   1.5419  -0.1282   0.4518  -0.5095  -0.00    0.0
2382 119087.999   30.489515055  114.320461791    30.0018   4  18   0.4521   0.4841   1.4763   0.0812   0.5334  -0.4739  -0.00    0.0
2382 119088.999   30.489513878  114.320456359    25.7449   4  18   0.4280   0.5475   1.7150  -0.2193   0.7212  -0.5881  -0.00    0.0
2382 119089.999   30.489506800  114.320502207    20.3374   4  18   0.4184   0.5003   1.4404  -0.1286   0.5414  -0.5208  -0.00    0.0
2382 119090.999   30.489524321  114.320459724    15.2792   4  20   0.4012   0.4644   1.4615  -0.1492   0.5092  -0.5327  -0.00    0.0
2382 119091.999   30.489527351  114.320452830    12.0730   4  20   0.4002   0.4634   1.4500  -0.1473   0.5050  -0.5283  -0.00    0.0
2382 119092.999   30.489525256  114.320465375    11.1697   4  17   0.4568   0.5038   1.6221  -0.1088   0.4850  -0.6208  -0.00    0.0
2382 119093.999   30.489528916  114.320469970    14.1505   4  18   0.4186   0.4992   1.4368  -0.1271   0.5364  -0.5212  -0.00    0.0
2382 119094.999   30.489534612  114.320428517    11.1878   4  20   0.4012   0.4645   1.4614  -0.1492   0.5093  -0.5327  -0.00    0.0
2382 119095.999   30.489540405  114.320422790    10.0104   4  20   0.4002   0.4635   1.4499  -0.1474   0.5051  -0.5283  -0.00    0.0
2382 119096.999   30.489538885  114.320415651    10.5912   4  19   0.4056   0.4929   1.4680  -0.1817   0.5426  -0.5428  -0.00    0.0
2382 119097.999   30.489540323  114.320398677     6.6275   4  20   0.3999   0.4632   1.4489  -0.1473   0.5049  -0.5280  -0.00    0.0
2382 119098.999   30.489554104  114.320391623     2.4394   4  19   0.4006   0.4797   1.5169  -0.1372   0.4460  -0.5377  -0.00    0.0
2382 119099.999   30.489558402  114.320399590     4.8585   4  19   0.4006   0.4797   1.5171  -0.1372   0.4460  -0.5378  -0.00    0.0
2382 119100.999   30.489570911  114.320387666     6.4770   4  19   0.4095   0.5481   1.7122  -0.2181   0.7224  -0.5995  -0.00    0.0
2382 119101.999   30.489561529  114.320397719    11.2526   4  20   0.3941   0.4574   1.4205  -0.1445   0.4961  -0.5168  -0.00    0.0
2382 119102.999   30.489544715  114.320387788     9.7816   4  19   0.4455   0.4748   1.5960  -0.0582   0.4439  -0.6389  -0.00    0.0
2382 119103.999   30.489562371  114.320394127     3.7862   4  20   0.4002   0.4637   1.4502  -0.1475   0.5055  -0.5285  -0.00    0.0
2382 119104.999   30.489553499  114.320388555     9.9555   4  20   0.4000   0.4635   1.4495  -0.1475   0.5052  -0.5283  -0.00    0.0
2382 119105.999   30.489553265  114.320385151     7.7611   4  20   0.3999   0.4634   1.4486  -0.1474   0.5051  -0.5279  -0.00    0.0
2382 119106.999   30.489562656  114.320386018     8.9690   4  20   0.3999   0.4634   1.4486  -0.1474   0.5051  -0.5279  -0.00    0.0
2382 119107.999   30.489553903  114.320394706     8.7759   4  20   0.3999   0.4634   1.4485  -0.1474   0.5051  -0.5279  -0.00    0.0
2382 119108.999   30.489544136  114.320403423     9.7596   4  20   0.3999   0.4635   1.4485  -0.1474   0.5052  -0.5279  -0.00    0.0
2382 119109.999   30.489556249  114.320413258     9.3602   4  19   0.4008   0.5026   1.5006  -0.1278   0.5757  -0.5175  -0.00    0.0
2382 119110.999   30.489557875  114.320391724     8.6897   4  20   0.3999   0.4635   1.4487  -0.1475   0.5054  -0.5280  -0.00    0.0
2382 119111.999   30.489547661  114.320377321    10.8164   4  20   0.3998   0.4636   1.4487  -0.1475   0.5054  -0.5280  -0.00    0.0
2382 119112.999   30.489539301  114.320390369    12.4972   4  20   0.3998   0.4636   1.4484  -0.1474   0.5053  -0.5279  -0.00    0.0
2382 119113.999   30.489534452  114.320402209    10.2502   4  19   0.4005   0.4801   1.5160  -0.1373   0.4466  -0.5376  -0.00    0.0
2382 119114.999   30.489540157  114.320380260     7.0103   4  20   0.3999   0.4636   1.4487  -0.1475   0.5054  -0.5280  -0.00    0.0
2382 119115.999   30.489544761  114.320385699     0.5984   4  20   0.3998   0.4636   1.4486  -0.1475   0.5054  -0.5280  -0.00    0.0
2382 119116.999   30.489544661  114.320396218     2.6610   4  20   0.3998   0.4636   1.4483  -0.1475   0.5054  -0.5279  -0.00    0.0
2382 119117.999   30.489545384  114.320404420    -0.8660   4  20   0.3998   0.4637   1.4483  -0.1475   0.5055  -0.5279  -0.00    0.0
2382 119118.999   30.489542568  114.320420945     1.2070   4  20   0.3998   0.4637   1.4483  -0.1475   0.5055  -0.5279  -0.00    0.0
2382 119119.999   30.489545267  114.320420013     1.6109   4  18   0.4277   0.5490   1.7153  -0.2203   0.7232  -0.5883  -0.00    0.0
2382 119120.999   30.489547706  114.320431336     2.8043   4  18   0.4087   0.4741   1.5058  -0.1269   0.4486  -0.4974  -0.00    0.0
2382 119121.999   30.489545161  114.320443651     5.4426   4  19   0.4158   0.4665   1.4800  -0.1360   0.5184  -0.5076  -0.00    0.0
2382 119122.999   30.489545214  114.320450810    11.6379   4  19   0.4008   0.4807   1.5171  -0.1375   0.4473  -0.5381  -0.00    0.0
2382 119123.999   30.489540201  114.320464882    15.3938   4  18   0.4149   0.4809   1.5421  -0.1284   0.4541  -0.5089  -0.00    0.0
2382 119124.999   30.489524109  114.320449231    20.9181   4  19   0.4146   0.4652   1.4677  -0.1341   0.5138  -0.5032  -0.00    0.0
2382 119125.999   30.489527268  114.320452193    17.2600   4  19   0.4146   0.4652   1.4675  -0.1340   0.5138  -0.5030  -0.00    0.0
2382 119126.999   30.489534337  114.320450873    11.9467   4  18   0.4147   0.4809   1.5414  -0.1284   0.4543  -0.5086  -0.00    0.0
2382 119127.999   30.489543779  114.320456682    12.7233   4  17   0.4568   0.4991   1.7543   0.0952   0.3079  -0.6474  -0.00    0.0
2382 119128.999   30.489544828  114.320461923    13.1679   4  19   0.4090   0.4580   1.4380  -0.1292   0.4995  -0.4932  -0.00    0.0
2382 119129.999   30.489527670  114.320444824    19.6666   4  19   0.4157   0.4667   1.4801  -0.1360   0.5188  -0.5075  -0.00    0.0
2382 119130.999   30.489523466  114.320460991    16.2016   4  20   0.4000   0.4643   1.4492  -0.1477   0.5063  -0.5283  -0.00    0.0
2382 119131.999   30.489530496  114.320463834    20.0214   4  20   0.3998   0.4641   1.4483  -0.1477   0.5060  -0.5280  -0.00    0.0
2382 119132.999   30.489532039  114.320465908    16.5885   4  19   0.4097   0.5497   1.7117  -0.2196   0.7245  -0.6005  -0.00    0.0
2382 119133.999   30.489535253  114.320478486    20.9372   4  19   0.4031   0.5388   1.6647  -0.2124   0.7034  -0.5838  -0.00    0.0
2382 119134.999   30.489529155  114.320481941    27.6626   4  18   0.4185   0.5557   1.7531  -0.2090   0.7446  -0.5821  -0.00    0.0
2382 119135.999   30.489533932  114.320431519    14.2591   4  19   0.4107   0.4660   1.4704  -0.1387   0.5152  -0.5116  -0.00    0.0
2382 119136.999   30.489540436  114.320431702     9.4395   4  20   0.4010   0.4655   1.4604  -0.1497   0.5108  -0.5327  -0.00    0.0
2382 119137.999   30.489545251  114.320428542     7.6685   4  19   0.4102   0.4656   1.4651  -0.1378   0.5132  -0.5097  -0.00    0.0
2382 119138.999   30.489537886  114.320443036    15.1199   4  19   0.4100   0.4653   1.4639  -0.1378   0.5129  -0.5093  -0.00    0.0
2382 119139.999   30.489527152  114.320431011    11.6126   4  20   0.3998   0.4642   1.4479  -0.1477   0.5062  -0.5279  -0.00    0.0
2382 119140.999   30.489530440  114.320447785    21.9707   4  18   0.4176   0.5541   1.7421  -0.2074   0.7398  -0.5786  -0.00    0.0
2382 119141.999   30.489527289  114.320403543     4.8202   4  19   0.4083   0.4595   1.4381  -0.1317   0.5061  -0.4922  -0.00    0.0
2382 119142.999   30.489510117  114.320399522    -0.2054   4  19   0.4155   0.4670   1.4802  -0.1360   0.5194  -0.5073  -0.00    0.0
2382 119143.999   30.489510739  114.320403326     3.0719   4  19   0.4146   0.4660   1.4685  -0.1341   0.5150  -0.5030  -0.00    0.0
2382 119144.999   30.489528951  114.320412783    -3.2469   4  19   0.4144   0.4657   1.4678  -0.1341   0.5148  -0.5027  -0.00    0.0
2382 119145.999   30.489515830  114.320418632     5.4176   4  18   0.4514   0.4856   1.4753   0.0818   0.5346  -0.4749  -0.00    0.0
2382 119146.999   30.489526845  114.320413624     7.3321   4  19   0.4204   0.4788   1.4489  -0.0816   0.5131  -0.5207  -0.00    0.0
2382 119147.999   30.489531819  114.320416451     4.3513   4  19   0.4204   0.4788   1.4488  -0.0815   0.5131  -0.5207  -0.00    0.0
2382 119148.999   30.489530743  114.320428740     1.8819   4  19   0.4204   0.4788   1.4487  -0.0815   0.5131  -0.5207  -0.00    0.0
2382 119149.999   30.489539708  114.320433201     2.7393   4  19   0.4204   0.4788   1.4486  -0.0815   0.5131  -0.5208  -0.00    0.0
2382 119150.999   30.489533284  114.320430296     4.1596   4  20   0.3997   0.4644   1.4475  -0.1478   0.5065  -0.5279  -0.00    0.0
2382 119151.999   30.489543042  114.320424987     2.1378   4  20   0.3997   0.4645   1.4474  -0.1478   0.5066  -0.5279  -0.00    0.0
2382 119152.999   30.489532053  114.320421532     6.6612   4  19   0.4004   0.4811   1.5140  -0.1378   0.4483  -0.5374  -0.00    0.0
2382 119153.999   30.489530561  114.320425997     8.9504   4  20   0.3997   0.4645   1.4477  -0.1478   0.5066  -0.5280  -0.00    0.0
2382 119154.999   30.489531283  114.320408458     3.8624   4  20   0.3997   0.4645   1.4476  -0.1478   0.5066  -0.5280  -0.00    0.0
2382 119155.999   30.489531628  114.320407511     2.6215   4  20   0.3997   0.4645   1.4473  -0.1479   0.5067  -0.5279  -0.00    0.0
2382 119156.999   30.489527002  114.320408337     7.6621   4  20   0.3997   0.4646   1.4473  -0.1479   0.5067  -0.5279  -0.00    0.0
2382 119157.999   30.489527535  114.320414861     7.3618   4  20   0.3997   0.4646   1.4473  -0.1479   0.5067  -0.5279  -0.00    0.0
2382 119158.999   30.489537566  114.320422506     6.2843   4  19   0.4185   0.4650   1.4581  -0.1397   0.5034  -0.5483  -0.00    0.0
2382 119159.999   30.489518403  114.320421476     9.4739   4  20   0.3997   0.4646   1.4473  -0.1479   0.5068  -0.5279  -0.00    0.0
2382 119160.999   30.489507038  114.320432746    14.1482   4  20   0.3997   0.4647   1.4472  -0.1479   0.5068  -0.5279  -0.00    0.0
2382 119161.999   30.489499413  114.320447522    17.6933   4  20   0.3997   0.4647   1.4472  -0.1479   0.5069  -0.5279  -0.00    0.0
2382 119162.999   30.489507235  114.320461371    20.6385   4  20   0.3997   0.4647   1.4471  -0.1479   0.5069  -0.5279  -0.00    0.0
2382 119163.999   30.489511627  114.320463695    17.3773   4  20   0.3997   0.4647   1.4471  -0.1479   0.5069  -0.5279  -0.00    0.0
2382 119164.999   30.489511624  114.320467195    17.5499   4  19   0.4063   0.4648   1.4586  -0.1456   0.5086  -0.5151  -0.00    0.0
2382 119165.999   30.489516321  114.320476165    21.3881   4  20   0.3997   0.4648   1.4471  -0.1479   0.5070  -0.5279  -0.00    0.0
2382 119166.999   30.489521679  114.320470501    20.1246   4  20   0.3997   0.4648   1.4471  -0.1479   0.5070  -0.5279  -0.00    0.0
2382 119167.999   30.489523358  114.320446828    18.3235   4  20   0.3997   0.4648   1.4470  -0.1480   0.5070  -0.5279  -0.00    0.0
2382 119168.999   30.489536486  114.320472767    15.2474   4  20   0.3997   0.4648   1.4470  -0.1480   0.5071  -0.5279  -0.00    0.0
2382 119169.999   30.489522256  114.320473826    17.6760   4  20   0.3996   0.4649   1.4469  -0.1480   0.5071  -0.5279  -0.00    0.0
2382 119170.999   30.489541244  114.320458237     9.8213   4  20   0.3996   0.4649   1.4469  -0.1480   0.5071  -0.5279  -0.00    0.0
2382 119171.999   30.489549377  114.320451606    11.4412   4  20   0.3996   0.4649   1.4469  -0.1480   0.5072  -0.5279  -0.00    0.0
2382 119172.999   30.489544388  114.320437760    13.7733   4  20   0.3996   0.4649   1.4468  -0.1480   0.5072  -0.5279  -0.00    0.0
2382 119173.999   30.489543392  114.320421102     7.8691   4  20   0.3996   0.4650   1.4468  -0.1480   0.5072  -0.5279  -0.00    0.0
2382 119174.999   30.489540151  114.320406910     4.3246   4  20   0.3996   0.4650   1.4468  -0.1480   0.5073  -0.5279  -0.00    0.0
2382 119175.999   30.489543109  114.320408460     6.5661   4  20   0.3996   0.4650   1.4468  -0.1480   0.5073  -0.5279  -0.00    0.0
2382 119176.999   30.489535735  114.320406405     0.1437   4  20   0.3996   0.4650   1.4467  -0.1480   0.5073  -0.5279  -0.00    0.0
2382 119177.999   30.489555963  114.320401504    -2.6334   4  19   0.4206   0.4794   1.4476  -0.0816   0.5131  -0.5216  -0.00    0.0
2382 119178.999   30.489550261  114.320388268    -1.9350   4  20   0.3996   0.4651   1.4467  -0.1480   0.5074  -0.5278  -0.00    0.0
2382 119179.999   30.489540415  114.320424614     6.5136   4  20   0.3996   0.4651   1.4467  -0.1480   0.5074  -0.5278  -0.00    0.0
2382 119180.999   30.489548938  114.320408833    -1.7974   4  19   0.4014   0.4796   1.5017  -0.1324   0.5519  -0.5133  -0.00    0.0
2382 119181.999   30.489557376  114.320398506    -8.1846   4  19   0.4014   0.4796   1.5019  -0.1325   0.5521  -0.5134  -0.00    0.0
2382 119182.999   30.489553384  114.320417075    -5.9066   4  19   0.4014   0.4797   1.5021  -0.1325   0.5522  -0.5134  -0.00    0.0
2382 119183.999   30.489541580  114.320409645    -4.7137   4  19   0.4014   0.4797   1.5021  -0.1325   0.5522  -0.5134  -0.00    0.0
2382 119184.999   30.489534990  114.320439200    -1.2031   4  19   0.4014   0.4797   1.5020  -0.1325   0.5523  -0.5134  -0.00    0.0
2382 119185.999   30.489521606  114.320444298     7.2438   4  19   0.4014   0.4798   1.5019  -0.1325   0.5523  -0.5134  -0.00    0.0
2382 119186.999   30.489530399  114.320455445    13.0901   4  20   0.3996   0.4653   1.4470  -0.1482   0.5079  -0.5280  -0.00    0.0
2382 119187.999   30.489527160  114.320443772     9.4921   4  20   0.3996   0.4653   1.4467  -0.1482   0.5078  -0.5279  -0.00    0.0
2382 119188.999   30.489518374  114.320437642    10.6309   4  20   0.3996   0.4653   1.4464  -0.1481   0.5077  -0.5278  -0.00    0.0
2382 119189.999   30.489513774  114.320439462    12.5379   4  20   0.3996   0.4653   1.4464  -0.1481   0.5077  -0.5278  -0.00    0.0
2382 119190.999   30.489506422  114.320449100    13.7575   4  18   0.4011   0.5188   1.5649  -0.1178   0.5291  -0.5269  -0.00    0.0
2382 119191.999   30.489497798  114.320432685    17.6418   4  20   0.3996   0.4654   1.4469  -0.1482   0.5080  -0.5280  -0.00    0.0
2382 119192.999   30.489497662  114.320456645    18.0766   4  20   0.3996   0.4654   1.4467  -0.1482   0.5080  -0.5280  -0.00    0.0
2382 119193.999   30.489509913  114.320441372    19.0590   4  19   0.4135   0.4669   1.4679  -0.1340   0.5170  -0.5018  -0.00    0.0
2382 119194.999   30.489521998  114.320428957    10.7930   4  20   0.3996   0.4655   1.4463  -0.1482   0.5079  -0.5278  -0.00    0.0
2382 119195.999   30.489527946  114.320439937    10.8264   4  19   0.4062   0.4656   1.4575  -0.1456   0.5098  -0.5151  -0.00    0.0
2382 119196.999   30.489532212  114.320433348     7.7411   4  19   0.4062   0.4656   1.4575  -0.1456   0.5098  -0.5151  -0.00    0.0
2382 119197.999   30.489529109  114.320438435     6.7474   4  19   0.4062   0.4656   1.4575  -0.1456   0.5098  -0.5151  -0.00    0.0
2382 119198.999   30.489521776  114.320453806     6.3468   4  20   0.3996   0.4655   1.4462  -0.1482   0.5080  -0.5278  -0.00    0.0
2382 119199.999   30.489533483  114.320453356     7.8714   4  20   0.3995   0.4656   1.4461  -0.1482   0.5080  -0.5278  -0.00    0.0
2382 119200.999   30.489545148  114.320448054     6.9614   4  20   0.3995   0.4656   1.4460  -0.1482   0.5081  -0.5278  -0.00    0.0
2382 119201.999   30.489547017  114.320450931    12.0870   4  20   0.3995   0.4656   1.4460  -0.1482   0.5081  -0.5278  -0.00    0.0
2382 119202.999   30.489541628  114.320468162    19.7082   4  20   0.3995   0.4656   1.4460  -0.1483   0.5081  -0.5278  -0.00    0.0
2382 119203.999   30.489550408  114.320449104    22.1538   4  19   0.4101   0.5531   1.7114  -0.2228   0.7291  -0.6029  -0.00    0.0
2382 119204.999   30.489552069  114.320423144    17.3295   4  19   0.4003   0.4597   1.4276  -0.1430   0.5016  -0.5044  -0.00    0.0
2382 119205.999   30.489546494  114.320431464    19.6377   4  19   0.4075   0.4672   1.4698  -0.1475   0.5149  -0.5198  -0.00    0.0
2382 119206.999   30.489557896  114.320440056    21.1096   4  19   0.4065   0.4662   1.4582  -0.1457   0.5105  -0.5155  -0.00    0.0
2382 119207.999   30.489549323  114.320443956    23.4000   4  18   0.4186   0.4674   1.4772  -0.1322   0.5190  -0.4911  -0.00    0.0
2382 119208.999   30.489557815  114.320434572    12.6546   4  19   0.4062   0.4659   1.4572  -0.1456   0.5103  -0.5151  -0.00    0.0
2382 119209.999   30.489556274  114.320442679    11.8542   4  18   0.4185   0.4674   1.4770  -0.1321   0.5191  -0.4909  -0.00    0.0
2382 119210.999   30.489539573  114.320450602    14.9477   4  18   0.4184   0.4674   1.4770  -0.1321   0.5191  -0.4909  -0.00    0.0
2382 119211.999   30.489545037  114.320447938    12.6184   4  19   0.4062   0.4660   1.4571  -0.1456   0.5104  -0.5151  -0.00    0.0
2382 119212.999   30.489521336  114.320433985    11.6395   4  18   0.4059   0.5131   1.5273  -0.1762   0.4922  -0.5510  -0.00    0.0
2382 119213.999   30.489518404  114.320428042     8.4418   4  18   0.4089   0.4810   1.5162  -0.1252   0.5572  -0.4960  -0.00    0.0
2382 119214.999   30.489529594  114.320417740     8.8201   4  18   0.4066   0.4827   1.5272  -0.1386   0.4511  -0.5224  -0.00    0.0
2382 119215.999   30.489536496  114.320435256     3.5340   4  16   0.4131   0.6365   2.0887  -0.1893   0.8916  -0.5747  -0.00    0.0
2382 119216.999   30.489534836  114.320439693     3.8796   4  18   0.4008   0.4770   1.5029  -0.1370   0.4488  -0.5122  -0.00    0.0
2382 119217.999   30.489539884  114.320452178     5.0287   4  16   0.4728   0.5435   1.7680   0.1510   0.4207  -0.6650  -0.00    0.0
2382 119218.999   30.489532253  114.320435491     0.6829   4  17   0.4093   0.5087   1.5091  -0.1727   0.4788  -0.5249  -0.00    0.0
2382 119219.999   30.489535886  114.320421565     0.1156   4  17   0.4140   0.5149   1.5569  -0.1792   0.4966  -0.5422  -0.00    0.0
2382 119220.999   30.489510405  114.320442969    -5.9627   4  18   0.4062   0.5138   1.5287  -0.1765   0.4930  -0.5516  -0.00    0.0
2382 119221.999   30.489518929  114.320446931    -4.4893   4  18   0.4060   0.5135   1.5280  -0.1764   0.4928  -0.5514  -0.00    0.0
2382 119222.999   30.489544566  114.320415406    -3.8255   4  19   0.4066   0.4829   1.5267  -0.1386   0.4515  -0.5224  -0.00    0.0
2382 119223.999   30.489551818  114.320456294    -7.6295   4  18   0.4124   0.4962   1.4758  -0.1823   0.5484  -0.5312  -0.00    0.0
2382 119224.999   30.489550659  114.320449956    -2.4912   4  18   0.4124   0.4962   1.4755  -0.1823   0.5484  -0.5311  -0.00    0.0
2382 119225.999   30.489522753  114.320426760    -9.1409   4  19   0.4054   0.4962   1.4652  -0.1838   0.5474  -0.5432  -0.00    0.0
2382 119226.999   30.489545378  114.320427634    -5.3230   4  19   0.4062   0.4664   1.4565  -0.1457   0.5110  -0.5152  -0.00    0.0
2382 119227.999   30.489538058  114.320427904     2.6055   4  16   0.4245   0.5141   1.5676  -0.1710   0.4984  -0.5091  -0.00    0.0
2382 119228.999   30.489522678  114.320444705    -6.0698   4  17   0.4059   0.5136   1.5270  -0.1765   0.4930  -0.5511  -0.00    0.0
2382 119229.999   30.489563891  114.320425093    -0.0414   4  17   0.4126   0.5136   1.5418  -0.1775   0.4921  -0.5368  -0.00    0.0
2382 119230.999   30.489569220  114.320422979    -3.4399   4  19   0.4063   0.4665   1.4569  -0.1457   0.5111  -0.5153  -0.00    0.0
2382 119231.999   30.489566660  114.320431516     0.5715   4  18   0.4124   0.4964   1.4753  -0.1824   0.5487  -0.5311  -0.00    0.0
2382 119232.999   30.489570906  114.320434878     0.7218   4  18   0.4124   0.4964   1.4750  -0.1824   0.5487  -0.5310  -0.00    0.0
2382 119233.999   30.489568221  114.320426976     0.5404   4  19   0.4062   0.4665   1.4563  -0.1457   0.5112  -0.5151  -0.00    0.0
2382 119234.999   30.489559097  114.320419778    -3.4781   4  19   0.4062   0.4665   1.4561  -0.1456   0.5112  -0.5151  -0.00    0.0
2382 119235.999   30.489539310  114.320405966     0.6242   4  20   0.3994   0.4664   1.4450  -0.1485   0.5091  -0.5277  -0.00    0.0
2382 119236.999   30.489517191  114.320411246    10.9350   4  19   0.4445   0.4754   1.5868  -0.0644   0.4460  -0.6374  -0.00    0.0
2382 119237.999   30.489543362  114.320433200     1.2805   4  20   0.3995   0.4664   1.4456  -0.1486   0.5093  -0.5280  -0.00    0.0
2382 119238.999   30.489541788  114.320428437     3.7012   4  20   0.3995   0.4665   1.4454  -0.1486   0.5092  -0.5279  -0.00    0.0
2382 119239.999   30.489540351  114.320452821     9.6020   4  20   0.3994   0.4665   1.4448  -0.1485   0.5092  -0.5277  -0.00    0.0
2382 119240.999   30.489530925  114.320447117    13.0150   4  20   0.3994   0.4665   1.4448  -0.1485   0.5092  -0.5277  -0.00    0.0
2382 119241.999   30.489533203  114.320433331    12.1254   4  20   0.3994   0.4665   1.4448  -0.1485   0.5093  -0.5277  -0.00    0.0
2382 119242.999   30.489538124  114.320421273    11.4896   4  20   0.3994   0.4665   1.4447  -0.1486   0.5093  -0.5276  -0.00    0.0
2382 119243.999   30.489542056  114.320415675     8.7455   4  19   0.4104   0.5550   1.7108  -0.2246   0.7314  -0.6041  -0.00    0.0
2382 119244.999   30.489544292  114.320421541     7.6319   4  20   0.3937   0.4605   1.4159  -0.1459   0.5010  -0.5165  -0.00    0.0
2382 119245.999   30.489543829  114.320423234    10.2770   4  19   0.4467   0.4767   1.6038  -0.0688   0.4510  -0.6448  -0.00    0.0
2382 119246.999   30.489543218  114.320400245    12.4223   4  20   0.3997   0.4670   1.4462  -0.1487   0.5099  -0.5283  -0.00    0.0
2382 119247.999   30.489539233  114.320390309    13.8294   4  20   0.3995   0.4667   1.4455  -0.1487   0.5097  -0.5280  -0.00    0.0
2382 119248.999   30.489530274  114.320386635    15.0593   4  19   0.4446   0.4755   1.5874  -0.0652   0.4466  -0.6379  -0.00    0.0
2382 119249.999   30.489536314  114.320400832    12.9691   4  20   0.3995   0.4667   1.4452  -0.1487   0.5096  -0.5280  -0.00    0.0
2382 119250.999   30.489526073  114.320380814    16.7383   4  19   0.4447   0.4756   1.5883  -0.0654   0.4467  -0.6383  -0.00    0.0
2382 119251.999   30.489520567  114.320373063    18.5860   4  19   0.4447   0.4756   1.5885  -0.0655   0.4468  -0.6385  -0.00    0.0
2382 119252.999   30.489510525  114.320371674    23.1538   4  19   0.4448   0.4756   1.5893  -0.0657   0.4469  -0.6389  -0.00    0.0
2382 119253.999   30.489540233  114.320370232    14.1346   4  19   0.3995   0.4668   1.4456  -0.1487   0.5098  -0.5282  -0.00    0.0
2382 119254.999   30.489535039  114.320352229    14.8234   4  17   0.4561   0.5180   1.6047  -0.1556   0.4901  -0.6508  -0.00    0.0
2382 119255.999   30.489550855  114.320404356    -0.1236   4  18   0.4001   0.5056   1.4876  -0.1718   0.4814  -0.5381  -0.00    0.0
2382 119256.999   30.489557375  114.320403315    -1.6412   4  19   0.4073   0.5160   1.5394  -0.1788   0.4991  -0.5563  -0.00    0.0
2382 119257.999   30.489535166  114.320385215     6.0117   4  18   0.4138   0.5094   1.4658  -0.2073   0.5516  -0.5458  -0.00    0.0
2382 119258.999   30.489546391  114.320419862    -0.2974   4  19   0.4001   0.4839   1.5090  -0.1390   0.4529  -0.5370  -0.00    0.0
2382 119259.999   30.489544159  114.320392509    -1.4390   4  20   0.3994   0.4670   1.4446  -0.1488   0.5099  -0.5277  -0.00    0.0
2382 119260.999   30.489546251  114.320388037    -6.3119   4  20   0.3994   0.4670   1.4444  -0.1487   0.5098  -0.5277  -0.00    0.0
2382 119261.999   30.489543456  114.320395465    -9.0977   4  20   0.3993   0.4670   1.4441  -0.1487   0.5098  -0.5276  -0.00    0.0
2382 119262.999   30.489531830  114.320381435    -9.7128   4  19   0.4125   0.4687   1.4686  -0.1340   0.5203  -0.5007  -0.00    0.0
2382 119263.999   30.489533717  114.320400134    -7.5292   4  18   0.4186   0.4986   1.4874  -0.1734   0.5574  -0.5172  -0.00    0.0
2382 119264.999   30.489532795  114.320444654     4.4572   4  19   0.4053   0.4972   1.4641  -0.1843   0.5487  -0.5432  -0.00    0.0
2382 119265.999   30.489522862  114.320441698     4.7438   4  19   0.4053   0.4973   1.4640  -0.1844   0.5488  -0.5432  -0.00    0.0
2382 119266.999   30.489525472  114.320403239    -2.1142   4  20   0.3993   0.4671   1.4441  -0.1488   0.5101  -0.5276  -0.00    0.0
2382 119267.999   30.489533286  114.320410671    -3.5608   4  19   0.4053   0.4973   1.4638  -0.1844   0.5487  -0.5432  -0.00    0.0
2382 119268.999   30.489523766  114.320420383    -2.6321   4  19   0.4053   0.4973   1.4638  -0.1844   0.5487  -0.5432  -0.00    0.0
2382 119269.999   30.489501547  114.320402945     2.0370   4  18   0.4496   0.5061   1.6049  -0.1259   0.4897  -0.6504  -0.00    0.0
2382 119270.999   30.489523864  114.320393937    -6.9168   4  20   0.3940   0.4604   1.4122  -0.1447   0.4977  -0.5166  -0.00    0.0
2382 119271.999   30.489507277  114.320391906    -0.7639   4  19   0.4469   0.4771   1.6051  -0.0705   0.4522  -0.6458  -0.00    0.0
2382 119272.999   30.489512919  114.320387129    -5.5378   4  20   0.3960   0.4631   1.4121  -0.1436   0.4975  -0.5157  -0.00    0.0
2382 119273.999   30.489509918  114.320367823   -12.5791   4  20   0.4006   0.4687   1.4564  -0.1508   0.5150  -0.5324  -0.00    0.0
2382 119274.999   30.489505843  114.320390969    -4.7026   4  20   0.3996   0.4677   1.4448  -0.1488   0.5106  -0.5279  -0.00    0.0
2382 119275.999   30.489511187  114.320445318     1.1895   4  20   0.4004   0.5073   1.4952  -0.1289   0.5805  -0.5172  -0.00    0.0
2382 119276.999   30.489505502  114.320388653    -7.6358   4  19   0.4014   0.4822   1.4954  -0.1314   0.5538  -0.5122  -0.00    0.0
2382 119277.999   30.489498012  114.320368891    -9.8343   4  20   0.4123   0.4692   1.4692  -0.1341   0.5212  -0.5006  -0.00    0.0
2382 119278.999   30.489513205  114.320388417     3.8997   4  19   0.4053   0.4976   1.4637  -0.1845   0.5491  -0.5432  -0.00    0.0
2382 119279.999   30.489519593  114.320401505    13.5687   4  19   0.4014   0.4823   1.4951  -0.1314   0.5538  -0.5121  -0.00    0.0
2382 119280.999   30.489517285  114.320393694    13.9186   4  19   0.4014   0.4823   1.4952  -0.1314   0.5539  -0.5122  -0.00    0.0
2382 119281.999   30.489512803  114.320356186     5.3547   4  20   0.3993   0.4675   1.4439  -0.1489   0.5106  -0.5276  -0.00    0.0
2382 119282.999   30.489524391  114.320325636    -2.5545   4  19   0.3681   0.5239   1.3287  -0.1028   0.5364  -0.4118  -0.00    0.0
2382 119283.999   30.489523680  114.320377072    11.4953   4  20   0.3992   0.4675   1.4428  -0.1487   0.5103  -0.5272  -0.00    0.0
2382 119284.999   30.489496787  114.320394735    26.2500   4  19   0.4698   0.4979   1.7689  -0.1757   0.5369  -0.7287  -0.00    0.0
2382 119285.999   30.489495636  114.320383854    26.4769   4  19   0.4522   0.4617   1.6916  -0.1203   0.4704  -0.6883  -0.00    0.0
2382 119286.999   30.489546069  114.320413572    16.5896   4  18   0.3756   0.5129   1.2720   0.1204   0.4807  -0.3436  -0.00    0.0
2382 119287.999   30.489549330  114.320420483    16.8754   4  18   0.3758   0.5134   1.2760   0.1202   0.4825  -0.3447  -0.00    0.0
2382 119288.999   30.489562770  114.320345843     0.4032   4  18   0.4112   0.5931   1.8257  -0.2183   0.8173  -0.5957  -0.00    0.0
2382 119289.999   30.489539834  114.320423250    18.3609   4  18   0.4114   0.5682   1.5334  -0.2238   0.6607  -0.5473  -0.00    0.0
2382 119290.999   30.489538934  114.320401225    13.5695   4  20   0.4005   0.4691   1.4556  -0.1509   0.5153  -0.5322  -0.00    0.0
2382 119291.999   30.489527581  114.320404418    23.0084   4  19   0.4453   0.4765   1.5911  -0.0679   0.4490  -0.6402  -0.00    0.0
2382 119292.999   30.489532028  114.320385738    27.1967   4  20   0.3994   0.4678   1.4441  -0.1490   0.5110  -0.5279  -0.00    0.0
2382 119293.999   30.489543309  114.320378034    32.6355   4  19   0.4063   0.4679   1.4541  -0.1456   0.5131  -0.5152  -0.00    0.0
2382 119294.999   30.489542677  114.320393527    31.5486   4  18   0.4256   0.4715   1.4948  -0.1157   0.5330  -0.4697  -0.00    0.0
2382 119295.999   30.489525483  114.320419678    26.8388   4  20   0.3992   0.4678   1.4432  -0.1489   0.5109  -0.5274  -0.00    0.0
2382 119296.999   30.489527768  114.320425323    21.4392   4  20   0.3992   0.4678   1.4431  -0.1489   0.5108  -0.5274  -0.00    0.0
2382 119297.999   30.489535561  114.320417908    18.6962   4  20   0.3992   0.4678   1.4429  -0.1489   0.5108  -0.5274  -0.00    0.0
2382 119298.999   30.489546706  114.320412993    13.7541   4  20   0.3992   0.4678   1.4428  -0.1489   0.5108  -0.5274  -0.00    0.0
2382 119299.999   30.489557458  114.320420788    10.6471   4  20   0.3992   0.4678   1.4428  -0.1489   0.5108  -0.5274  -0.00    0.0
2382 119300.999   30.489598817  114.320405133     4.2505   4  20   0.3992   0.4679   1.4427  -0.1489   0.5109  -0.5274  -0.00    0.0
2382 119301.999   30.489656648  114.320409734     7.1399   4  19   0.4049   0.4739   1.4428  -0.1652   0.5096  -0.5262  -0.00    0.0
2382 119302.999   30.489714963  114.320425339     8.9515   4  20   0.3992   0.4679   1.4427  -0.1490   0.5109  -0.5273  -0.00    0.0
2382 119303.999   30.489771726  114.320430688    12.1414   4  19   0.4002   0.5079   1.4937  -0.1289   0.5810  -0.5169  -0.00    0.0
2382 119304.999   30.489814652  114.320406269     8.9978   4  19   0.4062   0.4682   1.4533  -0.1455   0.5135  -0.5149  -0.00    0.0
2382 119305.999   30.489859003  114.320432815     8.2569   4  19   0.3998   0.4850   1.5055  -0.1394   0.4547  -0.5362  -0.00    0.0
2382 119306.999   30.489905657  114.320444418    12.9167   4  18   0.4138   0.5006   1.4833  -0.1738   0.5604  -0.5239  -0.00    0.0
2382 119307.999   30.489943451  114.320433178     6.4485   4  16   0.6440   0.4875   2.2297   0.2067   0.2289  -1.0391  -0.00    0.0
2382 119308.999   30.489989796  114.320425826    -1.7477   4  12   0.6769   0.6178   2.4674   0.0691   0.6819  -1.0387  -0.00    0.0
2382 119309.999   30.489998839  114.320391720   -14.3883   4   9   0.8258   0.7427   3.0669   0.3420   1.0356  -1.0101  -0.00    0.0
2382 119310.999   30.489935990  114.320454221    15.1121   4  13   0.4818   0.6164   1.6852  -0.2484   0.7300  -0.4646  -0.00    0.0
2382 119311.999   30.489985580  114.320417461     7.5231   4  11   0.5168   0.7752   2.3402  -0.3730   0.9633  -0.4569  -0.00    0.0
2382 119312.999   30.490017875  114.320405324    -7.4367   4  11   0.4946   0.7644   2.1447  -0.3619   0.9749  -0.6726  -0.00    0.0
2382 119313.999   30.490101867  114.320367148   -16.9869   4  12   0.5735   0.6994   2.0097  -0.2413   0.8049  -0.8166  -0.00    0.0
2382 119314.999   30.490214907  114.320377203   -11.3254   4  14   0.5626   0.5965   1.7532  -0.1674   0.6413  -0.7423  -0.00    0.0
2382 119315.999   30.490325390  114.320369339    -5.5549   4  16   0.4510   0.6138   1.5207  -0.2379   0.6522  -0.5728  -0.00    0.0
2382 119316.999   30.490422815  114.320357754    -0.9697   4  18   0.4194   0.5699   1.7309  -0.2464   0.7479  -0.6163  -0.00    0.0
2382 119317.999   30.490450776  114.320379310    11.6799   4  19   0.4182   0.4789   1.4159  -0.0767   0.5043  -0.5152  -0.00    0.0
2382 119318.999   30.490481506  114.320391306    16.1248   4  19   0.4229   0.4839   1.4549  -0.0840   0.5178  -0.5304  -0.00    0.0
2382 119319.999   30.490514922  114.320402975    15.0645   4  20   0.3994   0.4687   1.4432  -0.1491   0.5118  -0.5277  -0.00    0.0
2382 119320.999   30.490563224  114.320379705    12.6880   4  19   0.4054   0.4987   1.4623  -0.1851   0.5504  -0.5432  -0.00    0.0
2382 119321.999   30.490569854  114.320379264    16.7910   4  19   0.4053   0.4987   1.4621  -0.1851   0.5504  -0.5431  -0.00    0.0
2382 119322.999   30.490588200  114.320369737    15.5341   4  19   0.4053   0.4988   1.4622  -0.1852   0.5505  -0.5432  -0.00    0.0
2382 119323.999   30.490595433  114.320375393    13.2922   4  19   0.4053   0.4988   1.4621  -0.1852   0.5506  -0.5432  -0.00    0.0
2382 119324.999   30.490611460  114.320376224    14.4634   4  19   0.4053   0.4988   1.4621  -0.1852   0.5506  -0.5432  -0.00    0.0
2382 119325.999   30.490630240  114.320364482     7.6279   4  19   0.4053   0.4988   1.4621  -0.1852   0.5506  -0.5432  -0.00    0.0
2382 119326.999   30.490614770  114.320402255    15.3303   4  18   0.4083   0.4872   1.4933  -0.1468   0.5507  -0.5063  -0.00    0.0
2382 119327.999   30.490612821  114.320408882    16.8348   4  16   0.4342   0.6606   1.9133  -0.2934   0.9050  -0.6396  -0.00    0.0
2382 119328.999   30.490610904  114.320419875    18.2175   4  17   0.4130   0.5798   1.7829  -0.2239   0.7876  -0.5735  -0.00    0.0
2382 119329.999   30.490633040  114.320388417    12.8120   4  19   0.4005   0.4864   1.5111  -0.1404   0.4576  -0.5386  -0.00    0.0
2382 119330.999   30.490644057  114.320379921     8.5777   4  18   0.4150   0.5127   1.4751  -0.2104   0.5590  -0.5504  -0.00    0.0
2382 119331.999   30.490641569  114.320387514    12.9300   4  20   0.3994   0.4690   1.4433  -0.1493   0.5123  -0.5278  -0.00    0.0
2382 119332.999   30.490664450  114.320379436    12.8744   4  19   0.4049   0.4747   1.4421  -0.1655   0.5107  -0.5263  -0.00    0.0
2382 119333.999   30.490684093  114.320356408     8.3034   4  18   0.4127   0.4748   1.4520  -0.1631   0.5122  -0.5128  -0.00    0.0
2382 119334.999   30.490715618  114.320346103     2.7881   4  20   0.3679   0.4461   1.1988   0.0075   0.3615  -0.3762  -0.00    0.0
2382 119335.999   30.490739889  114.320352690     5.5352   4  20   0.3990   0.4686   1.4402  -0.1489   0.5113  -0.5266  -0.00    0.0
2382 119336.999   30.490778202  114.320345707     7.1427   4  21   0.3641   0.4419   1.1947   0.0575   0.3687  -0.3821  -0.00    0.0
2382 119337.999   30.490803525  114.320346699     8.9678   4  20   0.3678   0.4461   1.1979   0.0100   0.3612  -0.3758  -0.00    0.0
2382 119338.999   30.490826933  114.320339358     7.6094   4  20   0.3678   0.4460   1.1971   0.0115   0.3609  -0.3755  -0.00    0.0
2382 119339.999   30.490835093  114.320323155     5.7228   4  19   0.4586   0.4695   1.7250  -0.1246   0.4830  -0.7015  -0.00    0.0
2382 119340.999   30.490839382  114.320335026     9.9934   4  19   0.4497   0.4621   1.6776  -0.1193   0.4697  -0.6812  -0.00    0.0
2382 119341.999   30.490852179  114.320339681     9.2470   4  19   0.4060   0.5002   1.4677  -0.1864   0.5535  -0.5455  -0.00    0.0
2382 119342.999   30.490869768  114.320351684     6.3159   4  19   0.4619   0.4710   1.7509  -0.1292   0.4907  -0.7126  -0.00    0.0
2382 119343.999   30.490881355  114.320364323     9.3906   4  19   0.4086   0.4668   1.4411  -0.1299   0.5125  -0.4901  -0.00    0.0
2382 119344.999   30.490904515  114.320363284    11.2425   4  16   0.4927   0.5140   1.8131  -0.2011   0.5658  -0.7199  -0.00    0.0
2382 119345.999   30.490925062  114.320341720    11.3842   4  19   0.4019   0.4711   1.4154  -0.1616   0.5006  -0.5164  -0.00    0.0
2382 119346.999   30.490943693  114.320337720    10.0819   4  19   0.4619   0.4711   1.7509  -0.1294   0.4911  -0.7125  -0.00    0.0
2382 119347.999   30.490965165  114.320325832     3.7646   4  19   0.4526   0.4660   1.6817  -0.1186   0.4713  -0.6832  -0.00    0.0
2382 119348.999   30.490994789  114.320360496    11.7892   4  18   0.4630   0.4860   1.7795  -0.1033   0.5321  -0.6960  -0.00    0.0
2382 119349.999   30.491011352  114.320357054    12.2789   4  19   0.4605   0.4707   1.7397  -0.1276   0.4881  -0.7078  -0.00    0.0
2382 119350.999   30.491045493  114.320361210    15.0395   4  21   0.3644   0.4427   1.1985   0.0577   0.3702  -0.3833  -0.00    0.0
2382 119351.999   30.491045503  114.320415326    28.4264   4  19   0.4010   0.4874   1.5162  -0.1415   0.4604  -0.5408  -0.00    0.0
2382 119352.999   30.491061374  114.320421186    33.0225   4  20   0.3993   0.4694   1.4418  -0.1493   0.5125  -0.5274  -0.00    0.0
2382 119353.999   30.491084724  114.320364583    22.3651   4  20   0.3867   0.4530   1.3068  -0.0766   0.4331  -0.4319  -0.00    0.0
2382 119354.999   30.491112361  114.320357289    15.1667   4  20   0.4225   0.4566   1.4864   0.0630   0.3711  -0.5797  -0.00    0.0
2382 119355.999   30.491102193  114.320338646    19.8250   4  19   0.3926   0.4583   1.3070  -0.1027   0.4285  -0.4275  -0.00    0.0
2382 119356.999   30.491130080  114.320355186    21.6461   4  20   0.4224   0.4566   1.4862   0.0633   0.3708  -0.5796  -0.00    0.0
2382 119357.999   30.491141951  114.320348110    15.7125   4  20   0.4224   0.4566   1.4861   0.0632   0.3709  -0.5795  -0.00    0.0
2382 119358.999   30.491146783  114.320343816    17.2256   4  18   0.4292   0.4726   1.4146   0.0898   0.3545  -0.4999  -0.00    0.0
2382 119359.999   30.491170061  114.320358210    13.7968   4  18   0.5013   0.4868   1.7296   0.1984   0.0177  -0.7520  -0.00    0.0
2382 119360.999   30.491178499  114.320341610    21.0208   4  19   0.3803   0.4911   1.3272  -0.1148   0.3819  -0.4548  -0.00    0.0
2382 119361.999   30.491199885  114.320329297    11.9615   4  20   0.3847   0.4496   1.2352   0.1411   0.2143  -0.4224  -0.00    0.0
2382 119362.999   30.491225795  114.320327362    12.9372   4  20   0.3841   0.4491   1.2275   0.1411   0.2130  -0.4195  -0.00    0.0
2382 119363.999   30.491255940  114.320325211    17.0884   4  18   0.3914   0.4897   1.3760  -0.0585   0.3971  -0.4249  -0.00    0.0
2382 119364.999   30.491298388  114.320321446     6.9922   4  18   0.5006   0.4868   1.7257   0.1982   0.0231  -0.7500  -0.00    0.0
2382 119365.999   30.491308403  114.320316377     8.4272   4  19   0.4219   0.4553   1.4534  -0.0114   0.3584  -0.5659  -0.00    0.0
2382 119366.999   30.491349633  114.320331301     9.2421   4  18   0.4351   0.4632   1.5149   0.0075   0.3780  -0.5700  -0.00    0.0
2382 119367.999   30.491393336  114.320327502     7.7724   4  21   0.3803   0.4453   1.2244   0.1518   0.2254  -0.4252  -0.00    0.0
2382 119368.999   30.491430585  114.320321562     8.2285   4  22   0.3554   0.4344   1.1122   0.1000   0.3159  -0.3343  -0.00    0.0
2382 119369.999   30.491487907  114.320333591     8.2922   4  19   0.4275   0.4618   1.4809  -0.0257   0.3686  -0.5762  -0.00    0.0
2382 119370.999   30.491521928  114.320334123    16.2780   4  21   0.3801   0.4525   1.2880  -0.0845   0.4270  -0.4467  -0.00    0.0
2382 119371.999   30.491583285  114.320347518    14.4278   4  20   0.4219   0.4567   1.4828   0.0637   0.3707  -0.5779  -0.00    0.0
2382 119372.999   30.491623582  114.320350841    20.6866   4  21   0.3801   0.4526   1.2884  -0.0847   0.4272  -0.4469  -0.00    0.0
2382 119373.999   30.491678762  114.320342611    20.6725   4  21   0.3801   0.4526   1.2882  -0.0846   0.4271  -0.4468  -0.00    0.0
2382 119374.999   30.491734918  114.320343890    15.3772   4  19   0.4578   0.4703   1.7215  -0.1260   0.4853  -0.6996  -0.00    0.0
2382 119375.999   30.491791291  114.320335735    12.1442   4  19   0.4203   0.4506   1.4655   0.0712   0.3702  -0.5528  -0.00    0.0
2382 119376.999   30.491852837  114.320334239    14.1235   4  20   0.4234   0.4578   1.4959   0.0616   0.3743  -0.5832  -0.00    0.0
2382 119377.999   30.491877802  114.320322306    15.8661   4  20   0.3857   0.4585   1.2897  -0.1080   0.4243  -0.4443  -0.00    0.0
2382 119378.999   30.491920601  114.320332245    16.5517   4  19   0.4268   0.4574   1.4978   0.0738   0.3768  -0.5648  -0.00    0.0
2382 119379.999   30.491949796  114.320329228    17.9635   4  19   0.4274   0.4619   1.4816  -0.0272   0.3695  -0.5763  -0.00    0.0
2382 119380.999   30.491968553  114.320333523    17.2608   4  20   0.4217   0.4568   1.4821   0.0638   0.3708  -0.5774  -0.00    0.0
2382 119381.999   30.491986648  114.320347318    16.6902   4  19   0.4580   0.4705   1.7236  -0.1266   0.4863  -0.7005  -0.00    0.0
2382 119382.999   30.491983969  114.320349960    15.1351   4  20   0.4155   0.4504   1.4513   0.0628   0.3638  -0.5654  -0.00    0.0
2382 119383.999   30.491978231  114.320352517    17.0687   4  20   0.4231   0.4579   1.4945   0.0618   0.3742  -0.5824  -0.00    0.0
2382 119384.999   30.491975667  114.320343186    15.9287   4  20   0.4218   0.4572   1.4822   0.0642   0.3710  -0.5774  -0.00    0.0
2382 119385.999   30.491998241  114.320341462     9.7010   4  20   0.4216   0.4569   1.4813   0.0639   0.3708  -0.5770  -0.00    0.0
2382 119386.999   30.491997155  114.320339935    10.9812   4  20   0.4215   0.4569   1.4808   0.0640   0.3707  -0.5768  -0.00    0.0
2382 119387.999   30.492015028  114.320324247    10.4816   4  20   0.4214   0.4569   1.4806   0.0640   0.3707  -0.5766  -0.00    0.0
2382 119388.999   30.492035385  114.320309496     7.6046   4  20   0.4214   0.4569   1.4804   0.0641   0.3707  -0.5765  -0.00    0.0
2382 119389.999   30.492060051  114.320282272    -1.0092   4  20   0.4213   0.4569   1.4801   0.0641   0.3707  -0.5764  -0.00    0.0
2382 119390.999   30.492063957  114.320275903     2.2760   4  20   0.3990   0.4698   1.4395  -0.1493   0.5129  -0.5270  -0.00    0.0
2382 119391.999   30.492078345  114.320285627     2.9515   4  20   0.4212   0.4569   1.4795   0.0640   0.3709  -0.5761  -0.00    0.0
2382 119392.999   30.492107265  114.320292892     3.3972   4  19   0.4350   0.4581   1.4975   0.0872   0.3809  -0.5536  -0.00    0.0
2382 119393.999   30.492123079  114.320313961    12.3543   4  20   0.3953   0.4540   1.3074  -0.0590   0.4355  -0.4170  -0.00    0.0
2382 119394.999   30.492151356  114.320300818     4.2215   4  20   0.4210   0.4570   1.4782   0.0644   0.3706  -0.5754  -0.00    0.0
2382 119395.999   30.492164130  114.320242955     0.9985   4  20   0.4573   0.4708   1.7201  -0.1268   0.4868  -0.6987  -0.00    0.0
2382 119396.999   30.492147153  114.320238988    20.3981   4  18   0.4880   0.4785   1.6714   0.1890   0.0942  -0.7234  -0.00    0.0
2382 119397.999   30.492171078  114.320272636    19.1858   4  20   0.4589   0.4717   1.7312  -0.1286   0.4901  -0.7035  -0.00    0.0
2382 119398.999   30.492190340  114.320265820    12.7338   4  20   0.4219   0.4577   1.4849   0.0635   0.3724  -0.5781  -0.00    0.0
2382 119399.999   30.492186472  114.320324130    12.9365   4  20   0.4225   0.4580   1.4911   0.0623   0.3741  -0.5806  -0.00    0.0
2382 119400.999   30.492179628  114.320354051    13.3757   4  20   0.4212   0.4574   1.4792   0.0645   0.3710  -0.5758  -0.00    0.0
2382 119401.999   30.492147806  114.320309222     6.3359   4  18   0.4286   0.4925   1.5305   0.1186   0.4504  -0.5487  -0.00    0.0
2382 119402.999   30.492167286  114.320328611     3.7225   4  18   0.4285   0.4925   1.5303   0.1185   0.4505  -0.5485  -0.00    0.0
2382 119403.999   30.492193318  114.320389101    18.3999   4  19   0.4260   0.4576   1.4934   0.0747   0.3772  -0.5624  -0.00    0.0
2382 119404.999   30.492196645  114.320367534    14.8220   4  19   0.4641   0.4768   1.7206  -0.1485   0.4898  -0.7003  -0.00    0.0
2382 119405.999   30.492204908  114.320291027     4.9157   4  20   0.4168   0.4830   1.4773   0.1048   0.4292  -0.5522  -0.00    0.0
2382 119406.999   30.492213384  114.320280815    18.3188   4  20   0.4081   0.5761   1.5556  -0.1924   0.6728  -0.5491  -0.00    0.0
2382 119407.999   30.492233278  114.320336990    32.1934   4  20   0.4210   0.4575   1.4777   0.0646   0.3711  -0.5749  -0.00    0.0
2382 119408.999   30.492260859  114.320350527    23.8526   4  18   0.4751   0.4995   1.8925  -0.0843   0.3519  -0.7554  -0.00    0.0
2382 119409.999   30.492280857  114.320295064    21.8727   4  20   0.4152   0.4510   1.4504   0.0646   0.3622  -0.5643  -0.00    0.0
2382 119410.999   30.492298324  114.320344039    22.4348   4  19   0.4597   0.4725   1.7397  -0.1309   0.4939  -0.7068  -0.00    0.0
2382 119411.999   30.492294821  114.320340313    23.1346   4  18   0.4575   0.4730   1.6724  -0.1419   0.4759  -0.6800  -0.00    0.0
2382 119412.999   30.492306961  114.320322017    21.4988   4  19   0.4267   0.4711   1.5066   0.1073   0.4105  -0.5610  -0.00    0.0
2382 119413.999   30.492323338  114.320294019    27.2431   4  20   0.4220   0.4582   1.4880   0.0628   0.3739  -0.5790  -0.00    0.0
2382 119414.999   30.492338038  114.320278988    23.8512   4  20   0.4207   0.4575   1.4763   0.0649   0.3709  -0.5742  -0.00    0.0
2382 119415.999   30.492355383  114.320294826    16.5860   4  20   0.3800   0.4735   1.3372  -0.0720   0.3615  -0.4503  -0.00    0.0
2382 119416.999   30.492378221  114.320296157    14.0352   4  18   0.3903   0.5004   1.3631  -0.1159   0.3949  -0.4410  -0.00    0.0
2382 119417.999   30.492393486  114.320268352    21.6511   4  21   0.3796   0.4530   1.2834  -0.0825   0.4259  -0.4447  -0.00    0.0
2382 119418.999   30.492407341  114.320275187    20.7149   4  20   0.4201   0.4572   1.4723   0.0651   0.3703  -0.5724  -0.00    0.0
2382 119419.999   30.492449288  114.320311969     7.5821   4  20   0.4260   0.4857   1.5983   0.1255   0.1881  -0.6096  -0.00    0.0
2382 119420.999   30.492505257  114.320329127    10.8442   4  18   0.4394   0.5038   1.6172   0.1416   0.2424  -0.5924  -0.00    0.0
2382 119421.999   30.492502953  114.320251305    22.5643   4  19   0.4194   0.4558   1.4411   0.0126   0.3573  -0.5586  -0.00    0.0
2382 119422.999   30.492488774  114.320222637    36.0266   4  20   0.4963   0.4825   1.7342   0.2087   0.0680  -0.7537  -0.00    0.0
2382 119423.999   30.492537309  114.320225342    31.0321   4  20   0.4165   0.4540   1.4431   0.0696   0.3609  -0.5610  -0.00    0.0
2382 119424.999   30.492573129  114.320239136    22.2528   4  20   0.4216   0.4583   1.4860   0.0630   0.3739  -0.5779  -0.00    0.0
2382 119425.999   30.492628765  114.320252940    14.4313   4  20   0.4203   0.4576   1.4736   0.0654   0.3707  -0.5728  -0.00    0.0
2382 119426.999   30.492656574  114.320247060    24.3333   4  19   0.4566   0.4715   1.7167  -0.1278   0.4885  -0.6969  -0.00    0.0
2382 119427.999   30.492649920  114.320228757    43.0351   4  18   0.4854   0.4971   1.6729   0.1759   0.1955  -0.7272  -0.00    0.0
2382 119428.999   30.492667079  114.320238143    48.3668   4  19   0.5943   0.4911   2.2143   0.1373   0.2974  -1.0036  -0.00    0.0
2382 119429.999   30.492746012  114.320290611    19.6784   4  20   0.3803   0.4744   1.3410  -0.0720   0.3628  -0.4516  -0.00    0.0
2382 119430.999   30.492789845  114.320294982    18.3808   4  20   0.7052   0.5479   2.9544   0.3485  -0.6335  -1.3279  -0.00    0.0
2382 119431.998   30.492819876  114.320280703    29.1724   4  19   0.4241   0.4593   1.4635  -0.0162   0.3629  -0.5687  -0.00    0.0
2382 119432.998   30.492839061  114.320306990    29.2602   4  20   0.4591   0.4730   1.7368  -0.1315   0.4951  -0.7053  -0.00    0.0
2382 119433.998   30.492877196  114.320303962    21.6352   4  19   0.4501   0.4678   1.6687  -0.1205   0.4748  -0.6766  -0.00    0.0
2382 119434.998   30.492923445  114.320306502    15.8728   4  20   0.4206   0.4580   1.4779   0.0644   0.3723  -0.5744  -0.00    0.0
2382 119435.998   30.492946034  114.320296922    21.8361   4  21   0.3803   0.4543   1.2909  -0.0834   0.4289  -0.4474  -0.00    0.0
2382 119436.998   30.493031471  114.320306923    10.6456   4  18   0.4331   0.4740   1.4949   0.0874   0.4044  -0.5517  -0.00    0.0
2382 119437.998   30.493080940  114.320324687     7.0669   4  20   0.3856   0.4582   1.2368   0.1766   0.2757  -0.3982  -0.00    0.0
2382 119438.998   30.493100859  114.320324850     8.4958   4  21   0.3783   0.4454   1.2141   0.1523   0.2256  -0.4192  -0.00    0.0
2382 119439.998   30.493138666  114.320316561     9.9271   4  20   0.3820   0.4491   1.2165   0.1418   0.2131  -0.4130  -0.00    0.0
2382 119440.998   30.493172101  114.320307741    10.2409   4  19   0.4251   0.4624   1.4665  -0.0195   0.3680  -0.5686  -0.00    0.0
2382 119441.998   30.493194500  114.320303531     8.3387   4  20   0.4193   0.4574   1.4679   0.0660   0.3698  -0.5701  -0.00    0.0
2382 119442.998   30.493247870  114.320274343     6.4378   4  19   0.4253   0.4625   1.4689  -0.0223   0.3689  -0.5696  -0.00    0.0
2382 119443.998   30.493272843  114.320260664    11.9481   4  19   0.4916   0.4814   1.7078   0.2069   0.0794  -0.7410  -0.00    0.0
2382 119444.998   30.493362187  114.320254396     9.0868   4  18   0.4267   0.4662   1.4599   0.0891   0.3907  -0.5405  -0.00    0.0
2382 119445.998   30.493418565  114.320259972    10.9768   4  17   0.4430   0.5011   1.5162  -0.0821   0.4418  -0.5698  -0.00    0.0
2382 119446.998   30.493481865  114.320264554     8.1795   4  17   0.4762   0.5143   1.7495  -0.2083   0.5547  -0.7244  -0.00    0.0
2382 119447.998   30.493569832  114.320281001    13.5254   4  19   0.4201   0.4571   1.4405  -0.0258   0.3639  -0.5584  -0.00    0.0
2382 119448.998   30.493650406  114.320290146    11.9689   4  20   0.4208   0.4585   1.4805   0.0638   0.3736  -0.5751  -0.00    0.0
2382 119449.998   30.493719033  114.320276572    12.6364   4  21   0.3783   0.4458   1.2140   0.1526   0.2256  -0.4188  -0.00    0.0
2382 119450.998   30.493797227  114.320299279    11.9862   4  19   0.4239   0.4831   1.3432   0.2299  -0.2361  -0.5246  -0.00    0.0
2382 119451.998   30.493852045  114.320307380    13.6843   4  20   0.4213   0.4786   1.3377   0.2363  -0.2201  -0.5293  -0.00    0.0
2382 119452.998   30.493889312  114.320303545    10.7572   4  19   0.4909   0.4814   1.7035   0.2070   0.0770  -0.7389  -0.00    0.0
2382 119453.998   30.493913400  114.320313582    13.1049   4  18   0.4975   0.4778   1.6563   0.2209   0.0765  -0.7167  -0.00    0.0
2382 119454.998   30.493961157  114.320307534    17.4766   4  19   0.4928   0.4821   1.7151   0.2073   0.0791  -0.7441  -0.00    0.0
2382 119455.998   30.493973203  114.320265492    27.9714   4  20   0.4198   0.4582   1.4727   0.0653   0.3718  -0.5718  -0.00    0.0
2382 119456.998   30.494051959  114.320298867    19.7833   4  18   0.4988   0.4875   1.7253   0.1957   0.0681  -0.7475  -0.00    0.0
2382 119457.998   30.494105010  114.320302894    16.4425   4  18   0.4883   0.4830   1.6599   0.1925   0.0732  -0.7177  -0.00    0.0
2382 119458.998   30.494174162  114.320309735    12.5486   4  19   0.4257   0.4633   1.4728  -0.0237   0.3705  -0.5709  -0.00    0.0
2382 119459.998   30.494219170  114.320319494    15.2762   4  19   0.3917   0.4911   1.2986  -0.1524   0.4558  -0.4557  -0.00    0.0
2382 119460.998   30.494278115  114.320325958     9.0911   4  20   0.3848   0.4593   1.2809  -0.1050   0.4220  -0.4406  -0.00    0.0
2382 119461.998   30.494330493  114.320310621     7.8205   4  19   0.4009   0.4598   1.3024  -0.0886   0.4295  -0.4073  -0.00    0.0
2382 119462.998   30.494387506  114.320317835     6.4458   4  21   0.3791   0.4535   1.2784  -0.0803   0.4247  -0.4427  -0.00    0.0
2382 119463.998   30.494483167  114.320313953     7.8449   4  20   0.3939   0.4547   1.3006  -0.0532   0.4341  -0.4126  -0.00    0.0
2382 119464.998   30.494571468  114.320331903    11.2241   4  20   0.3939   0.4547   1.3006  -0.0531   0.4341  -0.4125  -0.00    0.0
2382 119465.998   30.494636941  114.320320707     8.1740   4  21   0.3791   0.4535   1.2781  -0.0801   0.4246  -0.4425  -0.00    0.0
2382 119466.998   30.494697244  114.320338381    12.2977   4  20   0.4184   0.4576   1.4619   0.0665   0.3699  -0.5670  -0.00    0.0
2382 119467.998   30.494768358  114.320341575     8.9262   4  21   0.3791   0.4535   1.2784  -0.0802   0.4247  -0.4428  -0.00    0.0
2382 119468.998   30.494829537  114.320332350     4.5827   4  20   0.3832   0.4794   1.2881  -0.1228   0.4528  -0.4527  -0.00    0.0
2382 119469.998   30.494864715  114.320349469     3.7824   4  21   0.3790   0.4535   1.2776  -0.0800   0.4245  -0.4424  -0.00    0.0
2382 119470.998   30.494898983  114.320353491     8.6110   4  20   0.3844   0.4590   1.2781  -0.1044   0.4212  -0.4395  -0.00    0.0
2382 119471.998   30.494942492  114.320352082     8.5051   4  19   0.4095   0.4741   1.4679  -0.1335   0.5287  -0.4966  -0.00    0.0
2382 119472.998   30.494979241  114.320346773    12.0886   4  20   0.3937   0.4549   1.3007  -0.0527   0.4343  -0.4124  -0.00    0.0
2382 119473.998   30.495027417  114.320339152    13.0378   4  20   0.3844   0.4590   1.2784  -0.1044   0.4214  -0.4396  -0.00    0.0
2382 119474.998   30.495088132  114.320335116     9.8066   4  19   0.4045   0.4777   1.4342  -0.1659   0.5133  -0.5245  -0.00    0.0
2382 119475.998   30.495115661  114.320347276    17.7205   4  21   0.3790   0.4536   1.2775  -0.0798   0.4246  -0.4424  -0.00    0.0
2382 119476.998   30.495145424  114.320346095    19.3005   4  20   0.3855   0.4544   1.2924  -0.0673   0.4305  -0.4263  -0.00    0.0
2382 119477.998   30.495179245  114.320371079    16.9630   4  20   0.3855   0.4543   1.2918  -0.0670   0.4302  -0.4260  -0.00    0.0
2382 119478.998   30.495189029  114.320385950    16.8327   4  21   0.3789   0.4536   1.2767  -0.0795   0.4242  -0.4420  -0.00    0.0
2382 119479.998   30.495198854  114.320393645    18.0519   4  20   0.3936   0.4549   1.2994  -0.0518   0.4338  -0.4117  -0.00    0.0
2382 119480.998   30.495219326  114.320366133     9.3590   4  19   0.4024   0.5285   1.4789  -0.1589   0.6150  -0.4783  -0.00    0.0
2382 119481.998   30.495237356  114.320373274     8.1192   4  20   0.4094   0.4745   1.4693  -0.1337   0.5298  -0.4969  -0.00    0.0
2382 119482.998   30.495245684  114.320392966     9.8378   4  19   0.3980   0.4919   1.3404   0.0913   0.4994  -0.3880  -0.00    0.0
2382 119483.998   30.495262748  114.320398792     6.1198   4  20   0.3935   0.4550   1.3000  -0.0518   0.4342  -0.4117  -0.00    0.0
2382 119484.998   30.495268946  114.320403081     5.5264   4  21   0.3789   0.4537   1.2763  -0.0792   0.4242  -0.4418  -0.00    0.0
2382 119485.998   30.495268485  114.320417914     5.9311   4  21   0.3789   0.4537   1.2759  -0.0791   0.4241  -0.4417  -0.00    0.0
2382 119486.998   30.495276138  114.320459201     3.0786   4  20   0.3935   0.4550   1.2988  -0.0512   0.4337  -0.4113  -0.00    0.0
2382 119487.998   30.495287553  114.320521569     5.1538   4  21   0.3788   0.4537   1.2757  -0.0790   0.4240  -0.4416  -0.00    0.0
2382 119488.998   30.495293216  114.320562806     3.3913   4  20   0.3934   0.4550   1.2987  -0.0510   0.4337  -0.4112  -0.00    0.0
2382 119489.998   30.495288299  114.320624201     6.5164   4  19   0.4093   0.4745   1.4680  -0.1334   0.5294  -0.4963  -0.00    0.0
2382 119490.998   30.495261751  114.320712112     8.9311   4  21   0.3789   0.4538   1.2762  -0.0791   0.4242  -0.4417  -0.00    0.0
2382 119491.998   30.495222744  114.320802266     8.0252   4  22   0.3788   0.4495   1.2443  -0.0806   0.4030  -0.4429  -0.00    0.0
2382 119492.998   30.495198189  114.320894342     8.5191   4  21   0.3983   0.4656   1.3869  -0.1465   0.4866  -0.5212  -0.00    0.0
2382 119493.998   30.495182284  114.320999320     4.7737   4  21   0.3930   0.4503   1.2614  -0.0605   0.4097  -0.4173  -0.00    0.0
2382 119494.998   30.495131108  114.321115703     5.8482   4  21   0.3894   0.4506   1.2589  -0.0608   0.4100  -0.4224  -0.00    0.0
2382 119495.998   30.495118466  114.321255425     7.7914   4  20   0.3933   0.4551   1.2980  -0.0503   0.4335  -0.4108  -0.00    0.0
2382 119496.998   30.495087844  114.321387383     4.6707   4  19   0.4083   0.4570   1.3239   0.0450   0.4458  -0.3744  -0.00    0.0
2382 119497.998   30.495068082  114.321540379     5.0778   4  22   0.3787   0.4538   1.2749  -0.0785   0.4238  -0.4412  -0.00    0.0
2382 119498.998   30.495036617  114.321697031     2.9469   4  21   0.3828   0.4769   1.2437  -0.1236   0.3940  -0.4398  -0.00    0.0
2382 119499.998   30.495014790  114.321850867     4.0032   4  21   0.3929   0.4503   1.2602  -0.0599   0.4092  -0.4168  -0.00    0.0
2382 119500.998   30.494965886  114.321986132     6.3900   4  20   0.4209   0.4643   1.3588   0.1161   0.3316  -0.5005  -0.00    0.0
2382 119501.998   30.494962882  114.322159384     4.7402   4  21   0.3893   0.4506   1.2579  -0.0602   0.4095  -0.4221  -0.00    0.0
2382 119502.998   30.494908736  114.322293547    10.8080   4  18   0.5792   0.4853   2.1716   0.1496   0.3075  -0.9801  -0.00    0.0
2382 119503.998   30.494887704  114.322435276     3.2097   4  22   0.3754   0.4433   1.2306  -0.0779   0.3946  -0.4404  -0.00    0.0
2382 119504.998   30.494857550  114.322575167     6.2922   4  20   0.3940   0.4563   1.3077  -0.0519   0.4371  -0.4137  -0.00    0.0
2382 119505.998   30.494834799  114.322709130     4.9647   4  21   0.3930   0.4507   1.2608  -0.0596   0.4093  -0.4169  -0.00    0.0
2382 119506.998   30.494806620  114.322835643     6.5701   4  21   0.4057   0.4611   1.2451   0.0924   0.3906  -0.4565  -0.00    0.0
2382 119507.998   30.494788681  114.322957993     4.8720   4  18   0.4493   0.4804   1.4039   0.0076   0.4898  -0.5031  -0.00    0.0
2382 119508.998   30.494729993  114.323081040     7.7920   4  22   0.3787   0.4496   1.2419  -0.0797   0.4020  -0.4423  -0.00    0.0
2382 119509.998   30.494700505  114.323217214    12.2928   4  21   0.3895   0.4496   1.2435  -0.0777   0.4022  -0.4352  -0.00    0.0
2382 119510.998   30.494679862  114.323321587    10.4511   4  20   0.4091   0.4659   1.3862  -0.1460   0.4863  -0.5158  -0.00    0.0
2382 119511.998   30.494630784  114.323435193    11.6188   4  21   0.3894   0.4496   1.2433  -0.0777   0.4021  -0.4351  -0.00    0.0
2382 119512.998   30.494597794  114.323538344    13.5381   4  21   0.4167   0.4543   1.4134   0.0714   0.3421  -0.5596  -0.00    0.0
2382 119513.998   30.494578770  114.323632901     8.8316   4  20   0.4304   0.4544   1.4135   0.0783   0.3419  -0.5591  -0.00    0.0
2382 119514.998   30.494541094  114.323719409     8.6642   4  20   0.4233   0.4641   1.3339   0.1144   0.3254  -0.5193  -0.00    0.0
2382 119515.998   30.494513051  114.323802018     6.9177   4  19   0.4227   0.4955   1.4518   0.1433   0.1442  -0.5208  -0.00    0.0
2382 119516.998   30.494516658  114.323893988     7.6592   4  18   0.4423   0.4846   1.5926   0.1320   0.1569  -0.5384  -0.00    0.0
2382 119517.998   30.494495567  114.323945078    11.3337   4  17   0.5243   0.5417   2.0183   0.2925  -0.5245  -0.7993  -0.00    0.0
2382 119518.998   30.494469342  114.323981377    16.6549   4  17   0.4608   0.4628   1.3636   0.1608   0.3394  -0.4478  -0.00    0.0
2382 119519.998   30.494453591  114.324040274    14.8123   4  18   0.4509   0.4670   1.3904   0.1381   0.3475  -0.4691  -0.00    0.0
2382 119520.998   30.494457772  114.324096921     9.4439   4  21   0.3893   0.4510   1.2569  -0.0590   0.4091  -0.4218  -0.00    0.0
2382 119521.998   30.494445166  114.324127165     7.3973   4  19   0.4185   0.4674   1.4030  -0.1351   0.4941  -0.4971  -0.00    0.0
2382 119522.998   30.494436439  114.324168839     5.8111   4  19   0.4214   0.4695   1.4355  -0.1168   0.5080  -0.4687  -0.00    0.0
2382 119523.998   30.494429218  114.324170181     8.5495   4  20   0.4222   0.4653   1.3444   0.1244   0.3343  -0.5062  -0.00    0.0
2382 119524.998   30.494423388  114.324184822     7.3534   4  20   0.4075   0.4674   1.4019  -0.1360   0.4942  -0.5031  -0.00    0.0
2382 119525.998   30.494425578  114.324219858    12.8503   4  21   0.3983   0.4661   1.3849  -0.1466   0.4864  -0.5212  -0.00    0.0
2382 119526.998   30.494436083  114.324202297    10.1568   4  20   0.4128   0.4885   1.3956  -0.1933   0.5117  -0.5389  -0.00    0.0
2382 119527.998   30.494423113  114.324229702    15.1484   4  21   0.4449   0.4742   1.5340  -0.0660   0.4238  -0.6344  -0.00    0.0
2382 119528.998   30.494419724  114.324225033    20.0432   4  20   0.4215   0.4824   1.3355   0.0102   0.3431  -0.5313  -0.00    0.0
2382 119529.998   30.494436148  114.324197261    12.5697   4  18   0.4795   0.4966   1.5456  -0.1265   0.4532  -0.6529  -0.00    0.0
2382 119530.998   30.494414046  114.324243043    16.0666   4  20   0.4451   0.4742   1.5347  -0.0659   0.4236  -0.6349  -0.00    0.0
2382 119531.998   30.494421269  114.324245613    15.5082   4  20   0.4452   0.4742   1.5355  -0.0663   0.4239  -0.6353  -0.00    0.0
2382 119532.998   30.494401143  114.324243439    26.2154   4  18   0.5980   0.4855   2.0608   0.1925   0.2208  -0.9607  -0.00    0.0
2382 119533.998   30.494417579  114.324244532    22.6346   4  18   0.5845   0.4780   2.0040   0.1882   0.2176  -0.9334  -0.00    0.0
2382 119534.998   30.494442284  114.324224956    19.0409   4  17   0.4816   0.4916   1.6805  -0.1640   0.4930  -0.6647  -0.00    0.0
2382 119535.998   30.494409025  114.324240696    25.5013   4  20   0.4531   0.4683   1.6409  -0.1204   0.4574  -0.6791  -0.00    0.0
2382 119536.998   30.494446620  114.324188926    12.9099   4  18   0.4329   0.4904   1.4315  -0.1846   0.5224  -0.5061  -0.00    0.0
2382 119537.998   30.494459453  114.324182437     7.6526   4  17   0.4670   0.5049   1.4374  -0.1179   0.5218  -0.5127  -0.00    0.0
2382 119538.998   30.494419865  114.324207606    10.1268   4  18   0.4298   0.4708   1.4467  -0.1086   0.5127  -0.4540  -0.00    0.0
2382 119539.998   30.494408753  114.324254100    18.3089   4  20   0.3976   0.4514   1.2698  -0.0408   0.4136  -0.4014  -0.00    0.0
2382 119540.998   30.494404019  114.324270442    15.2946   4  22   0.3783   0.4542   1.2709  -0.0764   0.4227  -0.4395  -0.00    0.0
2382 119541.998   30.494402458  114.324299895    14.0786   4  22   0.3783   0.4497   1.2373  -0.0782   0.4001  -0.4408  -0.00    0.0
2382 119542.998   30.494401404  114.324351767     8.5849   4  21   0.3982   0.4663   1.3821  -0.1464   0.4858  -0.5205  -0.00    0.0
2382 119543.998   30.494393577  114.324413165     9.5792   4  22   0.3783   0.4497   1.2374  -0.0782   0.4001  -0.4410  -0.00    0.0
2382 119544.998   30.494389555  114.324473209     6.9488   4  20   0.3984   0.4732   1.4312  -0.1496   0.5158  -0.5247  -0.00    0.0
2382 119545.998   30.494367430  114.324550291     7.1964   4  22   0.3783   0.4497   1.2373  -0.0782   0.4001  -0.4410  -0.00    0.0
2382 119546.998   30.494345290  114.324626106     4.9035   4  22   0.3782   0.4497   1.2371  -0.0781   0.4000  -0.4409  -0.00    0.0
2382 119547.998   30.494325345  114.324727951     6.6661   4  21   0.4109   0.4640   1.3281   0.1110   0.3229  -0.5217  -0.00    0.0
2382 119548.998   30.494312509  114.324824315     4.9900   4  19   0.4570   0.4743   1.5318  -0.0607   0.4231  -0.6325  -0.00    0.0
2382 119549.998   30.494279131  114.324931388     6.1440   4  23   0.3531   0.4328   1.0766   0.1024   0.2923  -0.3343  -0.00    0.0
2382 119550.998   30.494249626  114.325019933     8.4176   4  20   0.4278   0.4553   1.4216   0.0895   0.3488  -0.5354  -0.00    0.0
2382 119551.998   30.494227228  114.325115097     4.1273   4  22   0.3782   0.4497   1.2361  -0.0776   0.3994  -0.4405  -0.00    0.0
2382 119552.998   30.494201329  114.325196860     4.1267   4  20   0.4062   0.4519   1.2762   0.0246   0.4169  -0.3837  -0.00    0.0
2382 119553.998   30.494185422  114.325307037     6.0874   4  19   0.4490   0.4576   1.4261   0.1198   0.3402  -0.5508  -0.00    0.0
2382 119554.998   30.494151506  114.325416821     4.0589   4  20   0.3944   0.4441   1.1829   0.1084   0.3551  -0.3613  -0.00    0.0
2382 119555.998   30.494121951  114.325505616    10.3281   4  20   0.4199   0.4642   1.3544   0.1171   0.3287  -0.4990  -0.00    0.0
2382 119556.998   30.494104642  114.325614230     6.1596   4  21   0.3981   0.4664   1.3810  -0.1463   0.4854  -0.5204  -0.00    0.0
2382 119557.998   30.494069857  114.325742855    10.3564   4  20   0.4073   0.4678   1.3989  -0.1358   0.4937  -0.5026  -0.00    0.0
2382 119558.998   30.494022344  114.325859625    25.0031   4  18   0.4281   0.4778   1.4722  -0.1147   0.5294  -0.5075  -0.00    0.0
2382 119559.998   30.493956284  114.325950881    30.6841   4  19   0.4458   0.4805   1.3920  -0.0119   0.4705  -0.5505  -0.00    0.0
2382 119560.998   30.494009081  114.326109393     5.9809   4  19   0.4488   0.4577   1.4263   0.1197   0.3406  -0.5507  -0.00    0.0
2382 119561.998   30.493997586  114.326222744     7.2210   4  18   0.6368   0.4877   2.1715   0.2143   0.1866  -1.0034  -0.00    0.0
2382 119562.998   30.493878911  114.326294143    29.8873   4  20   0.4287   0.4604   1.3237   0.1389   0.3014  -0.5381  -0.00    0.0
2382 119563.998   30.493862202  114.326432241    17.0870   4  18   0.7937   0.5910   2.8312   0.4536  -0.7637  -1.3794  -0.00    0.0
2382 119564.998   30.493866518  114.326586497     6.4453   4  21   0.4139   0.4516   1.3944   0.0749   0.3331  -0.5528  -0.00    0.0
2382 119565.998   30.493846174  114.326721104     4.7907   4  19   0.4590   0.4704   1.6655  -0.1116   0.4699  -0.6652  -0.00    0.0
2382 119566.998   30.493810660  114.326838395     5.2792   4  20   0.4504   0.4664   1.3948   0.1642   0.2890  -0.5817  -0.00    0.0
2382 119567.998   30.493778338  114.326961905    17.2901   4  22   0.3789   0.4508   1.2431  -0.0787   0.4019  -0.4434  -0.00    0.0
2382 119568.998   30.493779247  114.327086376    17.7751   4  22   0.3683   0.4340   1.0946   0.1153   0.3002  -0.2997  -0.00    0.0
2382 119569.998   30.493729280  114.327180043    12.2461   4  22   0.3784   0.4468   1.0754   0.1604   0.2797  -0.3451  -0.00    0.0
2382 119570.998   30.493737794  114.327337930     9.5295   4  20   0.3902   0.4472   1.2199   0.1641   0.2413  -0.3764  -0.00    0.0
2382 119571.998   30.493690803  114.327435824     7.9891   4  22   0.3759   0.4471   1.2165   0.0925   0.3847  -0.3379  -0.00    0.0
2382 119572.998   30.493665594  114.327543921     8.0746   4  22   0.3680   0.4336   1.0931   0.1153   0.2996  -0.2992  -0.00    0.0
2382 119573.998   30.493633493  114.327638832     1.3632   4  22   0.3621   0.4412   1.1532   0.0610   0.3471  -0.3813  -0.00    0.0
2382 119574.998   30.493610095  114.327742591     5.1477   4  21   0.3750   0.4424   1.1784   0.0832   0.3583  -0.3487  -0.00    0.0
2382 119575.998   30.493583227  114.327841695     8.1739   4  22   0.3679   0.4336   1.0926   0.1153   0.2995  -0.2991  -0.00    0.0
2382 119576.998   30.493543637  114.327904496     6.0926   4  19   0.4156   0.4696   1.2195   0.1844   0.4006  -0.3142  -0.00    0.0
2382 119577.998   30.493520858  114.327989446     5.6026   4  20   0.4080   0.4776   1.1358   0.1870   0.2024  -0.2978  -0.00    0.0
2382 119578.998   30.493506576  114.328083640     8.9703   4  20   0.3866   0.4428   1.1870   0.0924   0.3617  -0.3291  -0.00    0.0
2382 119579.998   30.493479673  114.328142192     9.5288   4  22   0.3621   0.4412   1.1528   0.0612   0.3468  -0.3813  -0.00    0.0
2382 119580.998   30.493459716  114.328197708    10.2845   4  23   0.3527   0.4329   1.0727   0.1035   0.2905  -0.3329  -0.00    0.0
2382 119581.998   30.493442683  114.328245719    13.4825   4  23   0.3527   0.4329   1.0724   0.1035   0.2904  -0.3328  -0.00    0.0
2382 119582.998   30.493420257  114.328261134    12.0880   4  22   0.3768   0.4533   1.1325   0.1690   0.1875  -0.3989  -0.00    0.0
2382 119583.998   30.493381339  114.328287699     6.2155   4  22   0.3777   0.4497   1.2307  -0.0758   0.3971  -0.4388  -0.00    0.0
2382 119584.998   30.493319907  114.328317986     7.1651   4  23   0.3527   0.4330   1.0725   0.1036   0.2902  -0.3329  -0.00    0.0
2382 119585.998   30.493254043  114.328307337     2.6407   4  21   0.3979   0.4667   1.3770  -0.1461   0.4845  -0.5195  -0.00    0.0
2382 119586.998   30.493167636  114.328296226     8.8242   4  23   0.3526   0.4330   1.0726   0.1036   0.2904  -0.3330  -0.00    0.0
2382 119587.998   30.493071056  114.328250713     6.8678   4  22   0.3536   0.4822   1.1661   0.0724   0.4260  -0.3503  -0.00    0.0
2382 119588.998   30.492957794  114.328196699     5.4456   4  23   0.3526   0.4330   1.0719   0.1037   0.2901  -0.3327  -0.00    0.0
2382 119589.998   30.492828258  114.328162689     2.4719   4  23   0.3526   0.4330   1.0717   0.1037   0.2901  -0.3326  -0.00    0.0
2382 119590.998   30.492696683  114.328110543     4.2734   4  23   0.3526   0.4330   1.0714   0.1038   0.2899  -0.3325  -0.00    0.0
2382 119591.998   30.492555159  114.328063022     5.8615   4  22   0.3676   0.4337   1.0910   0.1158   0.2986  -0.2985  -0.00    0.0
2382 119592.998   30.492401069  114.328031967     3.9145   4  22   0.3539   0.4611   1.0721   0.0761   0.3010  -0.3344  -0.00    0.0
2382 119593.998   30.492252957  114.328001880     2.7581   4  22   0.3541   0.4521   1.0720   0.0806   0.2990  -0.3345  -0.00    0.0
2382 119594.998   30.492092903  114.327947836     0.5235   4  22   0.3541   0.4521   1.0719   0.0807   0.2989  -0.3345  -0.00    0.0
2382 119595.998   30.491936352  114.327905335     2.9917   4  22   0.3540   0.4521   1.0718   0.0807   0.2989  -0.3345  -0.00    0.0
2382 119596.998   30.491775608  114.327851013     1.7069   4  21   0.3777   0.4720   1.2750  -0.0639   0.3294  -0.4424  -0.00    0.0
2382 119597.998   30.491623579  114.327803224    -0.8675   4  20   0.3983   0.4862   1.4272  -0.1371   0.4279  -0.5261  -0.00    0.0
2382 119598.998   30.491461564  114.327790709     6.3965   4  20   0.3678   0.5023   1.1620  -0.1090   0.3940  -0.3938  -0.00    0.0
2382 119599.998   30.491312498  114.327706820     8.7270   4  19   0.3997   0.5131   1.2528   0.0666   0.3259  -0.4778  -0.00    0.0
2382 119600.998   30.491173364  114.327647451     5.5892   4  21   0.3920   0.4576   1.2377   0.1479   0.2564  -0.4621  -0.00    0.0
2382 119601.998   30.491033478  114.327616968     5.4579   4  21   0.3661   0.4698   1.1526  -0.0709   0.3373  -0.3785  -0.00    0.0
2382 119602.998   30.490901699  114.327576234     5.4787   4  21   0.3979   0.4669   1.3759  -0.1461   0.4843  -0.5194  -0.00    0.0
2382 119603.998   30.490776035  114.327553035     6.9685   4  21   0.3817   0.4777   1.2303  -0.1208   0.3888  -0.4362  -0.00    0.0
2382 119604.998   30.490688425  114.327487985     0.7570   4  20   0.4491   0.4683   1.6133  -0.1193   0.4539  -0.6672  -0.00    0.0
2382 119605.998   30.490600403  114.327430892    -0.2111   4  19   0.4379   0.4728   1.5528  -0.0805   0.4489  -0.6282  -0.00    0.0
2382 119606.998   30.490497764  114.327416981    12.0245   4  19   0.4461   0.4798   1.5109   0.2227  -0.1450  -0.6201  -0.00    0.0
2382 119607.998   30.490436219  114.327404952    13.4523   4  20   0.4003   0.4583   1.2767   0.1531   0.2674  -0.4364  -0.00    0.0
2382 119608.998   30.490408486  114.327393362    10.0332   4  21   0.3777   0.4548   1.2645  -0.0723   0.4204  -0.4368  -0.00    0.0
2382 119609.998   30.490377034  114.327376938     8.8706   4  19   0.4291   0.4778   1.1659   0.2411   0.1747  -0.4247  -0.00    0.0
2382 119610.998   30.490360217  114.327366544     4.5123   4  17   0.5117   0.4975   1.3603   0.1853   0.3125  -0.5429  -0.00    0.0
2382 119611.998   30.490285513  114.327364370     7.5050   4  16   0.4262   0.5405   1.2325  -0.0465   0.4270  -0.3981  -0.00    0.0
2382 119612.998   30.490102630  114.327341473   -28.9840   4  11   0.9540   0.7602   2.2695   0.5724   0.8135   1.1270  -0.00    0.0
2382 119615.998   30.489561824  114.327280253  -113.6284   4   8   8.5641   2.9814  26.2046  -4.4994  -7.7459  14.0425  -0.00    0.0
2382 119616.998   30.489799176  114.327161616    11.7136   4  18   3.9318   2.3815   9.4921  -2.6154  -4.0910   3.5920  -0.00    0.0
2382 119617.998   30.489768146  114.327148098    15.8512   4  18   3.8807   2.3104   9.0891  -2.5481  -3.8974   3.3708  -0.00    0.0
2382 119618.998   30.489616800  114.327258988    17.1550   4  19   0.4792   0.9048   1.9342   0.1897  -0.9409  -0.6452  -0.00    0.0
2382 119619.998   30.489519720  114.327307485     5.3714   4  20   0.3929   0.4614   1.2841   0.1482   0.2878  -0.4654  -0.00    0.0
2382 119620.998   30.489434125  114.327298388    -5.4222   4  19   0.4875   0.5577   1.7661   0.1505   0.4397  -0.7458  -0.00    0.0
2382 119621.998   30.489322063  114.327278920    -0.6978   4  21   0.4099   0.4520   1.3655   0.0761   0.3312  -0.5391  -0.00    0.0
2382 119622.998   30.489183727  114.327287256     7.9658   4  20   0.4014   0.4839   1.2582  -0.1277   0.4271  -0.4752  -0.00    0.0
2382 119623.998   30.489106209  114.327269224     4.6705   4  20   0.4155   0.4882   1.3928  -0.0441   0.3601  -0.5525  -0.00    0.0
2382 119624.998   30.489023540  114.327232220     3.2820   4  21   0.4450   0.4748   1.5289  -0.0691   0.4231  -0.6349  -0.00    0.0
2382 119625.998   30.488890679  114.327209171    13.2099   4  19   0.5167   0.4796   1.6594   0.2177  -0.1328  -0.7606  -0.00    0.0
2382 119626.998   30.488794131  114.327174219    13.4175   4  21   0.4082   0.4485   1.3627   0.0758   0.3280  -0.5396  -0.00    0.0
2382 119627.998   30.488671368  114.327181743    13.5167   4  21   0.3814   0.4835   1.2406  -0.1194   0.4228  -0.4473  -0.00    0.0
2382 119628.998   30.488575634  114.327162187    11.2658   4  21   0.4104   0.4643   1.3213   0.1125   0.3185  -0.5200  -0.00    0.0
2382 119629.998   30.488468002  114.327153624    11.9549   4  21   0.4101   0.4640   1.3199   0.1124   0.3182  -0.5194  -0.00    0.0
2382 119630.998   30.488352752  114.327141282    14.9542   4  22   0.3737   0.4437   1.1651   0.1517   0.1966  -0.4099  -0.00    0.0
2382 119631.998   30.488243213  114.327117500     9.8044   4  21   0.3802   0.4823   1.2510   0.0507   0.4463  -0.4242  -0.00    0.0
2382 119632.998   30.488149629  114.327131020     9.5708   4  22   0.3762   0.4533   1.1300   0.1694   0.1842  -0.3983  -0.00    0.0
2382 119633.998   30.488043721  114.327116365    13.4805   4  22   0.3773   0.4500   1.2254  -0.0737   0.3949  -0.4373  -0.00    0.0
2382 119634.998   30.487949552  114.327111613    15.2661   4  21   0.4146   0.4758   1.2815   0.2322  -0.2316  -0.5138  -0.00    0.0
2382 119635.998   30.487862387  114.327114249    15.4692   4  22   0.3773   0.4500   1.2255  -0.0736   0.3948  -0.4375  -0.00    0.0
2382 119636.998   30.487764195  114.327094531    11.7225   4  22   0.3773   0.4500   1.2254  -0.0735   0.3947  -0.4374  -0.00    0.0
2382 119637.998   30.487664011  114.327079858    11.6597   4  22   0.3773   0.4500   1.2252  -0.0737   0.3948  -0.4373  -0.00    0.0
2382 119638.998   30.487570469  114.327070142     7.5329   4  21   0.3773   0.4551   1.2604  -0.0706   0.4195  -0.4350  -0.00    0.0
2382 119639.998   30.487490748  114.327057813     4.9805   4  20   0.4355   0.4548   1.4090   0.0731   0.3375  -0.5791  -0.00    0.0
2382 119640.998   30.487397715  114.327042422     7.4373   4  22   0.3773   0.4500   1.2256  -0.0737   0.3949  -0.4375  -0.00    0.0
2382 119641.998   30.487321063  114.327077926     8.0783   4  21   0.3804   0.4821   1.2302  -0.1175   0.4182  -0.4435  -0.00    0.0
2382 119642.998   30.487238590  114.327075419     7.0330   4  23   0.3521   0.4332   1.0680   0.1052   0.2877  -0.3317  -0.00    0.0
2382 119643.998   30.487155891  114.327078750     6.1236   4  21   0.3772   0.4551   1.2593  -0.0701   0.4191  -0.4345  -0.00    0.0
2382 119644.998   30.487071796  114.327077311     7.8802   4  22   0.3771   0.4500   1.2239  -0.0732   0.3943  -0.4368  -0.00    0.0
2382 119645.998   30.486988463  114.327082100     7.7228   4  20   0.4123   0.4592   1.4256   0.0721   0.3677  -0.5477  -0.00    0.0
2382 119646.998   30.486889381  114.327047805     7.5039   4  20   0.4123   0.4592   1.4264   0.0720   0.3678  -0.5480  -0.00    0.0
2382 119647.998   30.486768109  114.327031905    17.9370   4  21   0.3773   0.4552   1.2609  -0.0703   0.4195  -0.4352  -0.00    0.0
2382 119648.998   30.486666022  114.327017691    17.1368   4  21   0.3978   0.4676   1.3731  -0.1463   0.4841  -0.5193  -0.00    0.0
2382 119649.998   30.486584771  114.327020130    18.0261   4  22   0.3616   0.4419   1.1493   0.0625   0.3460  -0.3810  -0.00    0.0
2382 119650.998   30.486506270  114.327016277     9.2064   4  20   0.3874   0.4535   1.3041   0.1254   0.3057  -0.4667  -0.00    0.0
2382 119651.998   30.486417100  114.327010731    14.7053   4  21   0.3735   0.4466   1.1888   0.1544   0.2263  -0.4034  -0.00    0.0
2382 119652.998   30.486317244  114.326995950    22.1813   4  22   0.3527   0.4367   1.0921   0.1110   0.3083  -0.3239  -0.00    0.0
2382 119653.998   30.486220758  114.326984248    19.3163   4  21   0.3618   0.4465   1.1808   0.0694   0.3699  -0.3757  -0.00    0.0
2382 119654.998   30.486118298  114.326987476    16.4998   4  21   0.4118   0.4548   1.3799   0.0751   0.3359  -0.5445  -0.00    0.0
2382 119655.998   30.486012811  114.326955117    13.7105   4  18   0.4796   0.4768   1.7226  -0.1444   0.5049  -0.7241  -0.00    0.0
2382 119656.998   30.485890975  114.326945637    20.5956   4  20   0.4680   0.4707   1.5528   0.1958   0.0450  -0.6797  -0.00    0.0
2382 119657.998   30.485771886  114.326933615    23.6464   4  21   0.4135   0.4558   1.3933   0.0735   0.3392  -0.5502  -0.00    0.0
2382 119658.998   30.485668612  114.326903636    19.4544   4  20   0.3986   0.4878   1.4241  -0.1377   0.4285  -0.5265  -0.00    0.0
2382 119659.998   30.485581988  114.326893157     6.8584   4  19   0.5607   0.4824   2.0086   0.1535   0.2645  -0.9210  -0.00    0.0
2382 119660.998   30.485456910  114.326865089    13.0478   4  20   0.3944   0.4799   1.4017  -0.1339   0.4179  -0.5202  -0.00    0.0
2382 119661.998   30.485319332  114.326854706    19.0161   4  22   0.3622   0.4429   1.1554   0.0622   0.3479  -0.3832  -0.00    0.0
2382 119662.998   30.485200602  114.326852285    18.3112   4  22   0.3732   0.4441   1.1616   0.1520   0.1958  -0.4081  -0.00    0.0
2382 119663.998   30.485074672  114.326833789    16.7931   4  22   0.3730   0.4438   1.1600   0.1519   0.1956  -0.4075  -0.00    0.0
2382 119664.998   30.484945162  114.326814254    19.3040   4  23   0.3519   0.4333   1.0659   0.1060   0.2863  -0.3310  -0.00    0.0
2382 119665.998   30.484840692  114.326797707    15.6830   4  21   0.4115   0.4548   1.3773   0.0756   0.3351  -0.5434  -0.00    0.0
2382 119666.998   30.484739049  114.326795243    12.4107   4  21   0.4116   0.4549   1.3784   0.0752   0.3356  -0.5438  -0.00    0.0
2382 119667.998   30.484611024  114.326776273    17.4702   4  22   0.3770   0.4501   1.2226  -0.0724   0.3935  -0.4367  -0.00    0.0
2382 119668.998   30.484521401  114.326768189    17.7347   4  21   0.3771   0.4553   1.2581  -0.0688   0.4187  -0.4339  -0.00    0.0
2382 119669.998   30.484445110  114.326756653    15.8606   4  21   0.3771   0.4727   1.2665  -0.0606   0.3261  -0.4403  -0.00    0.0
2382 119670.998   30.484359541  114.326750377    14.4607   4  21   0.3771   0.4727   1.2665  -0.0605   0.3260  -0.4403  -0.00    0.0
2382 119671.998   30.484287607  114.326754334    12.8492   4  22   0.3769   0.4501   1.2214  -0.0721   0.3931  -0.4362  -0.00    0.0
2382 119672.998   30.484227986  114.326748332    11.9363   4  22   0.3769   0.4501   1.2211  -0.0720   0.3930  -0.4361  -0.00    0.0
2382 119673.998   30.484179469  114.326748558     7.0272   4  21   0.3976   0.4678   1.3696  -0.1461   0.4833  -0.5184  -0.00    0.0
2382 119674.998   30.484123242  114.326741940     9.8089   4  22   0.3615   0.4421   1.1476   0.0631   0.3454  -0.3807  -0.00    0.0
2382 119675.998   30.484084814  114.326749386    11.8535   4  21   0.3770   0.4554   1.2571  -0.0684   0.4185  -0.4335  -0.00    0.0
2382 119676.998   30.484048880  114.326731150     6.2454   4  21   0.3976   0.4679   1.3692  -0.1461   0.4832  -0.5183  -0.00    0.0
2382 119677.998   30.484020369  114.326747392    11.8739   4  21   0.3770   0.4555   1.2574  -0.0684   0.4187  -0.4336  -0.00    0.0
2382 119678.998   30.484007653  114.326742253    11.3160   4  21   0.3978   0.4762   1.4250  -0.1495   0.5181  -0.5227  -0.00    0.0
2382 119679.998   30.483983063  114.326726912    15.6583   4  22   0.3757   0.4533   1.1276   0.1697   0.1816  -0.3977  -0.00    0.0
2382 119680.998   30.484016304  114.326736526     7.9162   4  20   0.4757   0.4783   1.5838   0.2024  -0.0577  -0.6944  -0.00    0.0
2382 119681.998   30.484020015  114.326732329     4.6083   4  17   0.5081   0.5526   1.6119   0.1708  -0.1725  -0.7072  -0.00    0.0
2382 119682.998   30.484027502  114.326728170     6.1101   4  20   0.4678   0.4718   1.5466   0.1992  -0.0655  -0.6780  -0.00    0.0
2382 119683.998   30.484028055  114.326720337     3.4483   4  20   0.4787   0.4794   1.6023   0.2035  -0.0654  -0.7031  -0.00    0.0
2382 119684.998   30.483998213  114.326700214    10.2999   4  20   0.4142   0.4530   1.3625   0.0917   0.3352  -0.5203  -0.00    0.0
2382 119685.998   30.484008910  114.326701226     8.5784   4  20   0.4186   0.4571   1.4006   0.0883   0.3473  -0.5349  -0.00    0.0
2382 119686.998   30.483995163  114.326681485    10.8131   4  19   0.4545   0.4704   1.4246   0.1686   0.2882  -0.5811  -0.00    0.0
2382 119687.998   30.483991355  114.326699209    14.8167   4  20   0.4173   0.4562   1.3887   0.0894   0.3442  -0.5302  -0.00    0.0
2382 119688.998   30.484009008  114.326728758     7.6787   4  20   0.4757   0.4783   1.5837   0.2024  -0.0593  -0.6944  -0.00    0.0
2382 119689.998   30.484003092  114.326740692     7.6652   4  19   0.4935   0.4832   1.5846   0.2237  -0.0576  -0.6944  -0.00    0.0
2382 119690.998   30.483941697  114.326718452    21.2023   4  19   0.5127   0.4791   1.6418   0.2156  -0.1269  -0.7515  -0.00    0.0
2382 119691.998   30.483947651  114.326722756    21.2992   4  19   0.5025   0.4721   1.5974   0.2115  -0.1224  -0.7304  -0.00    0.0
2382 119692.998   30.483969120  114.326707546    15.7191   4  19   0.4770   0.5188   1.6122   0.2060  -0.2353  -0.6992  -0.00    0.0
2382 119693.998   30.483934111  114.326709426    20.8785   4  19   0.5292   0.4838   1.6931   0.0855   0.4169  -0.7688  -0.00    0.0
2382 119694.998   30.483970236  114.326716404    19.1884   4  18   0.4942   0.5200   1.6138   0.2166  -0.2406  -0.7061  -0.00    0.0
2382 119695.998   30.484011794  114.326740354    -6.1736   4  19   0.5616   0.4830   2.0150   0.1503   0.2711  -0.9240  -0.00    0.0
2382 119696.998   30.484054530  114.326761557   -27.1453   4  19   0.6285   0.5381   2.4624   0.2988  -0.5112  -1.1194  -0.00    0.0
2382 119697.998   30.484033414  114.326703979    -6.0289   4  17   0.6203   0.5265   2.0638   0.2073  -0.0667  -0.9707  -0.00    0.0
2382 119698.998   30.484055153  114.326773703   -19.8771   4  17   0.6946   0.6936   2.7319   0.3556  -0.7545  -1.2488  -0.00    0.0
2382 119699.998   30.484075961  114.326787702   -29.3024   4  18   0.6478   0.5719   2.5187   0.2453  -0.4082  -1.1557  -0.00    0.0
2382 119700.998   30.484021252  114.326751117    -3.3425   4  19   0.5857   0.5169   2.0946  -0.0870   0.4191  -0.9740  -0.00    0.0
2382 119701.998   30.483973692  114.326737747    15.4716   4  19   0.4621   0.5136   1.5828  -0.1686   0.5051  -0.6746  -0.00    0.0
2382 119702.998   30.483970548  114.326759096    19.5432   4  21   0.4121   0.4560   1.3837   0.0744   0.3375  -0.5459  -0.00    0.0
2382 119703.998   30.483974081  114.326752255    17.5263   4  20   0.4171   0.4566   1.3867   0.0899   0.3442  -0.5292  -0.00    0.0
2382 119704.998   30.484006448  114.326782316     9.5225   4  19   0.4799   0.5036   1.5881   0.1726   0.1527  -0.7005  -0.00    0.0
2382 119705.998   30.483959138  114.326735286    14.5960   4  20   0.4130   0.4613   1.3546   0.1201   0.3519  -0.5173  -0.00    0.0
2382 119706.998   30.483939396  114.326732544    15.0504   4  20   0.4197   0.4692   1.3945   0.1203   0.3661  -0.5316  -0.00    0.0
2382 119707.998   30.483950159  114.326740403    11.0312   4  19   0.4864   0.4947   1.5833   0.2322   0.0995  -0.6845  -0.00    0.0
2382 119708.998   30.483955293  114.326726615     5.5296   4  19   0.4862   0.4943   1.5831   0.2319   0.0997  -0.6844  -0.00    0.0
2382 119709.998   30.483951133  114.326753663    12.5738   4  17   0.5684   0.5392   2.0231   0.2112   0.3899  -0.8996  -0.00    0.0
2382 119710.998   30.483952392  114.326760404    16.3742   4  21   0.4065   0.4495   1.3538   0.0776   0.3280  -0.5350  -0.00    0.0
2382 119711.998   30.483938330  114.326756170    22.1353   4  19   0.4488   0.5082   1.6483  -0.1044   0.5284  -0.6593  -0.00    0.0
2382 119712.998   30.483930808  114.326741059    21.3438   4  21   0.4068   0.4522   1.3441   0.0772   0.3283  -0.5293  -0.00    0.0
2382 119713.998   30.483945768  114.326743429    18.3542   4  20   0.4142   0.4881   1.4036   0.1163   0.3963  -0.5342  -0.00    0.0
2382 119714.998   30.483935001  114.326730497    22.1287   4  21   0.4106   0.4554   1.3708   0.0760   0.3344  -0.5404  -0.00    0.0
2382 119715.998   30.483946474  114.326718952    19.0392   4  22   0.3767   0.4504   1.2170  -0.0702   0.3911  -0.4351  -0.00    0.0
2382 119716.998   30.483974193  114.326728648    13.5067   4  21   0.4101   0.4551   1.3684   0.0760   0.3339  -0.5394  -0.00    0.0
2382 119717.998   30.483956160  114.326717023    19.0367   4  22   0.3766   0.4503   1.2161  -0.0700   0.3908  -0.4348  -0.00    0.0
2382 119718.998   30.483942914  114.326698609    19.8872   4  23   0.3514   0.4336   1.0623   0.1074   0.2841  -0.3302  -0.00    0.0
2382 119719.998   30.483941285  114.326708899    18.5182   4  22   0.3764   0.4502   1.2148  -0.0697   0.3903  -0.4342  -0.00    0.0
2382 119720.998   30.483950165  114.326707184    17.0589   4  22   0.3764   0.4502   1.2146  -0.0696   0.3903  -0.4342  -0.00    0.0
2382 119721.998   30.483957287  114.326717398    18.4991   4  22   0.3765   0.4503   1.2150  -0.0698   0.3904  -0.4344  -0.00    0.0
2382 119722.998   30.483945629  114.326711304    23.1290   4  22   0.3765   0.4503   1.2149  -0.0697   0.3904  -0.4343  -0.00    0.0
2382 119723.998   30.483949149  114.326714170    17.4026   4  22   0.3764   0.4503   1.2148  -0.0697   0.3903  -0.4343  -0.00    0.0
2382 119724.998   30.483950025  114.326711540    12.3127   4  22   0.4098   0.4551   1.3659   0.0761   0.3336  -0.5383  -0.00    0.0
2382 119725.998   30.483947267  114.326698257    26.4113   4  19   0.4114   0.4794   1.2327  -0.1293   0.3910  -0.4537  -0.00    0.0
2382 119726.998   30.483952140  114.326709455    27.3958   4  21   0.3744   0.4768   1.1864  -0.0437   0.3674  -0.3586  -0.00    0.0
2382 119727.998   30.483981294  114.326728401    14.8745   4  19   0.4244   0.4867   1.3704   0.0415   0.3016  -0.5336  -0.00    0.0
2382 119728.998   30.483991209  114.326744602    12.4017   4  22   0.3823   0.4444   1.1553   0.1579   0.1983  -0.3951  -0.00    0.0
2382 119729.998   30.483971637  114.326737760    20.8951   4  22   0.3607   0.4338   1.0668   0.1131   0.2861  -0.3163  -0.00    0.0
2382 119730.998   30.483976432  114.326755985    21.1487   4  22   0.3607   0.4338   1.0660   0.1132   0.2858  -0.3159  -0.00    0.0
2382 119731.998   30.483987055  114.326776284    25.9504   4  21   0.3701   0.4428   1.1478   0.0736   0.3459  -0.3677  -0.00    0.0
2382 119732.998   30.483991953  114.326773524    27.6259   4  21   0.3701   0.4429   1.1480   0.0735   0.3460  -0.3678  -0.00    0.0
2382 119733.998   30.483999834  114.326739282    27.6927   4  21   0.3652   0.4714   1.1435  -0.0686   0.3356  -0.3773  -0.00    0.0
2382 119734.998   30.483982370  114.326712290    24.2042   4  19   0.3743   0.4769   1.1852  -0.0429   0.3673  -0.3580  -0.00    0.0
2382 119735.998   30.483977971  114.326733826    21.7510   4  21   0.3617   0.4378   1.0936   0.1203   0.3099  -0.3048  -0.00    0.0
2382 119736.998   30.483982878  114.326747978    24.0777   4  20   0.3701   0.4429   1.1480   0.0735   0.3460  -0.3678  -0.00    0.0
2382 119737.998   30.483983583  114.326743436    17.0707   4  19   0.4006   0.4621   1.2783   0.1545   0.2927  -0.4502  -0.00    0.0
2382 119738.998   30.483981303  114.326745642    15.9415   4  19   0.4007   0.4621   1.2791   0.1545   0.2928  -0.4506  -0.00    0.0
2382 119739.998   30.483977122  114.326744408    19.7823   4  19   0.4007   0.4622   1.2796   0.1545   0.2928  -0.4509  -0.00    0.0
2382 119740.998   30.483976317  114.326750792    22.1806   4  20   0.3911   0.4616   1.2748   0.1481   0.2885  -0.4615  -0.00    0.0
2382 119741.998   30.483972370  114.326741312    19.5540   4  19   0.4007   0.4622   1.2797   0.1545   0.2928  -0.4509  -0.00    0.0
2382 119742.998   30.483971062  114.326727854    19.1345   4  20   0.3911   0.4616   1.2748   0.1481   0.2886  -0.4615  -0.00    0.0
2382 119743.998   30.483972509  114.326732345    16.9104   4  20   0.3911   0.4617   1.2748   0.1481   0.2886  -0.4615  -0.00    0.0
2382 119744.998   30.483965437  114.326719465    19.6502   4  20   0.3911   0.4617   1.2748   0.1481   0.2886  -0.4615  -0.00    0.0
2382 119745.998   30.483973419  114.326702165    17.5639   4  21   0.3753   0.4560   1.1528   0.1727   0.2102  -0.3914  -0.00    0.0
2382 119746.998   30.483968349  114.326703756    18.3363   4  22   0.3520   0.4375   1.0863   0.1144   0.3060  -0.3208  -0.00    0.0
2382 119747.998   30.483966290  114.326694075    17.6833   4  22   0.3520   0.4375   1.0858   0.1145   0.3058  -0.3206  -0.00    0.0
2382 119748.998   30.483968111  114.326679503    18.8036   4  22   0.3519   0.4375   1.0856   0.1145   0.3058  -0.3204  -0.00    0.0
2382 119749.998   30.483971862  114.326648240    17.4162   4  21   0.3554   0.4646   1.0872   0.0730   0.2898  -0.3156  -0.00    0.0
2382 119750.998   30.483964791  114.326638976    14.2964   4  19   0.3897   0.4939   1.1782   0.1179   0.3561  -0.3787  -0.00    0.0
2382 119751.998   30.483946866  114.326671073     9.3244   4  22   0.3519   0.4376   1.0856   0.1146   0.3059  -0.3204  -0.00    0.0
2382 119752.998   30.483960448  114.326665371     8.6832   4  21   0.3613   0.4481   1.1773   0.0725   0.3708  -0.3740  -0.00    0.0
2382 119753.998   30.483967053  114.326658278     9.4197   4  21   0.3613   0.4481   1.1773   0.0725   0.3708  -0.3740  -0.00    0.0
2382 119754.998   30.483970846  114.326626067    10.6764   4  20   0.3654   0.4767   1.1780  -0.0606   0.3637  -0.3717  -0.00    0.0
2382 119755.998   30.483968362  114.326628438    11.4817   4  20   0.3654   0.4767   1.1780  -0.0606   0.3637  -0.3717  -0.00    0.0
2382 119756.998   30.483952247  114.326643541    14.0294   4  20   0.3706   0.4489   1.1853   0.0863   0.3757  -0.3588  -0.00    0.0
2382 119757.998   30.483952249  114.326652917    14.8237   4  21   0.3613   0.4482   1.1775   0.0726   0.3710  -0.3741  -0.00    0.0
2382 119758.998   30.483970301  114.326633332    12.8510   4  20   0.3654   0.4768   1.1779  -0.0605   0.3638  -0.3716  -0.00    0.0
2382 119759.998   30.483978922  114.326641044    10.9148   4  20   0.3654   0.4768   1.1779  -0.0605   0.3638  -0.3716  -0.00    0.0
2382 119760.998   30.483975598  114.326682394    13.6915   4  20   0.3705   0.4486   1.1842   0.0828   0.3743  -0.3598  -0.00    0.0
2382 119761.998   30.483976617  114.326693309    12.8401   4  20   0.3705   0.4486   1.1842   0.0829   0.3743  -0.3598  -0.00    0.0
2382 119762.998   30.483972035  114.326678644     9.2310   4  20   0.3705   0.4486   1.1842   0.0829   0.3743  -0.3597  -0.00    0.0
2382 119763.998   30.483964010  114.326678407     8.8537   4  21   0.3616   0.4380   1.0921   0.1214   0.3094  -0.3038  -0.00    0.0
2382 119764.998   30.483973211  114.326665099    11.3942   4  20   0.3646   0.4654   1.0933   0.0855   0.2944  -0.2993  -0.00    0.0
2382 119765.998   30.483971972  114.326727972    15.4046   4  20   0.3705   0.4487   1.1834   0.0832   0.3741  -0.3594  -0.00    0.0
2382 119766.998   30.483994904  114.326743141    11.6454   4  20   0.4101   0.4764   1.2978   0.2297  -0.1964  -0.5019  -0.00    0.0
2382 119767.998   30.483971357  114.326733248    15.1998   4  22   0.3519   0.4377   1.0853   0.1151   0.3055  -0.3202  -0.00    0.0
2382 119768.998   30.483938028  114.326732744    11.7841   4  22   0.3518   0.4377   1.0849   0.1152   0.3053  -0.3201  -0.00    0.0
2382 119769.998   30.483916849  114.326723100    12.3279   4  22   0.3518   0.4377   1.0844   0.1152   0.3053  -0.3198  -0.00    0.0
2382 119770.998   30.483890544  114.326714840    13.0197   4  22   0.3707   0.4440   1.1463   0.1522   0.1929  -0.4011  -0.00    0.0
2382 119771.998   30.483852978  114.326682535    12.5307   4  20   0.4082   0.4682   1.3487   0.1135   0.3437  -0.5155  -0.00    0.0
2382 119772.998   30.483844084  114.326681101    13.2634   4  20   0.3968   0.4558   1.1023   0.1883   0.3058  -0.3022  -0.00    0.0
2382 119773.998   30.483828963  114.326655379    12.3860   4  20   0.3657   0.4912   1.1978   0.1092   0.4508  -0.3059  -0.00    0.0
2382 119774.998   30.483817657  114.326622341    14.4904   4  22   0.3518   0.4378   1.0845   0.1154   0.3055  -0.3198  -0.00    0.0
2382 119775.998   30.483812397  114.326589044    12.9198   4  20   0.3846   0.4407   1.1375   0.1456   0.3327  -0.2214  -0.00    0.0
2382 119776.998   30.483812070  114.326529130    12.7736   4  23   0.3518   0.4378   1.0841   0.1155   0.3053  -0.3196  -0.00    0.0
2382 119777.998   30.483801624  114.326469810    12.6375   4  21   0.3760   0.4563   1.2461  -0.0612   0.4150  -0.4287  -0.00    0.0
2382 119778.998   30.483816864  114.326388543     9.6632   4  22   0.3759   0.4505   1.2080  -0.0668   0.3873  -0.4323  -0.00    0.0
2382 119779.998   30.483832969  114.326334486    11.5285   4  20   0.3895   0.4835   1.2369  -0.0892   0.4225  -0.4117  -0.00    0.0
2382 119780.998   30.483844046  114.326262225    10.7623   4  20   0.4014   0.4530   1.2535   0.0472   0.4074  -0.3743  -0.00    0.0
2382 119781.998   30.483860356  114.326186987    10.2930   4  20   0.3885   0.4581   1.2776   0.0059   0.4283  -0.3962  -0.00    0.0
2382 119782.998   30.483862019  114.326124684    14.8859   4  23   0.3509   0.4338   1.0573   0.1091   0.2811  -0.3288  -0.00    0.0
2382 119783.998   30.483870337  114.326042053    18.7752   4  21   0.3715   0.4358   1.0898   0.1295   0.2990  -0.2749  -0.00    0.0
2382 119784.998   30.483873960  114.325960513    13.4784   4  20   0.3864   0.4581   1.2663  -0.0091   0.4258  -0.4038  -0.00    0.0
2382 119785.998   30.483874663  114.325894530    14.3776   4  22   0.3636   0.4347   1.0700   0.1204   0.2887  -0.3032  -0.00    0.0
2382 119786.998   30.483890932  114.325814733    16.2528   4  20   0.4007   0.4546   1.1653   0.1844   0.1998  -0.3351  -0.00    0.0
2382 119787.998   30.483912020  114.325752698    13.0754   4  20   0.3843   0.5178   1.1952   0.1644   0.3405  -0.3724  -0.00    0.0
2382 119788.998   30.483911968  114.325713641    15.0098   4  21   0.3650   0.4390   1.1001   0.1287   0.3147  -0.2891  -0.00    0.0
2382 119789.998   30.483911314  114.325678936    13.1003   4  21   0.3653   0.4603   1.0697   0.0957   0.2933  -0.3042  -0.00    0.0
2382 119790.998   30.483922227  114.325647790    17.5247   4  20   0.3852   0.4566   1.1877   0.1783   0.2228  -0.3541  -0.00    0.0
2382 119791.998   30.483941906  114.325633942    17.8718   4  21   0.3650   0.4391   1.0997   0.1287   0.3146  -0.2889  -0.00    0.0
2382 119792.998   30.483951250  114.325612277    14.8581   4  21   0.3742   0.4363   1.0851   0.1337   0.2999  -0.2747  -0.00    0.0
2382 119793.998   30.483988495  114.325621482    16.5586   4  21   0.3759   0.4564   1.2445  -0.0601   0.4144  -0.4280  -0.00    0.0
2382 119794.998   30.483988311  114.325612284    12.8554   4  20   0.3937   0.4528   1.2396   0.0284   0.4023  -0.3910  -0.00    0.0
2382 119795.998   30.484006272  114.325614052    14.0003   4  20   0.4055   0.4824   1.4673  -0.1322   0.5407  -0.4908  -0.00    0.0
2382 119796.998   30.484038877  114.325606844    13.3637   4  20   0.3832   0.4581   1.2595  -0.0300   0.4235  -0.4129  -0.00    0.0
2382 119797.998   30.484078197  114.325611677     7.2300   4  20   0.3883   0.4583   1.2774   0.0117   0.4284  -0.3957  -0.00    0.0
2382 119798.998   30.484111962  114.325601560     5.2010   4  20   0.3975   0.4788   1.4186  -0.1492   0.5199  -0.5207  -0.00    0.0
2382 119799.998   30.484142710  114.325638276     6.6064   4  19   0.3932   0.4957   1.3142   0.1091   0.4919  -0.3706  -0.00    0.0
2382 119800.998   30.484167678  114.325648626     8.8211   4  18   0.4058   0.5831   1.4599  -0.1778   0.5487  -0.5298  -0.00    0.0
2382 119801.998   30.484177337  114.325666676    12.1881   4  22   0.3517   0.4381   1.0841   0.1161   0.3054  -0.3194  -0.00    0.0
2382 119802.998   30.484190209  114.325654277    10.1985   4  23   0.3508   0.4340   1.0559   0.1096   0.2802  -0.3285  -0.00    0.0
2382 119803.998   30.484192094  114.325653425    11.1063   4  21   0.3758   0.4565   1.2435  -0.0596   0.4142  -0.4277  -0.00    0.0
2382 119804.998   30.484193123  114.325666847    16.7274   4  23   0.3507   0.4339   1.0552   0.1098   0.2798  -0.3283  -0.00    0.0
2382 119805.998   30.484202933  114.325651384    18.3910   4  23   0.3507   0.4339   1.0551   0.1098   0.2798  -0.3283  -0.00    0.0
2382 119806.998   30.484217979  114.325650358    13.0141   4  19   0.3944   0.4575   1.3305   0.1396   0.3333  -0.4240  -0.00    0.0
2382 119807.998   30.484262330  114.325655926    14.9191   4  20   0.4109   0.4860   1.4393   0.1233   0.1531  -0.5554  -0.00    0.0
2382 119808.998   30.484311197  114.325649082    14.3544   4  21   0.3759   0.4566   1.2453  -0.0597   0.4146  -0.4284  -0.00    0.0
2382 119809.998   30.484374057  114.325657514    13.5991   4  19   0.3882   0.4792   1.3292   0.0145   0.3620  -0.3951  -0.00    0.0
2382 119810.998   30.484424284  114.325686140    17.5299   4  21   0.3759   0.4567   1.2445  -0.0596   0.4146  -0.4281  -0.00    0.0
2382 119811.998   30.484477014  114.325713193    10.6871   4  19   0.5495   0.4823   1.9546   0.1397   0.2862  -0.8946  -0.00    0.0
2382 119812.998   30.484490286  114.325697594    15.0251   4  21   0.4036   0.4571   1.2845   0.1125   0.3025  -0.5088  -0.00    0.0
2382 119813.998   30.484495775  114.325704050    15.7626   4  19   0.4243   0.4737   1.3604   0.1411   0.3527  -0.5120  -0.00    0.0
2382 119814.998   30.484508224  114.325719122    12.3497   4  18   0.4678   0.4864   1.6023  -0.0497   0.4691  -0.6556  -0.00    0.0
2382 119815.998   30.484492604  114.325737085    23.4861   4  21   0.3725   0.4510   1.2242  -0.0568   0.4061  -0.4220  -0.00    0.0
2382 119816.998   30.484517753  114.325801044    21.7792   4  20   0.4092   0.4695   1.3583   0.1134   0.3463  -0.5194  -0.00    0.0
2382 119817.998   30.484512231  114.325825552    26.4195   4  20   0.3833   0.4587   1.2580  -0.0251   0.4231  -0.4123  -0.00    0.0
2382 119818.998   30.484511064  114.325856650    25.6064   4  22   0.3758   0.4507   1.2045  -0.0652   0.3855  -0.4316  -0.00    0.0
2382 119819.998   30.484511471  114.325909906    29.7717   4  21   0.3868   0.4507   1.2056  -0.0605   0.3858  -0.4245  -0.00    0.0
2382 119820.998   30.484504497  114.325928933    30.7086   4  22   0.3757   0.4506   1.2036  -0.0650   0.3852  -0.4312  -0.00    0.0
2382 119821.998   30.484498443  114.325947604    32.4592   4  20   0.4059   0.4705   1.3623  -0.1375   0.4844  -0.5055  -0.00    0.0
2382 119822.998   30.484521539  114.325945168    22.2665   4  21   0.4078   0.4638   1.2996   0.1147   0.3079  -0.5136  -0.00    0.0
2382 119823.998   30.484533406  114.325923942    12.0580   4  20   0.4505   0.5038   1.6133   0.0751   0.2973  -0.6646  -0.00    0.0
2382 119824.998   30.484476572  114.325912565    22.1860   4  21   0.3785   0.4460   1.1966  -0.0335   0.3840  -0.4109  -0.00    0.0
2382 119825.998   30.484469453  114.325926874    30.7237   4  20   0.4239   0.4587   1.3906   0.1046   0.3518  -0.5010  -0.00    0.0
2382 119826.998   30.484493647  114.325951315    19.5842   4  20   0.4155   0.4652   1.3022   0.1043   0.3044  -0.5093  -0.00    0.0
2382 119827.998   30.484504806  114.325941133    11.5850   4  21   0.4506   0.5039   1.6134   0.0753   0.2969  -0.6647  -0.00    0.0
2382 119828.998   30.484467834  114.325934395    24.0597   4  21   0.4189   0.4731   1.3366  -0.0716   0.4506  -0.5274  -0.00    0.0
2382 119829.998   30.484477085  114.325946842    22.0144   4  20   0.4666   0.4977   1.6992  -0.0400   0.3344  -0.6948  -0.00    0.0
2382 119830.998   30.484484240  114.325975513    25.5156   4  21   0.3847   0.4477   1.1880  -0.0569   0.3786  -0.4186  -0.00    0.0
2382 119831.998   30.484457303  114.325969942    25.3614   4  21   0.3877   0.4518   1.2128  -0.0616   0.3882  -0.4274  -0.00    0.0
2382 119832.998   30.484449086  114.325947998    20.0886   4  20   0.3989   0.5075   1.3920  -0.1233   0.5394  -0.5071  -0.00    0.0
2382 119833.998   30.484429548  114.325930915    18.5589   4  23   0.3506   0.4341   1.0539   0.1104   0.2788  -0.3281  -0.00    0.0
2382 119834.998   30.484398308  114.325930757    20.3124   4  22   0.3756   0.4507   1.2022  -0.0644   0.3846  -0.4308  -0.00    0.0
2382 119835.998   30.484387892  114.325921226    15.8538   4  21   0.3972   0.4697   1.3537  -0.1458   0.4799  -0.5158  -0.00    0.0
2382 119836.998   30.484359653  114.325910371    23.9911   4  21   0.4066   0.4554   1.3436   0.0779   0.3295  -0.5284  -0.00    0.0
2382 119837.998   30.484343196  114.325935295    24.7887   4  20   0.4089   0.4855   1.3454  -0.0328   0.3449  -0.5311  -0.00    0.0
2382 119838.998   30.484349322  114.325940760    17.0638   4  21   0.3974   0.4698   1.3554  -0.1461   0.4804  -0.5167  -0.00    0.0
2382 119839.998   30.484364678  114.325952336    10.2330   4  20   0.4148   0.4641   1.3306   0.1204   0.3148  -0.4913  -0.00    0.0
2382 119840.998   30.484378610  114.325991649    10.3222   4  19   0.5480   0.4824   1.9472   0.1369   0.2901  -0.8910  -0.00    0.0
2382 119841.998   30.484332205  114.325960826    27.1647   4  19   0.3794   0.4726   1.2844   0.0231   0.3508  -0.4119  -0.00    0.0
2382 119842.998   30.484374791  114.325969427    16.2412   4  17   0.6449   0.5362   2.9478   0.2769  -0.4729  -1.2275  -0.00    0.0
2382 119843.998   30.484362119  114.325978772    28.3498   4  20   0.3961   0.4762   1.4097  -0.1473   0.5143  -0.5184  -0.00    0.0
2382 119844.998   30.484355942  114.325950900    36.6366   4  19   0.3881   0.4804   1.2987  -0.0294   0.3544  -0.4259  -0.00    0.0
2382 119845.998   30.484351295  114.325942597    36.3988   4  19   0.4242   0.4908   1.4855   0.1315   0.2170  -0.5532  -0.00    0.0
2382 119846.998   30.484364312  114.325955025    25.8859   4  20   0.4199   0.4640   1.2988   0.1203   0.3071  -0.5096  -0.00    0.0
2382 119847.998   30.484374989  114.325958564    26.2194   4  20   0.4199   0.4639   1.2985   0.1203   0.3069  -0.5095  -0.00    0.0
2382 119848.998   30.484359105  114.325947141    34.0322   4  19   0.4229   0.4967   1.3719   0.1533   0.1230  -0.5310  -0.00    0.0
2382 119849.998   30.484378332  114.325972410    26.1573   4  19   0.4836   0.4778   1.5405   0.2048  -0.0286  -0.6772  -0.00    0.0
2382 119850.998   30.484380728  114.325965698    22.7389   4  21   0.3868   0.4508   1.2033  -0.0587   0.3842  -0.4242  -0.00    0.0
2382 119851.998   30.484340470  114.325968844    32.9898   4  18   0.4579   0.6013   1.7564  -0.1460   0.5632  -0.7064  -0.00    0.0
2382 119852.998   30.484389023  114.325950545    12.1149   4  20   0.5497   0.4764   1.8759   0.1391   0.2904  -0.8639  -0.00    0.0
2382 119853.998   30.484414315  114.325945582     3.9138   4  19   0.4573   0.4721   1.5692  -0.1200   0.4548  -0.6510  -0.00    0.0
2382 119854.998   30.484352891  114.325959791    24.6621   4  20   0.4473   0.4774   1.5321  -0.0814   0.4271  -0.6423  -0.00    0.0
2382 119855.998   30.484385089  114.325965851    21.5769   4  18   0.5691   0.4832   1.9565   0.1459   0.2872  -0.9056  -0.00    0.0
2382 119856.998   30.484380600  114.325980093    24.3699   4  21   0.3837   0.4453   1.1897  -0.0575   0.3771  -0.4216  -0.00    0.0
2382 119857.998   30.484376855  114.325961080    25.3724   4  19   0.4859   0.4788   1.5549   0.2054  -0.0320  -0.6839  -0.00    0.0
2382 119858.998   30.484407520  114.325976047    11.2410   4  19   0.4563   0.4718   1.5609  -0.1187   0.4525  -0.6474  -0.00    0.0
2382 119859.998   30.484387944  114.325955560    22.6948   4  18   0.6264   0.5347   2.3326   0.2858  -0.4588  -1.0738  -0.00    0.0
2382 119860.998   30.484375125  114.325976200    22.6463   4  19   0.4532   0.4693   1.4991  -0.0662   0.4108  -0.6287  -0.00    0.0
2382 119861.998   30.484388064  114.325960323    23.3348   4  18   0.4661   0.5056   1.6292   0.0824   0.3005  -0.6733  -0.00    0.0
2382 119862.998   30.484396279  114.325983729    18.2735   4  20   0.3934   0.4495   1.1973   0.0163   0.3858  -0.4000  -0.00    0.0
2382 119863.998   30.484372384  114.325976110    26.3365   4  20   0.4210   0.4649   1.3064   0.1203   0.3086  -0.5131  -0.00    0.0
2382 119864.998   30.484358509  114.325979213    27.3089   4  20   0.4199   0.4643   1.2972   0.1208   0.3062  -0.5092  -0.00    0.0
2382 119865.998   30.484379156  114.325986037    20.5737   4  21   0.3866   0.4509   1.2009  -0.0577   0.3834  -0.4234  -0.00    0.0
2382 119866.998   30.484387259  114.325944981    15.7919   4  19   0.4575   0.4763   1.5143  -0.0718   0.4221  -0.6338  -0.00    0.0
2382 119867.998   30.484405376  114.325956169    10.1151   4  19   0.4086   0.4805   1.4181  -0.1464   0.5218  -0.5136  -0.00    0.0
2382 119868.998   30.484390451  114.325971888    16.7429   4  21   0.3866   0.4509   1.2014  -0.0580   0.3837  -0.4237  -0.00    0.0
2382 119869.998   30.484381346  114.325966049    15.7895   4  21   0.3865   0.4509   1.2004  -0.0577   0.3835  -0.4232  -0.00    0.0
2382 119870.998   30.484369114  114.325953808    18.4159   4  20   0.4195   0.4639   1.2947   0.1206   0.3058  -0.5082  -0.00    0.0
2382 119871.998   30.484350362  114.325953961    11.3545   4  21   0.3826   0.4525   1.2107  -0.0305   0.3914  -0.4145  -0.00    0.0
2382 119872.998   30.484401038  114.325934697     3.1029   4  20   0.4084   0.4702   1.3524  -0.1446   0.4796  -0.5112  -0.00    0.0
2382 119874.000   30.484369122  114.325943824     2.5747   4  19   0.4061   0.4815   1.4211  -0.1403   0.5248  -0.5092  -0.00    0.0
2382 119875.000   30.484356661  114.325965256     6.2023   4  20   0.4108   0.5001   1.4212  -0.1916   0.5372  -0.5320  -0.00    0.0
2382 119876.000   30.484344362  114.325970385    19.3831   4  20   0.4073   0.4687   1.3437   0.1146   0.3427  -0.5131  -0.00    0.0
2382 119877.000   30.484371735  114.325962485    13.4043   4  21   0.3865   0.4509   1.2001  -0.0574   0.3832  -0.4232  -0.00    0.0
2382 119878.000   30.484386410  114.325947491     3.5194   4  20   0.4085   0.4806   1.4165  -0.1461   0.5215  -0.5130  -0.00    0.0
2382 119879.000   30.484384252  114.325943214     1.2289   4  19   0.4576   0.4764   1.5144  -0.0728   0.4227  -0.6341  -0.00    0.0
2382 119880.000   30.484379900  114.325949713     6.1116   4  19   0.4578   0.4765   1.5162  -0.0734   0.4231  -0.6349  -0.00    0.0
2382 119881.000   30.484332832  114.325963070    18.7191   4  20   0.4074   0.4687   1.3440   0.1148   0.3423  -0.5134  -0.00    0.0
2382 119882.000   30.484341850  114.325972581    10.1974   4  20   0.4451   0.4764   1.5155  -0.0789   0.4226  -0.6356  -0.00    0.0
2382 119883.000   30.484343060  114.326002649    11.2113   4  22   0.5457   0.4824   1.9363   0.1331   0.2953  -0.8857  -0.00    0.0
2382 119884.000   30.484348629  114.326018355    20.3788   4  20   0.4149   0.4574   1.2790   0.1185   0.2996  -0.5041  -0.00    0.0
2382 119885.000   30.484370476  114.325976853     6.8267   4  18   0.4684   0.5741   1.7046  -0.1846   0.6493  -0.6913   1.00    0.0
2382 119886.000   30.484343262  114.326016900    11.6620   4  20   0.4399   0.4731   1.4807  -0.0733   0.4139  -0.6202   2.00    0.0
