week,sow,datetime,pos_x,pos_y,pos_z,lat_deg,lon_deg,height_m,vel_x,vel_y,vel_z,att_roll,att_pitch,att_yaw
2046,357453.0,2019-03-28 03:17:33.000000,-2408694.4740000004,4698106.45,3566698.3650000007,34.22029149639417,117.14397576366628,35.578496700152755,0.0010000000000000005,0.006999999999999999,-1.3523897279821284e-11,0.774913,0.158687,289.96497999999997
2046,357454.0,2019-03-28 03:17:34.000000,-2408694.4740000004,4698106.45,3566698.3650000007,34.22029149639417,117.14397576366628,35.578496700152755,0.001,0.006,-1.1439225868631331e-11,0.77379,0.158638,289.964222
2046,357455.0,2019-03-28 03:17:35.000000,-2408694.4740000004,4698106.45,3566698.3650000007,34.22029149639417,117.14397576366628,35.578496700152755,-0.0009999999999999998,0.003999999999999999,-9.407484123299947e-12,0.773264,0.158241,289.96326799999997
2046,357456.0,2019-03-28 03:17:36.000000,-2408694.4740000004,4698106.45,3566698.3650000007,34.22029149639417,117.14397576366628,35.578496700152755,-0.0009999999999999998,0.0019999999999999996,-5.238141951441344e-12,0.772523,0.157787,289.963267
2046,357457.0,2019-03-28 03:17:37.000000,-2408694.4740000004,4698106.45,3566698.3650000007,34.22029149639417,117.14397576366628,35.578496700152755,-0.0009999999999999998,0.0019999999999999996,-5.238141951441344e-12,0.772012,0.15714,289.962574
2046,357458.0,2019-03-28 03:17:38.000000,-2408694.4740000004,4698106.45,3566698.3650000007,34.22029149639417,117.14397576366628,35.578496700152755,5.421010862427522e-20,0.001,-2.0846709775090844e-12,0.771376,0.157099,289.962006
2046,357459.0,2019-03-28 03:17:39.000000,-2408694.4740000004,4698106.45,3566698.3650000007,34.22029149639417,117.14397576366628,35.578496700152755,-1.0687999151080124e-12,2.0846711401394102e-12,0.001,0.770881,0.156624,289.961103
2046,357460.0,2019-03-28 03:17:40.000000,-2408694.4740000004,4698106.45,3566698.3650000007,34.22029149639417,117.14397576366628,35.578496700152755,1.0687999151080124e-12,-2.0846711401394102e-12,-0.001,0.770628,0.156752,289.9607
2046,357461.0,2019-03-28 03:17:41.000000,-2408694.4740000004,4698106.45,3566698.3650000007,34.22029149639417,117.14397576366628,35.578496700152755,-0.0009999999999999998,0.0009999999999999996,-3.1534709739322597e-12,0.77021,0.15588,289.960083
2046,357462.0,2019-03-28 03:17:42.000000,-2408694.4740000004,4698106.45,3566698.3650000007,34.22029149639417,117.14397576366628,35.578496700152755,1.0687998880029581e-12,-0.001000000002084671,-0.000999999997915329,0.76985,0.155314,289.95923600000003
2046,357463.0,2019-03-28 03:17:43.000000,-2408694.4740000004,4698106.45,3566698.3650000007,34.22029149639417,117.14397576366628,35.578496700152755,-1.0687999422130667e-12,-0.0009999999979153288,0.001000000002084671,0.769508,0.155076,289.958643
2046,357464.0,2019-03-28 03:17:44.000000,-2408694.4740000004,4698106.45,3566698.3650000007,34.22029149639417,117.14397576366628,35.578496700152755,1.0687999422130667e-12,0.0009999999979153288,-0.001000000002084671,0.768834,0.154629,289.95779600000003
2046,357465.0,2019-03-28 03:17:45.000000,-2408694.4740000004,4698106.45,3566698.3650000007,34.22029149639417,117.14397576366628,35.578496700152755,0.0010000000010687998,-2.0846709775090844e-12,-0.0009999999989312,0.768332,0.154487,289.956879
2046,357466.0,2019-03-28 03:17:46.000000,-2408694.4740000004,4698106.45,3566698.3650000007,34.22029149639417,117.14397576366628,35.578496700152755,1.0687999422130667e-12,0.0009999999979153288,-0.001000000002084671,0.768236,0.154244,289.956168
2046,357467.0,2019-03-28 03:17:47.000000,-2408694.4740000004,4698106.45,3566698.3650000007,34.22029149639417,117.14397576366628,35.578496700152755,2.137599830216025e-12,-4.1693422802788205e-12,-0.002,0.768138,0.153982,289.955599
2046,357468.0,2019-03-28 03:17:48.000000,-2408694.4740000004,4698106.45,3566698.3650000007,34.22029149639417,117.14397576366628,35.578496700152755,-0.0009999999989312002,-2.0846712485596275e-12,-0.0010000000010687998,0.76828,0.153836,289.954806
2046,357469.0,2019-03-28 03:17:49.000000,-2408694.4740000004,4698106.45,3566698.3650000007,34.22029149639417,117.14397576366628,35.578496700152755,-5.421010862427522e-20,-0.001,2.0846709775090844e-12,0.768809,0.153741,289.954332
2046,357470.0,2019-03-28 03:17:50.000000,-2408694.4740000004,4698106.45,3566698.3650000007,34.22029149639417,117.14397576366628,35.578496700152755,-0.001,-0.002,3.1005420670152106e-12,0.768748,0.153345,289.953551
2046,357471.0,2019-03-28 03:17:51.000000,-2408694.4740000004,4698106.45,3566698.3650000007,34.22029149639417,117.14397576366628,35.578496700152755,-1.0842021724855044e-19,-0.002,4.169341955018169e-12,0.768785,0.1529,289.953263
2046,357472.0,2019-03-28 03:17:52.000000,-2408694.4740000004,4698106.45,3566698.3650000007,34.22029149639417,117.14397576366628,35.578496700152755,0.0010000000021375996,-0.001000000004169342,-0.001999999996846529,0.771165,0.149885,289.952263
2046,357473.0,2019-03-28 03:17:53.000000,-2408694.4740000004,4698106.45,3566698.3650000007,34.22029149639417,117.14397576366628,35.578496700152755,5.421010862427522e-20,0.001,-2.0846709775090844e-12,0.774957,0.144397,289.95027
2046,357474.0,2019-03-28 03:17:54.000000,-2408694.4740000004,4698106.45,3566698.3650000007,34.22029149639417,117.14397576366628,35.578496700152755,5.421010862427522e-20,0.001,-2.0846709775090844e-12,0.778186,0.140403,289.94858
2046,357475.0,2019-03-28 03:17:55.000000,-2408694.4740000004,4698106.45,3566698.3650000007,34.22029149639417,117.14397576366628,35.578496700152755,0.0009999999989312,0.0010000000020846712,0.000999999998984129,0.782321,0.137111,289.948448
2046,357476.0,2019-03-28 03:17:56.000000,-2408694.4740000004,4698106.45,3566698.3650000007,34.22029149639417,117.14397576366628,35.578496700152755,2.1375998844261335e-12,0.0019999999958306577,-0.002000000004169342,0.767172,0.148655,289.95070499999997
2046,357477.0,2019-03-28 03:17:57.000000,-2408694.4740000004,4698106.45,3566698.3650000007,34.22029149639417,117.14397576366628,35.578496700152755,0.006000000002137599,0.0019999999958306577,-0.001999999997756543,0.809785,0.104186,289.942657
2046,357478.0,2019-03-28 03:17:58.000000,-2408694.4740000004,4698106.45,3566698.3650000007,34.22029149639417,117.14397576366628,35.578496700152755,-0.009999999994655999,-0.004000000010423355,-0.005000000002349314,0.814991,0.090456,289.945652
2046,357479.0,2019-03-28 03:17:59.000000,-2408694.4740000004,4698106.45,3566698.3650000007,34.22029149639417,117.14397576366628,35.578496700152755,-0.008999999996793597,-0.004000000006254013,-0.003000000001280515,0.792704,0.115543,289.943491
2046,357480.0,2019-03-28 03:18:00.000000,-2408694.4740000004,4698106.45,3566698.3650000007,34.22029149639417,117.14397576366628,35.578496700152755,2.137599667585699e-12,-0.001000000004169342,-0.001999999997915329,0.776376,0.135866,289.944661
2046,357481.0,2019-03-28 03:18:01.000000,-2408694.4740000004,4698106.45,3566698.3650000007,34.22029149639417,117.14397576366628,35.578496700152755,-0.001,-0.0029999999999999996,5.185213152944512e-12,0.769218,0.143514,289.948537
2046,357482.0,2019-03-28 03:18:02.000000,-2408694.4740000004,4698106.45,3566698.3650000007,34.22029149639417,117.14397576366628,35.578496700152755,-1.0842021724855044e-19,-0.0029999999999999996,6.254012932527253e-12,0.768017,0.145871,289.947413
2046,357483.0,2019-03-28 03:18:03.000000,-2408694.4740000004,4698106.45,3566698.3650000007,34.22029149639417,117.14397576366628,35.578496700152755,-0.0009999999989312,-0.002000000002084671,-0.0009999999968994578,0.791729,0.118971,289.941988
2046,357484.0,2019-03-28 03:18:04.000000,-2408694.4740000004,4698106.45,3566698.3650000007,34.22029149639417,117.14397576366628,35.578496700152755,1.0687998880029581e-12,-0.001000000002084671,-0.000999999997915329,0.795185,0.113224,289.93958399999997
2046,357485.0,2019-03-28 03:18:05.000000,-2408694.4740000004,4698106.45,3566698.3650000007,34.22029149639417,117.14397576366628,35.578496700152755,0.0010000000010687998,-2.0846709775090844e-12,-0.0009999999989312,0.799503,0.106478,289.936777
2046,357486.0,2019-03-28 03:18:06.000000,-2408694.4740000004,4698106.45,3566698.3650000007,34.22029149639417,117.14397576366628,35.578496700152755,2.137599830216025e-12,-4.1693422802788205e-12,-0.002,0.801604,0.107406,289.935255
2046,357487.0,2019-03-28 03:18:07.000000,-2408694.4740000004,4698106.45,3566698.3650000007,34.22029149639417,117.14397576366628,35.578496700152755,3.2063996640088743e-12,-6.254013366208122e-12,-0.003,0.804841,0.102259,289.933491
2046,357488.0,2019-03-28 03:18:08.000000,-2408694.4740000004,4698106.45,3566698.3650000007,34.22029149639417,117.14397576366628,35.578496700152755,0.0010000000021375998,0.0009999999958306576,-0.002000000001015871,0.804959,0.096945,289.93278599999996
2046,357489.0,2019-03-28 03:18:09.000000,-2408694.4740000004,4698106.45,3566698.3650000007,34.22029149639417,117.14397576366628,35.578496700152755,-0.0010000000010687998,0.0010000000020846708,0.0009999999968465288,0.805374,0.095523,289.93242
2046,357490.0,2019-03-28 03:18:10.000000,-2408694.4740000004,4698106.45,3566698.3650000007,34.22029149639417,117.14397576366628,35.578496700152755,-0.0010000000021375996,0.001000000004169342,0.001999999996846529,0.802986,0.09468,289.931331
2046,357491.0,2019-03-28 03:18:11.000000,-2408694.4740000004,4698106.45,3566698.3650000007,34.22029149639417,117.14397576366628,35.578496700152755,-0.0020000000021375996,0.0020000000041693416,0.0019999999936930577,0.803184,0.092766,289.930834
2046,357492.0,2019-03-28 03:18:12.000000,-2408694.4740000004,4698106.45,3566698.3650000007,34.22029149639417,117.14397576366628,35.578496700152755,-0.0020000000010687996,0.00300000000208467,0.000999999991608387,0.802159,0.090955,289.93022
2046,357493.0,2019-03-28 03:18:13.000000,-2408694.4740000004,4698106.45,3566698.3650000007,34.22029149639417,117.14397576366628,35.578496700152755,5.421010862427522e-20,0.001,-2.0846709775090844e-12,0.801556,0.089169,289.929706
2046,357494.0,2019-03-28 03:18:14.000000,-2408694.4740000004,4698106.45,3566698.3650000007,34.22029149639417,117.14397576366628,35.578496700152755,-0.0010000000010687998,0.002000000002084671,0.0009999999947618579,0.797985,0.09427,289.929964
2046,357495.0,2019-03-28 03:18:15.000000,-2408694.4740000004,4698106.45,3566698.3650000007,34.22029149639417,117.14397576366628,35.578496700152755,-0.0019999999989312,-2.084671221454573e-12,-0.0010000000021375998,0.794315,0.098506,289.930233
2046,357496.0,2019-03-28 03:18:16.000000,-2408694.4740000004,4698106.45,3566698.3650000007,34.22029149639417,117.14397576366628,35.578496700152755,-0.0019999999989312,-2.084671221454573e-12,-0.0010000000021375998,0.799118,0.097005,289.929447
2046,357497.0,2019-03-28 03:18:17.000000,-2408694.4740000004,4698106.45,3566698.3650000007,34.22029149639417,117.14397576366628,35.578496700152755,-0.001,-5.421010862427522e-20,-1.0687998880029581e-12,0.80348,0.094552,289.928449
2046,357498.0,2019-03-28 03:18:18.000000,-2408694.4740000004,4698106.45,3566698.3650000007,34.22029149639417,117.14397576366628,35.578496700152755,1.0687999151080124e-12,-2.0846711401394102e-12,-0.001,0.802953,0.093822,289.927363
2046,357499.0,2019-03-28 03:18:19.000000,-2408694.4740000004,4698106.45,3566698.3650000007,34.22029149639417,117.14397576366628,35.578496700152755,-1.0687999151080124e-12,2.0846711401394102e-12,0.001,0.809993,0.093779,289.929406
2046,357500.0,2019-03-28 03:18:20.000000,-2408694.4740000004,4698106.45,3566698.3650000007,34.22029149639417,117.14397576366628,35.578496700152755,-0.0010000000010688,-0.000999999997915329,0.001000000001015871,0.808603,0.099757,289.931313
2046,357501.0,2019-03-28 03:18:21.000000,-2408694.4740000004,4698106.45,3566698.3650000007,34.22029149639417,117.14397576366628,35.578496700152755,-0.0010000000010688,-0.000999999997915329,0.001000000001015871,0.810445,0.100966,289.928378
2046,357502.0,2019-03-28 03:18:22.000000,-2408694.4740000004,4698106.45,3566698.3650000007,34.22029149639417,117.14397576366628,35.578496700152755,-0.0010000000021375998,0.002000000004169342,0.001999999994761858,0.810834,0.102853,289.9271
2046,357503.0,2019-03-28 03:18:23.000000,-2408694.4740000004,4698106.45,3566698.3650000007,34.22029149639417,117.14397576366628,35.578496700152755,-2.137599667585699e-12,0.001000000004169342,0.001999999997915329,0.813072,0.105786,289.927969
2046,357504.0,2019-03-28 03:18:24.000000,-2408694.4740000004,4698106.45,3566698.3650000007,34.22029149639417,117.14397576366628,35.578496700152755,-2.1375997760059162e-12,0.002000000004169342,0.001999999995830658,0.813877,0.101098,289.926277
2046,357505.0,2019-03-28 03:18:25.000000,-2408694.4740000004,4698106.45,3566698.3650000007,34.22029149639417,117.14397576366628,35.578496700152755,-0.0010000000032063996,0.0020000000062540134,0.0029999999947618577,0.810509,0.099835,289.922342
2046,357506.0,2019-03-28 03:18:26.000000,-2408694.4740000004,4698106.45,3566698.3650000007,34.22029149639417,117.14397576366628,35.578496700152755,-0.0020000000032063996,6.254013149367688e-12,0.0029999999978624,0.811827,0.102379,289.922489
2046,357507.0,2019-03-28 03:18:27.000000,-2408694.4740000004,4698106.45,3566698.3650000007,34.22029149639417,117.14397576366628,35.578496700152755,-0.0010000000010687998,0.002000000002084671,0.0009999999947618579,0.816277,0.104825,289.92114300000003
2046,357508.0,2019-03-28 03:18:28.000000,-2408694.4740000004,4698106.45,3566698.3650000007,34.22029149639417,117.14397576366628,35.578496700152755,-0.0020000000010687996,0.0020000000020846706,0.000999999993693058,0.833456,0.09898,289.921905
2046,357509.0,2019-03-28 03:18:29.000000,-2408694.4740000004,4698106.45,3566698.3650000007,34.22029149639417,117.14397576366628,35.578496700152755,-0.0019999999989311996,0.001999999997915328,-0.0010000000063069418,0.834937,0.103923,289.920922
2046,357510.0,2019-03-28 03:18:30.000000,-2408694.4740000004,4698106.45,3566698.3650000007,34.22029149639417,117.14397576366628,35.578496700152755,-0.0009999999989312002,-2.0846712485596275e-12,-0.0010000000010687998,0.822122,0.106146,289.921721
2046,357511.0,2019-03-28 03:18:31.000000,-2408694.4740000004,4698106.45,3566698.3650000007,34.22029149639417,117.14397576366628,35.578496700152755,-0.0009999999989312,-0.0010000000020846712,-0.000999999998984129,0.827276,0.100566,289.922109
2046,357512.0,2019-03-28 03:18:32.000000,-2408694.4740000004,4698106.45,3566698.3650000007,34.22029149639417,117.14397576366628,35.578496700152755,2.1375997760059162e-12,-0.002000000004169342,-0.001999999995830658,0.827039,0.102103,289.921109
2046,357513.0,2019-03-28 03:18:33.000000,-2408694.4740000004,4698106.45,3566698.3650000007,34.22029149639417,117.14397576366628,35.578496700152755,0.0010000000032063996,-0.0020000000062540134,-0.0029999999947618577,0.830397,0.094678,289.919899
2046,357514.0,2019-03-28 03:18:34.000000,-2408694.4740000004,4698106.45,3566698.3650000007,34.22029149639417,117.14397576366628,35.578496700152755,0.0020000000021375996,-0.0020000000041693416,-0.0019999999936930577,0.826939,0.102585,289.919732
2046,357515.0,2019-03-28 03:18:35.000000,-2408694.4740000004,4698106.45,3566698.3650000007,34.22029149639417,117.14397576366628,35.578496700152755,0.002999999999999999,-0.0019999999999999996,7.37574172744726e-12,0.827986,0.099447,289.917859
2046,357516.0,2019-03-28 03:18:36.000000,-2408694.4740000004,4698106.45,3566698.3650000007,34.22029149639417,117.14397576366628,35.578496700152755,0.0020000000010687996,-0.0020000000020846706,-0.000999999993693058,0.825954,0.099728,289.91814
2046,357517.0,2019-03-28 03:18:37.000000,-2408694.4740000004,4698106.45,3566698.3650000007,34.22029149639417,117.14397576366628,35.578496700152755,0.0020000000010687996,-0.0020000000020846706,-0.000999999993693058,0.824328,0.10087,289.917733
2046,357518.0,2019-03-28 03:18:38.000000,-2408694.4740000004,4698106.45,3566698.3650000007,34.22029149639417,117.14397576366628,35.578496700152755,0.0010000000010687998,-0.002000000002084671,-0.0009999999947618579,0.824646,0.10019,289.917512
2046,357519.0,2019-03-28 03:18:39.000000,-2408694.4740000004,4698106.45,3566698.3650000007,34.22029149639417,117.14397576366628,35.578496700152755,0.0010000000010687998,-0.002000000002084671,-0.0009999999947618579,0.824349,0.098108,289.91755
2046,357520.0,2019-03-28 03:18:40.000000,-2408694.4740000004,4698106.45,3566698.3650000007,34.22029149639417,117.14397576366628,35.578496700152755,-5.421010862427522e-20,-0.001,2.0846709775090844e-12,0.822996,0.098497,289.916858
2046,357521.0,2019-03-28 03:18:41.000000,-2408694.4740000004,4698106.45,3566698.3650000007,34.22029149639417,117.14397576366628,35.578496700152755,0.0,0.0,0.0,0.821974,0.096544,289.916965
2046,357522.0,2019-03-28 03:18:42.000000,-2408694.4740000004,4698106.45,3566698.3650000007,34.22029149639417,117.14397576366628,35.578496700152755,1.0687999151080124e-12,-2.0846711401394102e-12,-0.001,0.819826,0.099182,289.916294
2046,357523.0,2019-03-28 03:18:43.000000,-2408694.4740000004,4698106.45,3566698.3650000007,34.22029149639417,117.14397576366628,35.578496700152755,0.0,0.0,0.0,0.818334,0.100141,289.915839
2046,357524.0,2019-03-28 03:18:44.000000,-2408694.4740000004,4698106.45,3566698.3650000007,34.22029149639417,117.14397576366628,35.578496700152755,0.0010000000010687998,-0.0010000000020846708,-0.0009999999968465288,0.820517,0.103759,289.91551
2046,357525.0,2019-03-28 03:18:45.000000,-2408694.4740000004,4698106.45,3566698.3650000007,34.22029149639417,117.14397576366628,35.578496700152755,1.0687999151080124e-12,-2.0846711401394102e-12,-0.001,0.818864,0.111875,289.916785
2046,357526.0,2019-03-28 03:18:46.000000,-2408694.4740000004,4698106.45,3566698.3650000007,34.22029149639417,117.14397576366628,35.578496700152755,-1.0687999151080124e-12,2.0846711401394102e-12,0.001,0.819488,0.104297,289.917033
2046,357527.0,2019-03-28 03:18:47.000000,-2408694.4740000004,4698106.45,3566698.3650000007,34.22029149639417,117.14397576366628,35.578496700152755,-1.0687998880029581e-12,0.001000000002084671,0.000999999997915329,0.819715,0.105266,289.91621499999997
2046,357528.0,2019-03-28 03:18:48.000000,-2408694.4740000004,4698106.45,3566698.3650000007,34.22029149639417,117.14397576366628,35.578496700152755,-0.0010000000010687998,0.002000000002084671,0.0009999999947618579,0.820579,0.104219,289.916128
2046,357529.0,2019-03-28 03:18:49.000000,-2408694.4740000004,4698106.45,3566698.3650000007,34.22029149639417,117.14397576366628,35.578496700152755,-0.0009999999999999998,0.0019999999999999996,-5.238141951441344e-12,0.819339,0.104081,289.916178
2046,357530.0,2019-03-28 03:18:50.000000,-2408694.4740000004,4698106.45,3566698.3650000007,34.22029149639417,117.14397576366628,35.578496700152755,-0.0009999999999999998,0.0019999999999999996,-5.238141951441344e-12,0.820962,0.10374,289.914799
2046,357531.0,2019-03-28 03:18:51.000000,-2408694.4740000004,4698106.45,3566698.3650000007,34.22029149639417,117.14397576366628,35.578496700152755,-0.0019999999989312,-2.084671221454573e-12,-0.0010000000021375998,0.821624,0.103017,289.915525
2046,357532.0,2019-03-28 03:18:52.000000,-2408694.4740000004,4698106.45,3566698.3650000007,34.22029149639417,117.14397576366628,35.578496700152755,-0.001,-5.421010862427522e-20,-1.0687998880029581e-12,0.805224,0.121951,289.919994
2046,357533.0,2019-03-28 03:18:53.000000,-2408694.4740000004,4698106.45,3566698.3650000007,34.22029149639417,117.14397576366628,35.578496700152755,1.0687999151080124e-12,-2.0846711401394102e-12,-0.001,0.776911,0.145806,289.920378
2046,357534.0,2019-03-28 03:18:54.000000,-2408694.4740000004,4698106.45,3566698.3650000007,34.22029149639417,117.14397576366628,35.578496700152755,3.2063996640088743e-12,-6.254013366208122e-12,-0.003,0.776989,0.144942,289.919562
2046,357535.0,2019-03-28 03:18:55.000000,-2408694.4740000004,4698106.45,3566698.3650000007,34.22029149639417,117.14397576366628,35.578496700152755,1.0687999151080124e-12,-2.0846711401394102e-12,-0.001,0.777121,0.144971,289.918777
2046,357536.0,2019-03-28 03:18:56.000000,-2408694.4740000004,4698106.45,3566698.3650000007,34.22029149639417,117.14397576366628,35.578496700152755,0.001,5.421010862427522e-20,1.0687998880029581e-12,0.778141,0.142915,289.919236
2046,357537.0,2019-03-28 03:18:57.000000,-2408694.4740000004,4698106.45,3566698.3650000007,34.22029149639417,117.14397576366628,35.578496700152755,-0.001,-5.421010862427522e-20,-1.0687998880029581e-12,0.778512,0.137245,289.921243
2046,357538.0,2019-03-28 03:18:58.000000,-2408694.4740000004,4698106.45,3566698.3650000007,34.22029149639417,117.14397576366628,35.578496700152755,-0.0010000000032063996,0.0010000000062540132,0.0029999999968465287,0.777428,0.135427,289.923026
2046,357539.0,2019-03-28 03:18:59.000000,-2408694.4740000004,4698106.45,3566698.3650000007,34.22029149639417,117.14397576366628,35.578496700152755,-3.2063996640088743e-12,0.0010000000062540132,0.002999999997915329,0.77808,0.133097,289.924489
2046,357540.0,2019-03-28 03:19:00.000000,-2408694.4740000004,4698106.45,3566698.3650000007,34.22029149639417,117.14397576366628,35.578496700152755,-0.0010000000042751996,0.0020000000083386844,0.003999999994761858,0.776824,0.133237,289.92559900000003
2046,357541.0,2019-03-28 03:19:01.000000,-2408694.4740000004,4698106.45,3566698.3650000007,34.22029149639417,117.14397576366628,35.578496700152755,-0.0010000000032063996,0.003000000006254013,0.002999999992677187,0.775275,0.134025,289.924261
2046,357542.0,2019-03-28 03:19:02.000000,-2408694.4740000004,4698106.45,3566698.3650000007,34.22029149639417,117.14397576366628,35.578496700152755,-2.1375997760059162e-12,0.002000000004169342,0.001999999995830658,0.772792,0.14765,289.917441
2046,357543.0,2019-03-28 03:19:03.000000,-2408694.4740000004,4698106.45,3566698.3650000007,34.22029149639417,117.14397576366628,35.578496700152755,-1.0687997795827409e-12,0.002000000002084671,0.0009999999958306578,0.772177,0.145395,289.916577
2046,357544.0,2019-03-28 03:19:04.000000,-2408694.4740000004,4698106.45,3566698.3650000007,34.22029149639417,117.14397576366628,35.578496700152755,-1.0687998880029581e-12,0.001000000002084671,0.000999999997915329,0.770952,0.146167,289.916266
2046,357545.0,2019-03-28 03:19:05.000000,-2408694.4740000004,4698106.45,3566698.3650000007,34.22029149639417,117.14397576366628,35.578496700152755,0.001,5.421010862427522e-20,1.0687998880029581e-12,0.769954,0.146504,289.91564
2046,357546.0,2019-03-28 03:19:06.000000,-2408694.4740000004,4698106.45,3566698.3650000007,34.22029149639417,117.14397576366628,35.578496700152755,0.0,0.0,0.0,0.769862,0.144897,289.915504
2046,357547.0,2019-03-28 03:19:07.000000,-2408694.4740000004,4698106.45,3566698.3650000007,34.22029149639417,117.14397576366628,35.578496700152755,-1.0687999422130667e-12,-0.0009999999979153288,0.001000000002084671,0.769516,0.144207,289.91539
2046,357548.0,2019-03-28 03:19:08.000000,-2408694.4740000004,4698106.45,3566698.3650000007,34.22029149639417,117.14397576366628,35.578496700152755,-0.001,-0.001,1.0158711166111806e-12,0.769922,0.143999,289.915156
2046,357549.0,2019-03-28 03:19:09.000000,-2408694.4740000004,4698106.45,3566698.3650000007,34.22029149639417,117.14397576366628,35.578496700152755,-0.0009999999989312,-0.0010000000020846712,-0.000999999998984129,0.770533,0.144034,289.914132
2046,357550.0,2019-03-28 03:19:10.000000,-2408694.4740000004,4698106.45,3566698.3650000007,34.22029149639417,117.14397576366628,35.578496700152755,-0.0019999999989312,-0.003000000002084671,-0.0009999999958835866,0.771104,0.143137,289.913878
2046,357551.0,2019-03-28 03:19:11.000000,-2408694.4740000004,4698106.45,3566698.3650000007,34.22029149639417,117.14397576366628,35.578496700152755,-0.0019999999989312,-0.002000000002084671,-0.0009999999979682576,0.77137,0.143634,289.913368
2046,357552.0,2019-03-28 03:19:12.000000,-2408694.4740000004,4698106.45,3566698.3650000007,34.22029149639417,117.14397576366628,35.578496700152755,0.0009999999999999998,-0.0009999999999999996,3.1534709739322597e-12,0.772034,0.142265,289.913221
2046,357553.0,2019-03-28 03:19:13.000000,-2408694.4740000004,4698106.45,3566698.3650000007,34.22029149639417,117.14397576366628,35.578496700152755,0.0010000000010687998,-2.0846709775090844e-12,-0.0009999999989312,0.771891,0.143348,289.912344
2046,357554.0,2019-03-28 03:19:14.000000,-2408694.4740000004,4698106.45,3566698.3650000007,34.22029149639417,117.14397576366628,35.578496700152755,0.0010000000010687998,-2.0846709775090844e-12,-0.0009999999989312,0.770532,0.142298,289.91258700000003
2046,357555.0,2019-03-28 03:19:15.000000,-2408694.4740000004,4698106.45,3566698.3650000007,34.22029149639417,117.14397576366628,35.578496700152755,0.0010000000010687998,-0.0010000000020846708,-0.0009999999968465288,0.770965,0.140466,289.912018
2046,357556.0,2019-03-28 03:19:16.000000,-2408694.4740000004,4698106.45,3566698.3650000007,34.22029149639417,117.14397576366628,35.578496700152755,0.0019999999999999996,-0.0009999999999999996,4.222270861935218e-12,0.770613,0.140972,289.912131
2046,357557.0,2019-03-28 03:19:17.000000,-2408694.4740000004,4698106.45,3566698.3650000007,34.22029149639417,117.14397576366628,35.578496700152755,1.0687998880029581e-12,-0.001000000002084671,-0.000999999997915329,0.77038,0.139211,289.911817
2046,357558.0,2019-03-28 03:19:18.000000,-2408694.4740000004,4698106.45,3566698.3650000007,34.22029149639417,117.14397576366628,35.578496700152755,-0.0009999999989312,0.0009999999979153286,-0.001000000003153471,0.769408,0.139312,289.911853
2046,357559.0,2019-03-28 03:19:19.000000,-2408694.4740000004,4698106.45,3566698.3650000007,34.22029149639417,117.14397576366628,35.578496700152755,-0.0009999999989312,0.0009999999979153286,-0.001000000003153471,0.768939,0.13868,289.911443
2046,357560.0,2019-03-28 03:19:20.000000,-2408694.4740000004,4698106.45,3566698.3650000007,34.22029149639417,117.14397576366628,35.578496700152755,5.421010862427522e-20,0.001,-2.0846709775090844e-12,0.767491,0.138582,289.91219
2046,357561.0,2019-03-28 03:19:21.000000,-2408694.4740000004,4698106.45,3566698.3650000007,34.22029149639417,117.14397576366628,35.578496700152755,-0.001,-5.421010862427522e-20,-1.0687998880029581e-12,0.767224,0.138649,289.912009
2046,357562.0,2019-03-28 03:19:22.000000,-2408694.4740000004,4698106.45,3566698.3650000007,34.22029149639417,117.14397576366628,35.578496700152755,-0.0010000000010687998,0.0010000000020846708,0.0009999999968465288,0.766532,0.139026,289.911546
2046,357563.0,2019-03-28 03:19:23.000000,-2408694.4740000004,4698106.45,3566698.3650000007,34.22029149639417,117.14397576366628,35.578496700152755,-0.0010000000021375998,4.169342171858603e-12,0.0019999999989312,0.766529,0.138911,289.911039
2046,357564.0,2019-03-28 03:19:24.000000,-2408694.4740000004,4698106.45,3566698.3650000007,34.22029149639417,117.14397576366628,35.578496700152755,-0.0010000000021375998,4.169342171858603e-12,0.0019999999989312,0.766233,0.139499,289.910429
2046,357565.0,2019-03-28 03:19:25.000000,-2408694.4740000004,4698106.45,3566698.3650000007,34.22029149639417,117.14397576366628,35.578496700152755,-0.0019999999999999996,0.0009999999999999996,-4.222270861935218e-12,0.767483,0.139938,289.909773
2046,357566.0,2019-03-28 03:19:26.000000,-2408694.4740000004,4698106.45,3566698.3650000007,34.22029149639417,117.14397576366628,35.578496700152755,-0.001,-5.421010862427522e-20,-1.0687998880029581e-12,0.769491,0.137852,289.909385
2046,357567.0,2019-03-28 03:19:27.000000,-2408694.4740000004,4698106.45,3566698.3650000007,34.22029149639417,117.14397576366628,35.578496700152755,-1.0687998880029581e-12,0.001000000002084671,0.000999999997915329,0.767262,0.138403,289.90898500000003
2046,357568.0,2019-03-28 03:19:28.000000,-2408694.4740000004,4698106.45,3566698.3650000007,34.22029149639417,117.14397576366628,35.578496700152755,-0.0010000000010687998,0.002000000002084671,0.0009999999947618579,0.767639,0.141707,289.909239
2046,357569.0,2019-03-28 03:19:29.000000,-2408694.4740000004,4698106.45,3566698.3650000007,34.22029149639417,117.14397576366628,35.578496700152755,-1.0687997795827409e-12,0.002000000002084671,0.0009999999958306578,0.767136,0.143858,289.910014
2046,357570.0,2019-03-28 03:19:30.000000,-2408694.4740000004,4698106.45,3566698.3650000007,34.22029149639417,117.14397576366628,35.578496700152755,-0.0009999999989312002,-2.0846712485596275e-12,-0.0010000000010687998,0.76717,0.143014,289.910237
2046,357571.0,2019-03-28 03:19:31.000000,-2408694.4740000004,4698106.45,3566698.3650000007,34.22029149639417,117.14397576366628,35.578496700152755,-0.001,-0.002,3.1005420670152106e-12,0.767658,0.142876,289.909815
2046,357572.0,2019-03-28 03:19:32.000000,-2408694.4740000004,4698106.45,3566698.3650000007,34.22029149639417,117.14397576366628,35.578496700152755,0.0010000000032063996,-0.0020000000062540134,-0.0029999999947618577,0.767661,0.143771,289.909652
2046,357573.0,2019-03-28 03:19:33.000000,-2408694.4740000004,4698106.45,3566698.3650000007,34.22029149639417,117.14397576366628,35.578496700152755,2.1375997760059162e-12,-0.002000000004169342,-0.001999999995830658,0.76792,0.143297,289.909291
2046,357574.0,2019-03-28 03:19:34.000000,-2408694.4740000004,4698106.45,3566698.3650000007,34.22029149639417,117.14397576366628,35.578496700152755,1.0687997795827409e-12,-0.0030000000020846706,-0.0009999999937459869,0.768193,0.144433,289.909185
2046,357575.0,2019-03-28 03:19:35.000000,-2408694.4740000004,4698106.45,3566698.3650000007,34.22029149639417,117.14397576366628,35.578496700152755,1.0687997795827409e-12,-0.002000000002084671,-0.0009999999958306578,0.768656,0.144297,289.909186
2046,357576.0,2019-03-28 03:19:36.000000,-2408694.4740000004,4698106.45,3566698.3650000007,34.22029149639417,117.14397576366628,35.578496700152755,-1.0842021724855044e-19,-0.0029999999999999996,6.254012932527253e-12,0.776855,0.129073,289.911382
2046,357577.0,2019-03-28 03:19:37.000000,-2408694.4740000004,4698106.45,3566698.3650000007,34.22029149639417,117.14397576366628,35.578496700152755,0.0009999999999999998,-0.002999999999999999,7.322813145790863e-12,0.779351,0.119781,289.91519800000003
2046,357578.0,2019-03-28 03:19:38.000000,-2408694.4740000004,4698106.45,3566698.3650000007,34.22029149639417,117.14397576366628,35.578496700152755,0.0020000000010687996,-2.0846709775090844e-12,-0.0009999999978624,0.780297,0.119759,289.915506
2046,357579.0,2019-03-28 03:19:39.000000,-2408694.4740000004,4698106.45,3566698.3650000007,34.22029149639417,117.14397576366628,35.578496700152755,2.137599667585699e-12,-0.001000000004169342,-0.001999999997915329,0.781254,0.118329,289.914532
2046,357580.0,2019-03-28 03:19:40.000000,-2408694.4740000004,4698106.45,3566698.3650000007,34.22029149639417,117.14397576366628,35.578496700152755,-0.0009999999967936002,-0.0010000000062540134,-0.0029999999989841286,0.770297,0.140842,289.908546
2046,357581.0,2019-03-28 03:19:41.000000,-2408694.4740000004,4698106.45,3566698.3650000007,34.22029149639417,117.14397576366628,35.578496700152755,0.0009999999989312,-0.0009999999979153286,0.001000000003153471,0.770324,0.140955,289.907565
2046,357582.0,2019-03-28 03:19:42.000000,-2408694.4740000004,4698106.45,3566698.3650000007,34.22029149639417,117.14397576366628,35.578496700152755,-1.0687998880029581e-12,0.001000000002084671,0.000999999997915329,0.770235,0.143121,289.907448
2046,357583.0,2019-03-28 03:19:43.000000,-2408694.4740000004,4698106.45,3566698.3650000007,34.22029149639417,117.14397576366628,35.578496700152755,0.0010000000010687998,-2.0846709775090844e-12,-0.0009999999989312,0.769483,0.141603,289.906436
2046,357584.0,2019-03-28 03:19:44.000000,-2408694.4740000004,4698106.45,3566698.3650000007,34.22029149639417,117.14397576366628,35.578496700152755,0.0,0.0,0.0,0.781157,0.124161,289.90180399999997
2046,357585.0,2019-03-28 03:19:45.000000,-2408694.4740000004,4698106.45,3566698.3650000007,34.22029149639417,117.14397576366628,35.578496700152755,1.0687999151080124e-12,-2.0846711401394102e-12,-0.001,0.800868,0.104591,289.892352
2046,357586.0,2019-03-28 03:19:46.000000,-2408694.4740000004,4698106.45,3566698.3650000007,34.22029149639417,117.14397576366628,35.578496700152755,-0.0009999999999999998,0.0009999999999999996,-3.1534709739322597e-12,0.806253,0.10569,289.886863
2046,357587.0,2019-03-28 03:19:47.000000,-2408694.4740000004,4698106.45,3566698.3650000007,34.22029149639417,117.14397576366628,35.578496700152755,-0.0009999999999999998,0.0019999999999999996,-5.238141951441344e-12,0.806875,0.101062,289.884773
2046,357588.0,2019-03-28 03:19:48.000000,-2408694.4740000004,4698106.45,3566698.3650000007,34.22029149639417,117.14397576366628,35.578496700152755,-0.0010000000010687996,0.004000000002084671,0.000999999990592516,0.804421,0.099933,289.887008
2046,357589.0,2019-03-28 03:19:49.000000,-2408694.4740000004,4698106.45,3566698.3650000007,34.22029149639417,117.14397576366628,35.578496700152755,-0.0010000000042751991,0.004000000008338684,0.003999999990592516,0.802462,0.097429,289.890653
2046,357590.0,2019-03-28 03:19:50.000000,-2408694.4740000004,4698106.45,3566698.3650000007,34.22029149639417,117.14397576366628,35.578496700152755,0.0009999999957248,0.0010000000083386848,0.003999999998984129,0.808102,0.088543,289.89029600000003
2046,357591.0,2019-03-28 03:19:51.000000,-2408694.4740000004,4698106.45,3566698.3650000007,34.22029149639417,117.14397576366628,35.578496700152755,0.0009999999935872011,0.0020000000125080263,0.005999999996899458,0.787701,0.112823,289.892507
2046,357592.0,2019-03-28 03:19:52.000000,-2408694.4740000004,4698106.45,3566698.3650000007,34.22029149639417,117.14397576366628,35.578496700152755,0.0009999999967936002,6.254013257787905e-12,0.0030000000010687996,0.764524,0.141818,289.902304
2046,357593.0,2019-03-28 03:19:53.000000,-2408694.4740000004,4698106.45,3566698.3650000007,34.22029149639417,117.14397576366628,35.578496700152755,-1.0687999422130667e-12,-0.0009999999979153288,0.001000000002084671,0.764101,0.143849,289.901299
2046,357594.0,2019-03-28 03:19:54.000000,-2408694.4740000004,4698106.45,3566698.3650000007,34.22029149639417,117.14397576366628,35.578496700152755,5.421010862427522e-20,0.001,-2.0846709775090844e-12,0.762505,0.143975,289.901342
2046,357595.0,2019-03-28 03:19:55.000000,-2408694.4740000004,4698106.45,3566698.3650000007,34.22029149639417,117.14397576366628,35.578496700152755,1.0687999151080124e-12,-2.0846711401394102e-12,-0.001,0.761562,0.143313,289.90072499999997
2046,357596.0,2019-03-28 03:19:56.000000,-2408694.4740000004,4698106.45,3566698.3650000007,34.22029149639417,117.14397576366628,35.578496700152755,-0.0029999999978623996,0.0009999999958306572,-0.0020000000052910706,0.797576,0.090207,289.89083700000003
2046,357597.0,2019-03-28 03:19:57.000000,-2408694.4740000004,4698106.45,3566698.3650000007,34.22029149639417,117.14397576366628,35.578496700152755,-0.0009999999978624002,-0.001000000004169342,-0.001999999998984129,0.810835,0.073097,289.886612
2046,357598.0,2019-03-28 03:19:58.000000,-2408694.4740000004,4698106.45,3566698.364,34.22029148893988,117.14397576366628,35.57793432287872,-0.0009999999967936,0.0019999999937459867,-0.003000000005238142,0.820992,0.05732,289.882549
2046,357599.0,2019-03-28 03:19:59.000000,-2408694.4729999993,4698106.4520000005,3566698.3619999997,34.22029146732146,117.14397574410691,35.57790394406766,0.0020000000042752005,0.0019999999916613153,-0.004000000002031743,0.768132,0.139417,289.899314
2046,357600.0,2019-03-28 03:20:00.000000,-2408694.4719999996,4698106.452,3566698.361,34.22029146218016,117.14397573444982,35.57696432154626,0.002999999999999999,-0.001,5.291070749938176e-12,0.768484,0.14812,289.90027299999997
2046,357601.0,2019-03-28 03:20:01.000000,-2408694.4719999996,4698106.452,3566698.361,34.22029146218016,117.14397573444982,35.57696432154626,0.0020000000032063996,0.0009999999937459869,-0.002999999999947072,0.769272,0.15129,289.899516
2046,357602.0,2019-03-28 03:20:02.000000,-2408694.4719999996,4698106.452,3566698.361,34.22029146218016,117.14397573444982,35.57696432154626,3.206399880849309e-12,-6.254013366208122e-12,-0.003,0.77008,0.149378,289.898782
2046,357603.0,2019-03-28 03:20:03.000000,-2408694.4719999996,4698106.452,3566698.361,34.22029146218016,117.14397573444982,35.57696432154626,1.0687999964231754e-12,0.0009999999979153288,-0.0010000000020846712,0.770763,0.150158,289.898476
2046,357604.0,2019-03-28 03:20:04.000000,-2408694.4719999996,4698106.452,3566698.361,34.22029146218016,117.14397573444982,35.57696432154626,-0.001,0.0019999999999999996,-5.2381421682817786e-12,0.771174,0.150492,289.897875
2046,357605.0,2019-03-28 03:20:05.000000,-2408694.4719999996,4698106.452,3566698.361,34.22029146218016,117.14397573444982,35.57696432154626,-0.0010000000021375998,0.002000000004169342,0.001999999994761858,0.771464,0.150332,289.897768
2046,357606.0,2019-03-28 03:20:06.000000,-2408694.4719999996,4698106.452,3566698.361,34.22029146218016,117.14397573444982,35.57696432154626,-0.0020000000021376,0.003000000004169342,0.001999999991608387,0.771604,0.150689,289.897377
2046,357607.0,2019-03-28 03:20:07.000000,-2408694.4719999996,4698106.452,3566698.361,34.22029146218016,117.14397573444982,35.57696432154626,-0.0010000000010687998,0.003000000002084671,0.000999999992677187,0.771911,0.150734,289.89664500000003
2046,357608.0,2019-03-28 03:20:08.000000,-2408694.4719999996,4698106.452,3566698.361,34.22029146218016,117.14397573444982,35.57696432154626,-0.0010000000010687998,0.001000000002084671,0.000999999996846529,0.772053,0.150661,289.89610500000003
2046,357609.0,2019-03-28 03:20:09.000000,-2408694.4719999996,4698106.452,3566698.361,34.22029146218016,117.14397573444982,35.57696432154626,-0.003000000002137599,0.002000000004169342,0.001999999992624258,0.772485,0.14921,289.896159
2046,357610.0,2019-03-28 03:20:10.000000,-2408694.4719999996,4698106.452,3566698.361,34.22029146218016,117.14397573444982,35.57696432154626,-0.0020000000021375996,0.002000000004169342,0.001999999993693058,0.77327,0.151501,289.894957
2046,357611.0,2019-03-28 03:20:11.000000,-2408694.4719999996,4698106.452,3566698.361,34.22029146218016,117.14397573444982,35.57696432154626,-0.0010000000021375998,0.002000000004169342,0.001999999994761858,0.773739,0.152001,289.894943
2046,357612.0,2019-03-28 03:20:12.000000,-2408694.4719999996,4698106.452,3566698.361,34.22029146218016,117.14397573444982,35.57696432154626,-3.206399555588657e-12,0.002000000006254013,0.002999999995830658,0.773741,0.151971,289.894458
2046,357613.0,2019-03-28 03:20:13.000000,-2408694.4719999996,4698106.452,3566698.361,34.22029146218016,117.14397573444982,35.57696432154626,-0.0010000000042751996,0.0020000000083386844,0.0039999999947618586,0.774299,0.152675,289.893796
2046,357614.0,2019-03-28 03:20:14.000000,-2408694.4719999996,4698106.452,3566698.361,34.22029146218016,117.14397573444982,35.57696432154626,-0.0030000000053439996,0.0030000000104233554,0.004999999990539588,0.774863,0.153194,289.893333
2046,357615.0,2019-03-28 03:20:15.000000,-2408694.4719999996,4698106.452,3566698.361,34.22029146218016,117.14397573444982,35.57696432154626,-0.0010000000042751996,0.004000000008338684,0.003999999990592516,0.775341,0.153653,289.892679
2046,357616.0,2019-03-28 03:20:16.000000,-2408694.4719999996,4698106.452,3566698.361,34.22029146218016,117.14397573444982,35.57696432154626,-0.0010000000032063996,0.003000000006254013,0.002999999992677187,0.775789,0.154004,289.891972
2046,357617.0,2019-03-28 03:20:17.000000,-2408694.4719999996,4698106.452,3566698.361,34.22029146218016,117.14397573444982,35.57696432154626,-0.0010000000010687998,0.003000000002084671,0.000999999992677187,0.776419,0.154233,289.89173900000003
2046,357618.0,2019-03-28 03:20:18.000000,-2408694.4719999996,4698106.452,3566698.361,34.22029146218016,117.14397573444982,35.57696432154626,0.0,0.0029999999999999996,-6.254013149367688e-12,0.776668,0.154051,289.891028
2046,357619.0,2019-03-28 03:20:19.000000,-2408694.4719999996,4698106.452,3566698.361,34.22029146218016,117.14397573444982,35.57696432154626,-0.001,0.0009999999999999998,-3.1534709739322597e-12,0.777365,0.153635,289.89050299999997
2046,357620.0,2019-03-28 03:20:20.000000,-2408694.4719999996,4698106.452,3566698.361,34.22029146218016,117.14397573444982,35.57696432154626,-0.002,0.0,-2.1375997760059162e-12,0.777943,0.152776,289.88978299999997
2046,357621.0,2019-03-28 03:20:21.000000,-2408694.4719999996,4698106.452,3566698.361,34.22029146218016,117.14397573444982,35.57696432154626,-0.001,0.0009999999999999998,-3.1534709739322597e-12,0.778386,0.151949,289.889052
2046,357622.0,2019-03-28 03:20:22.000000,-2408694.4719999996,4698106.452,3566698.361,34.22029146218016,117.14397573444982,35.57696432154626,5.421010862427522e-20,0.0009999999999999998,-2.0846710859293016e-12,0.77842,0.151129,289.888647
2046,357623.0,2019-03-28 03:20:23.000000,-2408694.4719999996,4698106.452,3566698.361,34.22029146218016,117.14397573444982,35.57696432154626,0.001,0.0,1.0687998880029581e-12,0.778335,0.150612,289.88803
2046,357624.0,2019-03-28 03:20:24.000000,-2408694.4719999996,4698106.452,3566698.361,34.22029146218016,117.14397573444982,35.57696432154626,0.001,0.0,1.0687998880029581e-12,0.778276,0.149825,289.887307
2046,357625.0,2019-03-28 03:20:25.000000,-2408694.4719999996,4698106.452,3566698.361,34.22029146218016,117.14397573444982,35.57696432154626,-0.0010000000010688002,-0.0009999999979153288,0.0010000000010158712,0.77805,0.148681,289.886241
2046,357626.0,2019-03-28 03:20:26.000000,-2408694.4719999996,4698106.452,3566698.361,34.22029146218016,117.14397573444982,35.57696432154626,2.1375997760059162e-12,-0.001000000004169342,-0.001999999997915329,0.777918,0.148181,289.88562
2046,357627.0,2019-03-28 03:20:27.000000,-2408694.4719999996,4698106.452,3566698.361,34.22029146218016,117.14397573444982,35.57696432154626,3.206399555588657e-12,-0.002000000006254013,-0.002999999995830658,0.777781,0.14728,289.884786
2046,357628.0,2019-03-28 03:20:28.000000,-2408694.4719999996,4698106.452,3566698.361,34.22029146218016,117.14397573444982,35.57696432154626,0.0010000000021375998,-0.002000000004169342,-0.001999999994761858,0.77755,0.146511,289.883977
2046,357629.0,2019-03-28 03:20:29.000000,-2408694.4719999996,4698106.452,3566698.361,34.22029146218016,117.14397573444982,35.57696432154626,0.0030000000010687996,-0.002000000002084671,-0.000999999992624258,0.777017,0.14576,289.88302799999997
2046,357630.0,2019-03-28 03:20:30.000000,-2408694.4719999996,4698106.452,3566698.361,34.22029146218016,117.14397573444982,35.57696432154626,0.003000000001068799,-0.001000000002084671,-0.0009999999947089293,0.776889,0.145403,289.88219100000003
2046,357631.0,2019-03-28 03:20:31.000000,-2408694.4719999996,4698106.452,3566698.361,34.22029146218016,117.14397573444982,35.57696432154626,0.0010000000010687998,-0.002000000002084671,-0.0009999999947618579,0.776205,0.145767,289.881617
2046,357632.0,2019-03-28 03:20:32.000000,-2408694.4719999996,4698106.452,3566698.361,34.22029146218016,117.14397573444982,35.57696432154626,1.0687998880029581e-12,-0.002000000002084671,-0.0009999999958306578,0.775812,0.145433,289.880806
2046,357633.0,2019-03-28 03:20:33.000000,-2408694.4719999996,4698106.452,3566698.361,34.22029146218016,117.14397573444982,35.57696432154626,-0.0009999999989312,-0.002000000002084671,-0.0009999999968994576,0.775916,0.145368,289.879882
2046,357634.0,2019-03-28 03:20:34.000000,-2408694.4719999996,4698106.452,3566698.361,34.22029146218016,117.14397573444982,35.57696432154626,-0.0009999999978624002,-4.169342171858603e-12,-0.0020000000010688,0.776071,0.145783,289.878872
2046,357635.0,2019-03-28 03:20:35.000000,-2408694.4719999996,4698106.452,3566698.361,34.22029146218016,117.14397573444982,35.57696432154626,-0.0009999999989311998,-2.0846710859293016e-12,-0.0010000000010687998,0.776332,0.146477,289.878147
2046,357636.0,2019-03-28 03:20:36.000000,-2408694.4719999996,4698106.452,3566698.361,34.22029146218016,117.14397573444982,35.57696432154626,-0.0010000000010688002,-0.0009999999979153288,0.0010000000010158712,0.777052,0.147207,289.877192
2046,357637.0,2019-03-28 03:20:37.000000,-2408694.4719999996,4698106.452,3566698.361,34.22029146218016,117.14397573444982,35.57696432154626,-0.0010000000021376,-0.0009999999958306576,0.0020000000010158715,0.777859,0.147852,289.876528
2046,357638.0,2019-03-28 03:20:38.000000,-2408694.4719999996,4698106.452,3566698.361,34.22029146218016,117.14397573444982,35.57696432154626,-0.0020000000021376,-0.0009999999958306576,0.0019999999999470715,0.778289,0.148324,289.875616
2046,357639.0,2019-03-28 03:20:39.000000,-2408694.4719999996,4698106.452,3566698.361,34.22029146218016,117.14397573444982,35.57696432154626,-0.0030000000010687996,-0.0009999999979153286,0.0009999999988782714,0.778779,0.148535,289.874754
2046,357640.0,2019-03-28 03:20:40.000000,-2408694.4719999996,4698106.452,3566698.361,34.22029146218016,117.14397573444982,35.57696432154626,-1.0687999151080124e-12,2.0846710859293016e-12,0.001,0.779096,0.149311,289.873799
2046,357641.0,2019-03-28 03:20:41.000000,-2408694.4719999996,4698106.452,3566698.361,34.22029146218016,117.14397573444982,35.57696432154626,0.001,-0.0009999999999999998,3.1534709739322597e-12,0.779504,0.149295,289.873253
2046,357642.0,2019-03-28 03:20:42.000000,-2408694.4719999996,4698106.452,3566698.361,34.22029146218016,117.14397573444982,35.57696432154626,0.0020000000021375996,-4.169342171858603e-12,-0.0019999999978624005,0.779433,0.14874,289.872508
2046,357643.0,2019-03-28 03:20:43.000000,-2408694.4719999996,4698106.452,3566698.361,34.22029146218016,117.14397573444982,35.57696432154626,0.0010000000021376,0.0009999999958306576,-0.0020000000010158715,0.779144,0.148081,289.871426
2046,357644.0,2019-03-28 03:20:44.000000,-2408694.4719999996,4698106.452,3566698.361,34.22029146218016,117.14397573444982,35.57696432154626,-0.0009999999978624002,-4.169342171858603e-12,-0.0020000000010688,0.778327,0.147138,289.870463
2046,357645.0,2019-03-28 03:20:45.000000,-2408694.4719999996,4698106.452,3566698.361,34.22029146218016,117.14397573444982,35.57696432154626,1.0687999964231754e-12,0.0009999999979153288,-0.0010000000020846712,0.783127,0.139168,289.864149
2046,357646.0,2019-03-28 03:20:46.000000,-2408694.4719999996,4698106.452,3566698.361,34.22029146218016,117.14397573444982,35.57696432154626,0.0010000000000000002,0.001,-1.0158712521364521e-12,0.777408,0.146456,289.867878
2046,357647.0,2019-03-28 03:20:47.000000,-2408694.4719999996,4698106.452,3566698.361,34.22029146218016,117.14397573444982,35.57696432154626,0.0009999999989312,0.002000000002084671,0.0009999999968994576,0.77754,0.146246,289.866816
2046,357648.0,2019-03-28 03:20:48.000000,-2408694.4719999996,4698106.452,3566698.361,34.22029146218016,117.14397573444982,35.57696432154626,-0.0010000000021375998,4.169342171858603e-12,0.0019999999989312005,0.777876,0.145397,289.865744
2046,357649.0,2019-03-28 03:20:49.000000,-2408694.4719999996,4698106.452,3566698.361,34.22029146218016,117.14397573444982,35.57696432154626,-0.0030000000021375996,4.169342605539472e-12,0.0019999999967936005,0.777799,0.146206,289.865364
2046,357650.0,2019-03-28 03:20:50.000000,-2408694.4719999996,4698106.452,3566698.361,34.22029146218016,117.14397573444982,35.57696432154626,-0.0020000000021376,0.001000000004169342,0.001999999995777729,0.777967,0.146095,289.86442
2046,357651.0,2019-03-28 03:20:51.000000,-2408694.4719999996,4698106.452,3566698.361,34.22029146218016,117.14397573444982,35.57696432154626,-0.0010000000032063996,0.002000000006254013,0.0029999999947618577,0.777845,0.146999,289.863359
2046,357652.0,2019-03-28 03:20:52.000000,-2408694.4719999996,4698106.452,3566698.361,34.22029146218016,117.14397573444982,35.57696432154626,-0.0010000000032063996,0.003000000006254013,0.002999999992677187,0.778096,0.148415,289.862489
2046,357653.0,2019-03-28 03:20:53.000000,-2408694.4719999996,4698106.452,3566698.361,34.22029146218016,117.14397573444982,35.57696432154626,-0.0010000000021375998,0.001000000004169342,0.001999999996846529,0.778169,0.149552,289.861463
2046,357654.0,2019-03-28 03:20:54.000000,-2408694.4719999996,4698106.452,3566698.361,34.22029146218016,117.14397573444982,35.57696432154626,-0.0010000000010687998,2.0846710859293016e-12,0.0009999999989312002,0.777928,0.150373,289.86048
2046,357655.0,2019-03-28 03:20:55.000000,-2408694.4719999996,4698106.452,3566698.361,34.22029146218016,117.14397573444982,35.57696432154626,-1.0687999151080124e-12,2.0846710859293016e-12,0.001,0.777962,0.151042,289.859398
2046,357656.0,2019-03-28 03:20:56.000000,-2408694.4719999996,4698106.452,3566698.361,34.22029146218016,117.14397573444982,35.57696432154626,-0.001,0.0009999999999999998,-3.1534709739322597e-12,0.777349,0.152017,289.858438
2046,357657.0,2019-03-28 03:20:57.000000,-2408694.4719999996,4698106.452,3566698.361,34.22029146218016,117.14397573444982,35.57696432154626,0.001,0.0,1.0687998880029581e-12,0.776973,0.152514,289.857273
2046,357658.0,2019-03-28 03:20:58.000000,-2408694.4719999996,4698106.452,3566698.361,34.22029146218016,117.14397573444982,35.57696432154626,0.001,-0.0009999999999999998,3.1534709739322597e-12,0.776736,0.152617,289.856512
2046,357659.0,2019-03-28 03:20:59.000000,-2408694.4719999996,4698106.452,3566698.361,34.22029146218016,117.14397573444982,35.57696432154626,0.0010000000010687998,-0.002000000002084671,-0.0009999999947618579,0.776626,0.153127,289.855299
2046,357660.0,2019-03-28 03:21:00.000000,-2408694.4719999996,4698106.452,3566698.361,34.22029146218016,117.14397573444982,35.57696432154626,-0.0009999999989312,-0.0030000000020846706,-0.0009999999948147864,0.775975,0.153184,289.854269
2046,357661.0,2019-03-28 03:21:01.000000,-2408694.4719999996,4698106.452,3566698.361,34.22029146218016,117.14397573444982,35.57696432154626,0.0010000000010687998,-0.002000000002084671,-0.0009999999947618579,0.775995,0.153171,289.853351
2046,357662.0,2019-03-28 03:21:02.000000,-2408694.4719999996,4698106.452,3566698.361,34.22029146218016,117.14397573444982,35.57696432154626,0.0010000000010687998,-0.001000000002084671,-0.000999999996846529,0.775954,0.152728,289.85245199999997
2046,357663.0,2019-03-28 03:21:03.000000,-2408694.4719999996,4698106.452,3566698.361,34.22029146218016,117.14397573444982,35.57696432154626,2.137599830216025e-12,-4.169342171858603e-12,-0.002,0.775982,0.151802,289.851266
2046,357664.0,2019-03-28 03:21:04.000000,-2408694.4719999996,4698106.452,3566698.361,34.22029146218016,117.14397573444982,35.57696432154626,1.0687999151080124e-12,-2.0846710859293016e-12,-0.001,0.776071,0.150577,289.850522
2046,357665.0,2019-03-28 03:21:05.000000,-2408694.4719999996,4698106.452,3566698.361,34.22029146218016,117.14397573444982,35.57696432154626,-0.0009999999978624002,-4.169342171858603e-12,-0.0020000000010688,0.775616,0.149226,289.850241
2046,357666.0,2019-03-28 03:21:06.000000,-2408694.4719999996,4698106.452,3566698.361,34.22029146218016,117.14397573444982,35.57696432154626,-0.0009999999978624002,-0.001000000004169342,-0.0019999999989841286,0.775762,0.148208,289.848725
2046,357667.0,2019-03-28 03:21:07.000000,-2408694.4719999996,4698106.452,3566698.361,34.22029146218016,117.14397573444982,35.57696432154626,-0.0009999999978624002,-4.169342171858603e-12,-0.0020000000010688,0.77636,0.148267,289.847784
2046,357668.0,2019-03-28 03:21:08.000000,-2408694.4719999996,4698106.452,3566698.361,34.22029146218016,117.14397573444982,35.57696432154626,1.0687999964231754e-12,0.0009999999979153288,-0.0010000000020846712,0.776079,0.147164,289.846947
2046,357669.0,2019-03-28 03:21:09.000000,-2408694.4719999996,4698106.452,3566698.361,34.22029146218016,117.14397573444982,35.57696432154626,-1.0687998880029581e-12,0.002000000002084671,0.0009999999958306578,0.776642,0.146317,289.845532
2046,357670.0,2019-03-28 03:21:10.000000,-2408694.4719999996,4698106.452,3566698.361,34.22029146218016,117.14397573444982,35.57696432154626,-0.0010000000021375998,0.001000000004169342,0.001999999996846529,0.776599,0.14623,289.844747
2046,357671.0,2019-03-28 03:21:11.000000,-2408694.4719999996,4698106.452,3566698.361,34.22029146218016,117.14397573444982,35.57696432154626,0.0009999999967936,6.254013474628339e-12,0.0030000000010688,0.776723,0.145807,289.84378200000003
2046,357672.0,2019-03-28 03:21:12.000000,-2408694.4719999996,4698106.452,3566698.361,34.22029146218016,117.14397573444982,35.57696432154626,0.0009999999978624002,4.169342171858603e-12,0.0020000000010688,0.77668,0.146629,289.842757
2046,357673.0,2019-03-28 03:21:13.000000,-2408694.4719999996,4698106.452,3566698.361,34.22029146218016,117.14397573444982,35.57696432154626,-1.0687999151080124e-12,2.0846710859293016e-12,0.001,0.776557,0.147346,289.84162000000003
2046,357674.0,2019-03-28 03:21:14.000000,-2408694.4719999996,4698106.452,3566698.361,34.22029146218016,117.14397573444982,35.57696432154626,-0.0010000000010687998,0.001000000002084671,0.000999999996846529,0.776429,0.148819,289.840767
2046,357675.0,2019-03-28 03:21:15.000000,-2408694.4719999996,4698106.452,3566698.361,34.22029146218016,117.14397573444982,35.57696432154626,-0.0010000000010687998,0.001000000002084671,0.000999999996846529,0.776133,0.150499,289.839172
2046,357676.0,2019-03-28 03:21:16.000000,-2408694.4719999996,4698106.452,3566698.361,34.22029146218016,117.14397573444982,35.57696432154626,-0.001,0.0,-1.0687998880029581e-12,0.775726,0.152831,289.837958
2046,357677.0,2019-03-28 03:21:17.000000,-2408694.4719999996,4698106.452,3566698.361,34.22029146218016,117.14397573444982,35.57696432154626,0.001,-0.0019999999999999996,5.2381421682817786e-12,0.77512,0.154728,289.836771
2046,357678.0,2019-03-28 03:21:18.000000,-2408694.4719999996,4698106.452,3566698.361,34.22029146218016,117.14397573444982,35.57696432154626,-2.168404344971009e-19,-0.003999999999999999,8.338684343717206e-12,0.774854,0.15532,289.835849
2046,357679.0,2019-03-28 03:21:19.000000,-2408694.4719999996,4698106.452,3566698.361,34.22029146218016,117.14397573444982,35.57696432154626,-1.0842021724855044e-19,-0.0019999999999999996,4.169342171858603e-12,0.774083,0.156121,289.834932
2046,357680.0,2019-03-28 03:21:20.000000,-2408694.4719999996,4698106.452,3566698.361,34.22029146218016,117.14397573444982,35.57696432154626,1.0687998880029581e-12,-0.002000000002084671,-0.0009999999958306578,0.7741,0.156449,289.834226
2046,357681.0,2019-03-28 03:21:21.000000,-2408694.4719999996,4698106.452,3566698.361,34.22029146218016,117.14397573444982,35.57696432154626,0.0010000000021375996,-0.003000000004169342,-0.001999999992677187,0.774205,0.156823,289.833803
2046,357682.0,2019-03-28 03:21:22.000000,-2408694.4719999996,4698106.452,3566698.361,34.22029146218016,117.14397573444982,35.57696432154626,0.0020000000032063996,-0.0010000000062540134,-0.002999999995777729,0.773159,0.157494,289.832417
2046,357683.0,2019-03-28 03:21:23.000000,-2408694.4719999996,4698106.452,3566698.361,34.22029146218016,117.14397573444982,35.57696432154626,0.0020000000021375996,-0.002000000004169342,-0.001999999993693058,0.772536,0.157352,289.831002
2046,357684.0,2019-03-28 03:21:24.000000,-2408694.4719999996,4698106.452,3566698.361,34.22029146218016,117.14397573444982,35.57696432154626,0.0020000000032063996,-6.254013366208122e-12,-0.0029999999978624,0.772161,0.157723,289.830791
2046,357685.0,2019-03-28 03:21:25.000000,-2408694.4719999996,4698106.452,3566698.361,34.22029146218016,117.14397573444982,35.57696432154626,0.0020000000010687996,-2.084671194349519e-12,-0.0009999999978624002,0.772116,0.156619,289.829701
2046,357686.0,2019-03-28 03:21:26.000000,-2408694.4719999996,4698106.452,3566698.361,34.22029146218016,117.14397573444982,35.57696432154626,-0.0009999999978624002,-4.169342171858603e-12,-0.0020000000010688,0.771745,0.157072,289.82822699999997
2046,357687.0,2019-03-28 03:21:27.000000,-2408694.4719999996,4698106.452,3566698.361,34.22029146218016,117.14397573444982,35.57696432154626,-0.0020000000000000005,-0.002,2.0317425042729043e-12,0.772655,0.15745,289.82755099999997
2046,357688.0,2019-03-28 03:21:28.000000,-2408694.4719999996,4698106.452,3566698.361,34.22029146218016,117.14397573444982,35.57696432154626,-0.002,0.0,-2.1375997760059162e-12,0.773604,0.156954,289.826624
2046,357689.0,2019-03-28 03:21:29.000000,-2408694.4719999996,4698106.452,3566698.361,34.22029146218016,117.14397573444982,35.57696432154626,-0.0030000000010687996,-0.0009999999979153286,0.0009999999988782714,0.774614,0.156997,289.824964
2046,357690.0,2019-03-28 03:21:30.000000,-2408694.4719999996,4698106.452,3566698.361,34.22029146218016,117.14397573444982,35.57696432154626,-0.0010000000021375998,4.169342171858603e-12,0.0019999999989312005,0.77578,0.156339,289.825962
2046,357691.0,2019-03-28 03:21:31.000000,-2408694.4719999996,4698106.452,3566698.361,34.22029146218016,117.14397573444982,35.57696432154626,-0.0010000000010687998,2.0846710859293016e-12,0.0009999999989312002,0.777506,0.155776,289.824548
2046,357692.0,2019-03-28 03:21:32.000000,-2408694.4719999996,4698106.452,3566698.361,34.22029146218016,117.14397573444982,35.57696432154626,-0.0010000000021375998,0.002000000004169342,0.001999999994761858,0.778593,0.156725,289.823854
2046,357693.0,2019-03-28 03:21:33.000000,-2408694.4719999996,4698106.452,3566698.361,34.22029146218016,117.14397573444982,35.57696432154626,0.0009999999978624002,0.0020000000041693424,0.0019999999968994576,0.779585,0.156614,289.82282
2046,357694.0,2019-03-28 03:21:34.000000,-2408694.4719999996,4698106.452,3566698.361,34.22029146218016,117.14397573444982,35.57696432154626,0.0009999999978624002,0.001000000004169342,0.0019999999989841286,0.780454,0.156609,289.822301
2046,357695.0,2019-03-28 03:21:35.000000,-2408694.4719999996,4698106.452,3566698.361,34.22029146218016,117.14397573444982,35.57696432154626,-1.0687999151080124e-12,2.0846710859293016e-12,0.001,0.781003,0.156034,289.821058
2046,357696.0,2019-03-28 03:21:36.000000,-2408694.4719999996,4698106.452,3566698.361,34.22029146218016,117.14397573444982,35.57696432154626,-0.0019999999989312,0.0009999999979153288,-0.001000000004222271,0.781642,0.155113,289.820074
2046,357697.0,2019-03-28 03:21:37.000000,-2408694.4719999996,4698106.452,3566698.361,34.22029146218016,117.14397573444982,35.57696432154626,-0.0009999999989312,0.0009999999979153288,-0.001000000003153471,0.782702,0.153901,289.819605
2046,357698.0,2019-03-28 03:21:38.000000,-2408694.4719999996,4698106.452,3566698.361,34.22029146218016,117.14397573444982,35.57696432154626,-0.0009999999989311998,-2.0846710859293016e-12,-0.0010000000010687998,0.781338,0.153345,289.819324
2046,357699.0,2019-03-28 03:21:39.000000,-2408694.4719999996,4698106.452,3566698.361,34.22029146218016,117.14397573444982,35.57696432154626,-0.0009999999989312002,-0.001000000002084671,-0.0009999999989841286,0.785056,0.152541,289.81994299999997
2046,357700.0,2019-03-28 03:21:40.000000,-2408694.4719999996,4698106.452,3566698.361,34.22029146218016,117.14397573444982,35.57696432154626,-0.0010000000000000002,-0.001,1.0158712521364521e-12,0.798421,0.147173,289.82001
2046,357701.0,2019-03-28 03:21:41.000000,-2408694.4719999996,4698106.452,3566698.361,34.22029146218016,117.14397573444982,35.57696432154626,-0.0019999999989312,-2.0846710859293016e-12,-0.0010000000021375998,0.782025,0.151415,289.819083
2046,357702.0,2019-03-28 03:21:42.000000,-2408694.4719999996,4698106.452,3566698.361,34.22029146218016,117.14397573444982,35.57696432154626,0.0,0.0,0.0,0.781986,0.150776,289.817705
2046,357703.0,2019-03-28 03:21:43.000000,-2408694.4719999996,4698106.452,3566698.361,34.22029146218016,117.14397573444982,35.57696432154626,0.0010000000010687998,-0.001000000002084671,-0.000999999996846529,0.781731,0.151237,289.81656
2046,357704.0,2019-03-28 03:21:44.000000,-2408694.4719999996,4698106.452,3566698.361,34.22029146218016,117.14397573444982,35.57696432154626,0.0010000000021375998,-0.001000000004169342,-0.001999999996846529,0.781457,0.150614,289.815944
2046,357705.0,2019-03-28 03:21:45.000000,-2408694.4719999996,4698106.452,3566698.361,34.22029146218016,117.14397573444982,35.57696432154626,-5.421010862427522e-20,-0.0009999999999999998,2.0846710859293016e-12,0.781353,0.150368,289.81541300000004
2046,357706.0,2019-03-28 03:21:46.000000,-2408694.4719999996,4698106.452,3566698.361,34.22029146218016,117.14397573444982,35.57696432154626,1.0687998880029581e-12,-0.002000000002084671,-0.0009999999958306578,0.781802,0.150675,289.814632
2046,357707.0,2019-03-28 03:21:47.000000,-2408694.4719999996,4698106.452,3566698.361,34.22029146218016,117.14397573444982,35.57696432154626,-1.0842021724855044e-19,-0.0019999999999999996,4.169342171858603e-12,0.782011,0.150771,289.814864
2046,357708.0,2019-03-28 03:21:48.000000,-2408694.4719999996,4698106.452,3566698.361,34.22029146218016,117.14397573444982,35.57696432154626,-0.0010000000021376,-0.001999999995830658,0.0020000000031005424,0.783362,0.14895,289.812896
2046,357709.0,2019-03-28 03:21:49.000000,-2408694.4719999996,4698106.452,3566698.361,34.22029146218016,117.14397573444982,35.57696432154626,2.1375997760059162e-12,-0.002000000004169342,-0.001999999995830658,0.794963,0.141208,289.80418299999997
2046,357710.0,2019-03-28 03:21:50.000000,-2408694.4719999996,4698106.452,3566698.361,34.22029146218016,117.14397573444982,35.57696432154626,0.001,0.0,1.0687998880029581e-12,0.803626,0.123119,289.802686
2046,357711.0,2019-03-28 03:21:51.000000,-2408694.4719999996,4698106.452,3566698.361,34.22029146218016,117.14397573444982,35.57696432154626,-0.001,0.0,-1.0687998880029581e-12,0.817913,0.103339,289.792231
2046,357712.0,2019-03-28 03:21:52.000000,-2408694.4719999996,4698106.452,3566698.361,34.22029146218016,117.14397573444982,35.57696432154626,1.0842021724855044e-19,0.0019999999999999996,-4.169342171858603e-12,0.823247,0.096945,289.790114
2046,357713.0,2019-03-28 03:21:53.000000,-2408694.4719999996,4698106.452,3566698.361,34.22029146218016,117.14397573444982,35.57696432154626,1.0687999964231754e-12,0.0029999999979153287,-0.0010000000062540134,0.824002,0.096324,289.78801699999997
2046,357714.0,2019-03-28 03:21:54.000000,-2408694.4719999996,4698106.452,3566698.361,34.22029146218016,117.14397573444982,35.57696432154626,1.0842021724855044e-19,0.0019999999999999996,-4.169342171858603e-12,0.824648,0.093776,289.787544
2046,357715.0,2019-03-28 03:21:55.000000,-2408694.4719999996,4698106.452,3566698.361,34.22029146218016,117.14397573444982,35.57696432154626,-0.008,0.0,-8.550399104023665e-12,0.783094,0.136174,289.80724399999997
2046,357716.0,2019-03-28 03:21:56.000000,-2408694.4719999996,4698106.452,3566698.361,34.22029146218016,117.14397573444982,35.57696432154626,0.0009999999989312,0.002000000002084671,0.0009999999968994576,0.777042,0.146317,289.807721
2046,357717.0,2019-03-28 03:21:57.000000,-2408694.4719999996,4698106.452,3566698.361,34.22029146218016,117.14397573444982,35.57696432154626,-0.002,0.001,-4.222270970355435e-12,0.777195,0.144645,289.80692
2046,357718.0,2019-03-28 03:21:58.000000,-2408694.4719999996,4698106.452,3566698.361,34.22029146218016,117.14397573444982,35.57696432154626,-0.0009999999989312,0.0009999999979153288,-0.001000000003153471,0.776602,0.145002,289.8057
2046,357719.0,2019-03-28 03:21:59.000000,-2408694.4719999996,4698106.452,3566698.361,34.22029146218016,117.14397573444982,35.57696432154626,-0.001,0.0019999999999999996,-5.2381421682817786e-12,0.777442,0.145002,289.806111
2046,357720.0,2019-03-28 03:22:00.000000,-2408694.4719999996,4698106.452,3566698.361,34.22029146218016,117.14397573444982,35.57696432154626,5.421010862427522e-20,0.0009999999999999998,-2.0846710859293016e-12,0.77794,0.14415,289.806268
2046,357721.0,2019-03-28 03:22:01.000000,-2408694.4719999996,4698106.452,3566698.361,34.22029146218016,117.14397573444982,35.57696432154626,0.001,0.0,1.0687998880029581e-12,0.777869,0.14474,289.805045
2046,357722.0,2019-03-28 03:22:02.000000,-2408694.4719999996,4698106.452,3566698.361,34.22029146218016,117.14397573444982,35.57696432154626,0.0010000000000000002,0.001,-1.0158712521364521e-12,0.777766,0.145825,289.804418
2046,357723.0,2019-03-28 03:22:03.000000,-2408694.4719999996,4698106.452,3566698.361,34.22029146218016,117.14397573444982,35.57696432154626,-1.0687998880029581e-12,0.001000000002084671,0.000999999997915329,0.777347,0.14674,289.803554
2046,357724.0,2019-03-28 03:22:04.000000,-2408694.4719999996,4698106.452,3566698.361,34.22029146218016,117.14397573444982,35.57696432154626,-0.0010000000010687998,0.003000000002084671,0.000999999992677187,0.776763,0.147702,289.803142
2046,357725.0,2019-03-28 03:22:05.000000,-2408694.4720000005,4698106.454,3566698.363,34.220291468065895,117.14397572454756,35.579560697078705,-3.206399555588657e-12,0.004000000006254013,0.0029999999916613153,0.778752,0.146603,289.803085
2046,357726.0,2019-03-28 03:22:06.000000,-2408694.4730000016,4698106.4569999995,3566698.366,34.220291474581515,117.14397571935125,35.58383250515908,-0.0010000000042751996,0.002000000008338685,0.0039999999947618586,0.776104,0.150178,289.801782
2046,357727.0,2019-03-28 03:22:07.000000,-2408694.4730000016,4698106.4569999995,3566698.366,34.220291474581515,117.14397571935125,35.58383250515908,-4.2751995520118324e-12,0.002000000008338685,0.003999999995830658,0.772854,0.181824,289.792711
2046,357728.0,2019-03-28 03:22:08.000000,-2408694.4730000016,4698106.4569999995,3566698.366,34.220291474581515,117.14397571935125,35.58383250515908,0.0019999999957248005,0.002000000008338685,0.003999999997968258,0.775975,0.206875,289.779272
2046,357729.0,2019-03-28 03:22:09.000000,-2408694.4730000016,4698106.4569999995,3566698.366,34.220291474581515,117.14397571935125,35.58383250515908,-0.0020000000010687996,0.004000000002084671,0.000999999989523716,0.776266,0.207742,289.778153
2046,357730.0,2019-03-28 03:22:10.000000,-2408694.4730000016,4698106.4569999995,3566698.366,34.220291474581515,117.14397571935125,35.58383250515908,-0.0020000000021376,0.004000000004169342,0.001999999989523716,0.776016,0.203347,289.779771
2046,357731.0,2019-03-28 03:22:11.000000,-2408694.4730000016,4698106.4569999995,3566698.366,34.220291474581515,117.14397571935125,35.58383250515908,-0.0010000000010688,0.004000000002084671,0.000999999990592516,0.775222,0.203607,289.779631
2046,357732.0,2019-03-28 03:22:12.000000,-2408694.4730000016,4698106.4569999995,3566698.366,34.220291474581515,117.14397571935125,35.58383250515908,-0.0010000000010688,0.0030000000020846715,0.0009999999926771867,0.772893,0.202645,289.781419
2046,357733.0,2019-03-28 03:22:13.000000,-2408694.4730000016,4698106.4569999995,3566698.366,34.220291474581515,117.14397571935125,35.58383250515908,-0.002,0.001,-4.222271078775652e-12,0.768354,0.216806,289.783645
2046,357734.0,2019-03-28 03:22:14.000000,-2408694.4730000016,4698106.4569999995,3566698.366,34.220291474581515,117.14397571935125,35.58383250515908,-0.0009999999957248005,0.0029999999916613153,-0.0040000000073228134,0.76134,0.218349,289.792101
2046,357735.0,2019-03-28 03:22:15.000000,-2408694.4730000016,4698106.4569999995,3566698.366,34.220291474581515,117.14397571935125,35.58383250515908,-0.0010000000010688,0.001000000002084671,0.000999999996846529,0.772501,0.18515,289.80039999999997
2046,357736.0,2019-03-28 03:22:16.000000,-2408694.4730000016,4698106.4569999995,3566698.366,34.220291474581515,117.14397571935125,35.58383250515908,-1.0687998880029581e-12,0.002000000002084671,0.0009999999958306574,0.774319,0.18249,289.800276
2046,357737.0,2019-03-28 03:22:17.000000,-2408694.4730000016,4698106.4569999995,3566698.366,34.220291474581515,117.14397571935125,35.58383250515908,-2.1375997760059162e-12,0.0010000000041693424,0.001999999997915329,0.77498,0.181221,289.800091
2046,357738.0,2019-03-28 03:22:18.000000,-2408694.4730000016,4698106.4569999995,3566698.366,34.220291474581515,117.14397571935125,35.58383250515908,-0.0010000000021375998,0.0030000000041693425,0.0019999999926771867,0.775801,0.182206,289.799766
2046,357739.0,2019-03-28 03:22:19.000000,-2408694.4730000016,4698106.4569999995,3566698.366,34.220291474581515,117.14397571935125,35.58383250515908,-0.0010000000021375998,0.005000000004169342,0.001999999988507844,0.775395,0.182284,289.799174
2046,357740.0,2019-03-28 03:22:20.000000,-2408694.4730000016,4698106.4569999995,3566698.366,34.220291474581515,117.14397571935125,35.58383250515908,-0.0010000000010688,0.005000000002084671,0.0009999999885078443,0.78027,0.1809,289.799193
2046,357741.0,2019-03-28 03:22:21.000000,-2408694.4730000016,4698106.4569999995,3566698.366,34.220291474581515,117.14397571935125,35.58383250515908,-0.0019999999989312,0.0029999999979153287,-0.0010000000083916136,0.772259,0.180985,289.798185
2046,357742.0,2019-03-28 03:22:22.000000,-2408694.4730000016,4698106.4569999995,3566698.366,34.220291474581515,117.14397571935125,35.58383250515908,-0.001,0.0009999999999999998,-3.153471082352477e-12,0.774241,0.181213,289.79953
2046,357743.0,2019-03-28 03:22:23.000000,-2408694.4730000016,4698106.4569999995,3566698.366,34.220291474581515,117.14397571935125,35.58383250515908,0.0009999999978624,0.0020000000041693424,0.0019999999968994576,0.774303,0.18021,289.799439
2046,357744.0,2019-03-28 03:22:24.000000,-2408694.4730000016,4698106.4569999995,3566698.366,34.220291474581515,117.14397571935125,35.58383250515908,-1.0687998880029581e-12,0.001000000002084671,0.0009999999979153288,0.76992,0.181329,289.797883
2046,357745.0,2019-03-28 03:22:25.000000,-2408694.4730000016,4698106.4569999995,3566698.366,34.220291474581515,117.14397571935125,35.58383250515908,-0.0010000000010688,0.002000000002084671,0.000999999994761858,0.76789,0.181532,289.797229
2046,357746.0,2019-03-28 03:22:26.000000,-2408694.4730000016,4698106.4569999995,3566698.366,34.220291474581515,117.14397571935125,35.58383250515908,0.0,0.002,-4.169342388699038e-12,0.766015,0.18185,289.796365
2046,357747.0,2019-03-28 03:22:27.000000,-2408694.4730000016,4698106.4569999995,3566698.366,34.220291474581515,117.14397571935125,35.58383250515908,-0.003,0.0010000000000000005,-5.2910709667786104e-12,0.77051,0.18555,289.790701
2046,357748.0,2019-03-28 03:22:28.000000,-2408694.4730000016,4698106.4569999995,3566698.366,34.220291474581515,117.14397571935125,35.58383250515908,0.0009999999967936002,0.0010000000062540134,0.0029999999989841286,0.764115,0.182664,289.79383
2046,357749.0,2019-03-28 03:22:29.000000,-2408694.4730000016,4698106.4569999995,3566698.366,34.220291474581515,117.14397571935125,35.58383250515908,1.0687998880029581e-12,0.0029999999979153287,-0.0010000000062540136,0.773311,0.167386,289.792691
2046,357750.0,2019-03-28 03:22:30.000000,-2408694.4730000016,4698106.4569999995,3566698.366,34.220291474581515,117.14397571935125,35.58383250515908,-0.0019999999967936,0.0029999999937459867,-0.0030000000083916134,0.779524,0.16132,289.792696
2046,357751.0,2019-03-28 03:22:31.000000,-2408694.4730000016,4698106.4569999995,3566698.366,34.220291474581515,117.14397571935125,35.58383250515908,-0.0009999999967936002,0.004999999993745986,-0.0030000000114921562,0.797811,0.137981,289.790425
2046,357752.0,2019-03-28 03:22:32.000000,-2408694.4730000016,4698106.4569999995,3566698.366,34.220291474581515,117.14397571935125,35.58383250515908,-0.0009999999989312,0.0019999999979153286,-0.0010000000052381422,0.80356,0.131455,289.787874
2046,357753.0,2019-03-28 03:22:33.000000,-2408694.4730000016,4698106.457999999,3566698.3660000004,34.220291470070116,117.14397571440011,35.584568317979574,-0.001,0.002,-5.2381417346009096e-12,0.780577,0.150015,289.79003
2046,357754.0,2019-03-28 03:22:34.000000,-2408694.475000002,4698106.46,3566698.366000001,34.220291456421315,117.14397572381202,35.586794432252645,-0.0020000000032063996,0.002000000006254013,0.0029999999936930577,0.832552,0.110751,289.787035
2046,357755.0,2019-03-28 03:22:35.000000,-2408694.4750000024,4698106.460999999,3566698.366000001,34.22029145190991,117.14397571886089,35.58753024414182,-0.0009999999989312002,-2.0846711401394102e-12,-0.0010000000010688,0.826298,0.110315,289.787152
2046,357756.0,2019-03-28 03:22:36.000000,-2408694.4750000024,4698106.460999999,3566698.366000001,34.22029145190991,117.14397571886089,35.58753024414182,-0.0009999999967936005,0.003999999993745987,-0.0030000000094074853,0.829964,0.110238,289.784857
2046,357757.0,2019-03-28 03:22:37.000000,-2408694.4750000024,4698106.460999999,3566698.366000001,34.22029145190991,117.14397571886089,35.58753024414182,-0.0010000000010688,0.003000000002084671,0.0009999999926771867,0.836744,0.106969,289.78449
2046,357758.0,2019-03-28 03:22:38.000000,-2408694.4750000024,4698106.460999999,3566698.366000001,34.22029145190991,117.14397571886089,35.58753024414182,0.0010000000064127996,0.004999999987491973,-0.0060000000093545554,0.833836,0.14482,289.794607
2046,357759.0,2019-03-28 03:22:39.000000,-2408694.4750000024,4698106.460999999,3566698.366000001,34.22029145190991,117.14397571886089,35.58753024414182,-0.003999999994656001,0.001999999989576644,-0.005000000008444542,0.839373,0.111231,289.78965800000003
2046,357760.0,2019-03-28 03:22:40.000000,-2408694.4750000024,4698106.460999999,3566698.366000001,34.22029145190991,117.14397571886089,35.58753024414182,-1.0687998880029581e-12,-0.000999999997915329,0.0010000000020846714,0.838163,0.105882,289.783757
2046,357761.0,2019-03-28 03:22:41.000000,-2408694.4750000024,4698106.460999999,3566698.366000001,34.22029145190991,117.14397571886089,35.58753024414182,0.0009999999957248,-0.0009999999916613152,0.004000000003153471,0.820175,0.120804,289.785725
2046,357762.0,2019-03-28 03:22:42.000000,-2408694.4750000024,4698106.460999999,3566698.366000001,34.22029145190991,117.14397571886089,35.58753024414182,-3.2063997724290916e-12,-0.0009999999937459867,0.003000000002084671,0.791603,0.14594,289.78728
2046,357763.0,2019-03-28 03:22:43.000000,-2408694.4750000024,4698106.460999999,3566698.366000001,34.22029145190991,117.14397571886089,35.58753024414182,1.0687999964231754e-12,-0.002000000002084671,-0.0009999999958306576,0.783189,0.159961,289.786924
2046,357764.0,2019-03-28 03:22:44.000000,-2408694.4750000024,4698106.460999999,3566698.366000001,34.22029145190991,117.14397571886089,35.58753024414182,0.0010000000010688,-0.002000000002084671,-0.0009999999947618576,0.782289,0.160555,289.786253
2046,357765.0,2019-03-28 03:22:45.000000,-2408694.4750000024,4698106.460999999,3566698.366000001,34.22029145190991,117.14397571886089,35.58753024414182,0.0010000000021375998,-4.169342171858603e-12,-0.0019999999989312005,0.781401,0.160857,289.785443
2046,357766.0,2019-03-28 03:22:46.000000,-2408694.4750000024,4698106.460999999,3566698.366000001,34.22029145190991,117.14397571886089,35.58753024414182,0.0030000000010687996,0.0019999999979153286,-0.0010000000009629426,0.785354,0.157952,289.782597
2046,357767.0,2019-03-28 03:22:47.000000,-2408694.4750000024,4698106.460999999,3566698.366000001,34.22029145190991,117.14397571886089,35.58753024414182,0.004,-0.0009999999999999998,6.359870963201786e-12,0.785154,0.157688,289.781796
2046,357768.0,2019-03-28 03:22:48.000000,-2408694.4750000024,4698106.460999999,3566698.366000001,34.22029145190991,117.14397571886089,35.58753024414182,0.002,-0.001,4.2222711871958696e-12,0.782968,0.156488,289.782534
2046,357769.0,2019-03-28 03:22:49.000000,-2408694.4750000024,4698106.460999999,3566698.366000001,34.22029145190991,117.14397571886089,35.58753024414182,1.0687999964231754e-12,-0.002000000002084671,-0.0009999999958306576,0.779303,0.157594,289.783194
2046,357770.0,2019-03-28 03:22:50.000000,-2408694.4750000024,4698106.460999999,3566698.366000001,34.22029145190991,117.14397571886089,35.58753024414182,-0.0009999999989312,-0.002000000002084671,-0.0009999999968994576,0.781329,0.159927,289.78202
2046,357771.0,2019-03-28 03:22:51.000000,-2408694.4750000024,4698106.460999999,3566698.366000001,34.22029145190991,117.14397571886089,35.58753024414182,-0.0019999999978624005,-0.0010000000041693424,-0.0020000000000529286,0.790721,0.189303,289.779215
2046,357772.0,2019-03-28 03:22:52.000000,-2408694.4750000024,4698106.460999999,3566698.366000001,34.22029145190991,117.14397571886089,35.58753024414182,-0.0019999999978624005,-0.0010000000041693424,-0.0020000000000529286,0.792265,0.188245,289.778147
2046,357773.0,2019-03-28 03:22:53.000000,-2408694.4750000024,4698106.460999999,3566698.366000001,34.22029145190991,117.14397571886089,35.58753024414182,-0.0019999999989312,-2.0846711401394102e-12,-0.0010000000021376,0.794026,0.190776,289.776864
2046,357774.0,2019-03-28 03:22:54.000000,-2408694.4750000024,4698106.460999999,3566698.366000001,34.22029145190991,117.14397571886089,35.58753024414182,-1.0687999964231754e-12,0.0010000000020846712,0.0009999999979153288,0.794262,0.18789,289.775592
2046,357775.0,2019-03-28 03:22:55.000000,-2408694.4750000024,4698106.460999999,3566698.366000001,34.22029145190991,117.14397571886089,35.58753024414182,-0.0020000000010688,0.001000000002084671,0.0009999999957777288,0.794074,0.191563,289.776145
2046,357776.0,2019-03-28 03:22:56.000000,-2408694.4750000024,4698106.460999999,3566698.366000001,34.22029145190991,117.14397571886089,35.58753024414182,-0.0010000000021376,0.0030000000041693425,0.0019999999926771867,0.791567,0.187569,289.778423
2046,357777.0,2019-03-28 03:22:57.000000,-2408694.4750000024,4698106.460999999,3566698.366000001,34.22029145190991,117.14397571886089,35.58753024414182,-3.206399989269526e-12,0.0030000000062540134,0.0029999999937459867,0.793761,0.195385,289.77628400000003
2046,357778.0,2019-03-28 03:22:58.000000,-2408694.4750000024,4698106.460999999,3566698.366000001,34.22029145190991,117.14397571886089,35.58753024414182,-4.275199768852267e-12,0.003000000008338685,0.003999999993745987,0.794976,0.195966,289.776108
2046,357779.0,2019-03-28 03:22:59.000000,-2408694.4750000024,4698106.460999999,3566698.366000001,34.22029145190991,117.14397571886089,35.58753024414182,-3.206399989269526e-12,0.004000000006254013,0.0029999999916613153,0.787143,0.175723,289.780171
2046,357780.0,2019-03-28 03:23:00.000000,-2408694.4750000024,4698106.460999999,3566698.366000001,34.22029145190991,117.14397571886089,35.58753024414182,-0.0010000000032063998,0.0020000000062540134,0.0029999999947618577,0.786879,0.180728,289.776638
2046,357781.0,2019-03-28 03:23:01.000000,-2408694.4750000024,4698106.460999999,3566698.366000001,34.22029145190991,117.14397571886089,35.58753024414182,-0.0010000000032063998,0.0020000000062540134,0.0029999999947618577,0.780732,0.171495,289.776636
2046,357782.0,2019-03-28 03:23:02.000000,-2408694.4750000024,4698106.460999999,3566698.366000001,34.22029145190991,117.14397571886089,35.58753024414182,-0.001,0.003,-7.322813579471732e-12,0.779907,0.172406,289.77608399999997
2046,357783.0,2019-03-28 03:23:03.000000,-2408694.4750000024,4698106.460999999,3566698.366000001,34.22029145190991,117.14397571886089,35.58753024414182,-0.0020000000010687996,0.0020000000020846715,0.0009999999936930579,0.789039,0.161397,289.77126699999997
2046,357784.0,2019-03-28 03:23:04.000000,-2408694.4750000024,4698106.460999999,3566698.366000001,34.22029145190991,117.14397571886089,35.58753024414182,-0.0010000000042751996,0.0010000000083386844,0.0039999999968465295,0.812814,0.132806,289.765844
2046,357785.0,2019-03-28 03:23:05.000000,-2408694.4750000024,4698106.460999999,3566698.366000001,34.22029145190991,117.14397571886089,35.58753024414182,-0.002,0.001,-4.2222711871958696e-12,0.812769,0.135602,289.759183
2046,357786.0,2019-03-28 03:23:06.000000,-2408694.4750000024,4698106.460999999,3566698.366000001,34.22029145190991,117.14397571886089,35.58753024414182,-0.001,0.0,-1.0687999151080124e-12,0.812851,0.134582,289.756683
2046,357787.0,2019-03-28 03:23:07.000000,-2408694.4750000024,4698106.460999999,3566698.366000001,34.22029145190991,117.14397571886089,35.58753024414182,-1.0687999422130667e-12,2.0846711401394102e-12,0.001,0.815046,0.132105,289.755361
2046,357788.0,2019-03-28 03:23:08.000000,-2408694.4750000024,4698106.460999999,3566698.366000001,34.22029145190991,117.14397571886089,35.58753024414182,0.0009999999989312002,2.0846711401394102e-12,0.0010000000010688,0.815968,0.129393,289.754495
2046,357789.0,2019-03-28 03:23:09.000000,-2408694.4750000024,4698106.460999999,3566698.366000001,34.22029145190991,117.14397571886089,35.58753024414182,0.0030000000010688,-2.0846709775090844e-12,-0.0009999999967936002,0.81781,0.128313,289.753586
2046,357790.0,2019-03-28 03:23:10.000000,-2408694.4750000024,4698106.460999999,3566698.366000001,34.22029145190991,117.14397571886089,35.58753024414182,0.0020000000032064,0.0009999999937459867,-0.002999999999947071,0.821252,0.124443,289.753471
2046,357791.0,2019-03-28 03:23:11.000000,-2408694.4750000024,4698106.460999999,3566698.366000001,34.22029145190991,117.14397571886089,35.58753024414182,0.0020000000032063996,-0.002000000006254013,-0.002999999993693058,0.822919,0.124209,289.75289399999997
2046,357792.0,2019-03-28 03:23:12.000000,-2408694.4750000024,4698106.460999999,3566698.366000001,34.22029145190991,117.14397571886089,35.58753024414182,0.0020000000021376,-0.0020000000041693424,-0.001999999993693058,0.827683,0.121177,289.752065
2046,357793.0,2019-03-28 03:23:13.000000,-2408694.4750000024,4698106.460999999,3566698.366000001,34.22029145190991,117.14397571886089,35.58753024414182,0.0010000000042751996,-0.002000000008338684,-0.003999999994761858,0.832693,0.118975,289.750848
2046,357794.0,2019-03-28 03:23:14.000000,-2408694.4750000024,4698106.460999999,3566698.366000001,34.22029145190991,117.14397571886089,35.58753024414182,-0.003999999995724801,-0.002000000008338685,-0.004000000000105857,0.837473,0.119018,289.75064199999997
2046,357795.0,2019-03-28 03:23:15.000000,-2408694.4750000024,4698106.460999999,3566698.366000001,34.22029145190991,117.14397571886089,35.58753024414182,-0.005999999994656001,-0.0030000000104233563,-0.005000000000158786,0.843956,0.118506,289.749823
2046,357796.0,2019-03-28 03:23:16.000000,-2408694.4750000024,4698106.460999999,3566698.366000001,34.22029145190991,117.14397571886089,35.58753024414182,-0.011999999994656,-0.005000000010423356,-0.005000000002402244,0.850006,0.118935,289.748836
2046,357797.0,2019-03-28 03:23:17.000000,-2408694.4750000024,4698106.460999999,3566698.366000001,34.22029145190991,117.14397571886089,35.58753024414182,-0.017999999993587198,-0.008000000012508028,-0.006000000002561031,0.85556,0.119462,289.748655
2046,357798.0,2019-03-28 03:23:18.000000,-2408694.4750000024,4698106.460999999,3566698.366000001,34.22029145190991,117.14397571886089,35.58753024414182,-0.0229999999925184,-0.009000000014592698,-0.007000000005820359,0.8593,0.11906,289.74752
2046,357799.0,2019-03-28 03:23:19.000000,-2408694.4750000024,4698106.460999999,3566698.366000001,34.22029145190991,117.14397571886089,35.58753024414182,0.020999999989312002,0.005000000020846711,0.010000000012021441,0.856924,0.121117,289.748969
2046,357800.0,2019-03-28 03:23:20.000000,-2408694.4750000024,4698106.460999999,3566698.366000001,34.22029145190991,117.14397571886089,35.58753024414182,0.0169999999957248,0.004000000008338684,0.004000000009830915,0.857119,0.113915,289.748824
2046,357801.0,2019-03-28 03:23:21.000000,-2408694.4750000024,4698106.460999999,3566698.366000001,34.22029145190991,117.14397571886089,35.58753024414182,0.0109999999957248,0.0010000000083386844,0.004000000009672128,0.853227,0.11582,289.748424
2046,357802.0,2019-03-28 03:23:22.000000,-2408694.4750000024,4698106.460999999,3566698.366000001,34.22029145190991,117.14397571886089,35.58753024414182,0.006999999998931201,0.0010000000020846714,0.0010000000053969286,0.846464,0.111809,289.747723
2046,357803.0,2019-03-28 03:23:23.000000,-2408694.4750000024,4698106.460999999,3566698.366000001,34.22029145190991,117.14397571886089,35.58753024414182,0.0050000000010688005,-0.0010000000020846708,-0.000999999992571329,0.839415,0.113966,289.74719600000003
2046,357804.0,2019-03-28 03:23:24.000000,-2408694.4750000024,4698106.460999999,3566698.366000001,34.22029145190991,117.14397571886089,35.58753024414182,0.0010000000021376,-0.0020000000041693424,-0.0019999999947618577,0.833073,0.112074,289.748116
2046,357805.0,2019-03-28 03:23:25.000000,-2408694.4750000024,4698106.460999999,3566698.366000001,34.22029145190991,117.14397571886089,35.58753024414182,-0.0019999999978624,-0.002000000004169342,-0.0019999999979682576,0.827127,0.11216,289.748003
2046,357806.0,2019-03-28 03:23:26.000000,-2408694.4750000024,4698106.460999999,3566698.366000001,34.22029145190991,117.14397571886089,35.58753024414182,-0.0019999999989311996,-0.002000000002084671,-0.0009999999979682576,0.823032,0.110023,289.747553
2046,357807.0,2019-03-28 03:23:27.000000,-2408694.4750000024,4698106.460999999,3566698.366000001,34.22029145190991,117.14397571886089,35.58753024414182,-0.0029999999999999996,-0.002,9.629425349547832e-13,0.820527,0.110244,289.745939
2046,357808.0,2019-03-28 03:23:28.000000,-2408694.4750000024,4698106.460999999,3566698.366000001,34.22029145190991,117.14397571886089,35.58753024414182,-0.0029999999978624005,-0.0010000000041693424,-0.0020000000011217286,0.816688,0.118351,289.744481
2046,357809.0,2019-03-28 03:23:29.000000,-2408694.4750000024,4698106.460999999,3566698.366000001,34.22029145190991,117.14397571886089,35.58753024414182,-0.0029999999989312,-2.084671194349519e-12,-0.0010000000032064,0.814354,0.116098,289.745266
2046,357810.0,2019-03-28 03:23:30.000000,-2408694.4750000024,4698106.460999999,3566698.366000001,34.22029145190991,117.14397571886089,35.58753024414182,-0.0009999999989312002,-2.0846711401394102e-12,-0.0010000000010688,0.814312,0.114452,289.743473
2046,357811.0,2019-03-28 03:23:31.000000,-2408694.4750000024,4698106.460999999,3566698.366000001,34.22029145190991,117.14397571886089,35.58753024414182,1.0687999964231754e-12,-0.0010000000020846712,-0.0009999999979153288,0.813952,0.11259,289.74305300000003
2046,357812.0,2019-03-28 03:23:32.000000,-2408694.4750000024,4698106.460999999,3566698.366000001,34.22029145190991,117.14397571886089,35.58753024414182,1.0687999964231754e-12,-0.0010000000020846712,-0.0009999999979153288,0.814574,0.11079,289.743209
2046,357813.0,2019-03-28 03:23:33.000000,-2408694.4750000024,4698106.460999999,3566698.366000001,34.22029145190991,117.14397571886089,35.58753024414182,2.1375997760059162e-12,0.0009999999958306576,-0.0020000000020846715,0.812033,0.118702,289.741665
2046,357814.0,2019-03-28 03:23:34.000000,-2408694.4750000024,4698106.460999999,3566698.366000001,34.22029145190991,117.14397571886089,35.58753024414182,-0.0010000000010688,0.002000000002084671,0.0009999999947618576,0.815511,0.105252,289.741204
2046,357815.0,2019-03-28 03:23:35.000000,-2408694.4750000024,4698106.460999999,3566698.366000001,34.22029145190991,117.14397571886089,35.58753024414182,-0.0010000000021376,0.0030000000041693425,0.0019999999926771867,0.814287,0.1101,289.740415
2046,357816.0,2019-03-28 03:23:36.000000,-2408694.4750000024,4698106.460999999,3566698.366000001,34.22029145190991,117.14397571886089,35.58753024414182,-0.0010000000021376,0.0020000000041693424,0.0019999999947618577,0.814597,0.107634,289.740754
2046,357817.0,2019-03-28 03:23:37.000000,-2408694.4750000024,4698106.460999999,3566698.366000001,34.22029145190991,117.14397571886089,35.58753024414182,-0.0010000000010688,0.0010000000020846712,0.000999999996846529,0.814784,0.106458,289.741076
2046,357818.0,2019-03-28 03:23:38.000000,-2408694.4750000024,4698106.460999999,3566698.366000001,34.22029145190991,117.14397571886089,35.58753024414182,-0.0010000000032063996,0.0010000000062540134,0.002999999996846529,0.815074,0.105454,289.740361
2046,357819.0,2019-03-28 03:23:39.000000,-2408694.4750000024,4698106.460999999,3566698.366000001,34.22029145190991,117.14397571886089,35.58753024414182,-0.0010000000021375998,0.001000000004169342,0.001999999996846529,0.81638,0.10563,289.740269
2046,357820.0,2019-03-28 03:23:40.000000,-2408694.4750000024,4698106.460999999,3566698.366000001,34.22029145190991,117.14397571886089,35.58753024414182,-0.0009999999989312,0.0009999999979153288,-0.0010000000031534712,0.814691,0.103549,289.74156800000003
2046,357821.0,2019-03-28 03:23:41.000000,-2408694.4750000024,4698106.460999999,3566698.366000001,34.22029145190991,117.14397571886089,35.58753024414182,-0.0020000000010688005,-0.0009999999979153288,0.0009999999999470714,0.826194,0.07947,289.739613
2046,357822.0,2019-03-28 03:23:42.000000,-2408694.4750000024,4698106.460999999,3566698.366000001,34.22029145190991,117.14397571886089,35.58753024414182,-0.002,0.001,-4.2222711871958696e-12,0.823512,0.074375,289.740248
2046,357823.0,2019-03-28 03:23:43.000000,-2408694.4750000024,4698106.460999999,3566698.366000001,34.22029145190991,117.14397571886089,35.58753024414182,0.0009999999978624,0.0020000000041693424,0.0019999999968994576,0.799042,0.094354,289.74602400000003
2046,357824.0,2019-03-28 03:23:44.000000,-2408694.4750000024,4698106.460999999,3566698.366000001,34.22029145190991,117.14397571886089,35.58753024414182,2.137599667585699e-12,0.002999999995830658,-0.002000000006254014,0.837948,0.059063,289.738474
2046,357825.0,2019-03-28 03:23:45.000000,-2408694.4750000024,4698106.460999999,3566698.366000001,34.22029145190991,117.14397571886089,35.58753024414182,4.2751995520118324e-12,0.0019999999916613153,-0.004000000004169343,0.82094,0.070558,289.741809
2046,357826.0,2019-03-28 03:23:46.000000,-2408694.4750000024,4698106.460999999,3566698.366000001,34.22029145190991,117.14397571886089,35.58753024414182,0.0019999999989312,0.001000000002084671,0.0010000000000529288,0.819234,0.072069,289.739637
2046,357827.0,2019-03-28 03:23:47.000000,-2408694.4750000024,4698106.460999999,3566698.366000001,34.22029145190991,117.14397571886089,35.58753024414182,0.0020000000021376,0.0009999999958306576,-0.0019999999999470715,0.818549,0.064836,289.740034
2046,357828.0,2019-03-28 03:23:48.000000,-2408694.4750000024,4698106.460999999,3566698.366000001,34.22029145190991,117.14397571886089,35.58753024414182,-2.1375998844261335e-12,4.1693422802788205e-12,0.002,0.809699,0.091044,289.74606900000003
2046,357829.0,2019-03-28 03:23:49.000000,-2408694.4750000024,4698106.460999999,3566698.366000001,34.22029145190991,117.14397571886089,35.58753024414182,0.0,0.0,0.0,0.804502,0.095571,289.74503500000003
2046,357830.0,2019-03-28 03:23:50.000000,-2408694.4750000024,4698106.460999999,3566698.366000001,34.22029145190991,117.14397571886089,35.58753024414182,1.0687999964231754e-12,-0.0010000000020846712,-0.0009999999979153288,0.804638,0.088577,289.745672
2046,357831.0,2019-03-28 03:23:51.000000,-2408694.4750000024,4698106.460999999,3566698.366000001,34.22029145190991,117.14397571886089,35.58753024414182,-0.0019999999999999996,-0.002,2.031742558483013e-12,0.804074,0.097118,289.74420299999997
2046,357832.0,2019-03-28 03:23:52.000000,-2408694.4750000024,4698106.460999999,3566698.366000001,34.22029145190991,117.14397571886089,35.58753024414182,-0.001,0.001,-3.153471082352477e-12,0.800607,0.097137,289.741171
2046,357833.0,2019-03-28 03:23:53.000000,-2408694.4750000024,4698106.460999999,3566698.366000001,34.22029145190991,117.14397571886089,35.58753024414182,4.275199521518646e-12,0.0029999999916613153,-0.004000000006254014,0.798336,0.101986,289.741785
2046,357834.0,2019-03-28 03:23:54.000000,-2408694.473999999,4698106.462000001,3566698.3649999998,34.22029144225717,117.14397570425263,35.58732643164694,0.0019999999989312,0.0010000000020846712,0.0010000000000529286,0.811057,0.066281,289.735163
2046,357835.0,2019-03-28 03:23:55.000000,-2408694.4729999993,4698106.463,3566698.366,34.22029144751303,117.1439756896444,35.588247370906174,0.0,0.001,-2.0846711401394102e-12,0.774903,0.143551,289.740505
2046,357836.0,2019-03-28 03:23:56.000000,-2408694.473999999,4698106.463,3566698.3650000007,34.22029143774576,117.14397569930149,35.58806224260479,-1.0687999964231754e-12,0.0010000000020846712,0.0009999999979153288,0.853369,0.104647,289.73809900000003
2046,357837.0,2019-03-28 03:23:57.000000,-2408694.4729999998,4698106.465,3566698.3660000013,34.22029143849021,117.14397567974216,35.58971899561584,-5.343999982115877e-12,0.0020000000104233562,0.004999999995830657,0.776647,0.15061,289.74048500000004
2046,357838.0,2019-03-28 03:23:58.000000,-2408694.474,4698106.465999999,3566698.3659999995,34.2202914316658,117.1439756844481,35.59083205182105,-1.0688000235282297e-12,2.084671302769736e-12,0.001,0.848886,0.153826,289.745493
2046,357839.0,2019-03-28 03:23:59.000000,-2408694.474000001,4698106.467,3566698.3660000004,34.220291427154386,117.14397567949696,35.591567863710225,-1.0687999964231754e-12,0.002000000002084671,0.0009999999958306574,0.847956,0.152095,289.748803
2046,357840.0,2019-03-28 03:24:00.000000,-2408694.4740000013,4698106.467999999,3566698.3680000007,34.22029143755155,117.14397567454584,35.5934284273535,-2.1375998844261335e-12,4.169342388699038e-12,0.0020000000000000005,0.784169,0.158107,289.740279
2046,357841.0,2019-03-28 03:24:01.000000,-2408694.4740000013,4698106.467999999,3566698.3680000007,34.22029143755155,117.14397567454584,35.5934284273535,-2.1375998844261335e-12,0.0010000000041693424,0.001999999997915329,0.793482,0.164355,289.743281
2046,357842.0,2019-03-28 03:24:02.000000,-2408694.4740000013,4698106.467999999,3566698.3680000007,34.22029143755155,117.14397567454584,35.5934284273535,-2.1375999928463507e-12,0.0020000000041693424,0.0019999999958306577,0.795625,0.16324,289.747198
2046,357843.0,2019-03-28 03:24:03.000000,-2408694.4740000013,4698106.467999999,3566698.3680000007,34.22029143755155,117.14397567454584,35.5934284273535,0.0,0.0,0.0,0.808986,0.160399,289.746551
2046,357844.0,2019-03-28 03:24:04.000000,-2408694.4740000013,4698106.467999999,3566698.3680000007,34.22029143755155,117.14397567454584,35.5934284273535,0.0019999999989312,2.084671221454573e-12,0.0010000000021375998,0.836271,0.166706,289.749295
2046,357845.0,2019-03-28 03:24:05.000000,-2408694.4740000013,4698106.467999999,3566698.3680000007,34.22029143755155,117.14397567454584,35.5934284273535,-0.0009999999989312,-2.084671113034356e-12,-0.0010000000010688,0.822975,0.167128,289.73895
2046,357846.0,2019-03-28 03:24:06.000000,-2408694.4740000013,4698106.467999999,3566698.3680000007,34.22029143755155,117.14397567454584,35.5934284273535,-0.001,0.001,-3.153471082352477e-12,0.814047,0.163889,289.735529
2046,357847.0,2019-03-28 03:24:07.000000,-2408694.4740000013,4698106.467999999,3566698.3680000007,34.22029143755155,117.14397567454584,35.5934284273535,-2.1375997760059162e-12,0.0030000000041693425,0.0019999999937459867,0.814382,0.168282,289.735637
2046,357848.0,2019-03-28 03:24:08.000000,-2408694.4740000013,4698106.467999999,3566698.3680000007,34.22029143755155,117.14397567454584,35.5934284273535,-0.0020000000010688,0.001000000002084671,0.000999999995777729,0.821326,0.165836,289.742726
2046,357849.0,2019-03-28 03:24:09.000000,-2408694.4740000013,4698106.467999999,3566698.3680000007,34.22029143755155,117.14397567454584,35.5934284273535,-0.002,0.002,-6.306942164704954e-12,0.808748,0.168855,289.745398
2046,357850.0,2019-03-28 03:24:10.000000,-2408694.4740000013,4698106.467999999,3566698.3680000007,34.22029143755155,117.14397567454584,35.5934284273535,-0.0010000000010688,0.0030000000020846715,0.0009999999926771867,0.779557,0.163744,289.735227
2046,357851.0,2019-03-28 03:24:11.000000,-2408694.4740000013,4698106.467999999,3566698.3680000007,34.22029143755155,117.14397567454584,35.5934284273535,-0.0019999999989312,0.001999999997915329,-0.0010000000063069424,0.800035,0.133413,289.725275
2046,357852.0,2019-03-28 03:24:12.000000,-2408694.4740000013,4698106.467999999,3566698.3680000007,34.22029143755155,117.14397567454584,35.5934284273535,-0.0010000000053439998,1.0423356188588029e-11,0.0049999999989312005,0.790276,0.146498,289.725886
2046,357853.0,2019-03-28 03:24:13.000000,-2408694.4740000013,4698106.467999999,3566698.3680000007,34.22029143755155,117.14397567454584,35.5934284273535,-2.1375998844261335e-12,4.169342388699038e-12,0.0020000000000000005,0.794912,0.150384,289.724744
2046,357854.0,2019-03-28 03:24:14.000000,-2408694.4740000013,4698106.467999999,3566698.3680000007,34.22029143755155,117.14397567454584,35.5934284273535,-1.0687998608979038e-12,-0.000999999997915329,0.0010000000020846712,0.782215,0.166098,289.732197
2046,357855.0,2019-03-28 03:24:15.000000,-2408694.4740000013,4698106.467999999,3566698.3680000007,34.22029143755155,117.14397567454584,35.5934284273535,0.001,-0.001,3.153471082352477e-12,0.780996,0.166157,289.731157
2046,357856.0,2019-03-28 03:24:16.000000,-2408694.4740000013,4698106.467999999,3566698.3680000007,34.22029143755155,117.14397567454584,35.5934284273535,1.0842021724855044e-19,-0.002,4.1693422802788205e-12,0.778693,0.162869,289.729201
2046,357857.0,2019-03-28 03:24:17.000000,-2408694.4740000013,4698106.467999999,3566698.3680000007,34.22029143755155,117.14397567454584,35.5934284273535,2.1375999928463507e-12,-0.0020000000041693424,-0.0019999999958306577,0.77839,0.163699,289.728912
2046,357858.0,2019-03-28 03:24:18.000000,-2408694.4740000013,4698106.467999999,3566698.3680000007,34.22029143755155,117.14397567454584,35.5934284273535,-0.0009999999967936005,-0.0010000000062540136,-0.0029999999989841286,0.778611,0.163489,289.727938
2046,357859.0,2019-03-28 03:24:19.000000,-2408694.4740000013,4698106.467999999,3566698.3680000007,34.22029143755155,117.14397567454584,35.5934284273535,-0.0009999999978624,-4.1693422802788205e-12,-0.0020000000010688,0.779453,0.162688,289.727287
2046,357860.0,2019-03-28 03:24:20.000000,-2408694.4740000013,4698106.467999999,3566698.3680000007,34.22029143755155,117.14397567454584,35.5934284273535,-0.0009999999978624,-4.1693422802788205e-12,-0.0020000000010688,0.779565,0.162502,289.72652
2046,357861.0,2019-03-28 03:24:21.000000,-2408694.4740000013,4698106.467999999,3566698.3680000007,34.22029143755155,117.14397567454584,35.5934284273535,-0.0009999999989312002,-0.0010000000020846712,-0.0009999999989841288,0.779532,0.162407,289.72610199999997
2046,357862.0,2019-03-28 03:24:22.000000,-2408694.4740000013,4698106.467999999,3566698.3680000007,34.22029143755155,117.14397567454584,35.5934284273535,0.0,0.0,0.0,0.779939,0.161443,289.72553800000003
2046,357863.0,2019-03-28 03:24:23.000000,-2408694.4740000013,4698106.467999999,3566698.3680000007,34.22029143755155,117.14397567454584,35.5934284273535,0.0,0.0,0.0,0.779919,0.160976,289.72448099999997
2046,357864.0,2019-03-28 03:24:24.000000,-2408694.4740000013,4698106.467999999,3566698.3680000007,34.22029143755155,117.14397567454584,35.5934284273535,-5.421010862427522e-20,0.001,-2.0846711401394102e-12,0.779995,0.159779,289.723628
2046,357865.0,2019-03-28 03:24:25.000000,-2408694.4740000013,4698106.467999999,3566698.3680000007,34.22029143755155,117.14397567454584,35.5934284273535,-3.206399989269526e-12,0.0010000000062540138,0.002999999997915329,0.779823,0.158811,289.723138
2046,357866.0,2019-03-28 03:24:26.000000,-2408694.4740000013,4698106.467999999,3566698.3680000007,34.22029143755155,117.14397567454584,35.5934284273535,-0.0010000000021376,0.0010000000041693424,0.001999999996846529,0.780707,0.15581,289.723092
2046,357867.0,2019-03-28 03:24:27.000000,-2408694.4740000013,4698106.467999999,3566698.3680000007,34.22029143755155,117.14397567454584,35.5934284273535,-1.0687999422130667e-12,2.084671194349519e-12,0.0010000000000000002,0.799937,0.135772,289.71988
2046,357868.0,2019-03-28 03:24:28.000000,-2408694.4740000013,4698106.467999999,3566698.3680000007,34.22029143755155,117.14397567454584,35.5934284273535,1.0687998337928495e-12,0.0019999999979153286,-0.0010000000041693422,0.807724,0.12513,289.71702500000004
2046,357869.0,2019-03-28 03:24:29.000000,-2408694.4740000013,4698106.467999999,3566698.3680000007,34.22029143755155,117.14397567454584,35.5934284273535,0.0010000000010688,0.002999999997915329,-0.0010000000051852138,0.803149,0.124323,289.716272
2046,357870.0,2019-03-28 03:24:30.000000,-2408694.4740000013,4698106.467999999,3566698.3680000007,34.22029143755155,117.14397567454584,35.5934284273535,-2.1375998844261335e-12,0.0010000000041693424,0.001999999997915329,0.802454,0.126155,289.717121
2046,357871.0,2019-03-28 03:24:31.000000,-2408694.4740000013,4698106.467999999,3566698.3680000007,34.22029143755155,117.14397567454584,35.5934284273535,-0.0020000000010688,0.002000000002084671,0.000999999993693058,0.80187,0.128553,289.716469
2046,357872.0,2019-03-28 03:24:32.000000,-2408694.4740000013,4698106.467999999,3566698.3680000007,34.22029143755155,117.14397567454584,35.5934284273535,-0.0020000000010688,2.0846710859293016e-12,0.0009999999978624002,0.785246,0.148474,289.718932
2046,357873.0,2019-03-28 03:24:33.000000,-2408694.4740000013,4698106.467999999,3566698.3680000007,34.22029143755155,117.14397567454584,35.5934284273535,-0.0010000000010688,2.084671194349519e-12,0.0009999999989312002,0.794237,0.141992,289.71766
2046,357874.0,2019-03-28 03:24:34.000000,-2408694.4740000013,4698106.467999999,3566698.3680000007,34.22029143755155,117.14397567454584,35.5934284273535,0.0,0.0,0.0,0.794449,0.142832,289.717417
2046,357875.0,2019-03-28 03:24:35.000000,-2408694.4740000013,4698106.467999999,3566698.3680000007,34.22029143755155,117.14397567454584,35.5934284273535,5.421010862427522e-20,-0.001,2.0846711401394102e-12,0.793441,0.143896,289.716698
2046,357876.0,2019-03-28 03:24:36.000000,-2408694.4740000013,4698106.467999999,3566698.3680000007,34.22029143755155,117.14397567454584,35.5934284273535,1.0687999964231754e-12,-0.0010000000020846712,-0.0009999999979153288,0.794052,0.143762,289.715132
2046,357877.0,2019-03-28 03:24:37.000000,-2408694.4740000013,4698106.467999999,3566698.3680000007,34.22029143755155,117.14397567454584,35.5934284273535,2.1375998844261335e-12,-0.0010000000041693424,-0.001999999997915329,0.795594,0.142296,289.715236
2046,357878.0,2019-03-28 03:24:38.000000,-2408694.4740000013,4698106.467999999,3566698.3680000007,34.22029143755155,117.14397567454584,35.5934284273535,1.0687999964231754e-12,-0.0010000000020846712,-0.0009999999979153288,0.796595,0.141946,289.714184
2046,357879.0,2019-03-28 03:24:39.000000,-2408694.4740000013,4698106.467999999,3566698.3680000007,34.22029143755155,117.14397567454584,35.5934284273535,0.0010000000021376,-4.169342388699038e-12,-0.0019999999989312,0.798392,0.141215,289.71412399999997
2046,357880.0,2019-03-28 03:24:40.000000,-2408694.4740000013,4698106.467999999,3566698.3680000007,34.22029143755155,117.14397567454584,35.5934284273535,0.0010000000010688,-0.0010000000020846714,-0.000999999996846529,0.798431,0.141281,289.71356000000003
2046,357881.0,2019-03-28 03:24:41.000000,-2408694.4740000013,4698106.467999999,3566698.3680000007,34.22029143755155,117.14397567454584,35.5934284273535,5.421010862427522e-20,-0.001,2.0846711401394102e-12,0.79875,0.141384,289.71368
2046,357882.0,2019-03-28 03:24:42.000000,-2408694.4740000013,4698106.467999999,3566698.3680000007,34.22029143755155,117.14397567454584,35.5934284273535,1.0687999422130667e-12,-2.084671194349519e-12,-0.0010000000000000002,0.800043,0.139997,289.712847
2046,357883.0,2019-03-28 03:24:43.000000,-2408694.4740000013,4698106.467999999,3566698.3680000007,34.22029143755155,117.14397567454584,35.5934284273535,-0.001,0.001,-3.153471082352477e-12,0.800189,0.13848,289.71241499999996
2046,357884.0,2019-03-28 03:24:44.000000,-2408694.4740000013,4698106.467999999,3566698.3680000007,34.22029143755155,117.14397567454584,35.5934284273535,-0.0010000000010688,0.0010000000020846714,0.000999999996846529,0.800519,0.138215,289.711619
2046,357885.0,2019-03-28 03:24:45.000000,-2408694.4740000013,4698106.467999999,3566698.3680000007,34.22029143755155,117.14397567454584,35.5934284273535,-5.421010862427522e-20,0.001,-2.0846711401394102e-12,0.799567,0.138502,289.710854
2046,357886.0,2019-03-28 03:24:46.000000,-2408694.4740000013,4698106.467999999,3566698.3680000007,34.22029143755155,117.14397567454584,35.5934284273535,0.0010000000010688,0.000999999997915329,-0.0010000000010158714,0.797107,0.138809,289.710647
2046,357887.0,2019-03-28 03:24:47.000000,-2408694.4740000013,4698106.467999999,3566698.3680000007,34.22029143755155,117.14397567454584,35.5934284273535,1.0687999422130667e-12,-2.084671194349519e-12,-0.0010000000000000002,0.79729,0.136087,289.710381
2046,357888.0,2019-03-28 03:24:48.000000,-2408694.4740000013,4698106.467999999,3566698.3680000007,34.22029143755155,117.14397567454584,35.5934284273535,5.421010862427522e-20,-0.001,2.0846711401394102e-12,0.795311,0.136286,289.710083
2046,357889.0,2019-03-28 03:24:49.000000,-2408694.4740000013,4698106.467999999,3566698.3680000007,34.22029143755155,117.14397567454584,35.5934284273535,0.001,-0.002,5.238141951441344e-12,0.794905,0.137022,289.708526
2046,357890.0,2019-03-28 03:24:50.000000,-2408694.4740000013,4698106.467999999,3566698.3680000007,34.22029143755155,117.14397567454584,35.5934284273535,0.002,-0.001,4.222270970355435e-12,0.789348,0.14081,289.709826
2046,357891.0,2019-03-28 03:24:51.000000,-2408694.4740000013,4698106.467999999,3566698.3680000007,34.22029143755155,117.14397567454584,35.5934284273535,0.0020000000021376,-0.0010000000041693424,-0.001999999995777729,0.787684,0.142738,289.71002699999997
2046,357892.0,2019-03-28 03:24:52.000000,-2408694.4740000013,4698106.467999999,3566698.3680000007,34.22029143755155,117.14397567454584,35.5934284273535,0.0010000000010688,-2.084671194349519e-12,-0.0009999999989312002,0.795599,0.134614,289.707679
2046,357893.0,2019-03-28 03:24:53.000000,-2408694.4740000013,4698106.467999999,3566698.3680000007,34.22029143755155,117.14397567454584,35.5934284273535,1.0687999422130667e-12,-2.084671194349519e-12,-0.0010000000000000002,0.794949,0.134508,289.706906
2046,357894.0,2019-03-28 03:24:54.000000,-2408694.4740000013,4698106.467999999,3566698.3680000007,34.22029143755155,117.14397567454584,35.5934284273535,2.1375999928463507e-12,-0.0020000000041693424,-0.0019999999958306577,0.794622,0.134714,289.706411
2046,357895.0,2019-03-28 03:24:55.000000,-2408694.4740000013,4698106.467999999,3566698.3680000007,34.22029143755155,117.14397567454584,35.5934284273535,1.0687997795827409e-12,-0.0030000000020846715,-0.0009999999937459867,0.796439,0.133823,289.704847
2046,357896.0,2019-03-28 03:24:56.000000,-2408694.4740000013,4698106.467999999,3566698.3680000007,34.22029143755155,117.14397567454584,35.5934284273535,1.0687997795827409e-12,-0.0030000000020846715,-0.0009999999937459867,0.797311,0.134201,289.704475
2046,357897.0,2019-03-28 03:24:57.000000,-2408694.4740000013,4698106.467999999,3566698.3680000007,34.22029143755155,117.14397567454584,35.5934284273535,-0.001,-0.001,1.0158712521364521e-12,0.797996,0.131333,289.704233
2046,357898.0,2019-03-28 03:24:58.000000,-2408694.4740000013,4698106.467999999,3566698.3680000007,34.22029143755155,117.14397567454584,35.5934284273535,-0.0010000000010688,2.084671194349519e-12,0.0009999999989312002,0.800156,0.130301,289.70433
2046,357899.0,2019-03-28 03:24:59.000000,-2408694.4740000013,4698106.467999999,3566698.3680000007,34.22029143755155,117.14397567454584,35.5934284273535,0.0009999999989312002,0.0010000000020846712,0.0009999999989841288,0.800283,0.130018,289.703175
2046,357900.0,2019-03-28 03:25:00.000000,-2408694.4740000013,4698106.467999999,3566698.3680000007,34.22029143755155,117.14397567454584,35.5934284273535,0.0009999999989311998,0.003000000002084671,0.0009999999948147862,0.800856,0.129059,289.70293
2046,357901.0,2019-03-28 03:25:01.000000,-2408694.4740000013,4698106.467999999,3566698.3680000007,34.22029143755155,117.14397567454584,35.5934284273535,0.0,0.003,-6.254013366208122e-12,0.801185,0.12877,289.701997
2046,357902.0,2019-03-28 03:25:02.000000,-2408694.4740000013,4698106.467999999,3566698.3680000007,34.22029143755155,117.14397567454584,35.5934284273535,-0.001,0.002,-5.238141951441344e-12,0.800368,0.128464,289.70192
2046,357903.0,2019-03-28 03:25:03.000000,-2408694.4740000013,4698106.467999999,3566698.3680000007,34.22029143755155,117.14397567454584,35.5934284273535,-0.0010000000010688,0.0030000000020846715,0.0009999999926771867,0.801189,0.125908,289.701504
2046,357904.0,2019-03-28 03:25:04.000000,-2408694.4740000013,4698106.467999999,3566698.3680000007,34.22029143755155,117.14397567454584,35.5934284273535,-0.0010000000021375998,0.002000000004169342,0.0019999999947618577,0.800031,0.125739,289.701166
2046,357905.0,2019-03-28 03:25:05.000000,-2408694.4740000013,4698106.467999999,3566698.3680000007,34.22029143755155,117.14397567454584,35.5934284273535,-0.0010000000032063998,0.0020000000062540134,0.002999999994761858,0.798809,0.125245,289.700252
2046,357906.0,2019-03-28 03:25:06.000000,-2408694.4740000013,4698106.467999999,3566698.3680000007,34.22029143755155,117.14397567454584,35.5934284273535,-1.0687999964231754e-12,0.0010000000020846712,0.0009999999979153288,0.798569,0.127007,289.70009
2046,357907.0,2019-03-28 03:25:07.000000,-2408694.4740000013,4698106.467999999,3566698.3680000007,34.22029143755155,117.14397567454584,35.5934284273535,-1.0687999964231754e-12,0.0010000000020846712,0.0009999999979153288,0.798089,0.125521,289.699653
2046,357908.0,2019-03-28 03:25:08.000000,-2408694.4740000013,4698106.467999999,3566698.3680000007,34.22029143755155,117.14397567454584,35.5934284273535,-0.0010000000010688,2.084671194349519e-12,0.0009999999989312002,0.79532,0.125038,289.70083
2046,357909.0,2019-03-28 03:25:09.000000,-2408694.4740000013,4698106.467999999,3566698.3680000007,34.22029143755155,117.14397567454584,35.5934284273535,-0.0010000000021376,4.169342388699038e-12,0.0019999999989312,0.796682,0.125782,289.699884
2046,357910.0,2019-03-28 03:25:10.000000,-2408694.4740000013,4698106.467999999,3566698.3680000007,34.22029143755155,117.14397567454584,35.5934284273535,-2.1375998844261335e-12,0.0010000000041693424,0.001999999997915329,0.797093,0.125834,289.69883600000003
2046,357911.0,2019-03-28 03:25:11.000000,-2408694.4740000013,4698106.467999999,3566698.3680000007,34.22029143755155,117.14397567454584,35.5934284273535,-0.0010000000032064,-0.0009999999937459864,0.0030000000010158715,0.786822,0.135843,289.699801
2046,357912.0,2019-03-28 03:25:12.000000,-2408694.4740000013,4698106.467999999,3566698.3680000007,34.22029143755155,117.14397567454584,35.5934284273535,-0.001,0.001,-3.153471082352477e-12,0.776753,0.146664,289.70333800000003
2046,357913.0,2019-03-28 03:25:13.000000,-2408694.4740000013,4698106.467999999,3566698.3680000007,34.22029143755155,117.14397567454584,35.5934284273535,0.001,0.001,-1.0158712521364521e-12,0.776254,0.148242,289.702782
2046,357914.0,2019-03-28 03:25:14.000000,-2408694.4740000013,4698106.467999999,3566698.3680000007,34.22029143755155,117.14397567454584,35.5934284273535,0.001,0.001,-1.0158712521364521e-12,0.776156,0.149629,289.70239100000003
2046,357915.0,2019-03-28 03:25:15.000000,-2408694.4740000013,4698106.467999999,3566698.3680000007,34.22029143755155,117.14397567454584,35.5934284273535,0.0020000000010688,-0.001000000002084671,-0.000999999995777729,0.776923,0.149583,289.702394
2046,357916.0,2019-03-28 03:25:16.000000,-2408694.4740000013,4698106.467999999,3566698.3680000007,34.22029143755155,117.14397567454584,35.5934284273535,0.0010000000010687998,-0.002000000002084671,-0.0009999999947618579,0.781404,0.147361,289.701384
2046,357917.0,2019-03-28 03:25:17.000000,-2408694.4740000013,4698106.467999999,3566698.3680000007,34.22029143755155,117.14397567454584,35.5934284273535,-0.0009999999989312002,-0.0010000000020846712,-0.0009999999989841288,0.782386,0.149084,289.700595
2046,357918.0,2019-03-28 03:25:18.000000,-2408694.4740000013,4698106.467999999,3566698.3680000007,34.22029143755155,117.14397567454584,35.5934284273535,1.0842021724855044e-19,-0.002,4.1693422802788205e-12,0.784117,0.149549,289.700935
2046,357919.0,2019-03-28 03:25:19.000000,-2408694.4740000013,4698106.467999999,3566698.3680000007,34.22029143755155,117.14397567454584,35.5934284273535,-0.0009999999978624,-0.0020000000041693424,-0.0019999999968994576,0.784889,0.151928,289.700285
2046,357920.0,2019-03-28 03:25:20.000000,-2408694.4740000013,4698106.467999999,3566698.3680000007,34.22029143755155,117.14397567454584,35.5934284273535,-0.0019999999967936,-0.0010000000062540136,-0.0030000000000529286,0.78616,0.151662,289.700335
2046,357921.0,2019-03-28 03:25:21.000000,-2408694.4740000013,4698106.467999999,3566698.3680000007,34.22029143755155,117.14397567454584,35.5934284273535,-0.0009999999967936005,-0.0010000000062540136,-0.0029999999989841286,0.787265,0.153208,289.700116
2046,357922.0,2019-03-28 03:25:22.000000,-2408694.4740000013,4698106.467999999,3566698.3680000007,34.22029143755155,117.14397567454584,35.5934284273535,3.2063997724290916e-12,-0.0020000000062540134,-0.002999999995830658,0.787841,0.154859,289.699547
2046,357923.0,2019-03-28 03:25:23.000000,-2408694.4740000013,4698106.467999999,3566698.3680000007,34.22029143755155,117.14397567454584,35.5934284273535,0.0020000000010687996,-0.004000000002084671,-0.0009999999895237155,0.788656,0.154939,289.699366
2046,357924.0,2019-03-28 03:25:24.000000,-2408694.4740000013,4698106.467999999,3566698.3680000007,34.22029143755155,117.14397567454584,35.5934284273535,0.0020000000010687996,-0.004000000002084671,-0.0009999999895237155,0.788674,0.155807,289.699333
2046,357925.0,2019-03-28 03:25:25.000000,-2408694.4740000013,4698106.467999999,3566698.3680000007,34.22029143755155,117.14397567454584,35.5934284273535,0.0010000000010688,-0.004000000002084671,-0.0009999999905925157,0.789058,0.155251,289.698983
2046,357926.0,2019-03-28 03:25:26.000000,-2408694.4740000013,4698106.467999999,3566698.3680000007,34.22029143755155,117.14397567454584,35.5934284273535,2.168404344971009e-19,-0.004,8.338684560557641e-12,0.788762,0.156111,289.698345
2046,357927.0,2019-03-28 03:25:27.000000,-2408694.4740000013,4698106.467999999,3566698.3680000007,34.22029143755155,117.14397567454584,35.5934284273535,5.421010862427522e-20,-0.001,2.0846711401394102e-12,0.788367,0.153805,289.696996
2046,357928.0,2019-03-28 03:25:28.000000,-2408694.4740000013,4698106.467999999,3566698.3680000007,34.22029143755155,117.14397567454584,35.5934284273535,0.0020000000010688,-2.0846710859293016e-12,-0.0009999999978624002,0.786634,0.154482,289.69665299999997
2046,357929.0,2019-03-28 03:25:29.000000,-2408694.4740000013,4698106.467999999,3566698.3680000007,34.22029143755155,117.14397567454584,35.5934284273535,0.002,0.002,-2.0317425042729043e-12,0.786068,0.152394,289.696161
2046,357930.0,2019-03-28 03:25:30.000000,-2408694.4740000013,4698106.467999999,3566698.3680000007,34.22029143755155,117.14397567454584,35.5934284273535,0.0010000000010688,0.002999999997915329,-0.0010000000051852138,0.785236,0.151434,289.695475
2046,357931.0,2019-03-28 03:25:31.000000,-2408694.4740000013,4698106.467999999,3566698.3680000007,34.22029143755155,117.14397567454584,35.5934284273535,0.001,0.002,-3.1005423922758624e-12,0.784022,0.150562,289.695615
2046,357932.0,2019-03-28 03:25:32.000000,-2408694.4740000013,4698106.467999999,3566698.3680000007,34.22029143755155,117.14397567454584,35.5934284273535,-0.0010000000010688,0.0010000000020846714,0.000999999996846529,0.782682,0.149622,289.69447
2046,357933.0,2019-03-28 03:25:33.000000,-2408694.4740000013,4698106.467999999,3566698.3680000007,34.22029143755155,117.14397567454584,35.5934284273535,-0.0010000000010688,0.0010000000020846714,0.000999999996846529,0.784624,0.147455,289.694027
2046,357934.0,2019-03-28 03:25:34.000000,-2408694.4740000013,4698106.467999999,3566698.3680000007,34.22029143755155,117.14397567454584,35.5934284273535,-0.0020000000010688,0.001000000002084671,0.000999999995777729,0.784497,0.144395,289.693853
2046,357935.0,2019-03-28 03:25:35.000000,-2408694.4740000013,4698106.467999999,3566698.3680000007,34.22029143755155,117.14397567454584,35.5934284273535,-0.0020000000010687996,-0.0009999999979153288,0.0009999999999470714,0.784662,0.14424,289.693463
2046,357936.0,2019-03-28 03:25:36.000000,-2408694.4740000013,4698106.467999999,3566698.3680000007,34.22029143755155,117.14397567454584,35.5934284273535,-0.0020000000010688,2.0846710859293016e-12,0.0009999999978624002,0.785606,0.144257,289.692762
2046,357937.0,2019-03-28 03:25:37.000000,-2408694.4740000013,4698106.467999999,3566698.3680000007,34.22029143755155,117.14397567454584,35.5934284273535,-0.0009999999989312002,-0.0010000000020846712,-0.0009999999989841288,0.786685,0.142347,289.69262100000003
2046,357938.0,2019-03-28 03:25:38.000000,-2408694.4740000013,4698106.467999999,3566698.3680000007,34.22029143755155,117.14397567454584,35.5934284273535,-0.0009999999989312,0.0009999999979153288,-0.001000000003153471,0.786487,0.142553,289.691642
2046,357939.0,2019-03-28 03:25:39.000000,-2408694.4740000013,4698106.467999999,3566698.3680000007,34.22029143755155,117.14397567454584,35.5934284273535,-0.001,0.001,-3.153471082352477e-12,0.786696,0.143509,289.691237
2046,357940.0,2019-03-28 03:25:40.000000,-2408694.4740000013,4698106.467999999,3566698.3680000007,34.22029143755155,117.14397567454584,35.5934284273535,-2.1375998844261335e-12,4.169342388699038e-12,0.0020000000000000005,0.787217,0.143125,289.690679
2046,357941.0,2019-03-28 03:25:41.000000,-2408694.4740000013,4698106.467999999,3566698.3680000007,34.22029143755155,117.14397567454584,35.5934284273535,0.001,-0.001,3.153471082352477e-12,0.788227,0.142472,289.690476
2046,357942.0,2019-03-28 03:25:42.000000,-2408694.4740000013,4698106.467999999,3566698.3680000007,34.22029143755155,117.14397567454584,35.5934284273535,0.0009999999989312,-0.0019999999979153286,0.0010000000052381422,0.787266,0.144822,289.689711
2046,357943.0,2019-03-28 03:25:43.000000,-2408694.4740000013,4698106.467999999,3566698.3680000007,34.22029143755155,117.14397567454584,35.5934284273535,0.002,-0.001,4.222270970355435e-12,0.78659,0.14504,289.688386
2046,357944.0,2019-03-28 03:25:44.000000,-2408694.4740000013,4698106.467999999,3566698.3680000007,34.22029143755155,117.14397567454584,35.5934284273535,0.001,-0.001,3.153471082352477e-12,0.785699,0.145334,289.687812
2046,357945.0,2019-03-28 03:25:45.000000,-2408694.4740000013,4698106.467999999,3566698.3680000007,34.22029143755155,117.14397567454584,35.5934284273535,0.0010000000021376,-0.0010000000041693424,-0.001999999996846529,0.785576,0.145056,289.688723
2046,357946.0,2019-03-28 03:25:46.000000,-2408694.4740000013,4698106.467999999,3566698.3680000007,34.22029143755155,117.14397567454584,35.5934284273535,0.0010000000010688,-2.084671194349519e-12,-0.0009999999989312002,0.785277,0.144073,289.686958
2046,357947.0,2019-03-28 03:25:47.000000,-2408694.4740000013,4698106.467999999,3566698.3680000007,34.22029143755155,117.14397567454584,35.5934284273535,-0.0009999999978624002,0.0009999999958306576,-0.002000000003153471,0.785162,0.144372,289.686472
2046,357948.0,2019-03-28 03:25:48.000000,-2408694.4740000013,4698106.467999999,3566698.3680000007,34.22029143755155,117.14397567454584,35.5934284273535,1.0687999964231754e-12,-0.0010000000020846712,-0.0009999999979153288,0.784662,0.144547,289.68622
2046,357949.0,2019-03-28 03:25:49.000000,-2408694.4740000013,4698106.467999999,3566698.3680000007,34.22029143755155,117.14397567454584,35.5934284273535,1.0687999964231754e-12,-0.0010000000020846712,-0.0009999999979153288,0.784506,0.14411,289.685212
2046,357950.0,2019-03-28 03:25:50.000000,-2408694.4740000013,4698106.467999999,3566698.3680000007,34.22029143755155,117.14397567454584,35.5934284273535,5.421010862427522e-20,-0.001,2.0846711401394102e-12,0.784449,0.142371,289.68605
2046,357951.0,2019-03-28 03:25:51.000000,-2408694.4740000013,4698106.467999999,3566698.3680000007,34.22029143755155,117.14397567454584,35.5934284273535,0.0,0.0,0.0,0.783737,0.141363,289.684275
2046,357952.0,2019-03-28 03:25:52.000000,-2408694.4740000013,4698106.467999999,3566698.3680000007,34.22029143755155,117.14397567454584,35.5934284273535,-1.0687999422130667e-12,2.084671194349519e-12,0.0010000000000000002,0.784451,0.139987,289.68402000000003
2046,357953.0,2019-03-28 03:25:53.000000,-2408694.4740000013,4698106.467999999,3566698.3680000007,34.22029143755155,117.14397567454584,35.5934284273535,-3.2063997724290916e-12,0.0020000000062540134,0.002999999995830658,0.784073,0.140719,289.683082
2046,357954.0,2019-03-28 03:25:54.000000,-2408694.4740000013,4698106.467999999,3566698.3680000007,34.22029143755155,117.14397567454584,35.5934284273535,-0.0010000000021375996,0.004000000004169342,0.0019999999905925157,0.784668,0.139587,289.683125
2046,357955.0,2019-03-28 03:25:55.000000,-2408694.4740000013,4698106.467999999,3566698.3680000007,34.22029143755155,117.14397567454584,35.5934284273535,-0.0020000000021376,0.005000000004169342,0.0019999999874390447,0.784207,0.139187,289.682348
2046,357956.0,2019-03-28 03:25:56.000000,-2408694.4740000013,4698106.467999999,3566698.3680000007,34.22029143755155,117.14397567454584,35.5934284273535,-0.0010000000021375996,0.004000000004169342,0.0019999999905925157,0.784929,0.137544,289.683494
2046,357957.0,2019-03-28 03:25:57.000000,-2408694.4740000013,4698106.467999999,3566698.3680000007,34.22029143755155,117.14397567454584,35.5934284273535,-0.0020000000021375996,0.003000000004169342,0.0019999999916083862,0.785193,0.137525,289.682587
2046,357958.0,2019-03-28 03:25:58.000000,-2408694.4740000013,4698106.467999999,3566698.3680000007,34.22029143755155,117.14397567454584,35.5934284273535,-0.0020000000021376,0.0010000000041693424,0.001999999995777729,0.785819,0.137827,289.68212800000003
2046,357959.0,2019-03-28 03:25:59.000000,-2408694.4740000013,4698106.467999999,3566698.3680000007,34.22029143755155,117.14397567454584,35.5934284273535,-0.0030000000010688,0.0010000000020846712,0.000999999994708929,0.785924,0.138108,289.68181500000003
2046,357960.0,2019-03-28 03:26:00.000000,-2408694.4740000013,4698106.467999999,3566698.3680000007,34.22029143755155,117.14397567454584,35.5934284273535,-0.0029999999989312,0.0009999999979153288,-0.001000000005291071,0.786979,0.135993,289.681305
2046,357961.0,2019-03-28 03:26:01.000000,-2408694.4740000013,4698106.467999999,3566698.3680000007,34.22029143755155,117.14397567454584,35.5934284273535,-0.002,0.002,-6.306942164704954e-12,0.786674,0.137231,289.68005
2046,357962.0,2019-03-28 03:26:02.000000,-2408694.4740000013,4698106.467999999,3566698.3680000007,34.22029143755155,117.14397567454584,35.5934284273535,-0.0009999999989312,-2.084671113034356e-12,-0.0010000000010688,0.786113,0.136528,289.678916
2046,357963.0,2019-03-28 03:26:03.000000,-2408694.4740000013,4698106.467999999,3566698.3680000007,34.22029143755155,117.14397567454584,35.5934284273535,1.0687999422130667e-12,-2.084671194349519e-12,-0.0010000000000000002,0.785578,0.136455,289.677549
2046,357964.0,2019-03-28 03:26:04.000000,-2408694.4740000013,4698106.467999999,3566698.3680000007,34.22029143755155,117.14397567454584,35.5934284273535,0.0030000000010687996,-2.084671194349519e-12,-0.0009999999967936005,0.785229,0.136105,289.6773
2046,357965.0,2019-03-28 03:26:05.000000,-2408694.4740000013,4698106.467999999,3566698.3680000007,34.22029143755155,117.14397567454584,35.5934284273535,0.002,0.0,2.137599830216025e-12,0.790015,0.13005,289.675483
2046,357966.0,2019-03-28 03:26:06.000000,-2408694.4740000013,4698106.467999999,3566698.3680000007,34.22029143755155,117.14397567454584,35.5934284273535,0.002,0.0,2.137599830216025e-12,0.789795,0.129781,289.674785
2046,357967.0,2019-03-28 03:26:07.000000,-2408694.4740000013,4698106.467999999,3566698.3680000007,34.22029143755155,117.14397567454584,35.5934284273535,0.001,0.0,1.0687999151080124e-12,0.788575,0.131902,289.67456300000003
2046,357968.0,2019-03-28 03:26:08.000000,-2408694.4740000013,4698106.467999999,3566698.3680000007,34.22029143755155,117.14397567454584,35.5934284273535,1.0687999964231754e-12,-0.0010000000020846712,-0.0009999999979153288,0.788505,0.133394,289.675361
2046,357969.0,2019-03-28 03:26:09.000000,-2408694.4740000013,4698106.467999999,3566698.3680000007,34.22029143755155,117.14397567454584,35.5934284273535,-0.0019999999989312,-0.001000000002084671,-0.0010000000000529288,0.792979,0.128235,289.673588
2046,357970.0,2019-03-28 03:26:10.000000,-2408694.4740000013,4698106.467999999,3566698.3680000007,34.22029143755155,117.14397567454584,35.5934284273535,-0.0009999999989312,-0.002000000002084671,-0.0009999999968994576,0.791396,0.132415,289.670979
2046,357971.0,2019-03-28 03:26:11.000000,-2408694.4740000013,4698106.467999999,3566698.3680000007,34.22029143755155,117.14397567454584,35.5934284273535,-0.0019999999978624,-0.0030000000041693425,-0.0019999999958835862,0.789135,0.134531,289.672679
2046,357972.0,2019-03-28 03:26:12.000000,-2408694.4740000013,4698106.467999999,3566698.3680000007,34.22029143755155,117.14397567454584,35.5934284273535,-0.002,-0.003,4.116413481781989e-12,0.794003,0.128758,289.66952000000003
2046,357973.0,2019-03-28 03:26:13.000000,-2408694.4740000013,4698106.467999999,3566698.3680000007,34.22029143755155,117.14397567454584,35.5934284273535,2.168404344971009e-19,-0.004,8.338684560557641e-12,0.798301,0.12607,289.666765
2046,357974.0,2019-03-28 03:26:14.000000,-2408694.4740000013,4698106.467999999,3566698.3680000007,34.22029143755155,117.14397567454584,35.5934284273535,0.0010000000010688,-0.0030000000020846715,-0.0009999999926771867,0.798553,0.130487,289.665625
2046,357975.0,2019-03-28 03:26:15.000000,-2408694.4740000013,4698106.467999999,3566698.3680000007,34.22029143755155,117.14397567454584,35.5934284273535,0.002,-0.001,4.222270970355435e-12,0.795561,0.131046,289.668307
2046,357976.0,2019-03-28 03:26:16.000000,-2408694.4740000013,4698106.467999999,3566698.3680000007,34.22029143755155,117.14397567454584,35.5934284273535,0.0010000000032064,-0.0010000000062540136,-0.002999999996846529,0.795655,0.133901,289.667616
2046,357977.0,2019-03-28 03:26:17.000000,-2408694.4740000013,4698106.467999999,3566698.3680000007,34.22029143755155,117.14397567454584,35.5934284273535,0.0010000000032064,-0.0010000000062540136,-0.002999999996846529,0.796326,0.134705,289.665562
2046,357978.0,2019-03-28 03:26:18.000000,-2408694.4740000013,4698106.467999999,3566698.3680000007,34.22029143755155,117.14397567454584,35.5934284273535,0.0010000000021376,-0.0010000000041693424,-0.001999999996846529,0.796402,0.135177,289.664537
2046,357979.0,2019-03-28 03:26:19.000000,-2408694.4740000013,4698106.467999999,3566698.3680000007,34.22029143755155,117.14397567454584,35.5934284273535,-0.0010000000010688,2.084671194349519e-12,0.0009999999989312002,0.789679,0.144,289.667491
2046,357980.0,2019-03-28 03:26:20.000000,-2408694.4740000013,4698106.467999999,3566698.3680000007,34.22029143755155,117.14397567454584,35.5934284273535,-0.003,0.002,-7.375741944287695e-12,0.789659,0.144976,289.667008
2046,357981.0,2019-03-28 03:26:21.000000,-2408694.4740000013,4698106.467999999,3566698.3680000007,34.22029143755155,117.14397567454584,35.5934284273535,-0.0020000000010688,0.002000000002084671,0.000999999993693058,0.789524,0.14396,289.666752
2046,357982.0,2019-03-28 03:26:22.000000,-2408694.4740000013,4698106.467999999,3566698.3680000007,34.22029143755155,117.14397567454584,35.5934284273535,-0.0010000000021375998,0.002000000004169342,0.0019999999947618577,0.786412,0.144321,289.666412
2046,357983.0,2019-03-28 03:26:23.000000,-2408694.4740000013,4698106.467999999,3566698.3680000007,34.22029143755155,117.14397567454584,35.5934284273535,-1.0688001048433926e-12,0.002000000002084671,0.0009999999958306578,0.782365,0.146156,289.66697
2046,357984.0,2019-03-28 03:26:24.000000,-2408694.4740000013,4698106.467999999,3566698.3680000007,34.22029143755155,117.14397567454584,35.5934284273535,1.0687998337928495e-12,0.0019999999979153286,-0.0010000000041693422,0.784328,0.147124,289.664762
2046,357985.0,2019-03-28 03:26:25.000000,-2408694.4740000013,4698106.467999999,3566698.3680000007,34.22029143755155,117.14397567454584,35.5934284273535,2.1375999115311878e-12,0.0009999999958306576,-0.002000000002084671,0.799668,0.131129,289.663637
2046,357986.0,2019-03-28 03:26:26.000000,-2408694.4740000013,4698106.467999999,3566698.3680000007,34.22029143755155,117.14397567454584,35.5934284273535,0.0,0.003,-6.254013366208122e-12,0.799173,0.130223,289.663195
2046,357987.0,2019-03-28 03:26:27.000000,-2408694.4740000013,4698106.467999999,3566698.3680000007,34.22029143755155,117.14397567454584,35.5934284273535,-1.0688001048433926e-12,0.002000000002084671,0.0009999999958306578,0.799993,0.129186,289.661727
2046,357988.0,2019-03-28 03:26:28.000000,-2408694.4740000013,4698106.467999999,3566698.3680000007,34.22029143755155,117.14397567454584,35.5934284273535,-0.001,0.0,-1.0687999151080124e-12,0.784402,0.142407,289.665387
2046,357989.0,2019-03-28 03:26:29.000000,-2408694.4740000013,4698106.467999999,3566698.3680000007,34.22029143755155,117.14397567454584,35.5934284273535,5.421010862427522e-20,-0.001,2.0846711401394102e-12,0.791018,0.138498,289.663451
2046,357990.0,2019-03-28 03:26:30.000000,-2408694.4740000013,4698106.467999999,3566698.3680000007,34.22029143755155,117.14397567454584,35.5934284273535,2.1375997760059162e-12,-0.0030000000041693425,-0.0019999999937459867,0.795991,0.140874,289.665004
2046,357991.0,2019-03-28 03:26:31.000000,-2408694.4740000013,4698106.467999999,3566698.3680000007,34.22029143755155,117.14397567454584,35.5934284273535,1.0687997795827409e-12,-0.0030000000020846715,-0.0009999999937459867,0.800791,0.140621,289.664685
2046,357992.0,2019-03-28 03:26:32.000000,-2408694.4740000013,4698106.467999999,3566698.3680000007,34.22029143755155,117.14397567454584,35.5934284273535,-0.0019999999989312005,-0.003000000002084671,-0.0009999999958835866,0.791576,0.136361,289.662605
2046,357993.0,2019-03-28 03:26:33.000000,-2408694.4740000013,4698106.467999999,3566698.3680000007,34.22029143755155,117.14397567454584,35.5934284273535,2.1375997760059162e-12,-0.0030000000041693425,-0.0019999999937459867,0.791658,0.136561,289.663618
2046,357994.0,2019-03-28 03:26:34.000000,-2408694.4740000013,4698106.467999999,3566698.3680000007,34.22029143755155,117.14397567454584,35.5934284273535,3.2063997724290916e-12,-0.0020000000062540134,-0.002999999995830658,0.794606,0.132621,289.662623
2046,357995.0,2019-03-28 03:26:35.000000,-2408694.4740000013,4698106.467999999,3566698.3680000007,34.22029143755155,117.14397567454584,35.5934284273535,0.0010000000042752,-0.002000000008338685,-0.0039999999947618586,0.818973,0.09414,289.650863
2046,357996.0,2019-03-28 03:26:36.000000,-2408694.4740000013,4698106.467999999,3566698.3680000007,34.22029143755155,117.14397567454584,35.5934284273535,3.206399989269526e-12,-0.0010000000062540138,-0.002999999997915329,0.822939,0.089278,289.650355
2046,357997.0,2019-03-28 03:26:37.000000,-2408694.4740000013,4698106.467999999,3566698.3680000007,34.22029143755155,117.14397567454584,35.5934284273535,1.0687999964231754e-12,-0.0010000000020846712,-0.0009999999979153288,0.821828,0.090024,289.649872
2046,357998.0,2019-03-28 03:26:38.000000,-2408694.4740000013,4698106.467999999,3566698.3680000007,34.22029143755155,117.14397567454584,35.5934284273535,-0.0010000000010688,-0.000999999997915329,0.0010000000010158714,0.821132,0.088445,289.651933
2046,357999.0,2019-03-28 03:26:39.000000,-2408694.4740000013,4698106.467999999,3566698.3680000007,34.22029143755155,117.14397567454584,35.5934284273535,-3.206399989269526e-12,0.0010000000062540138,0.002999999997915329,0.819852,0.090621,289.651218
2046,358000.0,2019-03-28 03:26:40.000000,-2408694.4740000013,4698106.467999999,3566698.3680000007,34.22029143755155,117.14397567454584,35.5934284273535,0.0009999999978624005,0.0010000000041693424,0.0019999999989841286,0.79604,0.130695,289.659191
2046,358001.0,2019-03-28 03:26:41.000000,-2408694.4740000013,4698106.467999999,3566698.3680000007,34.22029143755155,117.14397567454584,35.5934284273535,0.0009999999989312002,0.0010000000020846712,0.0009999999989841288,0.794925,0.13253,289.658491
2046,358002.0,2019-03-28 03:26:42.000000,-2408694.4740000013,4698106.467999999,3566698.3680000007,34.22029143755155,117.14397567454584,35.5934284273535,0.0009999999978624,4.1693422802788205e-12,0.0020000000010688,0.794144,0.132091,289.658197
2046,358003.0,2019-03-28 03:26:43.000000,-2408694.4740000013,4698106.467999999,3566698.3680000007,34.22029143755155,117.14397567454584,35.5934284273535,-2.1375999115311878e-12,-0.0009999999958306576,0.002000000002084671,0.793783,0.133015,289.658812
2046,358004.0,2019-03-28 03:26:44.000000,-2408694.4740000013,4698106.467999999,3566698.3680000007,34.22029143755155,117.14397567454584,35.5934284273535,-0.0010000000032064,-0.0009999999937459864,0.0030000000010158715,0.793827,0.129772,289.659989
2046,358005.0,2019-03-28 03:26:45.000000,-2408694.4740000013,4698106.467999999,3566698.3680000007,34.22029143755155,117.14397567454584,35.5934284273535,-0.001,0.001,-3.153471082352477e-12,0.793928,0.131708,289.658048
2046,358006.0,2019-03-28 03:26:46.000000,-2408694.4740000013,4698106.467999999,3566698.3680000007,34.22029143755155,117.14397567454584,35.5934284273535,-0.0009999999989312,-2.084671113034356e-12,-0.0010000000010688,0.795095,0.132354,289.658305
2046,358007.0,2019-03-28 03:26:47.000000,-2408694.4740000013,4698106.467999999,3566698.3680000007,34.22029143755155,117.14397567454584,35.5934284273535,1.0687998608979038e-12,0.000999999997915329,-0.0010000000020846712,0.794887,0.13239,289.657303
2046,358008.0,2019-03-28 03:26:48.000000,-2408694.4740000013,4698106.467999999,3566698.3680000007,34.22029143755155,117.14397567454584,35.5934284273535,-0.0009999999989312,0.0009999999979153288,-0.001000000003153471,0.794942,0.132297,289.657552
2046,358009.0,2019-03-28 03:26:49.000000,-2408694.4740000013,4698106.467999999,3566698.3680000007,34.22029143755155,117.14397567454584,35.5934284273535,-0.001,0.001,-3.153471082352477e-12,0.796114,0.132699,289.657167
2046,358010.0,2019-03-28 03:26:50.000000,-2408694.4740000013,4698106.467999999,3566698.3680000007,34.22029143755155,117.14397567454584,35.5934284273535,-0.001,0.0,-1.0687999151080124e-12,0.796959,0.132103,289.656428
2046,358011.0,2019-03-28 03:26:51.000000,-2408694.4740000013,4698106.467999999,3566698.3680000007,34.22029143755155,117.14397567454584,35.5934284273535,-0.0010000000010688,2.084671194349519e-12,0.0009999999989312002,0.795907,0.132518,289.656988
2046,358012.0,2019-03-28 03:26:52.000000,-2408694.4740000013,4698106.467999999,3566698.3680000007,34.22029143755155,117.14397567454584,35.5934284273535,-0.0010000000010688,2.084671194349519e-12,0.0009999999989312002,0.797755,0.133017,289.656042
2046,358013.0,2019-03-28 03:26:53.000000,-2408694.4740000013,4698106.467999999,3566698.3680000007,34.22029143755155,117.14397567454584,35.5934284273535,-0.0010000000010688,2.084671194349519e-12,0.0009999999989312002,0.797265,0.134099,289.65655300000003
2046,358014.0,2019-03-28 03:26:54.000000,-2408694.4740000013,4698106.467999999,3566698.3680000007,34.22029143755155,117.14397567454584,35.5934284273535,-2.1375998844261335e-12,4.169342388699038e-12,0.0020000000000000005,0.798589,0.133881,289.65605600000004
2046,358015.0,2019-03-28 03:26:55.000000,-2408694.4740000013,4698106.467999999,3566698.3680000007,34.22029143755155,117.14397567454584,35.5934284273535,-3.206399880849309e-12,6.2540135830485566e-12,0.0030000000000000005,0.797077,0.135794,289.656144
2046,358016.0,2019-03-28 03:26:56.000000,-2408694.4740000013,4698106.467999999,3566698.3680000007,34.22029143755155,117.14397567454584,35.5934284273535,0.001,0.002,-3.1005423922758624e-12,0.796987,0.137733,289.656124
2046,358017.0,2019-03-28 03:26:57.000000,-2408694.4740000013,4698106.467999999,3566698.3680000007,34.22029143755155,117.14397567454584,35.5934284273535,0.0009999999989312,2.084671113034356e-12,0.0010000000010688,0.795251,0.135098,289.65491
2046,358018.0,2019-03-28 03:26:58.000000,-2408694.4740000013,4698106.467999999,3566698.3680000007,34.22029143755155,117.14397567454584,35.5934284273535,-0.0010000000021376,4.169342388699038e-12,0.0019999999989312,0.793794,0.139097,289.653179
2046,358019.0,2019-03-28 03:26:59.000000,-2408694.4740000013,4698106.467999999,3566698.3680000007,34.22029143755155,117.14397567454584,35.5934284273535,-1.0688001048433926e-12,0.002000000002084671,0.0009999999958306578,0.792237,0.139153,289.651951
2046,358020.0,2019-03-28 03:27:00.000000,-2408694.4740000013,4698106.467999999,3566698.3680000007,34.22029143755155,117.14397567454584,35.5934284273535,0.0019999999989312005,0.003000000002084671,0.0009999999958835866,0.790834,0.139717,289.65270599999997
2046,358021.0,2019-03-28 03:27:01.000000,-2408694.4740000013,4698106.467999999,3566698.3680000007,34.22029143755155,117.14397567454584,35.5934284273535,0.001,0.002,-3.1005423922758624e-12,0.789134,0.141555,289.65213900000003
2046,358022.0,2019-03-28 03:27:02.000000,-2408694.4740000013,4698106.467999999,3566698.3680000007,34.22029143755155,117.14397567454584,35.5934284273535,-0.002,0.001,-4.222270970355435e-12,0.78745,0.140597,289.648213
2046,358023.0,2019-03-28 03:27:03.000000,-2408694.4740000013,4698106.467999999,3566698.3680000007,34.22029143755155,117.14397567454584,35.5934284273535,-0.0010000000010688,2.084671194349519e-12,0.0009999999989312002,0.785982,0.143013,289.648317
2046,358024.0,2019-03-28 03:27:04.000000,-2408694.4740000013,4698106.467999999,3566698.3680000007,34.22029143755155,117.14397567454584,35.5934284273535,0.0,0.0,0.0,0.783895,0.144576,289.646534
2046,358025.0,2019-03-28 03:27:05.000000,-2408694.4740000013,4698106.467999999,3566698.3680000007,34.22029143755155,117.14397567454584,35.5934284273535,-0.002,-0.001,-5.2928686688482815e-14,0.786979,0.142022,289.653869
2046,358026.0,2019-03-28 03:27:06.000000,-2408694.4740000013,4698106.467999999,3566698.3680000007,34.22029143755155,117.14397567454584,35.5934284273535,-0.0019999999978624,-4.169342226068712e-12,-0.0020000000021376,0.787471,0.141343,289.65449
2046,358027.0,2019-03-28 03:27:07.000000,-2408694.4740000013,4698106.467999999,3566698.3680000007,34.22029143755155,117.14397567454584,35.5934284273535,3.206399989269526e-12,-0.0010000000062540138,-0.002999999997915329,0.786376,0.139805,289.654917
2046,358028.0,2019-03-28 03:27:08.000000,-2408694.4740000013,4698106.467999999,3566698.3680000007,34.22029143755155,117.14397567454584,35.5934284273535,0.0010000000021376,-0.0010000000041693424,-0.001999999996846529,0.786284,0.137237,289.653749
2046,358029.0,2019-03-28 03:27:09.000000,-2408694.4740000013,4698106.467999999,3566698.3680000007,34.22029143755155,117.14397567454584,35.5934284273535,0.0020000000021376,-0.002000000004169343,-0.001999999993693058,0.785926,0.137825,289.654318
2046,358030.0,2019-03-28 03:27:10.000000,-2408694.4740000013,4698106.467999999,3566698.3680000007,34.22029143755155,117.14397567454584,35.5934284273535,0.0010000000021376,-0.0010000000041693424,-0.001999999996846529,0.785899,0.137475,289.65379
2046,358031.0,2019-03-28 03:27:11.000000,-2408694.4740000013,4698106.467999999,3566698.3680000007,34.22029143755155,117.14397567454584,35.5934284273535,0.0020000000010688,-0.003000000002084671,-0.0009999999916083867,0.785148,0.13801,289.653507
2046,358032.0,2019-03-28 03:27:12.000000,-2408694.4740000013,4698106.467999999,3566698.3680000007,34.22029143755155,117.14397567454584,35.5934284273535,0.0010000000021375996,-0.004000000004169342,-0.0019999999905925157,0.785007,0.135407,289.65375
2046,358033.0,2019-03-28 03:27:13.000000,-2408694.4740000013,4698106.467999999,3566698.3680000007,34.22029143755155,117.14397567454584,35.5934284273535,0.0020000000021376,-0.005000000004169342,-0.0019999999874390447,0.788915,0.129887,289.652484
2046,358034.0,2019-03-28 03:27:14.000000,-2408694.4740000013,4698106.467999999,3566698.3680000007,34.22029143755155,117.14397567454584,35.5934284273535,0.0020000000053439996,-0.004000000010423356,-0.004999999989523716,0.772968,0.145673,289.655656
2046,358035.0,2019-03-28 03:27:15.000000,-2408694.4740000013,4698106.467999999,3566698.3680000007,34.22029143755155,117.14397567454584,35.5934284273535,5.343999982115877e-12,-0.004000000010423356,-0.004999999991661315,0.783274,0.143266,289.654981
2046,358036.0,2019-03-28 03:27:16.000000,-2408694.4740000013,4698106.467999999,3566698.3680000007,34.22029143755155,117.14397567454584,35.5934284273535,0.0020000000032064,-0.002000000006254014,-0.002999999993693058,0.786312,0.143465,289.656363
2046,358037.0,2019-03-28 03:27:17.000000,-2408694.4740000013,4698106.467999999,3566698.3680000007,34.22029143755155,117.14397567454584,35.5934284273535,0.0010000000021376,-0.0010000000041693424,-0.001999999996846529,0.782277,0.143702,289.653675
2046,358038.0,2019-03-28 03:27:18.000000,-2408694.4740000013,4698106.467999999,3566698.3680000007,34.22029143755155,117.14397567454584,35.5934284273535,1.0842021724855044e-19,-0.002,4.1693422802788205e-12,0.781764,0.144719,289.653183
2046,358039.0,2019-03-28 03:27:19.000000,-2408694.4740000013,4698106.467999999,3566698.3680000007,34.22029143755155,117.14397567454584,35.5934284273535,-0.001,0.0,-1.0687999151080124e-12,0.784502,0.145331,289.65155300000004
2046,358040.0,2019-03-28 03:27:20.000000,-2408694.4740000013,4698106.467999999,3566698.3680000007,34.22029143755155,117.14397567454584,35.5934284273535,-0.0020000000010688,0.003000000002084671,0.0009999999916083867,0.78404,0.144225,289.65099
2046,358041.0,2019-03-28 03:27:21.000000,-2408694.4740000013,4698106.467999999,3566698.3680000007,34.22029143755155,117.14397567454584,35.5934284273535,-0.0010000000032063996,0.0030000000062540134,0.0029999999926771867,0.783111,0.142734,289.650668
2046,358042.0,2019-03-28 03:27:22.000000,-2408694.4740000013,4698106.467999999,3566698.3680000007,34.22029143755155,117.14397567454584,35.5934284273535,0.0009999999957248005,0.005000000008338685,0.003999999990645445,0.778858,0.145287,289.655032
2046,358043.0,2019-03-28 03:27:23.000000,-2408694.4740000013,4698106.467999999,3566698.3680000007,34.22029143755155,117.14397567454584,35.5934284273535,-0.0030000000042752,0.002000000008338685,0.003999999992624259,0.791723,0.138717,289.648443
2046,358044.0,2019-03-28 03:27:24.000000,-2408694.4740000013,4698106.467999999,3566698.3680000007,34.22029143755155,117.14397567454584,35.5934284273535,-0.0010000000042751996,0.003000000008338685,0.003999999992677187,0.772341,0.148327,289.653953
2046,358045.0,2019-03-28 03:27:25.000000,-2408694.4740000013,4698106.467999999,3566698.3680000007,34.22029143755155,117.14397567454584,35.5934284273535,-0.0020000000032064,0.002000000006254014,0.002999999993693058,0.772726,0.148104,289.654452
2046,358046.0,2019-03-28 03:27:26.000000,-2408694.4740000013,4698106.467999999,3566698.3680000007,34.22029143755155,117.14397567454584,35.5934284273535,-0.0030000000032063996,0.002000000006254014,0.002999999992624258,0.775594,0.149822,289.653636
2046,358047.0,2019-03-28 03:27:27.000000,-2408694.4740000013,4698106.467999999,3566698.3680000007,34.22029143755155,117.14397567454584,35.5934284273535,-0.0030000000032064,0.003000000006254014,0.002999999990539587,0.776998,0.148846,289.652942
2046,358048.0,2019-03-28 03:27:28.000000,-2408694.4740000013,4698106.467999999,3566698.3680000007,34.22029143755155,117.14397567454584,35.5934284273535,-0.0020000000032064,0.002000000006254014,0.002999999993693058,0.775305,0.150247,289.65293099999997
2046,358049.0,2019-03-28 03:27:29.000000,-2408694.4740000013,4698106.467999999,3566698.3680000007,34.22029143755155,117.14397567454584,35.5934284273535,-0.0010000000010688,2.084671194349519e-12,0.0009999999989312002,0.776542,0.151973,289.652832
2046,358050.0,2019-03-28 03:27:30.000000,-2408694.4740000013,4698106.467999999,3566698.3680000007,34.22029143755155,117.14397567454584,35.5934284273535,1.0687999422130667e-12,-2.084671194349519e-12,-0.0010000000000000002,0.776212,0.152472,289.652645
2046,358051.0,2019-03-28 03:27:31.000000,-2408694.4740000013,4698106.467999999,3566698.3680000007,34.22029143755155,117.14397567454584,35.5934284273535,0.0020000000010687996,0.0009999999979153288,-0.0009999999999470714,0.776207,0.152121,289.652295
2046,358052.0,2019-03-28 03:27:32.000000,-2408694.4740000013,4698106.467999999,3566698.3680000007,34.22029143755155,117.14397567454584,35.5934284273535,0.0010000000010688,-2.084671194349519e-12,-0.0009999999989312002,0.775842,0.15162,289.651818
2046,358053.0,2019-03-28 03:27:33.000000,-2408694.4740000013,4698106.467999999,3566698.3680000007,34.22029143755155,117.14397567454584,35.5934284273535,0.0010000000021376,-4.169342388699038e-12,-0.0019999999989312,0.775486,0.151041,289.65169000000003
2046,358054.0,2019-03-28 03:27:34.000000,-2408694.4740000013,4698106.467999999,3566698.3680000007,34.22029143755155,117.14397567454584,35.5934284273535,3.206399989269526e-12,-0.0010000000062540138,-0.002999999997915329,0.77409,0.150928,289.651107
2046,358055.0,2019-03-28 03:27:35.000000,-2408694.4740000013,4698106.467999999,3566698.3680000007,34.22029143755155,117.14397567454584,35.5934284273535,0.0010000000021375998,-0.002000000004169342,-0.0019999999947618577,0.773749,0.150203,289.651049
2046,358056.0,2019-03-28 03:27:36.000000,-2408694.4740000013,4698106.467999999,3566698.3680000007,34.22029143755155,117.14397567454584,35.5934284273535,0.0010000000010687998,-0.002000000002084671,-0.0009999999947618579,0.77272,0.150305,289.650628
2046,358057.0,2019-03-28 03:27:37.000000,-2408694.4740000013,4698106.467999999,3566698.3680000007,34.22029143755155,117.14397567454584,35.5934284273535,0.0020000000021375996,-0.004000000004169342,-0.0019999999895237157,0.772215,0.15106,289.650198
2046,358058.0,2019-03-28 03:27:38.000000,-2408694.4740000013,4698106.467999999,3566698.3680000007,34.22029143755155,117.14397567454584,35.5934284273535,0.0010000000021375996,-0.004000000004169342,-0.0019999999905925157,0.772059,0.152019,289.649563
2046,358059.0,2019-03-28 03:27:39.000000,-2408694.4740000013,4698106.467999999,3566698.3680000007,34.22029143755155,117.14397567454584,35.5934284273535,2.1375995591654817e-12,-0.006000000004169343,-0.0019999999874919733,0.772174,0.152762,289.649251
2046,358060.0,2019-03-28 03:27:40.000000,-2408694.4740000013,4698106.467999999,3566698.3680000007,34.22029143755155,117.14397567454584,35.5934284273535,1.0688002132636099e-12,-0.004000000002084671,-0.0009999999916613157,0.772735,0.15388,289.64881
2046,358061.0,2019-03-28 03:27:41.000000,-2408694.4740000013,4698106.467999999,3566698.3680000007,34.22029143755155,117.14397567454584,35.5934284273535,1.0688002132636099e-12,-0.004000000002084671,-0.0009999999916613157,0.773126,0.155019,289.648263
2046,358062.0,2019-03-28 03:27:42.000000,-2408694.4740000013,4698106.467999999,3566698.3680000007,34.22029143755155,117.14397567454584,35.5934284273535,-0.002,-0.003,4.116413481781989e-12,0.773599,0.155658,289.648347
2046,358063.0,2019-03-28 03:27:43.000000,-2408694.4740000013,4698106.467999999,3566698.3680000007,34.22029143755155,117.14397567454584,35.5934284273535,-0.0009999999989312,-0.002000000002084671,-0.0009999999968994576,0.774062,0.15582,289.647634
2046,358064.0,2019-03-28 03:27:44.000000,-2408694.4740000013,4698106.467999999,3566698.3680000007,34.22029143755155,117.14397567454584,35.5934284273535,1.0842021724855044e-19,-0.002,4.1693422802788205e-12,0.774427,0.156134,289.648072
2046,358065.0,2019-03-28 03:27:45.000000,-2408694.4740000013,4698106.467999999,3566698.3680000007,34.22029143755155,117.14397567454584,35.5934284273535,0.0,0.0,0.0,0.775105,0.156262,289.647882
2046,358066.0,2019-03-28 03:27:46.000000,-2408694.4740000013,4698106.467999999,3566698.3680000007,34.22029143755155,117.14397567454584,35.5934284273535,0.0010000000010688,0.000999999997915329,-0.0010000000010158714,0.774456,0.156616,289.647263
2046,358067.0,2019-03-28 03:27:47.000000,-2408694.4740000013,4698106.467999999,3566698.3680000007,34.22029143755155,117.14397567454584,35.5934284273535,0.0010000000010687998,0.0019999999979153286,-0.0010000000031005424,0.774051,0.161376,289.645596
2046,358068.0,2019-03-28 03:27:48.000000,-2408694.4740000013,4698106.467999999,3566698.3680000007,34.22029143755155,117.14397567454584,35.5934284273535,0.0020000000021376,0.001999999995830658,-0.002000000002031743,0.771847,0.192239,289.63597
2046,358069.0,2019-03-28 03:27:49.000000,-2408694.4740000013,4698106.467999999,3566698.3680000007,34.22029143755155,117.14397567454584,35.5934284273535,1.0687998337928495e-12,0.0019999999979153286,-0.0010000000041693422,0.771588,0.194818,289.63486
2046,358070.0,2019-03-28 03:27:50.000000,-2408694.4740000013,4698106.467999999,3566698.3680000007,34.22029143755155,117.14397567454584,35.5934284273535,2.137599938636242e-12,0.0029999999958306577,-0.0020000000062540134,0.77136,0.165586,289.64549
2046,358071.0,2019-03-28 03:27:51.000000,-2408694.4740000013,4698106.467999999,3566698.3680000007,34.22029143755155,117.14397567454584,35.5934284273535,-0.0010000000010688,0.0010000000020846714,0.000999999996846529,0.770595,0.16386,289.645307
2046,358072.0,2019-03-28 03:27:52.000000,-2408694.4740000013,4698106.467999999,3566698.3680000007,34.22029143755155,117.14397567454584,35.5934284273535,-0.0020000000021376,0.002000000004169343,0.001999999993693058,0.770401,0.164095,289.644742
2046,358073.0,2019-03-28 03:27:53.000000,-2408694.4740000013,4698106.467999999,3566698.3680000007,34.22029143755155,117.14397567454584,35.5934284273535,-0.0030000000042752,0.002000000008338685,0.003999999992624259,0.770033,0.162523,289.644653
2046,358074.0,2019-03-28 03:27:54.000000,-2408694.4740000013,4698106.467999999,3566698.3680000007,34.22029143755155,117.14397567454584,35.5934284273535,-0.0030000000042752,0.002000000008338685,0.003999999992624259,0.769625,0.162608,289.643845
2046,358075.0,2019-03-28 03:27:55.000000,-2408694.4740000013,4698106.467999999,3566698.3680000007,34.22029143755155,117.14397567454584,35.5934284273535,-0.0020000000042751996,0.004000000008338684,0.003999999989523715,0.769129,0.16191,289.643852
2046,358076.0,2019-03-28 03:27:56.000000,-2408694.4740000013,4698106.467999999,3566698.3680000007,34.22029143755155,117.14397567454584,35.5934284273535,0.0009999999957248,0.004000000008338685,0.003999999992730116,0.768805,0.161879,289.643696
2046,358077.0,2019-03-28 03:27:57.000000,-2408694.4740000013,4698106.467999999,3566698.3680000007,34.22029143755155,117.14397567454584,35.5934284273535,0.0019999999978624,0.005000000004169343,0.0019999999917142443,0.767978,0.161368,289.64368
2046,358078.0,2019-03-28 03:27:58.000000,-2408694.4730000026,4698106.470999999,3566698.3690000004,34.22029143378456,117.14397565003536,35.595820990391076,0.0019999999978624,0.004000000004169342,0.0019999999937989153,0.766916,0.161988,289.642363
2046,358079.0,2019-03-28 03:27:59.000000,-2408694.4719999996,4698106.475,3566698.3700000006,34.22029142550617,117.14397562057371,35.5989493643865,0.008999999997862402,-0.003999999995830658,0.002000000017957883,0.7032,0.184658,289.636191
2046,358080.0,2019-03-28 03:28:00.000000,-2408694.462,4698106.478000001,3566698.3699999996,34.2202914351017,117.14397550914946,35.597384333610535,-0.0059999999967936,0.006999999993745987,-0.003000000021005497,-0.320903,0.072319,289.652648
2046,358081.0,2019-03-28 03:28:01.000000,-2408694.459,4698106.482,3566698.374,34.220291453812116,117.14397546037367,35.601445344276726,-0.0030000000074815996,0.0010000000145926982,0.00699999999470893,-0.320824,0.054661,289.615102
2046,358082.0,2019-03-28 03:28:02.000000,-2408694.463000002,4698106.483999999,3566698.3740000003,34.22029143553737,117.14397548909976,35.60442595183849,0.0009999999957248003,8.338684560557641e-12,0.0040000000010688,-0.310853,-0.022085,289.614614
2046,358083.0,2019-03-28 03:28:03.000000,-2408694.463000002,4698106.483999999,3566698.376999999,34.22029145790022,117.14397548909976,35.60611307900399,-0.0030000000021376,-0.0029999999958306577,0.002000000003047614,-0.319114,-0.004377,289.604968
2046,358084.0,2019-03-28 03:28:04.000000,-2408694.4650000003,4698106.482,3566698.3830000004,34.220291507022814,117.14397551831618,35.60877020936459,0.0039999999828992,-0.00099999996664526,0.01600000000635987,-0.33707,0.148327,289.632557
2046,358085.0,2019-03-28 03:28:05.000000,-2408694.470000001,4698106.481999999,3566698.3799999994,34.22029147309506,117.1439755666016,35.60896931216121,0.012000000004275199,0.0039999999916613205,-0.003999999995513085,-0.332698,0.028783,289.61605099999997
2046,358086.0,2019-03-28 03:28:06.000000,-2408694.4710000004,4698106.481,3566698.3810000005,34.22029148274779,117.14397558120982,35.60917312372476,-0.007000000004275201,0.0010000000083386822,0.0039999999904337296,-0.31882,0.006816,289.609549
2046,358087.0,2019-03-28 03:28:07.000000,-2408694.4740000013,4698106.4799999995,3566698.379,34.22029146541169,117.1439756151322,35.608444299548864,-0.004000000006412799,0.003000000012508026,0.0059999999894707855,-0.318523,-0.11543,289.590552
2046,358088.0,2019-03-28 03:28:08.000000,-2408694.476000001,4698106.48,3566698.378,34.22029145333144,117.14397563444636,35.60863641742617,-0.012999999981830402,0.0029999999645605882,-0.017000000020148412,-0.351892,-0.001157,288.97952
2046,358089.0,2019-03-28 03:28:09.000000,-2408694.47,4698106.48,3566698.376000001,34.220291452300756,117.14397557650386,35.605248185805976,-0.0020000000021375996,-0.004999999995830658,0.002000000008285756,-0.342214,-0.115153,288.90511100000003
2046,358090.0,2019-03-28 03:28:10.000000,-2408694.4620000008,4698106.48,3566698.3760000006,34.22029147080458,117.1439754992472,35.602230213582516,9.619199750968144e-12,0.00099999998123796,-0.00900000000208467,-0.343976,-0.05787,288.935168
2046,358091.0,2019-03-28 03:28:11.000000,-2408694.4420000003,4698106.487,3566698.378,34.220291500392825,117.14397527144757,35.600960712879896,0.0110000000245824,0.01299999995205256,-0.023000000015343924,-0.35707,-0.013679,288.89693
2046,358092.0,2019-03-28 03:28:12.000000,-2408694.42,4698106.492,3566698.3810000005,34.220291551084145,117.14397503423606,35.59802747517824,0.0219999999967936,0.007000000006254014,0.0030000000089208984,-0.356298,0.011863,288.93985499999997
2046,358093.0,2019-03-28 03:28:13.000000,-2408694.3890000004,4698106.504,3566698.383000001,34.22029158355808,117.14397467545285,35.59628732036799,0.031000000001068798,0.013999999997915328,-0.0009999999960526005,-0.353427,0.02132,288.940613
2046,358094.0,2019-03-28 03:28:14.000000,-2408694.3510000003,4698106.52,3566698.3840000005,34.22029160672291,117.14397422926551,35.59428730793297,0.078999999989312,0.02800000002084671,0.010000000026064399,-0.282804,0.013315,288.923714
2046,358095.0,2019-03-28 03:28:15.000000,-2408693.704,4698106.785999999,3566698.481,34.220292626249176,117.1439666641303,35.600485134869814,1.1069999999177023,0.4880000001605197,0.07700000016584163,-0.135318,-0.006115,279.398314
2046,358096.0,2019-03-28 03:28:16.000000,-2408692.4559999993,4698107.417,3566698.4999999995,34.220292807773134,117.14395148792326,35.60466381628066,1.3630000000876414,0.7659999998290569,-0.08200000014008539,0.023667,0.16825,268.967707
2046,358097.0,2019-03-28 03:28:17.000000,-2408691.0139999986,4698108.295,3566698.334,34.2202909446497,117.14393321531246,35.61336289066821,1.5480000002736125,1.0149999994663237,-0.25600000046144217,0.026044,-0.078088,261.965162
2046,358098.0,2019-03-28 03:28:18.000000,-2408689.380000002,4698109.388,3566698.019999999,34.220287452425424,117.14391202404967,35.62459905166179,1.6700000004595832,1.146999999103591,-0.43000000060622706,-0.172093,-0.065236,258.54219
2046,358099.0,2019-03-28 03:28:19.000000,-2408687.6920000017,4698110.555999999,3566697.5940000005,34.22028291186161,117.14388993997174,35.60766433086246,1.6940000004585134,1.1669999991056754,-0.42900000062227117,-0.658781,-2.193483,258.302531
2046,358100.0,2019-03-28 03:28:20.000000,-2408685.840000001,4698111.794999999,3566697.2459999993,34.220279011744445,117.1438659206038,35.624970075674355,1.9570000004798893,1.3809999990639816,-0.4490000007872999,0.407353,1.582719,259.091564
2046,358101.0,2019-03-28 03:28:21.000000,-2408683.774999999,4698113.172,3566696.886,34.220274892257386,117.14383916102388,35.65671703405678,2.123000000306744,1.3799999994016985,-0.28700000060779773,0.531928,1.031498,261.92864099999997
2046,358102.0,2019-03-28 03:28:22.000000,-2408681.590999999,4698114.512000001,3566696.6669999994,34.22027226598435,117.14381143544351,35.69564283825457,2.2570000001122237,1.3119999997811096,-0.10500000032282451,0.494308,0.668046,267.107749
2046,358103.0,2019-03-28 03:28:23.000000,-2408679.2609999995,4698115.783,3566696.6500000004,34.220271794451676,117.143782641555,35.742320911958814,2.4179999999283908,1.2450000001396733,0.06699999998892123,0.438316,0.735288,271.82365500000003
2046,358104.0,2019-03-28 03:28:24.000000,-2408676.7429999993,4698117.001999999,3566696.8159999996,34.22027335647723,117.14375228958947,35.782730805687606,2.619999999726389,1.2310000005336765,0.25600000023399916,0.105029,1.12312,275.91196
2046,358105.0,2019-03-28 03:28:25.000000,-2408674.067,4698118.192000001,3566697.1180000002,34.220276428556886,117.14372055538254,35.81868205498904,2.7479999996002724,1.1760000007796683,0.3740000004854577,-0.042885,1.167077,278.78697
2046,358106.0,2019-03-28 03:28:26.000000,-2408671.2260000003,4698119.350999999,3566697.562000001,34.22028108062881,117.14368738123478,35.849436786957085,2.9389999995393516,1.1600000008984968,0.4310000007229474,0.165844,1.351472,281.23229100000003
2046,358107.0,2019-03-28 03:28:27.000000,-2408668.259000002,4698120.510999999,3566698.1000000006,34.22028672031522,117.14365298533673,35.886259659193456,2.9879999993950657,1.1200000011799272,0.5660000008587006,0.165585,1.230987,282.741756
2046,358108.0,2019-03-28 03:28:28.000000,-2408665.264,4698121.650999999,3566698.6960000005,34.22029294733168,117.14361841805679,35.9304229458794,2.974999999372623,1.146000001223706,0.5870000007906003,0.346451,1.446756,282.985913
2046,358109.0,2019-03-28 03:28:29.000000,-2408662.2830000008,4698122.794999999,3566699.2899999996,34.22029910900272,117.14358396616761,35.98168777953833,2.9829999993459033,1.1590000012758233,0.6120000007720454,0.193071,1.301398,283.363561
2046,358110.0,2019-03-28 03:28:30.000000,-2408659.2679999997,4698123.909000001,3566699.917,34.22030573063852,117.14354933446377,36.0166120827198,3.027999999306359,1.0710000013529568,0.6490000010035881,0.053282,1.471433,284.334074
2046,358111.0,2019-03-28 03:28:31.000000,-2408656.2389999996,4698125.029999999,3566700.5510000004,34.22031240524562,117.14351453289775,36.055344028398395,3.048999999398275,1.1500000011736746,0.5630000008613383,0.114569,1.307667,283.467469
2046,358112.0,2019-03-28 03:28:32.000000,-2408653.1599999997,4698126.201,3566701.149,34.22031870156373,117.14347900091757,36.09176082350314,3.0899999993416296,1.1830000012841637,0.6160000008363593,0.015135,1.333367,282.831702
2046,358113.0,2019-03-28 03:28:33.000000,-2408650.058000001,4698127.388,3566701.741,34.22032493416032,117.14344316760169,36.127901633270085,3.0999999994239267,1.2250000011236437,0.5390000007594856,0.112833,1.389663,282.397604
2046,358114.0,2019-03-28 03:28:34.000000,-2408646.965999999,4698128.610000001,3566702.2920000004,34.22033068009098,117.1434072575658,36.17051267530769,3.0839999994014837,1.2140000011674221,0.5600000007653119,0.244295,1.12345,281.986102
2046,358115.0,2019-03-28 03:28:35.000000,-2408643.8759999997,4698129.798000001,3566702.8830000004,34.220336872945516,117.14337153517505,36.21135734859854,3.1029999993416326,1.1520000012841651,0.6160000009148644,0.228791,1.271877,283.691483
2046,358116.0,2019-03-28 03:28:36.000000,-2408640.7470000004,4698130.941,3566703.5490000006,34.22034391808001,117.14333565894732,36.24655811395496,3.1699999992507863,1.1290000014613648,0.7010000010344155,0.178136,1.213902,284.78767
2046,358117.0,2019-03-28 03:28:37.000000,-2408637.5669999993,4698132.086999999,3566704.248,34.220351313620185,117.14329927534638,36.28328746277839,3.1899999992946073,1.1600000013758922,0.6600000009911607,0.048992,1.706721,284.197295
2046,358118.0,2019-03-28 03:28:38.000000,-2408634.379,4698133.268,3566704.904,34.22035824921807,117.14326264119663,36.318572093732655,3.1829999992807148,1.1820000014029937,0.6730000009378113,0.042745,1.593167,283.773739
2046,358119.0,2019-03-28 03:28:39.000000,-2408631.1880000005,4698134.443999999,3566705.564,34.2203652441181,117.14322600282489,36.351297326385975,3.1869999992999527,1.1690000013654713,0.6550000009691823,0.253642,1.593518,284.214024
2046,358120.0,2019-03-28 03:28:40.000000,-2408628.0110000004,4698135.6049999995,3566706.2629999993,34.220372565014856,117.1431895739128,36.400201227515936,3.1789999992187274,1.1460000015239082,0.7310000010085752,0.156966,1.425566,284.822271
2046,358121.0,2019-03-28 03:28:41.000000,-2408624.8250000007,4698136.753,3566706.9690000005,34.220380017545835,117.14315312244354,36.44008291698992,3.215999999298887,1.1570000013675559,0.6560000010251833,0.07075,1.457859,284.70183
2046,358122.0,2019-03-28 03:28:42.000000,-2408621.626000001,4698137.902,3566707.675999999,34.2203875030766,117.14311654047413,36.4763606172055,3.205999999201629,1.1550000015572648,0.7470000010186598,0.032891,1.41714,284.811834
2046,358123.0,2019-03-28 03:28:43.000000,-2408618.3820000007,4698139.079,3566708.377000001,34.22039492163091,117.14307938529822,36.51289323810488,3.2449999992796497,1.2140000014050814,0.67400000093734,0.047642,1.399588,284.172038
2046,358124.0,2019-03-28 03:28:44.000000,-2408615.127,4698140.311,3566709.0240000007,34.22040171495448,117.14304185158316,36.55537971947342,3.247999999324539,1.2720000013175254,0.6320000008196291,0.025021,1.403332,282.560737
2046,358125.0,2019-03-28 03:28:45.000000,-2408611.874,4698141.59,3566709.605,34.2204077996196,117.14300410448098,36.596089063212276,3.2479999993929414,1.2800000011841053,0.5680000008029462,0.012123,1.232809,281.711613
2046,358126.0,2019-03-28 03:28:46.000000,-2408608.669000002,4698142.857999999,3566710.1590000014,34.2204136216143,117.14296687537934,36.631629368290305,3.190999999441036,1.2550000010902942,0.5230000007941387,0.155002,1.315818,281.593315
2046,358127.0,2019-03-28 03:28:47.000000,-2408605.4919999996,4698144.101000001,3566710.7339999992,34.220419648162824,117.14293004044833,36.6711486056447,3.1949999993277474,1.2210000013112725,0.6290000008692883,0.137185,1.019337,282.862143
2046,358128.0,2019-03-28 03:28:48.000000,-2408602.3090000018,4698145.287999999,3566711.3770000003,34.220426448110686,117.14289342482323,36.70544228889048,3.196999999307442,1.1840000013508825,0.6480000009485545,0.041403,1.139983,283.988037
2046,358129.0,2019-03-28 03:28:49.000000,-2408599.080000001,4698146.466,3566712.0640000002,34.22043372303209,117.14285640952025,36.74050748627633,3.2609999992486616,1.193000001465541,0.7030000009981879,0.089965,1.305257,284.164145
2046,358130.0,2019-03-28 03:28:50.000000,-2408595.8260000017,4698147.670999999,3566712.742,34.220440866866284,117.14281901910574,36.78094949852675,3.2519999992849997,1.230000001394662,0.6690000009114302,0.214617,1.180136,283.852271
2046,358131.0,2019-03-28 03:28:51.000000,-2408592.5680000004,4698148.876000001,3566713.425,34.220448057211904,117.14278159005654,36.822696439921856,3.2619999992411817,1.1900000014801355,0.7100000010055005,0.060354,1.294125,284.110045
2046,358132.0,2019-03-28 03:28:52.000000,-2408589.303,4698150.073,3566714.114,34.220455344553734,117.14274413300856,36.85929246433079,3.250999999266832,1.1920000014301029,0.6860000009895697,0.136114,1.323724,284.12102600000003
2046,358133.0,2019-03-28 03:28:53.000000,-2408586.0350000006,4698151.275999999,3566714.795,34.22046255211962,117.14270661727736,36.894674646668136,3.279999999305309,1.194000001355055,0.650000001016389,0.092528,1.417568,283.89869899999997
2046,358134.0,2019-03-28 03:28:54.000000,-2408582.765000002,4698152.492999999,3566715.464,34.220469611687676,117.14266901291278,36.93285725079477,3.257999999276453,1.229000001411342,0.6770000009199065,0.021773,1.458553,283.39772800000003
2046,358135.0,2019-03-28 03:28:55.000000,-2408579.4840000006,4698153.745,3566716.0990000004,34.220476285338584,117.14263112903079,36.97352508082986,3.3269999993320294,1.294000001302938,0.6250000008581398,0.104014,1.297283,282.726973
2046,358136.0,2019-03-28 03:28:56.000000,-2408576.121,4698155.043,3566716.726999999,34.22048288892542,117.14259222550908,37.013173217885196,3.3949999993395115,1.2980000012883457,0.6180000009224704,0.089447,1.286124,282.390901
2046,358137.0,2019-03-28 03:28:57.000000,-2408572.710999999,4698156.367000001,3566717.3459999994,34.22048941681784,117.14255273936854,37.0491636460647,3.425999999335237,1.3240000012966853,0.6220000009013938,-0.018215,1.200217,282.19919500000003
2046,358138.0,2019-03-28 03:28:58.000000,-2408569.3460000004,4698157.691999999,3566717.926,34.220495545390236,117.14251368284688,37.08093446586281,3.277999999414325,1.3290000011424188,0.5480000007327896,0.124066,1.072693,281.301658
2046,358139.0,2019-03-28 03:28:59.000000,-2408566.1170000015,4698159.018999999,3566718.423,34.220500731672445,117.14247592980206,37.11880431789905,3.1839999995308195,1.3270000009151854,0.4390000006364912,0.144542,1.039239,279.56944699999997
2046,358140.0,2019-03-28 03:29:00.000000,-2408562.957,4698160.381999999,3566718.8390000006,34.22050499214549,117.14243866487051,37.16364147141576,3.121999999570363,1.3610000008380512,0.40200000049934365,0.2528,0.707822,278.661738
2046,358141.0,2019-03-28 03:29:01.000000,-2408559.803,4698161.752000001,3566719.241,34.22050910278971,117.14240142322302,37.20802128408104,3.2329999995468524,1.3700000008839157,0.4240000005992069,0.198538,0.952568,278.81170199999997
2046,358142.0,2019-03-28 03:29:02.000000,-2408556.5439999998,4698163.102,3566719.737000001,34.22051424720426,117.14236326657918,37.25094164162874,3.321999999335241,1.3010000012966876,0.6220000008381644,-0.04894,1.012798,281.874802
2046,358143.0,2019-03-28 03:29:03.000000,-2408553.2210000004,4698164.322,3566720.423000001,34.2205215424359,117.1423251354803,37.28091714903712,3.295999999171724,1.1290000016156487,0.7750000011689414,-0.121963,1.190431,285.527204
2046,358144.0,2019-03-28 03:29:04.000000,-2408549.9870000007,4698165.387,3566721.253000001,34.220530404508885,117.14228863125471,37.311398156918585,3.2429999990744696,1.0030000018053575,0.8660000013749665,0.097485,1.203781,288.560986
2046,358145.0,2019-03-28 03:29:05.000000,-2408546.706,4698166.438,3566722.1520000002,34.220539952780385,117.14225174244272,37.35265432111919,3.267999998968665,1.099000002011745,0.965000001201548,-0.047889,1.351173,288.180491
2046,358146.0,2019-03-28 03:29:06.000000,-2408543.4220000017,4698167.509999999,3566723.0180000006,34.22054916724682,117.1422147206832,37.389674494974315,3.2659999991140154,1.1050000017282253,0.8290000011868973,-0.021617,1.177247,287.156797
2046,358147.0,2019-03-28 03:29:07.000000,-2408540.147000001,4698168.627999999,3566723.8230000003,34.22055769864666,117.14217755809246,37.42963421717286,3.2669999991556975,1.1400000016469223,0.7900000011149961,0.083252,1.136138,285.914718
2046,358148.0,2019-03-28 03:29:08.000000,-2408536.876000001,4698169.783,3566724.5769999996,34.22056567369028,117.14214025094266,37.46964878309518,3.27399999920486,1.1650000015510262,0.7440000010703544,0.235792,1.172443,285.100644
2046,358149.0,2019-03-28 03:29:09.000000,-2408533.625000001,4698170.967999999,3566725.3010000004,34.220573243492105,117.14210298840673,37.522412969730794,3.2119999993277655,1.219000001311285,0.6290000008915132,-0.030657,0.940321,284.616099
2046,358150.0,2019-03-28 03:29:10.000000,-2408530.4250000007,4698172.135,3566725.9919999996,34.22058053054432,117.14206630750088,37.562614031136036,3.1699999992358547,1.1720000014905707,0.7150000009446025,0.161627,1.457156,284.141249
2046,358151.0,2019-03-28 03:29:11.000000,-2408527.2100000014,4698173.3319999995,3566726.6710000006,34.22058762748124,117.14202933320524,37.61248475685716,3.261999999330973,1.1980000013050316,0.6260000009887184,0.027099,1.490846,283.766831
2046,358152.0,2019-03-28 03:29:12.000000,-2408523.906,4698174.562999999,3566727.3430000003,34.22059472467785,117.14199133107768,37.649866114370525,3.326999999280743,1.270000001403014,0.6730000009080813,0.043522,1.745252,283.262856
2046,358153.0,2019-03-28 03:29:13.000000,-2408520.653000001,4698175.807999999,3566727.9599999995,34.22060123076242,117.14195375215465,37.68585823196918,3.1519999993459367,1.224000001275848,0.6120000008169451,-0.061967,1.488516,282.761789
2046,358154.0,2019-03-28 03:29:14.000000,-2408517.463000002,4698177.004999999,3566728.575000001,34.22060779277193,117.14191701927449,37.70917287096381,3.1979999993438,1.2000000012800167,0.6140000009161349,-0.209814,1.453385,283.248786
2046,358155.0,2019-03-28 03:29:15.000000,-2408514.2660000017,4698178.202999999,3566729.1950000008,34.22061440371992,117.14188021383698,37.7333965850994,3.1829999993128073,1.1950000013404742,0.6430000009105226,-0.232136,1.362367,283.04607699999997
2046,358156.0,2019-03-28 03:29:16.000000,-2408511.0680000004,4698179.429,3566729.776,34.22062059993069,117.14184326011447,37.75591513235122,3.1899999994100625,1.2510000011507654,0.5520000008012543,-0.258716,1.200339,281.854463
2046,358157.0,2019-03-28 03:29:17.000000,-2408507.8450000016,4698180.710999999,3566730.2999999993,34.2206261764123,117.14180578771004,37.77815548144281,3.294999999435713,1.3390000011007324,0.5280000007300099,-0.428558,0.832591,280.88217099999997
2046,358158.0,2019-03-28 03:29:18.000000,-2408504.4610000015,4698182.097999999,3566730.768,34.220631234097084,117.14176624064199,37.78543392010033,3.4149999996430465,1.4540000006962974,0.3340000006185081,-0.371799,0.909525,278.316753
2046,358159.0,2019-03-28 03:29:19.000000,-2408500.993000001,4698183.687,3566731.0479999995,34.22063417331474,117.14172488229838,37.80393690429628,3.5229999998119057,1.7330000003669113,0.17600000015228656,-0.395169,0.877241,273.856278
2046,358160.0,2019-03-28 03:29:20.000000,-2408497.3579999995,4698185.566000001,3566731.062,34.22063420757963,117.14168047545748,37.82324252370745,3.5870000002554248,2.0189999995017516,-0.23900000037555333,-0.21906,0.30172,268.029196
2046,358161.0,2019-03-28 03:29:21.000000,-2408493.830000002,4698187.798999999,3566730.5890000006,34.22062876704865,117.1416353493813,37.869514680467546,3.3490000007983336,2.394999998442711,-0.7470000014137723,0.166602,0.449315,257.829589
2046,358162.0,2019-03-28 03:29:22.000000,-2408490.608000002,4698190.378999999,3566729.481,34.22061631982339,117.14159146054182,37.92943619377911,3.0300000014417,2.6639999971877075,-1.3490000023154909,0.489025,0.150082,247.61382500000002
2046,358163.0,2019-03-28 03:29:23.000000,-2408487.7530000014,4698193.134999998,3566727.905999999,34.22059874861372,117.1415502446235,37.994671382941306,2.668000001833916,2.7459999964226123,-1.7160000028733196,0.187312,0.15883,240.823599
2046,358164.0,2019-03-28 03:29:24.000000,-2408485.274000001,4698195.883,3566726.0740000014,34.22057842812573,117.1415126994834,38.051323362626135,2.313000002042312,2.7179999960160925,-1.9110000031943457,0.268448,0.194087,235.314101
2046,358165.0,2019-03-28 03:29:25.000000,-2408483.090999999,4698198.635,3566724.048000001,34.22055595886625,117.14147799312754,38.11347468663007,2.099000002223991,2.7419999956616885,-2.081000003473087,0.753529,-0.145798,231.446719
2046,358166.0,2019-03-28 03:29:26.000000,-2408481.100000002,4698201.4059999995,3566721.8830000004,34.22053192367947,117.14144504693367,38.183863376267254,1.882000002358645,2.7279999953990135,-2.207000003675814,0.125494,0.81015,227.396075
2046,358167.0,2019-03-28 03:29:27.000000,-2408479.407,4698204.075999999,3566719.6100000003,34.22050684987848,117.14141547866433,38.231608578935266,1.5750000024676498,2.630999995186371,-2.309000003801692,0.190415,0.953094,223.38906
2046,358168.0,2019-03-28 03:29:28.000000,-2408477.956999999,4698206.726000001,3566717.2030000007,34.22048030542304,117.14138835615702,38.28094346448779,1.3620000026012358,2.6559999949257818,-2.4340000040814465,0.192119,0.756857,220.116865
2046,358169.0,2019-03-28 03:29:29.000000,-2408476.618000001,4698209.3719999995,3566714.737,34.22045308248747,117.14136232543291,38.33602759987116,1.2830000026739041,2.637999994784021,-2.50200000412835,0.444566,0.554801,219.077441
2046,358170.0,2019-03-28 03:29:30.000000,-2408475.3190000015,4698211.987999999,3566712.2860000003,34.22042601419572,117.14133682953978,38.39256340544671,1.3240000026055043,2.583999994917445,-2.4380000039719594,0.351415,0.663751,219.089516
2046,358171.0,2019-03-28 03:29:31.000000,-2408473.989,4698214.582999999,3566709.8860000004,34.22039949250515,117.14131113825094,38.45063681155443,1.4320000025413784,2.6229999950425285,-2.378000003937845,0.396936,0.298613,220.851097
2046,358172.0,2019-03-28 03:29:32.000000,-2408472.515000001,4698217.22,3566707.5250000004,34.22037340508095,117.14128384839572,38.50723149627447,1.5510000025541995,2.673999995017512,-2.390000003916991,0.330395,0.553835,222.573311
2046,358173.0,2019-03-28 03:29:33.000000,-2408470.981999999,4698219.927000001,3566705.1020000004,34.220346676132046,117.14125564222839,38.55821364093572,1.5020000026343485,2.7399999948611593,-2.4650000041069497,0.156857,0.661797,221.729758
2046,358174.0,2019-03-28 03:29:34.000000,-2408469.499000001,4698222.665,3566702.612999999,34.220319199699006,117.14122776547451,38.61375261936337,1.4560000026461006,2.731999994838228,-2.476000004139434,0.215279,0.643889,220.56479
2046,358175.0,2019-03-28 03:29:35.000000,-2408468.085,4698225.429,3566700.046000001,34.22029086494599,117.14120042637687,38.67058785725385,1.3830000027689977,2.798999994598486,-2.591000004357127,0.343825,0.46349,219.421174
2046,358176.0,2019-03-28 03:29:36.000000,-2408466.6789999995,4698228.216,3566697.454000001,34.22026222156303,117.14117305069139,38.733308020979166,1.4030000027561695,2.803999994623503,-2.5790000043461774,0.412485,0.663767,219.520202
2046,358177.0,2019-03-28 03:29:37.000000,-2408465.2680000016,4698230.987999999,3566694.878,34.22023377667956,117.14114570099824,38.79210526961833,1.3940000027689905,2.766999994598487,-2.5910000042786625,0.306067,0.709555,219.442258
2046,358178.0,2019-03-28 03:29:38.000000,-2408463.8839999996,4698233.756000001,3566692.299,34.22020526502939,117.14111863187401,38.856459306553006,1.3670000027689864,2.7829999945984882,-2.5910000043408736,0.319136,0.831291,219.061149
2046,358179.0,2019-03-28 03:29:39.000000,-2408462.491000002,4698236.599999999,3566689.632000001,34.22017577533549,117.14109109960414,38.92385520413518,1.4150000029891336,2.995999994169036,-2.797000004733622,0.317576,0.905064,218.443838
2046,358180.0,2019-03-28 03:29:40.000000,-2408461.0130000003,4698239.672,3566686.7290000003,34.22014369438005,117.14106161773788,38.99424027185887,1.5200000031676006,3.119999993820889,-2.964000004879916,0.274113,0.947032,218.255718
2046,358181.0,2019-03-28 03:29:41.000000,-2408459.479,4698242.872000001,3566683.695000001,34.220110188944844,117.14103096140498,39.06402031611651,1.5720000033759909,3.2779999934143706,-3.1590000051537315,0.330109,1.010334,217.981016
2046,358182.0,2019-03-28 03:29:42.000000,-2408457.8469999996,4698246.312,3566680.418,34.22007401599306,117.1409981705321,39.13678043335676,1.674000003581173,3.581999993014105,-3.351000005678481,0.274078,0.967066,217.9958
2046,358183.0,2019-03-28 03:29:43.000000,-2408456.152000001,4698249.901999999,3566677.004000001,34.22003629076942,117.14096402868594,39.21911028213799,1.6770000036004036,3.5819999929765816,-3.3690000056752765,0.235595,0.785655,217.993923
2046,358184.0,2019-03-28 03:29:44.000000,-2408454.4810000006,4698253.385,3566673.702,34.219999827644855,117.14093064836094,39.29474890418351,1.6870000035116968,3.4899999931496155,-3.286000005472797,0.285945,0.69104,218.460553
2046,358185.0,2019-03-28 03:29:45.000000,-2408452.773000002,4698256.867,3566670.4249999993,34.21996364095161,117.14089691569576,39.36975832097232,1.724000003474287,3.438999993222582,-3.251000005326937,0.156488,0.804842,219.01907
2046,358186.0,2019-03-28 03:29:46.000000,-2408451.062000002,4698260.261999999,3566667.252,34.21992862893669,117.14086358478937,39.43810912128538,1.7250000034080226,3.4509999933518363,-3.1890000053508865,0.312412,0.958265,219.210913
2046,358187.0,2019-03-28 03:29:47.000000,-2408449.376999999,4698263.668,3566664.06,34.21989336552445,117.14083045054477,39.51368032768369,1.6520000034144298,3.3799999933393288,-3.195000005280886,0.293439,0.81493,218.721937
2046,358188.0,2019-03-28 03:29:48.000000,-2408447.746,4698267.028,3566660.893,34.21985837110457,117.14079806554923,39.58983541280031,1.6110000033567151,3.3669999934519046,-3.141000005297602,0.272964,0.805949,218.417189
2046,358189.0,2019-03-28 03:29:49.000000,-2408446.140000002,4698270.355999999,3566657.749,34.2198236346764,117.14076608043187,39.66481218393892,1.5820000033374737,3.328999993489431,-3.1230000052493763,0.346048,0.422623,218.746322
2046,358190.0,2019-03-28 03:29:50.000000,-2408444.511,4698273.622,3566654.6980000003,34.219789924396835,117.14073418015809,39.7377953203395,1.650000003241288,3.257999993677057,-3.033000005028692,0.195703,0.712905,219.484032
2046,358191.0,2019-03-28 03:29:51.000000,-2408442.8349999995,4698276.865,3566651.6899999995,34.219756747106146,117.14070193988006,39.80031087528914,1.7000000032113602,3.2529999937354304,-3.005000004964836,0.257631,0.846777,220.121458
2046,358192.0,2019-03-28 03:29:52.000000,-2408441.1409999994,4698280.088000001,3566648.7349999994,34.219724096744926,117.14066962480742,39.87112897541374,1.69500000315151,3.2039999938521753,-2.949000004868031,0.363701,1.132044,220.263419
2046,358193.0,2019-03-28 03:29:53.000000,-2408439.499000001,4698283.294999999,3566645.7619999996,34.21969126412208,117.14063789114843,39.93966922536492,1.5830000031707394,3.1919999938146515,-2.967000004962707,0.314119,0.999729,219.283914
2046,358194.0,2019-03-28 03:29:54.000000,-2408437.886000001,4698286.477999999,3566642.8010000004,34.21965856215146,117.14060655638897,40.00824015121907,1.6420000031140969,3.1829999939251414,-2.9140000048808945,0.272408,1.033103,219.796478
2046,358195.0,2019-03-28 03:29:55.000000,-2408436.2459999993,4698289.609,3566639.923000001,34.21962677592225,117.14057521833449,40.075042684562504,1.6140000030253931,3.0279999940981743,-2.8310000045876875,0.523897,1.254024,220.595902
2046,358196.0,2019-03-28 03:29:56.000000,-2408434.562000002,4698292.714999999,3566637.101,34.2195956216728,117.14054357914615,40.13834794703871,1.6980000030147016,3.109999994119023,-2.8210000046688686,0.211557,0.950872,221.446408
2046,358197.0,2019-03-28 03:29:57.000000,-2408432.86,4698295.851,3566634.2420000006,34.21956409788874,117.14051161763525,40.19613440241665,1.705000003071336,3.1339999940085335,-2.8740000047114225,0.160439,0.912122,220.510969
2046,358198.0,2019-03-28 03:29:58.000000,-2408431.2430000002,4698298.985,3566631.336000001,34.219532036189456,117.14048048691954,40.25808371510357,1.5540000031407943,3.103999993873028,-2.9390000048102505,0.49496,0.825342,219.111995
2046,358199.0,2019-03-28 03:29:59.000000,-2408429.707000002,4698302.105999999,3566628.4139999994,34.219499726537244,117.14045020282498,40.33202611654997,1.533000003098043,3.096999993956418,-2.899000004818101,0.214228,0.946739,218.757832
2046,358200.0,2019-03-28 03:30:00.000000,-2408428.175000002,4698305.177999999,3566625.5290000006,34.21946790450022,117.14042019995712,40.3922318154946,1.533000003029644,3.0579999940898404,-2.8350000047367976,0.311417,1.550689,218.841753
2046,358201.0,2019-03-28 03:30:01.000000,-2408426.675000001,4698308.213999999,3566622.669,34.21943635722308,117.14039068436281,40.45207998435944,1.490000003063837,3.05799999402313,-2.8670000047827515,0.241242,1.766609,218.544893
2046,358202.0,2019-03-28 03:30:02.000000,-2408425.1740000006,4698311.274,3566619.7809999995,34.21940449525489,117.14036104032246,40.513468083925545,1.510000003116197,3.079999993920981,-2.9160000048072434,0.32963,1.632628,218.644942
2046,358203.0,2019-03-28 03:30:03.000000,-2408423.648000001,4698314.368999999,3566616.8690000004,34.219372354290364,117.14033098160662,40.5776870213449,1.5220000030948193,3.0969999939626764,-2.896000004829861,0.234069,1.574783,218.871074
2046,358204.0,2019-03-28 03:30:04.000000,-2408422.076,4698317.474,3566613.955,34.219340259676756,117.14030042917454,40.63079150766134,1.6290000031183252,3.1039999939168137,-2.9180000047301093,0.055484,1.691849,219.439843
2046,358205.0,2019-03-28 03:30:05.000000,-2408420.477,4698320.594999999,3566611.0330000003,34.219308095678734,117.1402695368123,40.68098934739828,1.5770000031439675,3.1199999938667817,-2.942000004819036,0.216308,1.624016,219.283168
2046,358206.0,2019-03-28 03:30:06.000000,-2408418.921999999,4698323.73,3566608.0930000003,34.219275632578935,117.14023900008823,40.747966713272035,1.4990000031418254,3.108999993870953,-2.9400000048794594,0.355138,1.438307,218.355213
2046,358207.0,2019-03-28 03:30:07.000000,-2408417.4510000004,4698326.856,3566605.1240000003,34.21924279963824,117.14020931915383,40.82370131555945,1.4540000032059397,3.1289999937458712,-3.000000004969244,0.288089,1.404852,217.306793
2046,358208.0,2019-03-28 03:30:08.000000,-2408416.019,4698329.998,3566602.0779999997,34.21920923032898,117.14017993567019,40.88262183777988,1.4140000032657791,3.1689999936291287,-3.0560000050953797,0.32069,1.288736,216.963859
2046,358209.0,2019-03-28 03:30:09.000000,-2408414.5529999994,4698333.188,3566599.0,34.21917528455272,117.1401499862427,40.94604589603841,1.520000003350198,3.2819999934644377,-3.1350000052176763,0.304863,1.202645,217.442306
2046,358210.0,2019-03-28 03:30:10.000000,-2408412.979000001,4698336.546999999,3566595.7949999995,34.21913987939195,117.1401181572339,41.02167394571006,1.5990000034623992,3.4159999932455456,-3.2400000054126052,0.436194,1.267968,217.865017
2046,358211.0,2019-03-28 03:30:11.000000,-2408411.3309999993,4698339.983,3566592.5429999996,34.21910394761964,117.14008523243274,41.0996221806854,1.7010000035083457,3.4219999931559038,-3.2830000053161137,0.185413,1.282047,218.551132
2046,358212.0,2019-03-28 03:30:12.000000,-2408409.635,4698343.421,3566589.292,34.219068125275285,117.1400518342104,41.16150273475796,1.6940000033961324,3.4049999933747994,-3.178000005288156,0.086699,1.079169,218.9484
2046,358213.0,2019-03-28 03:30:13.000000,-2408407.9249999984,4698346.792000001,3566586.1299999994,34.21903330100504,117.14001863249132,41.21885448042303,1.724000003352313,3.3569999934602737,-3.1370000051560325,0.214226,1.139262,219.49392
2046,358214.0,2019-03-28 03:30:14.000000,-2408406.2609999995,4698350.099000001,3566583.039,34.218999188340405,117.13998619185924,41.286394361406565,1.63300000321766,3.161999993722948,-3.0110000048467622,0.242415,1.145814,218.980813
2046,358215.0,2019-03-28 03:30:15.000000,-2408404.718,4698353.232,3566580.074,34.2189665200867,117.13995578114921,41.34239842928946,1.517000003123615,3.068999993906403,-2.923000004776847,0.320966,0.865361,218.647103
2046,358216.0,2019-03-28 03:30:16.000000,-2408403.244000001,4698356.276999999,3566577.1820000005,34.21893463343406,117.1399264724473,41.400729899294674,1.4450000030840697,3.014999993983539,-2.8860000047412155,0.207365,0.773995,218.193184
2046,358217.0,2019-03-28 03:30:17.000000,-2408401.763000001,4698359.299,3566574.3249999997,34.2189031276295,117.13989721002548,41.45918199419975,1.529000003041321,3.0449999940669286,-2.8460000047139933,0.466543,0.632416,219.271995
2046,358218.0,2019-03-28 03:30:18.000000,-2408400.2510000006,4698362.318,3566571.4910000004,34.218871878493644,117.13986766310174,41.51667057722807,1.4990000030413173,3.0169999940669285,-2.8460000046876814,0.229713,0.712872,219.120796
2046,358219.0,2019-03-28 03:30:19.000000,-2408398.76,4698365.322999999,3566568.656,34.21884063649255,117.13983838830782,41.571219137869775,1.4890000030562733,3.054999994037744,-2.8600000047775875,0.509465,0.61707,218.811649
2046,358220.0,2019-03-28 03:30:20.000000,-2408397.205,4698368.472,3566565.6940000015,34.218807946135634,117.1398077826218,41.63617350719869,1.6220000032293866,3.240999993700024,-3.0220000050232163,0.430069,0.738959,219.141687
2046,358221.0,2019-03-28 03:30:21.000000,-2408395.5440000016,4698371.802,3566562.585999999,34.21877359599353,117.13977525727954,41.71223353687674,1.6530000034495176,3.353999993270575,-3.2280000052256628,0.497495,0.822775,218.718336
2046,358222.0,2019-03-28 03:30:22.000000,-2408393.8870000015,4698375.201999998,3566559.3769999994,34.21873816789887,117.13974242407062,41.78451799694449,1.6750000034121098,3.3919999933435414,-3.193000005281373,0.266174,0.847985,218.640342
2046,358223.0,2019-03-28 03:30:23.000000,-2408392.247999999,4698378.552,3566556.214,34.21870326664353,117.13971001223655,41.85267149936408,1.634000003371497,3.3149999934227607,-3.1550000051646654,0.36886,0.651997,218.593909
2046,358224.0,2019-03-28 03:30:24.000000,-2408390.6370000015,4698381.809,3566553.144,34.21866941345036,117.13967833121222,41.91525474563241,1.574000003256081,3.2189999936479103,-3.047000005028653,0.316044,0.90643,218.97512
2046,358225.0,2019-03-28 03:30:25.000000,-2408389.032,4698384.986,3566550.17,34.21863662291084,117.13964710418173,41.97522223275155,1.60900000314494,3.147999993864721,-2.9430000048432383,0.500709,0.82187,219.63755
2046,358226.0,2019-03-28 03:30:26.000000,-2408387.416000001,4698388.098999999,3566547.296,34.21860489197375,117.13961608776525,42.040184419602156,1.627000003065858,3.1019999940189895,-2.8690000047281083,0.460601,0.950866,220.201468
2046,358227.0,2019-03-28 03:30:27.000000,-2408385.8030000017,4698391.181999999,3566544.453,34.218573520520806,117.13958524885311,42.10163867287338,1.6010000030594418,3.069999994031499,-2.8630000046891833,0.381833,1.203489,219.799272
2046,358228.0,2019-03-28 03:30:28.000000,-2408384.2210000018,4698394.264999999,3566541.598,34.21854198791907,117.13955470933938,42.16804100666195,1.6210000030498195,2.9759999940502624,-2.8540000044718505,0.394284,1.091393,219.69582
2046,358229.0,2019-03-28 03:30:29.000000,-2408382.644000001,4698397.332,3566538.7590000005,34.21851063520077,117.13952429733969,42.233556407503784,1.5750000030401972,3.0999999940690257,-2.8450000047795116,0.316951,1.666212,219.734638
2046,358230.0,2019-03-28 03:30:30.000000,-2408381.1250000005,4698400.349999999,3566535.9420000007,34.21847953340492,117.13949468804711,42.29726710356772,1.5040000029803497,2.98899999418577,-2.7890000046239822,0.165674,1.276699,218.698006
2046,358231.0,2019-03-28 03:30:31.000000,-2408379.7230000016,4698403.348999999,3566533.112,34.21844814984684,117.1394663027304,42.38382104318589,1.4530000029782097,3.0179999941899402,-2.787000004738938,0.432983,-0.136379,217.857671
2046,358232.0,2019-03-28 03:30:32.000000,-2408378.2620000015,4698406.378999999,3566530.267,34.21841665105151,117.13943719419976,42.46249969955534,1.5320000030679681,3.004999994014826,-2.8710000046274184,0.402926,0.128111,219.245197
2046,358233.0,2019-03-28 03:30:33.000000,-2408376.692,4698409.424000001,3566527.4510000004,34.21838555282123,117.13940695879748,42.527412983588874,1.6370000029707203,3.071999994204536,-2.780000004654891,0.308925,-0.018063,220.46141
2046,358234.0,2019-03-28 03:30:34.000000,-2408375.117,4698412.455,3566524.6549999993,34.21835467839471,117.1393767444352,42.59138832334429,1.5100000029589613,2.990999994227468,-2.7690000046217444,0.04605,0.189704,219.703319
2046,358235.0,2019-03-28 03:30:35.000000,-2408373.7009999994,4698415.338000001,3566521.96,34.21832485685709,117.13934879823282,42.66323090065271,1.3300000028285883,2.7959999944818015,-2.6470000044075777,0.454166,-0.136608,218.419062
2046,358236.0,2019-03-28 03:30:36.000000,-2408372.3380000005,4698418.143,3566519.281000001,34.2182953839096,117.13932175000276,42.70666814874858,1.4240000029097981,2.653999994323366,-2.723000004011103,0.361654,0.567529,218.250681
2046,358237.0,2019-03-28 03:30:37.000000,-2408370.9690000005,4698420.971999999,3566516.5829999996,34.21826567492382,117.13929452504307,42.754820914939046,1.3990000028339233,2.883999994471381,-2.6520000045173,0.168262,0.706278,218.076871
2046,358238.0,2019-03-28 03:30:38.000000,-2408369.622000002,4698423.847999999,3566513.825,34.21823525575586,117.13926727990211,42.812119303271174,1.3470000029546716,2.889999994235811,-2.765000004585376,0.3287,0.777441,217.211034
2046,358239.0,2019-03-28 03:30:39.000000,-2408368.2920000013,4698426.772999999,3566511.0100000002,34.21820415130891,117.13923995639408,42.87983622029424,1.3470000030337428,2.903999994081544,-2.8390000046145625,0.337247,0.805865,217.019654
2046,358240.0,2019-03-28 03:30:40.000000,-2408366.934999999,4698429.718000001,3566508.1640000003,34.218172787977586,117.13921227315706,42.93465624935925,1.389000003113884,2.9599999939251926,-2.914000004686425,0.418212,1.111768,217.338205
2046,358241.0,2019-03-28 03:30:41.000000,-2408365.5560000013,4698432.679,3566505.3379999995,34.218141552422466,117.13918429827865,43.004201606847346,1.3570000029482479,2.884999994248322,-2.7590000045642697,0.251167,0.928942,217.92873
2046,358242.0,2019-03-28 03:30:42.000000,-2408364.2170000016,4698435.421999999,3566502.729,34.21811282545842,117.13915778885256,43.050448595546186,1.3050000026672042,2.658999994796598,-2.496000004148695,0.002113,0.880708,218.810154
2046,358243.0,2019-03-28 03:30:43.000000,-2408362.9560000016,4698437.944999999,3566500.3240000005,34.218086431326896,117.1391331217501,43.07894781976938,1.2110000024994325,2.417999995123896,-2.3390000037467322,0.014833,0.988694,218.683285
2046,358244.0,2019-03-28 03:30:44.000000,-2408361.800999999,4698440.274,3566498.1110000005,34.21806209853104,117.13911043866524,43.11264446936548,1.0890000022654085,2.2589999955804454,-2.120000003545634,-0.067918,0.863978,218.533738
2046,358245.0,2019-03-28 03:30:45.000000,-2408360.785,4698442.393,3566496.0829999996,34.21803977076108,117.13909013748632,43.14827525801957,0.9470000020591687,2.039999995982792,-1.9270000032408259,0.243401,0.956677,217.29143
2046,358246.0,2019-03-28 03:30:46.000000,-2408359.9120000005,4698444.304,3566494.247999999,34.21801948938155,117.13907224693858,43.19331897981465,0.8750000019255937,1.8669999962433794,-1.8020000029571124,0.390903,0.590302,217.443776
2046,358247.0,2019-03-28 03:30:47.000000,-2408358.962,4698446.349,3566492.291,34.21799787209151,117.13905294947024,43.23931987583637,1.0440000022963913,2.2209999955199913,-2.1490000035145034,0.376174,0.58253,217.771903
2046,358248.0,2019-03-28 03:30:48.000000,-2408357.812999999,4698448.754000001,3566490.005,34.21797263836742,117.13902994816436,43.29016091208905,1.252000002503694,2.5219999951155603,-2.343000003919731,0.340595,0.648472,219.076276
2046,358249.0,2019-03-28 03:30:49.000000,-2408356.465,4698451.324,3566487.6420000005,34.21794654644947,117.13900420830753,43.34405969362706,1.4200000025496398,2.63499999502592,-2.386000003975781,0.342261,0.783359,221.136403
2046,358250.0,2019-03-28 03:30:50.000000,-2408354.990999999,4698453.999,3566485.228000001,34.21791989202471,117.13897673189003,43.399020720273256,1.4680000025934479,2.7059999949404476,-2.4270000040725037,0.146668,0.797818,221.642973
2046,358251.0,2019-03-28 03:30:51.000000,-2408353.5399999996,4698456.680000001,3566482.787000001,34.21789295606875,117.13894944790579,43.451891525648534,1.3860000026532853,2.6669999948237053,-2.483000004078825,0.213349,0.832289,220.397307
2046,358252.0,2019-03-28 03:30:52.000000,-2408352.1659999997,4698459.363000001,3566480.293000001,34.217865437938705,117.13892289764591,43.505476189777255,1.333000002749454,2.670999994636084,-2.5730000041438004,0.26206,0.964902,218.788617
2046,358253.0,2019-03-28 03:30:53.000000,-2408350.8110000016,4698462.090999999,3566477.7260000007,34.21783712867886,117.1388963081353,43.55829300079495,1.3730000027558622,2.7079999946235764,-2.5790000041781918,0.23769,0.957387,219.058723
2046,358254.0,2019-03-28 03:30:54.000000,-2408349.4520000005,4698464.827,3566475.1589999995,34.217808792572654,117.13886964041295,43.61549046449363,1.354000002736624,2.7219999946611018,-2.5610000042276813,0.287874,0.910756,218.865756
2046,358255.0,2019-03-28 03:30:55.000000,-2408348.1179999993,4698467.577,3566472.5830000006,34.21778026840134,117.138843144838,43.687361302785575,1.3850000027772265,2.7339999945818847,-2.599000004219573,0.107787,0.708508,218.408773
2046,358256.0,2019-03-28 03:30:56.000000,-2408346.733000001,4698470.453,3566469.8479999998,34.21775010846508,117.13881553304894,43.74330516066402,1.4360000029428515,2.9529999942587586,-2.754000004621624,0.217922,0.94186,218.068192
2046,358257.0,2019-03-28 03:30:57.000000,-2408345.315,4698473.406,3566467.0319999997,34.21771907364579,117.1387872214335,43.79791682586074,1.4420000030443616,2.9419999940607138,-2.849000004592282,0.297202,0.628225,218.399389
2046,358258.0,2019-03-28 03:30:58.000000,-2408343.8460000013,4698476.404999999,3566464.1899999995,34.21768775541535,117.1387581896164,43.85252380371094,1.4710000030400836,3.028999994069053,-2.8450000047426625,0.280058,0.545116,218.801289
2046,358259.0,2019-03-28 03:30:59.000000,-2408342.3440000005,4698479.425,3566461.3500000006,34.2176564336592,117.13872873518093,43.91126442141831,1.5240000030229812,3.0119999941024096,-2.82900000465059,0.218125,0.580383,219.240592
2046,358260.0,2019-03-28 03:31:00.000000,-2408340.8259999985,4698482.417,3566458.551000001,34.2176255808468,117.13869926485462,43.96642455365509,1.4990000029321493,2.9849999942796095,-2.744000004621019,0.330866,0.6,219.349686
2046,358261.0,2019-03-28 03:31:01.000000,-2408339.3419999992,4698485.371000001,3566455.7809999995,34.21759503701702,117.13867031099878,44.02275689598173,1.5020000029353506,2.954999994273356,-2.7470000045552734,0.198498,0.679809,219.425935
2046,358262.0,2019-03-28 03:31:02.000000,-2408337.8089999994,4698488.31,3566453.0550000006,34.217565002156746,117.13864095821162,44.07431461196393,1.5600000029225238,2.8989999942983737,-2.735000004376555,0.187271,0.700999,220.531454
2046,358263.0,2019-03-28 03:31:03.000000,-2408336.2310000006,4698491.2469999995,3566450.3630000004,34.21753533382375,117.13861118077102,44.12654937244952,1.5530000028904611,2.927999994360915,-2.7050000044444924,0.504409,0.85488,220.679527
2046,358264.0,2019-03-28 03:31:04.000000,-2408334.704000001,4698494.18,3566447.6700000004,34.217505558142825,117.13858191567014,44.19451787136495,1.4940000028979377,2.905999994346323,-2.7120000044616765,0.397477,0.515375,219.764871
2046,358265.0,2019-03-28 03:31:05.000000,-2408333.2450000006,4698497.094,3566444.9390000002,34.21747542765612,117.13855340133223,44.25278779771179,1.4610000029160988,2.9189999943108846,-2.729000004524041,0.326259,0.447771,219.236644
2046,358266.0,2019-03-28 03:31:06.000000,-2408331.7510000006,4698500.088999999,3566442.1240000003,34.217444386500425,117.13852414805902,44.310228407382965,1.5390000030582123,3.0509999940336225,-2.8620000047158736,0.421345,0.708362,218.918048
2046,358267.0,2019-03-28 03:31:07.000000,-2408330.2730000014,4698503.089999999,3566439.2880000006,34.217413124727166,117.13849501962302,44.366313251666725,1.4190000029299834,2.884999994283785,-2.742000004498043,0.131229,0.926663,218.363419
2046,358268.0,2019-03-28 03:31:08.000000,-2408328.923000002,4698505.882999999,3566436.62,34.21738375767577,117.13846815693879,44.41209189314395,1.2890000027184048,2.6869999946965546,-2.5440000042241877,0.18804,1.063215,217.830692
2046,358269.0,2019-03-28 03:31:09.000000,-2408327.7300000014,4698508.443999999,3566434.149,34.21735654274163,117.13844395886173,44.45714896265417,1.1360000025014847,2.4529999951197463,-2.341000003899861,0.247502,0.943199,217.146943
2046,358270.0,2019-03-28 03:31:10.000000,-2408326.6670000004,4698510.823999999,3566431.8340000003,34.217331006648024,117.13842191219166,44.505773653276265,1.0380000025538416,2.451999995017598,-2.390000004002495,0.360847,0.761729,216.322115
2046,358271.0,2019-03-28 03:31:11.000000,-2408325.5450000004,4698513.375,3566429.3450000007,34.21730353845884,117.13839844930736,44.56013461947441,1.1570000027194636,2.579999994694473,-2.545000004142177,0.201992,0.928783,216.377307
2046,358272.0,2019-03-28 03:31:12.000000,-2408324.3929999997,4698515.949000001,3566426.826999999,34.21727581969478,117.13837458287219,44.603799598291516,1.1230000025720008,2.49299999498216,-2.407000003997141,0.020785,0.97281,216.50698
2046,358273.0,2019-03-28 03:31:13.000000,-2408323.3600000003,4698518.347,3566424.451000001,34.21724967828841,117.13835273686134,44.642689420841634,0.9900000025228445,2.392999995078057,-2.36100000393079,0.05851,0.688006,215.655601
2046,358274.0,2019-03-28 03:31:14.000000,-2408322.331000002,4698520.738999999,3566422.085999999,34.217223636696694,117.13833095919306,44.68486035242677,1.0090000024587287,2.324999995203139,-2.301000003768729,0.399178,0.807511,216.003981
2046,358275.0,2019-03-28 03:31:15.000000,-2408321.3629999994,4698522.9520000005,3566419.928,34.21719980465994,117.13831065667674,44.73472261149436,0.9180000021670133,2.113999995772258,-2.028000003426099,0.349823,0.677787,216.754392
2046,358276.0,2019-03-28 03:31:16.000000,-2408320.375,4698525.112,3566417.846,34.21717682451096,117.13829042337747,44.780778530053794,1.0730000022695911,2.237999995572129,-2.124000003518975,0.397799,1.025494,217.332269
2046,358277.0,2019-03-28 03:31:17.000000,-2408319.315000002,4698527.370999999,3566415.691,34.21715302004831,117.13826900472243,44.83148011006415,1.1250000024255968,2.3699999952677655,-2.27000000373859,0.420796,0.790162,218.228617
2046,358278.0,2019-03-28 03:31:18.000000,-2408318.0850000014,4698529.842999999,3566413.358,34.217127320866425,117.13824489000986,44.87470843549818,1.3410000026360966,2.6409999948570837,-2.4670000040727347,0.000355,1.342399,219.239298
2046,358279.0,2019-03-28 03:31:19.000000,-2408316.6940000006,4698532.5,3566410.8809999996,34.217100085923384,117.13821830475784,44.912373405881226,1.4610000026457093,2.7169999948383228,-2.476000004102947,0.018396,0.905713,220.859699
2046,358280.0,2019-03-28 03:31:20.000000,-2408315.151000001,4698535.245999999,3566408.388,34.21707268167277,117.13818981108167,44.949204191565514,1.636000002654255,2.832999994821646,-2.484000004157777,-0.060502,0.74831,222.751274
2046,358281.0,2019-03-28 03:31:21.000000,-2408313.4960000003,4698538.049,3566405.892,34.217045256890174,117.1381599536701,44.9840506836772,1.6370000027012668,2.8329999947299194,-2.52800000415671,0.10281,0.641913,222.862478
2046,358282.0,2019-03-28 03:31:22.000000,-2408311.8810000014,4698540.924999999,3566403.3250000007,34.21701688101069,117.13813012121977,45.04778101388365,1.558000002757895,2.9009999946194327,-2.5810000043828847,0.467622,0.367572,221.469391
2046,358283.0,2019-03-28 03:31:23.000000,-2408310.3410000005,4698543.842999999,3566400.6780000003,34.216987545861706,117.13810080518229,45.125723640434444,1.5280000029106913,2.9799999943213247,-2.7240000045796324,0.803888,0.485076,219.946083
2046,358284.0,2019-03-28 03:31:24.000000,-2408308.8030000017,4698546.913999999,3566397.870000001,34.21695631567207,117.13807075113974,45.226478124037385,1.549000003067763,3.1299999940148764,-2.871000004869897,0.741739,0.670818,219.363613
2046,358285.0,2019-03-28 03:31:25.000000,-2408307.25,4698550.071,3566394.957000001,34.216923949461616,117.13804012656824,45.32581916078925,1.5720000031372126,3.169999993879373,-2.936000004928709,0.526567,0.843051,219.037317
2046,358286.0,2019-03-28 03:31:26.000000,-2408305.687000002,4698553.220999999,3566392.0240000007,34.21689148885464,117.13800944009867,45.40499391499907,1.577000003119043,3.142999993914813,-2.919000004867081,0.388422,0.597146,219.248352
2046,358287.0,2019-03-28 03:31:27.000000,-2408304.1240000012,4698556.369,3566389.078,34.21685894035358,117.1379787635532,45.47538995556533,1.5630000031553681,3.1339999938439353,-2.95300000486328,0.374931,0.575354,219.017404
2046,358288.0,2019-03-28 03:31:28.000000,-2408302.5190000003,4698559.556999999,3566386.0760000004,34.21682589105499,117.13794748343349,45.52789251692593,1.631000003211994,3.1979999937334496,-3.0060000049240396,-0.174804,0.986507,219.325761
2046,358289.0,2019-03-28 03:31:29.000000,-2408300.899,4698562.683,3566383.1370000006,34.216793625769704,117.13791636537476,45.564542598091066,1.6040000030249983,3.1069999940982687,-2.8310000047631867,0.170614,1.007213,220.070381
2046,358290.0,2019-03-28 03:31:30.000000,-2408299.196000002,4698565.795999999,3566380.2950000004,34.216762334138096,117.13788451014186,45.61486879084259,1.8340000030976533,3.1589999939565114,-2.8990000046258304,0.197169,0.785025,222.577009
2046,358291.0,2019-03-28 03:31:31.000000,-2408297.2490000003,4698569.035999999,3566377.476,34.21673120522303,117.13784966994264,45.67955594044179,2.029000002977974,3.260999994189997,-2.787000004630108,0.205324,1.087581,224.702643
2046,358292.0,2019-03-28 03:31:32.000000,-2408295.2000000007,4698572.276,3566374.72,34.21670078179047,117.13781384473631,45.741200311109424,2.0670000029159947,3.209999994310908,-2.7290000044831895,0.216237,1.289411,225.675371
2046,358293.0,2019-03-28 03:31:33.000000,-2408293.106,4698575.504,3566372.014000001,34.216670889265025,117.13777764438133,45.805160536430776,2.0920000028166172,3.2049999945047847,-2.636000004446055,0.053238,0.787141,226.603349
2046,358294.0,2019-03-28 03:31:34.000000,-2408291.1100000017,4698578.609999999,3566369.3899999997,34.2166419317755,117.13774299434064,45.86242082621902,1.8380000027717354,3.0319999945923417,-2.594000004356812,0.148446,0.955188,224.291705
2046,358295.0,2019-03-28 03:31:35.000000,-2408289.4080000008,4698581.599999999,3566366.73,34.21661254940856,117.13771175772132,45.92496975231916,1.6000000028572126,2.8929999944255673,-2.6740000043213503,0.096139,0.951069,221.260287
2046,358296.0,2019-03-28 03:31:36.000000,-2408287.893999999,4698584.511000001,3566364.022,34.216582730895546,117.13768272771385,45.97330551408231,1.421000002940553,2.8519999942629637,-2.7520000044271447,0.317768,1.082545,218.807247
2046,358297.0,2019-03-28 03:31:37.000000,-2408286.507999999,4698587.323000001,3566361.370000001,34.21655348047725,117.1376554238818,46.028560812585056,1.3860000027599695,2.7119999946152755,-2.5830000041726886,0.329691,0.861828,219.494563
2046,358298.0,2019-03-28 03:31:38.000000,-2408285.110000001,4698590.055999999,3566358.838,34.21652550874085,117.13762839522002,46.088636223226786,1.3930000027503495,2.7539999946340377,-2.574000004252767,0.504366,0.793594,219.625987
2046,358299.0,2019-03-28 03:31:39.000000,-2408283.7140000006,4698592.916,3566356.1760000004,34.216495990348584,117.1376007572624,46.16982424724847,1.376000002977939,2.9089999941900024,-2.787000004594057,0.560358,0.42183,218.525707
2046,358300.0,2019-03-28 03:31:40.000000,-2408282.269,4698595.870000001,3566353.407,34.216465363551535,117.13757218083923,46.24153808131814,1.496000002972592,2.983999994200427,-2.7820000046221884,0.238251,0.506505,219.026331
2046,358301.0,2019-03-28 03:31:41.000000,-2408280.7249999996,4698598.877000001,3566350.6150000007,34.21643455510914,117.13754238603592,46.30198253132403,1.6140000029533548,3.043999994237952,-2.7640000046211863,0.194537,1.020302,220.317496
2046,358302.0,2019-03-28 03:31:42.000000,-2408279.0310000004,4698601.944,3566347.8520000004,34.21640403900621,117.13751084568895,46.366313407197595,1.8550000028913765,3.115999994358865,-2.7060000045137746,0.194928,0.898756,223.388138
2046,358303.0,2019-03-28 03:31:43.000000,-2408277.0810000007,4698604.977999999,3566345.3039999995,34.21637586644156,117.13747699647038,46.430703612975776,2.0700000025879155,3.0009999949509143,-2.422000004044311,0.313201,0.930742,228.418827
2046,358304.0,2019-03-28 03:31:44.000000,-2408274.862000001,4698607.959,3566343.001000001,34.216350381335374,117.13744081183235,46.492401544936,2.3340000024105416,2.9839999952969696,-2.2560000037267893,0.164746,1.010887,232.44886300000002
2046,358305.0,2019-03-28 03:31:45.000000,-2408272.3970000003,4698610.921,3566340.868,34.21632681802585,117.13740234559594,46.54292857274413,2.578000002135933,2.863999995832732,-1.999000003215919,-0.398132,1.183335,236.730491
2046,358306.0,2019-03-28 03:31:46.000000,-2408269.6999999997,4698613.796999999,3566339.0050000004,34.21630619185415,117.13736206459609,46.594492577016354,2.8050000019489416,2.863999996197549,-1.824000002973375,0.150815,1.25469,240.846679
2046,358307.0,2019-03-28 03:31:47.000000,-2408266.8300000005,4698616.651,3566337.2979999995,34.21628722785192,117.13732022181856,46.65233970247209,2.9020000017256216,2.7829999966332473,-1.615000002700877,0.24712,0.774404,243.97310099999999
2046,358308.0,2019-03-28 03:31:48.000000,-2408263.907000001,4698619.347,3566335.8130000005,34.21627075408345,117.13727864929224,46.69876336026937,2.974000001520469,2.6529999970335045,-1.4230000023529437,0.081713,0.770674,246.698505
2046,358309.0,2019-03-28 03:31:49.000000,-2408260.892999999,4698621.958,3566334.4859999996,34.2162560519974,117.13723661870776,46.73716216906905,3.0910000013815626,2.624999997304512,-1.2930000021695647,0.049187,0.739918,249.37599899999998
2046,358310.0,2019-03-28 03:31:50.000000,-2408257.720999999,4698624.557,3566333.273,34.21624261918806,117.13719312169928,46.77124323416501,3.2070000011892312,2.5229999976797535,-1.1130000018329893,-0.177383,0.845846,251.985816
2046,358311.0,2019-03-28 03:31:51.000000,-2408254.5379999997,4698626.970000001,3566332.274999999,34.216231653630615,117.13715043912745,46.78520068433136,3.200000000938134,2.343999998169652,-0.8780000014673182,-0.30025,0.961403,255.247727
2046,358312.0,2019-03-28 03:31:52.000000,-2408251.355000001,4698629.225999999,3566331.486,34.21622295433857,117.13710853367473,46.80115012638271,3.2690000007372566,2.237999998561571,-0.6900000011726227,-0.13734,1.0769,258.372798
2046,358313.0,2019-03-28 03:31:53.000000,-2408247.9880000018,4698631.465999999,3566330.8520000004,34.21621590812363,117.13706493050194,46.82308659143746,3.4750000005641617,2.2459999988992894,-0.5280000009691991,-0.228956,1.146958,261.327741
2046,358314.0,2019-03-28 03:31:54.000000,-2408244.5360000012,4698633.670999999,3566330.3260000013,34.216210021422704,117.13702067971462,46.84793980047107,3.495000000513942,2.206999998997269,-0.48100000086653394,-0.174899,1.211359,262.27004
2046,358315.0,2019-03-28 03:31:55.000000,-2408240.991000001,4698635.868999999,3566329.868,34.21620488823281,117.13697556546173,46.87080473545939,3.6190000004455576,2.1949999991306877,-0.4170000007090334,-0.525365,1.344935,263.764166
2046,358316.0,2019-03-28 03:31:56.000000,-2408237.3260000013,4698638.045999999,3566329.4730000007,34.21620059686575,117.13692939629333,46.86838373914361,3.700000000378242,2.138999999262022,-0.354000000505752,-0.586702,0.961393,265.353518
2046,358317.0,2019-03-28 03:31:57.000000,-2408233.6600000006,4698640.191,3566329.1390000004,34.216196906885614,117.13688337586251,46.8763411892578,3.6280000004113644,2.1469999991973987,-0.38500000059936834,-0.117434,0.928098,265.166028
2046,358318.0,2019-03-28 03:31:58.000000,-2408230.010999999,4698642.377000001,3566328.8040000005,34.21619298516647,117.13683731667142,46.9203227609396,3.646000000373967,2.231999999270361,-0.35000000075734156,0.010999,0.957137,264.97565099999997
2046,358319.0,2019-03-28 03:31:59.000000,-2408226.3380000014,4698644.600999999,3566328.4349999996,34.21618869403776,117.13679083762433,46.964100242592394,3.6460000003878577,2.19499999924326,-0.3630000006802161,-0.162363,1.076412,264.601737
2046,358320.0,2019-03-28 03:32:00.000000,-2408222.712,4698646.805,3566328.025,34.21618407880411,117.13674491146536,46.98783483169973,3.6510000004968406,2.2409999990306213,-0.4650000007707772,-0.29087,1.129791,263.412858
2046,358321.0,2019-03-28 03:32:01.000000,-2408219.052000001,4698649.099,3566327.525,34.21617846523849,117.1366982114967,47.01437046285719,3.649000000512866,2.338999998999353,-0.48000000097722145,-0.113136,0.667451,262.434732
2046,358322.0,2019-03-28 03:32:02.000000,-2408215.3570000017,4698651.436999999,3566326.9970000004,34.216172525356534,117.13665095574694,47.044342597946525,3.739000000576974,2.3389999988742693,-0.5400000008810673,-0.271301,0.873421,262.414738
2046,358323.0,2019-03-28 03:32:03.000000,-2408211.476999999,4698653.886,3566326.4350000005,34.216166258999955,117.13660136400584,47.06710692495108,4.036000000632533,2.603999998765865,-0.592000001116183,-0.209568,0.744225,262.219946
2046,358324.0,2019-03-28 03:32:04.000000,-2408207.289,4698656.614,3566325.735,34.21615841739011,117.136547416896,47.10142167750746,4.260000000855841,2.861999998330165,-0.8010000014147061,0.025724,0.751535,259.852823
2046,358325.0,2019-03-28 03:32:05.000000,-2408203.018,4698659.562,3566324.811,34.216148105353,117.13649157932865,47.14037375431508,4.299000001085561,3.0419999978819563,-1.0160000017482913,0.067739,0.919493,257.218375
2046,358326.0,2019-03-28 03:32:06.000000,-2408198.7290000003,4698662.681000001,3566323.6590000005,34.21613536382911,117.13643472156141,47.170171443372965,4.3150000013719065,3.2209999973232595,-1.284000002104367,-0.243865,1.294266,254.39148699999998
2046,358327.0,2019-03-28 03:32:07.000000,-2408194.3280000007,4698666.047,3566322.2379999994,34.216119761662966,117.13637555964847,47.188234652392566,4.473000001626196,3.4729999968271024,-1.5220000024609042,-0.264998,1.327138,252.433271
2046,358328.0,2019-03-28 03:32:08.000000,-2408189.825000002,4698669.637999999,3566320.6089999997,34.216101829710574,117.1363142990603,47.21644736547023,4.55200000182172,3.5959999964456033,-1.7050000026329268,-0.313362,0.625697,251.024629
2046,358329.0,2019-03-28 03:32:09.000000,-2408185.2710000016,4698673.335,3566318.8510000007,34.216082575805096,117.13625202132333,47.230896783061326,4.554000001959547,3.7109999961766764,-1.8340000028705428,-0.473014,0.99928,249.79058700000002
2046,358330.0,2019-03-28 03:32:10.000000,-2408180.7619999996,4698677.148,3566316.892,34.21606119613482,117.13618960404169,47.234663483686745,4.449000002219175,3.870999995670095,-2.0770000033162948,-0.520796,0.960649,247.44895400000001
2046,358331.0,2019-03-28 03:32:11.000000,-2408176.355000002,4698681.094999999,3566314.706,34.216037283886166,117.13612750859168,47.247872170992196,4.30700000245423,4.006999995211462,-2.297000003751547,-0.238555,1.221139,244.50514800000002
2046,358332.0,2019-03-28 03:32:12.000000,-2408172.1679999996,4698685.174,3566312.288999999,34.21601054543581,117.13606688443461,47.311307420022786,4.083000002665776,4.103999994798694,-2.495000004193106,0.024362,1.355218,241.52090099999998
2046,358333.0,2019-03-28 03:32:13.000000,-2408168.1610000003,4698689.335,3566309.6519999993,34.21598138083322,117.13600759276272,47.379273167811334,3.8840000029681394,4.168999994208725,-2.778000004541244,-0.102362,1.397687,238.828248
2046,358334.0,2019-03-28 03:32:14.000000,-2408164.452000001,4698693.42,3566306.8899999997,34.2159509382216,117.13595155516107,47.433422022499144,3.51800000297668,3.9589999941920464,-2.7860000044945186,-0.179068,0.785775,236.676716
2046,358335.0,2019-03-28 03:32:15.000000,-2408161.0610000007,4698697.341999999,3566304.0840000007,34.21592016766837,117.13589939538087,47.46282057929784,3.3600000030290254,3.9269999940898983,-2.83500000459663,-0.48458,0.152077,234.959673
2046,358336.0,2019-03-28 03:32:16.000000,-2408157.728,4698701.288,3566301.185000001,34.21588846143928,117.13584767697247,47.47946656309068,3.2700000030183354,3.891999994110743,-2.825000004619833,-0.133556,-0.325338,235.03691700000002
2046,358337.0,2019-03-28 03:32:17.000000,-2408154.5500000007,4698705.0819999995,3566298.444000001,34.215858260361884,117.13579820780163,47.531566029414535,3.0150000028826396,3.7459999943754996,-2.698000004587927,-0.033537,-0.446249,234.134819
2046,358338.0,2019-03-28 03:32:18.000000,-2408151.636999999,4698708.659,3566295.8020000006,34.21582916351641,117.13575237187955,47.57959578745067,2.7670000028612636,3.508999994417192,-2.6780000043588323,-0.064077,-0.0736,232.41852
2046,358339.0,2019-03-28 03:32:19.000000,-2408148.952999999,4698712.237,3566292.986,34.215798235568116,117.13570874255434,47.61689343303442,2.5490000031497346,3.554999993854327,-2.948000004687651,-0.268849,-0.347055,228.827441
2046,358340.0,2019-03-28 03:32:20.000000,-2408146.442,4698715.971,3566289.8360000006,34.21576371400647,117.13566601185276,47.646433535031974,2.386000003571758,3.862999993030873,-3.3430000055038946,-0.301699,-0.338714,224.762481
2046,358341.0,2019-03-28 03:32:21.000000,-2408144.248999999,4698719.705000001,3566286.437,34.21572660098333,117.13562635219697,47.65589986089617,2.0150000036198312,3.5229999929370623,-3.3880000051914902,0.064428,0.294975,220.440423
2046,358342.0,2019-03-28 03:32:22.000000,-2408142.3899999997,4698723.407,3566282.851,34.215687466057936,117.13559007648466,47.66264123376459,1.75000000397561,3.6799999922428626,-3.721000005801922,-0.487589,0.516137,216.533801
2046,358343.0,2019-03-28 03:32:23.000000,-2408140.768,4698727.262000001,3566278.946,34.21564471490777,117.13555533231361,47.6919911922887,1.5130000043741252,3.9669999914652747,-4.094000006653445,-0.314929,0.210482,213.741583
2046,358344.0,2019-03-28 03:32:24.000000,-2408139.2770000016,4698731.207999999,3566274.8100000005,34.21559952831782,117.13552140288124,47.70782843977213,1.4230000044008275,3.9229999914131604,-4.119000006657878,-0.316201,0.843133,212.143147
2046,358345.0,2019-03-28 03:32:25.000000,-2408137.891000001,4698735.146999999,3566270.6399999997,34.21555387707428,117.13548852214322,47.73900300823152,1.366000004540783,3.984999991140069,-4.250000006848027,-0.056729,1.169666,211.201332
2046,358346.0,2019-03-28 03:32:26.000000,-2408136.5879999995,4698739.229,3566266.268000001,34.215505882973154,117.13545573522747,47.79313614126295,1.2280000048217683,4.1409999905918,-4.51300000732068,-0.123116,1.337308,209.389021
2046,358347.0,2019-03-28 03:32:27.000000,-2408135.481000001,4698743.407,3566261.6210000003,34.21545495258994,117.13542436602827,47.83721123728901,0.9890000050974113,4.184999990053953,-4.771000007667756,-0.328545,1.372759,206.510512
2046,358348.0,2019-03-28 03:32:28.000000,-2408134.613,4698747.606,3566256.7659999994,34.21540182431386,117.13539520101236,47.8699279949069,0.7740000052491173,4.208999989757932,-4.913000007947496,-0.343302,1.040425,204.318975
2046,358349.0,2019-03-28 03:32:29.000000,-2408133.9580000015,4698751.800999999,3566251.7779999995,34.215347230141546,117.135368112824,47.905255823396146,0.5500000053623606,4.1509999895369605,-5.019000008065905,-0.332991,1.021828,202.348665
2046,358350.0,2019-03-28 03:32:30.000000,-2408133.525,4698755.96,3566246.695000001,34.215291576903546,117.1353433467558,47.94440776668489,0.3130000054638504,4.112999989338922,-5.114000008239897,-0.162778,1.181887,200.125433
2046,358351.0,2019-03-28 03:32:31.000000,-2408133.317000001,4698760.034999999,3566241.554,34.215235350026504,117.13532116934574,47.97399683762342,0.0580000054585,3.9809999893493506,-5.109000008237157,-0.348768,1.200937,197.721774
2046,358352.0,2019-03-28 03:32:32.000000,-2408133.383,4698763.906,3566236.4959999993,34.21518002868117,117.13530264771707,48.003478846512735,-0.16899999457997028,3.8599999894244066,-5.073000008227436,-0.301866,0.817613,195.311157
2046,358353.0,2019-03-28 03:32:33.000000,-2408133.6810000003,4698767.748,3566231.3260000004,34.2151234668459,117.13528651012062,48.036148618906736,-0.43899999441223947,3.8489999890971185,-5.2300000084929685,-0.328376,0.807279,193.160863
2046,358354.0,2019-03-28 03:32:34.000000,-2408134.233000001,4698771.522,3566226.078,34.21506604305438,117.1352731620359,48.0707214679569,-0.70299999441652,3.6499999891054635,-5.226000008360169,-0.307662,1.066562,190.21346
2046,358355.0,2019-03-28 03:32:35.000000,-2408135.075,4698775.039,3566220.974,34.215010181637126,117.13526388654427,48.106517964974046,-0.9209999946697356,3.3359999895995394,-4.989000007938486,-0.0463,0.689642,187.568878
2046,358356.0,2019-03-28 03:32:36.000000,-2408136.1070000012,4698778.284999999,3566216.1349999993,34.21495707897315,117.13525778720702,48.163557012565434,-1.1139999949827832,3.112999990210358,-4.696000007679799,-0.084262,0.877585,185.235408
2046,358357.0,2019-03-28 03:32:37.000000,-2408137.25,4698781.255,3566211.562,34.21490694771957,117.13525412584517,48.20892487280071,-1.1659999952306563,2.8019999906940085,-4.464000007087018,-0.245197,1.04904,183.60566
2046,358358.0,2019-03-28 03:32:38.000000,-2408138.466,4698784.006,3566207.193999999,34.214859163856225,117.13525225336815,48.235935654491186,-1.2319999953161314,2.6969999908607885,-4.384000006938636,-0.339196,0.931567,182.089758
2046,358359.0,2019-03-28 03:32:39.000000,-2408139.844999999,4698786.817,3566202.6340000005,34.2148093011607,117.13525165805557,48.26062170881778,-1.4459999949443316,2.901999990135329,-4.732000007594626,-0.194263,0.846839,181.271562
2046,358360.0,2019-03-28 03:32:40.000000,-2408141.315000001,4698789.814,3566197.7670000005,34.21475610039452,117.13525102097196,48.28388962056488,-1.5209999946494588,3.061999989559966,-5.008000008008298,-0.211752,0.82235,181.451095
2046,358361.0,2019-03-28 03:32:41.000000,-2408142.891,4698792.971,3566192.6229999997,34.21469986781044,117.1352506156577,48.30913282278925,-1.5969999943770194,3.227999989028384,-5.263000008435545,-0.424374,0.774743,181.171645
2046,358362.0,2019-03-28 03:32:42.000000,-2408144.5460000015,4698796.264,3566187.2369999997,34.214641035015006,117.13525030015249,48.32818727940321,-1.6559999941580026,3.342999988601036,-5.468000008738311,-0.328823,0.551266,181.331622
2046,358363.0,2019-03-28 03:32:43.000000,-2408146.1920000007,4698799.672,3566181.7290000003,34.21458079476676,117.13524932856129,48.359884769655764,-1.6659999941056567,3.487999988498897,-5.517000009051264,-0.253964,0.84299,181.792547
2046,358364.0,2019-03-28 03:32:44.000000,-2408147.845000002,4698803.033999999,3566176.295000001,34.214521297499545,117.1352486522402,48.401986815966666,-1.630999994347119,3.2509999889700394,-5.291000008519797,-0.240074,0.770504,181.203684
2046,358365.0,2019-03-28 03:32:45.000000,-2408149.463,4698806.174,3566171.149,34.21446502959256,117.1352487366674,48.42946110572666,-1.5719999946345222,3.015999989530824,-5.022000007966859,-0.39776,0.698272,180.727206
2046,358366.0,2019-03-28 03:32:46.000000,-2408151.0189999994,4698809.121,3566166.259,34.214411684092944,117.13524917756844,48.4354716045782,-1.5489999948759823,2.856999990001965,-4.79600000761082,-0.537309,0.771869,180.264488
2046,358367.0,2019-03-28 03:32:47.000000,-2408152.5200000005,4698811.901,3566161.5940000005,34.2143608964298,117.13524991386066,48.424360445700586,-1.4649999951281272,2.663999990493952,-4.560000007118729,-0.853611,0.801594,180.173221
2046,358368.0,2019-03-28 03:32:48.000000,-2408153.9620000008,4698814.550999999,3566157.1210000003,34.21431226293229,117.13525072379072,48.4032917348668,-1.418999995323646,2.6529999908754505,-4.377000007046647,-0.082846,0.607207,180.04781
2046,358369.0,2019-03-28 03:32:49.000000,-2408155.358,4698817.102,3566152.8760000006,34.2142658820753,117.13525157947285,48.42022393550724,-1.3439999955960888,2.4409999914070437,-4.1220000065245666,-0.665768,0.83414,180.007342
2046,358370.0,2019-03-28 03:32:50.000000,-2408156.6819999996,4698819.491000001,3566148.846000001,34.214222001254065,117.13525254162775,48.41167742293328,-1.2919999958257955,2.30699999185525,-3.907000006189663,-0.559045,0.822556,179.761264
2046,358371.0,2019-03-28 03:32:51.000000,-2408157.9250000003,4698821.758999999,3566145.0379999997,34.214180508505926,117.13525332042002,48.40836591925472,-1.1609999960159718,2.1529999922263223,-3.7290000057286634,-0.824293,0.838253,180.456632
2046,358372.0,2019-03-28 03:32:52.000000,-2408159.0360000017,4698823.927,3566141.4160000007,34.21414115863355,117.13525331940185,48.386265609413385,-1.0599999961965314,2.105999992578634,-3.560000005522774,-0.855237,0.713435,181.330418
2046,358373.0,2019-03-28 03:32:53.000000,-2408160.1030000006,4698826.109999999,3566137.796,34.2141018577292,117.13525281923137,48.35973657108843,-1.0869999959796508,2.2809999921554525,-3.7630000059164317,-0.625472,0.291278,181.969499
2046,358374.0,2019-03-28 03:32:54.000000,-2408161.201,4698828.541,3566133.8610000005,34.21405901814512,117.13525139100743,48.350291264243424,-1.0879999955907593,2.557999991396645,-4.127000006494945,-0.759129,0.56327,183.020706
2046,358375.0,2019-03-28 03:32:55.000000,-2408162.3049999997,4698831.161,3566129.651,34.21401326202398,117.1352490853121,48.327573453076184,-1.1179999954454618,2.667999991113138,-4.263000006756303,-0.8216,0.784681,183.22242
2046,358376.0,2019-03-28 03:32:56.000000,-2408163.461,4698833.82,3566125.344,34.213966486633105,117.13524708876618,48.29863154888153,-1.1719999953535831,2.680999990933863,-4.349000006841092,-0.873557,0.71634,182.814764
2046,358377.0,2019-03-28 03:32:57.000000,-2408164.709,4698836.4860000005,3566120.976,34.21391901222303,117.13524594602988,48.27524500247091,-1.2959999953055092,2.6589999908400603,-4.394000006927707,-0.787537,0.485935,181.58498
2046,358378.0,2019-03-28 03:32:58.000000,-2408166.0300000017,4698839.134,3566116.611,34.21387147260581,117.13524559734918,48.267835933715105,-1.3519999954091455,2.569999991042276,-4.297000006801998,-0.510214,0.658116,180.732448
2046,358379.0,2019-03-28 03:32:59.000000,-2408167.3790000007,4698841.716999999,3566112.3490000004,34.213824929320346,117.13524584077005,48.28107182402164,-1.350999995439063,2.5859999911006515,-4.269000006834278,-0.405383,0.649855,180.723987
2046,358380.0,2019-03-28 03:33:00.000000,-2408168.7240000004,4698844.364,3566107.999,34.21377745055048,117.13524572880885,48.29042164888233,-1.34099999528522,2.723999990800469,-4.413000007111272,-0.507812,0.841264,181.207677
2046,358381.0,2019-03-28 03:33:01.000000,-2408170.0640000002,4698847.082999999,3566103.5330000003,34.21372879378397,117.13524521221494,48.285652024671435,-1.3449999952125724,2.71899999065872,-4.481000007105116,-0.674251,1.068124,181.094066
2046,358382.0,2019-03-28 03:33:02.000000,-2408171.457000002,4698849.793999999,3566099.0289999996,34.213679767289605,117.13524524704019,48.2736225919798,-1.3699999952211226,2.7089999906754034,-4.473000007110976,-0.765166,0.832931,180.907707
2046,358383.0,2019-03-28 03:33:03.000000,-2408172.8070000005,4698852.456,3566094.621,34.21363177691208,117.13524510912582,48.26329823490232,-1.306999995378178,2.6479999909818517,-4.3260000069165,-0.669555,0.962556,181.214325
2046,358384.0,2019-03-28 03:33:04.000000,-2408174.1010000007,4698855.037,3566090.363,34.21358539962075,117.13524483130688,48.2565889460966,-1.3009999955427118,2.5679999913028917,-4.172000006743314,-0.743074,0.901378,181.064174
2046,358385.0,2019-03-28 03:33:05.000000,-2408175.341,4698857.548,3566086.2140000006,34.21354027552123,117.1352443784558,48.23929039295763,-1.213999995603612,2.4749999914217216,-4.115000006456491,-0.83981,0.876741,181.794708
2046,358386.0,2019-03-28 03:33:06.000000,-2408176.494000002,4698860.039999999,3566082.138,34.213495982470036,117.13524317947832,48.21624612156302,-1.0979999957702824,2.4569999917469287,-3.9590000062950303,-0.860849,0.927047,182.419789
2046,358387.0,2019-03-28 03:33:07.000000,-2408177.5570000005,4698862.444,3566078.253,34.21345371833613,117.13524154690295,48.20189412496984,-1.049999995870713,2.3719999919428894,-3.86500000606655,-0.793215,1.084067,182.955972
2046,358388.0,2019-03-28 03:33:08.000000,-2408178.6950000017,4698864.930999999,3566074.2110000006,34.21340973598296,117.13524022781891,48.188637575134635,-1.1949999955662276,2.5069999913487746,-4.150000006502888,-0.693196,1.24058,181.656904
2046,358389.0,2019-03-28 03:33:09.000000,-2408179.951999999,4698867.466,3566070.025000001,34.21336418848514,117.1352398203587,48.17462425958365,-1.313999995470076,2.5449999911611623,-4.240000006709236,-0.886706,1.252549,180.797061
2046,358390.0,2019-03-28 03:33:10.000000,-2408181.279000001,4698870.003999999,3566065.7580000013,34.21331786177604,117.1352400740429,48.14368000999093,-1.3579999954155921,2.521999991054852,-4.291000006708295,-0.957922,1.170823,180.321479
2046,358391.0,2019-03-28 03:33:11.000000,-2408182.6460000006,4698872.513,3566061.5079999994,34.213271700142116,117.13524085753558,48.11604324914515,-1.3389999955395264,2.4559999912966743,-4.175000006550405,-0.77729,0.945515,180.08054
2046,358392.0,2019-03-28 03:33:12.000000,-2408183.9590000007,4698874.927,3566057.4499999997,34.21322752323,117.13524158972659,48.106086935848,-1.2669999957745717,2.354999991755298,-3.9550000062629307,-0.789904,0.940601,180.183353
2046,358393.0,2019-03-28 03:33:13.000000,-2408185.181000002,4698877.230999999,3566053.6070000003,34.21318565570623,117.13524198754536,48.10174874868244,-1.146999995998933,2.2449999921930743,-3.7450000059054136,-0.575619,1.190009,180.693258
2046,358394.0,2019-03-28 03:33:14.000000,-2408186.3039999986,4698879.426,3566049.9760000003,34.21314608919022,117.13524196878706,48.099059901200235,-1.0769999962500032,2.1069999926829657,-3.510000005542945,-0.788225,1.217558,180.939518
2046,358395.0,2019-03-28 03:33:15.000000,-2408187.398000002,4698881.47,3566046.544999999,34.21310876185179,117.13524241731021,48.08676513750106,-1.1239999964497913,1.9399999930727936,-3.3230000052450235,-0.779147,1.21573,179.581782
2046,358396.0,2019-03-28 03:33:16.000000,-2408188.4829999995,4698883.373,3566043.3019999997,34.21307349288535,117.13524347676167,48.07301935367286,-1.0709999966239376,1.8549999934125907,-3.1600000050112045,-0.702461,1.128044,179.501595
2046,358397.0,2019-03-28 03:33:17.000000,-2408189.4989999994,4698885.1790000005,3566040.245,34.21304020761188,117.13524434995523,48.06644858419895,-0.9699999968183832,1.7619999937919952,-2.9780000047094273,-0.654678,1.33598,179.620664
2046,358398.0,2019-03-28 03:33:18.000000,-2408190.4579999996,4698886.882,3566037.354,34.21300875625633,117.13524518247034,48.05591743066907,-0.9299999969957347,1.6629999941380453,-2.8120000044603124,-0.724608,1.148778,179.766063
2046,358399.0,2019-03-28 03:33:19.000000,-2408191.410000002,4698888.482999999,3566034.586,34.212978698153094,117.13524645220717,48.036842208355665,-0.9569999970844104,1.572999994311071,-2.7290000043015405,-0.991231,1.093131,178.397174
2046,358400.0,2019-03-28 03:33:20.000000,-2408192.3040000005,4698890.056,3566031.875000001,34.21294932537364,117.13524730041647,48.00733632594347,-0.863999997034198,1.6269999942130957,-2.7760000043147497,-1.083776,0.841706,180.72575
2046,358401.0,2019-03-28 03:33:21.000000,-2408193.1420000005,4698891.774,3566029.0039999997,34.21291823518628,117.13524689019697,47.973457843996584,-0.8249999968653966,1.8029999938837284,-2.934000004639975,-0.806096,0.880786,181.972474
2046,358402.0,2019-03-28 03:33:22.000000,-2408194.026999999,4698893.558000001,3566026.042999999,34.21288606767741,117.1352466072069,47.95527546014637,-0.95399999683121,1.7739999938170234,-2.9660000047173383,-0.622842,0.456315,180.837863
2046,358403.0,2019-03-28 03:33:23.000000,-2408195.0070000016,4698895.333999999,3566023.0490000006,34.212853470616864,117.13524728122302,47.94848366919905,-0.9549999968493738,1.7049999938524654,-2.949000004574566,-0.754983,0.183875,179.812849
2046,358404.0,2019-03-28 03:33:24.000000,-2408195.9970000004,4698897.003,3566020.1680000005,34.21282217551218,117.13524858137461,47.930257027968764,-1.0109999969989465,1.6259999941443135,-2.809000004469708,-0.733657,0.133516,178.184167
2046,358405.0,2019-03-28 03:33:25.000000,-2408197.0069999998,4698898.5479999995,3566017.450000001,34.21279260867718,117.13525068836744,47.91996950749308,-1.0049999971837758,1.4739999945049547,-2.6360000041464344,-0.613913,0.024627,177.14477
2046,358406.0,2019-03-28 03:33:26.000000,-2408198.0289999996,4698900.058,3566014.7569999993,34.21276335835466,117.13525308446486,47.90250869002193,-1.106999996839762,1.6849999938337115,-2.9580000046952604,-0.900663,-0.063413,177.405871
2046,358407.0,2019-03-28 03:33:27.000000,-2408199.153999999,4698901.861,3566011.600000001,34.21272908912522,117.13525502510728,47.87863475084305,-1.1309999964391246,1.8829999930519847,-3.3330000051336524,-0.648655,-0.037722,179.001728
2046,358408.0,2019-03-28 03:33:28.000000,-2408200.2720000013,4698903.839999999,3566008.2460000003,34.2126925735368,117.1352560270881,47.87088093068451,-1.158999996347246,2.031999992872711,-3.4190000054741714,-0.203251,-0.089955,180.036319
2046,358409.0,2019-03-28 03:33:29.000000,-2408201.3550000004,4698905.915,3566004.8080000007,34.21265507960158,117.13525621595072,47.87334822304547,-1.074999996271394,2.053999992724708,-3.4900000054302875,-0.541161,-0.400171,181.511506
2046,358410.0,2019-03-28 03:33:30.000000,-2408202.3789999997,4698908.019000001,3566001.323,34.212617240865974,117.13525569152651,47.848480926826596,-1.0309999961570804,2.1079999925016586,-3.597000005495845,-0.537371,-0.041167,181.8414
2046,358411.0,2019-03-28 03:33:31.000000,-2408203.4470000006,4698910.24,3565997.672999999,34.21257754256834,117.13525501295105,47.833542625419796,-1.0799999960181947,2.2829999922306627,-3.7270000059129993,-0.564719,0.031947,181.819254
2046,358412.0,2019-03-28 03:33:32.000000,-2408204.5700000003,4698912.511,3565993.908,34.21253663425508,117.1352546180474,47.811488097533584,-1.1039999959946944,2.2689999921848063,-3.7490000059094517,-0.561105,0.203757,181.365741
2046,358413.0,2019-03-28 03:33:33.000000,-2408205.6760000004,4698914.827999999,3565990.097000001,34.21249521481406,117.13525383131312,47.79101388528943,-1.17099999577675,2.3709999917595503,-3.953000006193659,-0.481213,0.132124,181.864053
2046,358414.0,2019-03-28 03:33:34.000000,-2408206.8580000005,4698917.266,3565986.086,34.21245158286516,117.13525317965292,47.775803634896874,-1.1959999956592315,2.499999991530249,-4.063000006489278,-0.619833,0.083828,181.65126
2046,358415.0,2019-03-28 03:33:35.000000,-2408208.079000001,4698919.758,3565981.961,34.21240676730111,117.13525263735669,47.75094939395785,-1.253999995556671,2.5169999913301315,-4.159000006586678,-0.739412,0.156729,181.230658
2046,358416.0,2019-03-28 03:33:36.000000,-2408209.3380000014,4698922.265999999,3565977.781,34.212361381689654,117.1352523828367,47.721282102167606,-1.287999995518213,2.4859999912550927,-4.1950000065583755,-0.787149,0.172841,180.999204
2046,358417.0,2019-03-28 03:33:37.000000,-2408210.607,4698924.72,3565973.6750000003,34.2123167682137,117.13525249214229,47.69725716393441,-1.1979999957372298,2.4169999916824403,-3.990000006318381,-0.848557,0.145163,180.875187
2046,358418.0,2019-03-28 03:33:38.000000,-2408211.829999999,4698927.144,3565969.637,34.21227290334501,117.1352523057058,47.672041799873114,-1.2429999956688573,2.4609999915490306,-4.054000006458176,-0.76276,-0.043567,181.296266
2046,358419.0,2019-03-28 03:33:39.000000,-2408213.04,4698929.59,3565965.589000001,34.212228894741,117.13525188484779,47.65249500144273,-1.1629999957212098,2.3639999916511814,-4.005000006170497,-0.810275,0.071365,181.357845
2046,358420.0,2019-03-28 03:33:40.000000,-2408214.207,4698931.966,3565961.651,34.212186121351884,117.13525139518649,47.62706637661904,-1.118999995853689,2.351999991909677,-3.88100000609847,-0.671435,-0.195798,181.906872
2046,358421.0,2019-03-28 03:33:41.000000,-2408215.276,4698934.316,3565957.8429999994,34.21214466095087,117.13525008782918,47.61863773595542,-0.9849999959605278,2.368999992118141,-3.781000005990745,-0.637979,0.199588,182.913227
2046,358422.0,2019-03-28 03:33:42.000000,-2408216.2239999995,4698936.6680000005,3565954.11,34.21210403038162,117.13524760209167,47.6082159653306,-0.915999996038521,2.3649999922703207,-3.7080000059086866,-0.999281,0.167673,184.666522
2046,358423.0,2019-03-28 03:33:43.000000,-2408217.000000001,4698939.019,3565950.479,34.21206456236362,117.13524346032223,47.58953828085214,-0.7179999961464277,2.382999992480868,-3.6070000057346703,-1.105227,0.9046,186.654274
2046,358424.0,2019-03-28 03:33:44.000000,-2408217.7130000005,4698941.332999999,3565946.942,34.21202610765948,117.13523889329267,47.57272418309003,-0.7749999962810432,2.21699999274353,-3.481000005449521,-0.950097,0.441223,185.987599
2046,358425.0,2019-03-28 03:33:45.000000,-2408218.489000002,4698943.514999999,3565943.536,34.21198907934484,117.1352355879404,47.55618613027036,-0.8689999964808286,2.1389999931333525,-3.294000005387346,-0.88735,0.973114,184.017783
2046,358426.0,2019-03-28 03:33:46.000000,-2408219.3800000004,4698945.539000001,3565940.273000001,34.21195356394758,117.13523417509907,47.54714930988848,-1.015999996616512,1.9039999933980989,-3.167000005054513,-0.795079,1.173988,181.221494
2046,358427.0,2019-03-28 03:33:47.000000,-2408220.541,4698947.309999999,3565937.1670000004,34.211919736036016,117.13523662175102,47.54203211888671,-1.3049999968301853,1.5729999938150194,-2.9670000046732667,-0.684896,1.09431,174.249181
2046,358428.0,2019-03-28 03:33:48.000000,-2408222.063,4698948.737,3565934.2860000003,34.21188830266082,117.13524425703993,47.54641953203827,-1.6329999971261202,1.2099999943924549,-2.6900000042669796,-0.559048,0.540283,165.805973
2046,358429.0,2019-03-28 03:33:49.000000,-2408223.9129999992,4698949.77,3565931.689,34.2118600054964,117.13525700974256,47.54424049332738,-1.9389999974124394,0.8519999949511271,-2.422000003847613,-0.913995,0.076521,156.709582
2046,358430.0,2019-03-28 03:33:50.000000,-2408226.042000001,4698950.397,3565929.3900000006,34.211835116318696,117.13527446605951,47.516053543426096,-2.2109999977468346,0.40399999560360467,-2.1090000032043106,-1.449375,-0.859109,146.872062
2046,358431.0,2019-03-28 03:33:51.000000,-2408228.395000001,4698950.657,3565927.387000001,34.21181357144346,117.13529590184477,47.46869124285877,-2.4039999980609306,0.08399999621647604,-1.815000002743437,-1.492088,-0.667784,137.474257
2046,358432.0,2019-03-28 03:33:52.000000,-2408230.9320000005,4698950.563,3565925.7060000002,34.211795598530934,117.13532086648513,47.41125242691487,-2.5579999984070776,-0.24800000310811654,-1.4910000022158834,-1.998509,-0.475301,127.58429
2046,358433.0,2019-03-28 03:33:53.000000,-2408233.6289999997,4698950.068,3565924.4249999993,34.21178204656128,117.13534936082884,47.34395137988031,-2.706999998938051,-0.698000002072077,-0.9940000014370083,-1.934053,-0.316359,114.683938
2046,358434.0,2019-03-28 03:33:54.000000,-2408236.407000002,4698949.121999999,3565923.6620000005,34.21177420339696,117.13538086944781,47.2665401827544,-2.762999999470093,-1.1460000010339535,-0.49600000056294624,-1.969587,-0.068195,101.970196
2046,358435.0,2019-03-28 03:33:55.000000,-2408239.4199999995,4698947.725,3565923.332,34.2117710793408,117.13541687950014,47.1893123248592,-3.2489999997446612,-1.5800000004982153,-0.23900000017746523,-1.680121,0.296865,93.725588
2046,358436.0,2019-03-28 03:33:56.000000,-2408242.829,4698945.924,3565923.243,34.21177065881575,117.13545871312911,47.099630205892026,-3.4699999999519244,-1.9080000000938062,-0.04499999972983703,-1.66979,0.679042,90.099064
2046,358437.0,2019-03-28 03:33:57.000000,-2408246.3430000003,4698943.953,3565923.316,34.211771970083525,117.13550240208966,47.01552888099104,-3.531000000123931,-2.0309999997581887,0.11600000046138918,-1.459846,0.560991,87.860653
2046,358438.0,2019-03-28 03:33:58.000000,-2408250.0430000015,4698941.8719999995,3565923.4260000004,34.21177362336009,117.13554843163465,46.94143476523459,-3.829000000014958,-2.108999999970816,0.014000000305605886,-1.585149,0.670643,89.484965
2046,358439.0,2019-03-28 03:33:59.000000,-2408253.9450000008,4698939.794000001,3565923.3850000002,34.211773670390464,117.13559639701221,46.86084079556167,-3.9919999998333355,-2.0710000003251947,-0.15599999994776084,-1.556811,0.740492,92.12226
2046,358440.0,2019-03-28 03:34:00.000000,-2408257.958,4698937.785999999,3565923.1609999994,34.21177178076531,117.1356450878517,46.770740072242916,-4.026999999693378,-1.9820000005982739,-0.2870000001706902,-1.853364,1.100153,94.231292
2046,358441.0,2019-03-28 03:34:01.000000,-2408262.015000001,4698935.762,3565922.9220000003,34.21176974974732,117.13569428277776,46.67702951747924,-4.040999999775642,-2.0580000004377625,-0.21000000002722874,-1.767071,1.365132,93.009342
2046,358442.0,2019-03-28 03:34:02.000000,-2408266.0900000003,4698933.622,3565922.8030000003,34.21176909494923,117.13574422563741,46.57221278548241,-4.131999999912392,-2.2380000001709353,-0.08199999974923573,-1.723087,1.494644,90.829239
2046,358443.0,2019-03-28 03:34:03.000000,-2408270.264000001,4698931.323999999,3565922.7910000007,34.21176972164845,117.13579590650282,46.4486228171736,-4.2050000000331185,-2.3679999999353796,0.03100000044375767,-2.210223,1.306771,89.503098
2046,358444.0,2019-03-28 03:34:04.000000,-2408274.4540000004,4698928.963,3565922.882,34.21177136338301,117.13584805368306,46.342619217932224,-4.141000000126068,-2.3999999997540225,0.11800000057882976,-1.609976,0.946464,88.291737
2046,358445.0,2019-03-28 03:34:05.000000,-2408278.6270000003,4698926.621,3565922.9829999995,34.211773033242714,117.1358999426655,46.24981253128499,-4.19600000004594,-2.2939999999103624,0.043000000299094045,-1.593234,0.567946,89.630228
2046,358446.0,2019-03-28 03:34:06.000000,-2408282.796000002,4698924.348999999,3565922.9940000004,34.21177372562193,117.13595144657495,46.15641359053552,-4.132999999978633,-2.2780000000416916,-0.01999999966696104,-1.720421,0.723955,90.072433
2046,358447.0,2019-03-28 03:34:07.000000,-2408286.931,4698922.105,3565922.9649999994,34.211774072079784,117.13600248357602,46.04831011313945,-4.156999999943376,-2.1910000001104817,-0.05299999987397011,-1.739107,0.536088,91.151046
2046,358448.0,2019-03-28 03:34:08.000000,-2408291.0610000007,4698919.925,3565922.868,34.211773634445265,117.13605315554054,45.947190972045064,-4.10599999986111,-2.121000000270995,-0.12999999996541217,-1.758972,0.633888,91.807782
2046,358449.0,2019-03-28 03:34:09.000000,-2408295.133,4698917.817,3565922.7290000003,34.21177269299199,117.13610291106328,45.85357145406306,-4.00599999984081,-2.112000000310601,-0.1489999998773439,-1.584141,0.83099,92.078427
2046,358450.0,2019-03-28 03:34:10.000000,-2408299.1609999994,4698915.698,3565922.6350000002,34.211772238335094,117.13615229613083,45.76056521758437,-4.018999999902777,-2.120000000189696,-0.09099999987456567,-1.642755,1.102874,91.17048
2046,358451.0,2019-03-28 03:34:11.000000,-2408303.227000001,4698913.534,3565922.5730000003,34.21177213735217,117.13620227087587,45.666770201176405,-4.095999999985042,-2.182000000029184,-0.013999999827597556,-1.714956,1.212526,90.530194
2046,358452.0,2019-03-28 03:34:12.000000,-2408307.307,4698911.324,3565922.556,34.211772546953526,117.13625260848602,45.56970742717385,-4.085999999986112,-2.2590000000270996,-0.01299999965641143,-1.600153,1.282507,90.188187
2046,358453.0,2019-03-28 03:34:13.000000,-2408311.405000001,4698909.083999999,3565922.5750000007,34.21177331862412,117.13630326839998,45.47760041151196,-4.137000000011751,-2.2639999999770697,0.011000000299513375,-1.669316,1.344207,89.633443
2046,358454.0,2019-03-28 03:34:14.000000,-2408315.519,4698906.82,3565922.6100000003,34.211774280822105,117.1363542016087,45.38286539632827,-4.095000000037395,-2.276999999927041,0.035000000371475756,-1.749706,1.151341,89.602997
2046,358455.0,2019-03-28 03:34:15.000000,-2408319.6320000007,4698904.561,3565922.6540000006,34.21177528985252,117.13640510041657,45.29649660177529,-4.138000000063035,-2.258999999877011,0.059000000288002535,-1.584127,0.960634,89.605813
2046,358456.0,2019-03-28 03:34:16.000000,-2408323.7600000002,4698902.288,3565922.701,34.21177634969898,117.13645621336931,45.20717274490744,-4.146000000043804,-2.300999999914535,0.04100000036699753,-1.790013,0.627926,89.472545
2046,358457.0,2019-03-28 03:34:17.000000,-2408327.923000002,4698899.974999999,3565922.7529999996,34.211777546312604,117.13650786228567,45.10442785080522,-4.184000000082268,-2.3049999998394894,0.0770000003347261,-1.812181,0.205191,89.325726
2046,358458.0,2019-03-28 03:34:18.000000,-2408332.1199999996,4698897.655,3565922.8070000014,34.21177871078547,117.13655987417988,45.01048391312361,-4.210000000058762,-2.3239999998853484,0.05500000034654424,-1.677513,0.267157,89.574539
2046,358459.0,2019-03-28 03:34:19.000000,-2408336.3430000003,4698895.350999999,3565922.8349999995,34.21177954912443,117.13661205796195,44.92350687086582,-4.259999999988247,-2.27900000002293,-0.010999999800691496,-1.691084,0.471908,90.087205
2046,358460.0,2019-03-28 03:34:20.000000,-2408340.569000001,4698893.077999999,3565922.8229999994,34.21177994247152,117.1366641172853,44.837988830171525,-4.238999999980768,-2.302000000037522,-0.017999999730320224,-1.645869,0.820371,90.407891
2046,358461.0,2019-03-28 03:34:21.000000,-2408344.779999999,4698890.8100000005,3565922.794,34.21178022118582,117.13671600701257,44.740937882103026,-4.208999999944442,-2.242000000108397,-0.05199999982335169,-1.852993,0.681647,90.799885
2046,358462.0,2019-03-28 03:34:22.000000,-2408348.9320000014,4698888.580999999,3565922.7290000003,34.21178019198115,117.13676713396802,44.630096446722746,-4.121999999900638,-2.2030000001938634,-0.09299999981170769,-1.982147,0.677947,91.231899
2046,358463.0,2019-03-28 03:34:23.000000,-2408353.065999999,4698886.387000001,3565922.617000001,34.21177969610759,117.13681791387438,44.511800752952695,-4.137999999850423,-2.171000000291838,-0.1399999998955181,-1.91629,0.580853,92.017109
2046,358464.0,2019-03-28 03:34:24.000000,-2408357.187000001,4698884.241999999,3565922.4750000006,34.2117787855916,117.13686832572256,44.40779805276543,-4.119999999823712,-2.126000000343952,-0.16499999997010095,-1.860208,0.563089,92.199136
2046,358465.0,2019-03-28 03:34:25.000000,-2408361.2480000015,4698882.128999999,3565922.3460000004,34.21177796634256,117.13691799978665,44.312026211991906,-3.9679999999348263,-2.156000000127158,-0.06099999974517451,-1.596645,0.874426,91.18388
2046,358466.0,2019-03-28 03:34:26.000000,-2408365.203000001,4698880.0139999995,3565922.321,34.21177817648259,117.13696666013945,44.23327751643956,-3.9180000000203004,-2.112999999960394,0.01900000021860143,-1.633232,0.861958,90.069693
2046,358467.0,2019-03-28 03:34:27.000000,-2408369.0350000006,4698877.913,3565922.376999999,34.21177921167839,117.13701406342709,44.16398252174258,-3.750000000073721,-2.0799999998561653,0.0690000003292972,-1.475585,1.181567,88.903466
2046,358468.0,2019-03-28 03:34:28.000000,-2408372.7429999993,4698875.834,3565922.4550000005,34.21178059831043,117.13706016039824,44.07647829968482,-3.675000000014957,-2.047999999970816,0.01400000034271498,-2.177975,0.78032,89.310389
2046,358469.0,2019-03-28 03:34:29.000000,-2408376.3900000015,4698873.8209999995,3565922.4479999994,34.21178119456806,117.13710534164863,43.9667478101328,-3.6319999999594006,-1.9480000000792133,-0.03799999981980565,-1.910663,0.888623,90.304431
2046,358470.0,2019-03-28 03:34:30.000000,-2408379.9790000007,4698871.86,3565922.449,34.211781749985015,117.13714970544015,43.87790902424604,-3.562999999988248,-1.9300000000229303,-0.01099999978361385,-1.946848,0.60387,90.113079
2046,358471.0,2019-03-28 03:34:31.000000,-2408383.519,4698869.924,3565922.445999999,34.211782276083234,117.13719347231864,43.78673941548914,-3.5389999999540573,-1.9260000000896356,-0.04299999976631708,-1.857373,0.50344,90.268018
2046,358472.0,2019-03-28 03:34:32.000000,-2408387.0279999995,4698868.032,3565922.4120000005,34.21178244425898,117.13723672206393,43.698830273002386,-3.4949999999284156,-1.870000000139665,-0.06699999983604797,-1.921069,0.418213,91.128938
2046,358473.0,2019-03-28 03:34:33.000000,-2408390.4999999995,4698866.173,3565922.343000001,34.211782288182,117.13727945117985,43.60157407447696,-3.460999999898499,-1.8650000001980322,-0.09499999981015106,-2.028113,0.115415,91.483173
2046,358474.0,2019-03-28 03:34:34.000000,-2408393.95,4698864.325,3565922.279,34.21178217061054,117.13732191340544,43.506928412243724,-3.4509999999797,-1.855000000039606,-0.018999999820319056,-1.881841,-0.111341,91.067717
2046,358475.0,2019-03-28 03:34:35.000000,-2408397.382000002,4698862.489999999,3565922.236,34.211782192556306,117.13736413746835,43.42686995305121,-3.4199999999540567,-1.8390000000896354,-0.04299999982055704,-1.699813,-0.00451,91.070462
2046,358476.0,2019-03-28 03:34:36.000000,-2408400.795000002,4698860.674999999,3565922.200000001,34.21178222038608,117.13740607906514,43.35830140952021,-3.3819999999850423,-1.8160000000291836,-0.01399999982790804,-1.422452,0.0914,90.755033
2046,358477.0,2019-03-28 03:34:37.000000,-2408404.166000002,4698858.895999999,3565922.1740000006,34.21178225746923,117.13744743689976,43.30600873101503,-3.369999999948715,-1.7590000001000579,-0.047999999933912324,-1.399163,0.296029,90.988548
2046,358478.0,2019-03-28 03:34:38.000000,-2408407.480999999,4698857.151000001,3565922.1350000007,34.21178217372932,117.13748808567772,43.25030731782317,-3.278999999929483,-1.7130000001375798,-0.06599999993257985,-1.543502,0.346116,91.274856
2046,358479.0,2019-03-28 03:34:39.000000,-2408410.7590000005,4698855.419,3565922.088000001,34.21178205723941,117.13752831281589,43.18572067283094,-3.270999999975426,-1.7200000000479445,-0.02299999990944671,-1.798521,0.489075,90.926114
2046,358480.0,2019-03-28 03:34:40.000000,-2408414.025000001,4698853.678,3565922.044,34.21178203144127,117.13756846862086,43.11167316418141,-3.242999999960467,-1.757000000077128,-0.036999999802408264,-1.923804,0.741696,90.848279
2046,358481.0,2019-03-28 03:34:41.000000,-2408417.305,4698851.917,3565921.999999999,34.21178206347612,117.13760885861105,43.02819009218365,-3.2989999999764934,-1.7420000000458598,-0.02199999989351523,-2.197073,0.65004,90.98957
2046,358482.0,2019-03-28 03:34:42.000000,-2408420.628000001,4698850.128999999,3565921.949,34.211782065685966,117.13764979747648,42.93712312821299,-3.3519999999593986,-1.7850000000792123,-0.03799999986051362,-1.826301,0.574508,90.831512
2046,358483.0,2019-03-28 03:34:43.000000,-2408423.990000002,4698848.312999999,3565921.9319999996,34.21178235748547,117.13769125154029,42.859280009754,-3.3770000000074796,-1.8219999999854084,0.0070000001898967434,-1.950621,0.449087,90.365915
2046,358484.0,2019-03-28 03:34:44.000000,-2408427.397,4698846.464,3565921.904000001,34.21178261207886,117.13773330349036,42.76794301439077,-3.4329999999722203,-1.8780000000541979,-0.025999999753208613,-1.913062,0.42442,90.728365
2046,358485.0,2019-03-28 03:34:45.000000,-2408430.879000001,4698844.605,3565921.847,34.21178252216948,117.13777612918564,42.68123412877321,-3.4919999999091815,-1.8640000001771861,-0.08499999984543749,-1.750635,0.327971,91.650008
2046,358486.0,2019-03-28 03:34:46.000000,-2408434.4310000013,4698842.765,3565921.7269999995,34.21178171503539,117.13781953680403,42.59949269518256,-3.5849999998365267,-1.8390000003189342,-0.15299999999692368,-1.826207,0.329469,92.781204
2046,358487.0,2019-03-28 03:34:47.000000,-2408438.0309999995,4698840.9350000005,3565921.558000001,34.21178038650648,117.13786335844492,42.515668503940105,-3.5989999997948576,-1.8530000004002312,-0.1919999999827056,-1.827054,0.459146,93.169037
2046,358488.0,2019-03-28 03:34:48.000000,-2408441.6580000003,4698839.109,3565921.3640000005,34.21177879111923,117.13790742101607,42.43091881554574,-3.608999999787378,-1.8680000004148234,-0.19899999996212958,-1.847558,0.525475,93.249239
2046,358489.0,2019-03-28 03:34:49.000000,-2408445.288000001,4698837.248999999,3565921.212,34.21177765525475,117.13795168084359,42.34589652065188,-3.610999999849348,-1.8780000002939197,-0.14099999994342846,-1.854588,0.503863,92.542372
2046,358490.0,2019-03-28 03:34:50.000000,-2408448.9220000003,4698835.37,3565921.0930000003,34.21177684184542,117.13799607334042,42.26695745717734,-3.6119999998803327,-1.8910000002334681,-0.11199999991740525,-1.733443,0.523356,92.035391
2046,358491.0,2019-03-28 03:34:51.000000,-2408452.549000001,4698833.486999999,3565920.9819999994,34.21177612228705,117.13804041803974,42.18693488556892,-3.5919999999145227,-1.8990000001667644,-0.07999999987936718,-1.8876,0.666531,91.508385
2046,358492.0,2019-03-28 03:34:52.000000,-2408456.1319999993,4698831.541000001,3565920.9729999998,34.21177654902748,117.13808464967582,42.101304347626865,-3.570000000038464,-1.986999999924957,0.03600000032757057,-1.843097,0.551062,89.41482
2046,358493.0,2019-03-28 03:34:53.000000,-2408459.709,4698829.563,3565921.0139999995,34.211777506717524,117.13812898176265,42.01797625608742,-3.597000000026712,-1.9459999999478867,0.025000000213249086,-1.800893,0.467514,89.78733
2046,358494.0,2019-03-28 03:34:54.000000,-2408463.2960000006,4698827.625,3565921.007,34.21177790300275,117.13817321243145,41.94087166618556,-3.6119999999465775,-1.8790000001042269,-0.049999999942448935,-1.676368,0.356773,90.778426
2046,358495.0,2019-03-28 03:34:55.000000,-2408466.896000001,4698825.734999999,3565920.9350000005,34.21177756812618,117.13821733105375,41.86745127104223,-3.6229999999081124,-1.87900000017927,-0.08599999995420948,-1.732082,0.365435,91.84626
2046,358496.0,2019-03-28 03:34:56.000000,-2408470.482999999,4698823.859,3565920.8550000004,34.21177714050044,117.13826125484555,41.7949346145615,-3.6099999999155914,-1.8570000001646783,-0.07899999998618645,-1.475806,0.165516,91.8204
2046,358497.0,2019-03-28 03:34:57.000000,-2408474.07,4698822.017,3565920.758000001,34.21177643276079,117.1383050103489,41.73788359481841,-3.594999999858962,-1.812000000275158,-0.13200000006397067,-1.398095,0.068605,92.631827
2046,358498.0,2019-03-28 03:34:58.000000,-2408477.6600000015,4698820.267999999,3565920.550999999,34.21177447852353,117.1383483345014,41.68855968862772,-3.603999999682665,-1.6760000006191054,-0.2970000003570901,-1.16281,0.216703,95.271829
2046,358499.0,2019-03-28 03:34:59.000000,-2408481.310000002,4698818.582999999,3565920.2290000003,34.21177123953698,117.13839192126737,41.644310963340104,-3.7609999996238987,-1.6890000007337544,-0.35200000049774827,-0.939148,0.603277,96.067626
2046,358500.0,2019-03-28 03:35:00.000000,-2408485.086,4698816.842,3565919.9300000006,34.2117681332807,117.13843700194288,41.61931387800723,-3.6719999996623636,-1.666000000658711,-0.3160000004506059,-1.55807,0.601954,95.148012
2046,358501.0,2019-03-28 03:35:01.000000,-2408488.786000001,4698815.033,3565919.707,34.211766076030614,117.13848168529572,41.55833980161697,-3.687999999793785,-1.8090000004023141,-0.19300000016962127,-1.79329,0.576585,93.285676
2046,358502.0,2019-03-28 03:35:02.000000,-2408492.4660000014,4698813.141999999,3565919.5840000003,34.21176518038278,117.13852658139233,41.485703855752945,-3.74099999991559,-1.9470000001646772,-0.07899999993859343,-1.537014,0.877597,91.401487
2046,358503.0,2019-03-28 03:35:03.000000,-2408496.282,4698811.115,3565919.567,34.21176537396266,117.13857346394452,41.42388543020934,-3.8130000000224378,-2.066999999956225,0.021000000234610967,-1.356708,0.925513,89.899458
2046,358504.0,2019-03-28 03:35:04.000000,-2408500.0810000002,4698809.033999999,3565919.6420000005,34.21176653626846,117.13862044962171,41.36764482501894,-3.7600000001399705,-2.1149999997269275,0.13100000039128934,-1.345451,0.871973,88.669092
2046,358505.0,2019-03-28 03:35:05.000000,-2408503.832999999,4698806.936000001,3565919.7779999995,34.21176833866151,117.13866706558817,41.3154647834599,-3.751000000194464,-2.1319999996206165,0.1820000004363345,-1.174483,0.853664,87.949342
2046,358506.0,2019-03-28 03:35:06.000000,-2408507.647,4698804.778999999,3565919.9519999996,34.21177054710876,117.13871457229898,41.26462143100798,-3.919000000199806,-2.198999999610194,0.18700000039648418,-1.281514,0.959476,87.610399
2046,358507.0,2019-03-28 03:35:07.000000,-2408511.562,4698802.5600000005,3565920.1319999998,34.21177284640922,117.1387633612097,41.209626564756036,-3.940000000173094,-2.210999999662307,0.16200000039905144,-1.321641,0.822175,87.929944
2046,358508.0,2019-03-28 03:35:08.000000,-2408515.4990000003,4698800.358,3565920.2719999994,34.21177471994221,117.13881227842204,41.15295417327434,-3.924000000117534,-2.1989999997707024,0.1100000003911237,-1.375548,0.756679,88.745477
2046,358509.0,2019-03-28 03:35:09.000000,-2408519.4750000015,4698798.187999999,3565920.338000001,34.21177580727134,117.13886141385,41.092939178459346,-3.98900000004167,-2.159999999918704,0.039000000240366615,-1.496791,0.815715,89.85718
2046,358510.0,2019-03-28 03:35:10.000000,-2408523.464000001,4698796.041999999,3565920.356000001,34.21177639842648,117.13891055602045,41.028505141846836,-4.001000000012822,-2.1429999999749856,0.012000000192099063,-1.384822,1.00435,90.029031
2046,358511.0,2019-03-28 03:35:11.000000,-2408527.4510000004,4698793.864999999,3565920.4120000005,34.2117774173074,117.13895983232294,40.96187203191221,-3.9500000001250144,-2.2209999997561116,0.11700000040917533,-1.354806,1.218965,88.52743
2046,358512.0,2019-03-28 03:35:12.000000,-2408531.419000002,4698791.601999999,3565920.599000001,34.211779844623166,117.13900935083606,40.89844118990004,-3.9730000003333705,-2.3199999993496303,0.31200000059095817,-1.359177,1.124686,86.35718
2046,358513.0,2019-03-28 03:35:13.000000,-2408535.3619999993,4698789.233,3565920.9480000003,34.21178401556501,117.13905915261911,40.83866085484624,-3.9010000004359457,-2.3809999991495165,0.40800000079503584,-1.253805,1.297056,84.104756
2046,358514.0,2019-03-28 03:35:14.000000,-2408539.23,4698786.797,3565921.439,34.21178972072182,117.13910856180613,40.781125735491514,-3.7950000005833995,-2.472999998861854,0.5460000011000635,-1.311268,1.408529,82.066285
2046,358515.0,2019-03-28 03:35:15.000000,-2408542.986,4698784.332,3565922.055,34.21179674750208,117.13915703301501,40.73028509877622,-3.716000000743675,-2.4489999985491764,0.6960000011344375,-1.129601,1.244434,80.262628
2046,358516.0,2019-03-28 03:35:16.000000,-2408546.6219999995,4698781.875,3565922.757,34.211804656763896,117.1392043058517,40.68842205312103,-3.562000000744745,-2.4319999985470924,0.6970000012635412,-1.317938,1.253349,79.219447
2046,358517.0,2019-03-28 03:35:17.000000,-2408550.1450000005,4698779.452,3565923.482,34.21181284538005,117.13925031921693,40.64188880752772,-3.492000000775733,-2.4129999984866424,0.7260000012987227,-1.213882,1.110913,78.559937
2046,358518.0,2019-03-28 03:35:18.000000,-2408553.582,4698777.061000001,3565924.227,34.211821237581184,117.13929534373639,40.59771160688251,-3.399000000803515,-2.397999998432445,0.7520000013668185,-1.266377,1.149003,77.959854
2046,358519.0,2019-03-28 03:35:19.000000,-2408556.957000001,4698774.683,3565925.0010000006,34.21182993067492,117.1393397052136,40.55602156929672,-3.38800000082916,-2.3649999983824177,0.7760000013097759,-1.236492,1.184537,77.592139
2046,358520.0,2019-03-28 03:35:20.000000,-2408560.381,4698772.284999999,3565925.7740000007,34.21183859321642,117.13938463886667,40.51753778010607,-3.451000000801381,-2.4219999984366147,0.7500000013612697,-1.22643,1.199771,78.074557
2046,358521.0,2019-03-28 03:35:21.000000,-2408563.8510000017,4698769.860999999,3565926.5339999995,34.2118471697447,117.13943014542542,40.4699661238119,-3.468000000841986,-2.452999998357404,0.7880000014077173,-1.273616,1.096521,77.788606
2046,358522.0,2019-03-28 03:35:22.000000,-2408567.3130000005,4698767.411,3565927.328,34.211856135500675,117.1394757034389,40.419362431392074,-3.454000000871904,-2.4239999982990392,0.8160000013622178,-1.270846,1.189823,77.448918
2046,358523.0,2019-03-28 03:35:23.000000,-2408570.736000002,4698764.969999999,3565928.13,34.211865210457596,117.13952084031031,40.36517106369138,-3.466000000874044,-2.4609999982948696,0.8180000014265152,-1.403491,1.131129,77.200402
2046,358524.0,2019-03-28 03:35:24.000000,-2408574.2890000003,4698762.424,3565928.9819999994,34.211874831187686,117.1395677522759,40.31086395122111,-3.63400000092106,-2.5919999982031516,0.862000001520068,-1.252169,1.111641,76.914492
2046,358525.0,2019-03-28 03:35:25.000000,-2408577.9480000013,4698759.784,3565929.869000001,34.21188489173792,117.13961615313247,40.24704920500517,-3.641000000961666,-2.6619999981239415,0.9000000016584954,-1.471926,1.091405,76.706281
2046,358526.0,2019-03-28 03:35:26.000000,-2408581.5740000014,4698757.126999999,3565930.8040000005,34.21189546309207,117.13966431948583,40.18526694830507,-3.6330000010621077,-2.6579999979279973,0.9940000016586971,-1.522759,0.946603,75.776506
2046,358527.0,2019-03-28 03:35:27.000000,-2408585.1680000015,4698754.453999999,3565931.781,34.21190649369748,117.13971225604332,40.12325677461922,-3.562000001056767,-2.6619999979384206,0.9890000017428913,-1.303822,1.100873,75.060047
2046,358528.0,2019-03-28 03:35:28.000000,-2408588.7140000025,4698751.771,3565932.812,34.2119180829455,117.13975977860225,40.06614553555846,-3.510000001140114,-2.70699999777583,1.0670000018922492,-1.206274,1.227665,74.132015
2046,358529.0,2019-03-28 03:35:29.000000,-2408592.2210000013,4698749.058999999,3565933.9090000005,34.21193038518934,117.13980706812048,40.010093002580106,-3.497000001179651,-2.709999997698703,1.1040000019123855,-1.230607,0.819465,73.153098
2046,358530.0,2019-03-28 03:35:30.000000,-2408595.670000002,4698746.341999999,3565935.048,34.21194315718474,117.13985382232717,39.95209953095764,-3.401000001212778,-2.692999997634084,1.1350000019795194,-1.287522,0.911722,72.321611
2046,358531.0,2019-03-28 03:35:31.000000,-2408599.0499999993,4698743.616,3565936.242,34.211956539324035,117.13989995480142,39.892381192184985,-3.359000001310016,-2.7679999974443943,1.2260000021807282,-1.26313,0.807577,71.169097
2046,358532.0,2019-03-28 03:35:32.000000,-2408602.4330000007,4698740.818999999,3565937.5250000004,34.21197089826095,117.13994646770823,39.83158889040351,-3.397000001421145,-2.7989999972276065,1.330000002204736,-1.293301,0.740352,70.247956
2046,358533.0,2019-03-28 03:35:33.000000,-2408605.832000002,4698737.969,3565938.861,34.21198585436477,117.13999339748398,39.76763194985688,-3.406000001445725,-2.840999997179664,1.353000002282661,-1.241627,1.033286,69.55637
2046,358534.0,2019-03-28 03:35:34.000000,-2408609.2170000016,4698735.102999999,3565940.2309999997,34.21200116846211,117.1400402712864,39.70573928114027,-3.3830000014745774,-2.8919999971233823,1.380000002413539,-1.162594,1.266338,69.368281
2046,358535.0,2019-03-28 03:35:35.000000,-2408612.613,4698732.225,3565941.6139999996,34.2120166081505,117.14008731072775,39.646477988921106,-3.400000001502362,-2.8909999970691858,1.4060000023932815,-1.239032,1.235764,69.268827
2046,358536.0,2019-03-28 03:35:36.000000,-2408616.0030000005,4698729.317999999,3565943.0500000003,34.21203258761827,117.14013443579842,39.593414975330234,-3.3280000015632702,-2.9229999969503706,1.4630000025369125,-1.223312,1.620993,67.930946
2046,358537.0,2019-03-28 03:35:37.000000,-2408619.3209999995,4698726.373000001,3565944.5940000005,34.21204971009168,117.14018105372259,39.54595379251987,-3.2770000017171443,-2.9679999966502018,1.6070000026852036,-1.22584,1.531318,66.145223
2046,358538.0,2019-03-28 03:35:38.000000,-2408622.5540000005,4698723.38,3565946.255,34.21206811783119,117.14022708846794,39.496891643851995,-3.2000000018272075,-3.008999996435498,1.7100000028529383,-1.288928,1.590112,64.319278
2046,358539.0,2019-03-28 03:35:39.000000,-2408625.7060000016,4698720.338999999,3565948.0120000006,34.21208764503333,117.14027257866202,39.43593009095639,-3.103000001938339,-3.0229999962187097,1.8140000029857632,-1.414417,1.391499,62.925071
2046,358540.0,2019-03-28 03:35:40.000000,-2408628.760999999,4698717.272,3565949.875,34.21210830401066,117.14031726090228,39.37884590961039,-2.977000002069773,-3.061999995962316,1.9370000032016887,-1.178984,1.449882,60.569595
2046,358541.0,2019-03-28 03:35:41.000000,-2408631.649000001,4698714.188,3565951.907,34.21213068568914,117.14036041468732,39.34127797186375,-2.764000002235402,-3.128999995639219,2.0920000035689448,-1.018033,1.539864,57.249723
2046,358542.0,2019-03-28 03:35:42.000000,-2408634.385999999,4698711.046000001,3565954.1190000004,34.2121550200153,117.14040239747366,39.30527473986149,-2.715000002443773,-3.14299999523274,2.287000003650481,-0.891219,1.431645,55.363096
2046,358543.0,2019-03-28 03:35:43.000000,-2408637.0870000008,4698707.893999999,3565956.3799999994,34.21217984796887,117.14044408215283,39.27588609512895,-2.70100000240531,-3.1279999953077824,2.251000003634169,-0.917411,1.377913,55.390648
2046,358544.0,2019-03-28 03:35:44.000000,-2408639.796000002,4698704.762999999,3565958.6090000006,34.212204324127306,117.14048574015696,39.24698055535555,-2.7690000023444075,-3.1099999954266,2.19400000352398,-1.034502,1.04027,56.552623
2046,358545.0,2019-03-28 03:35:45.000000,-2408642.581,4698701.678,3565960.7229999998,34.212227559727935,117.14052790437246,39.21594030316919,-2.763000002214047,-3.062999995680909,2.072000003432415,-0.92763,1.03484,57.499812
2046,358546.0,2019-03-28 03:35:46.000000,-2408645.282000001,4698698.636999999,3565962.8430000003,34.21225083580449,117.14056903966546,39.188968733884394,-2.6250000022867126,-3.0419999955391623,2.1400000035360955,-0.806133,0.935664,56.04167
2046,358547.0,2019-03-28 03:35:47.000000,-2408647.909000002,4698695.576999999,3565965.0390000003,34.21227493525503,117.14060955445565,39.162834404967725,-2.6120000023743386,-3.062999995368234,2.2220000035937564,-0.988019,0.978277,54.804854
2046,358548.0,2019-03-28 03:35:48.000000,-2408650.5150000006,4698692.443,3565967.3490000004,34.21230026690567,117.14065023279146,39.138422288931906,-2.593000002482266,-3.1609999951577006,2.3230000038183354,-0.918112,1.039129,53.593928
2046,358549.0,2019-03-28 03:35:49.000000,-2408653.0300000007,4698689.314,3565969.726,34.21232628588916,117.14069000766415,39.121035794727504,-2.4400000025784414,-3.0799999949700934,2.4130000038129755,-0.674721,1.175455,51.710959
2046,358550.0,2019-03-28 03:35:50.000000,-2408655.396000001,4698686.231,3565972.169000001,34.212352933926184,117.14072811604441,39.11840466130525,-2.313000002607298,-3.0669999949138127,2.440000003921581,-0.692455,1.005493,50.3791
2046,358551.0,2019-03-28 03:35:51.000000,-2408657.6960000014,4698683.171999999,3565974.628,34.21237974558499,117.14076546831971,39.11753677483648,-2.287000002654319,-3.1169999948220934,2.4840000040535846,-0.604233,1.083834,49.91339
2046,358552.0,2019-03-28 03:35:52.000000,-2408660.021,4698680.046,3565977.1520000002,34.21240728621247,117.1408033936892,39.11334486119449,-2.3490000027312608,-3.10899999467201,2.5560000039706545,-0.606448,1.050847,49.711052
2046,358553.0,2019-03-28 03:35:53.000000,-2408662.326,4698676.908999999,3565979.713000001,34.21243519852498,117.14084118040596,39.11432032287121,-2.3100000027451566,-3.127999994644911,2.56900000405193,-0.777845,1.007353,49.027864
2046,358554.0,2019-03-28 03:35:54.000000,-2408664.611,4698673.763,3565982.2710000006,34.21246317530192,117.14087881856994,39.09944446850568,-2.276000002714172,-3.1619999947053614,2.540000004159131,-0.733454,0.779871,49.233
2046,358555.0,2019-03-28 03:35:55.000000,-2408666.895000001,4698670.644,3565984.8010000004,34.212490823852875,117.14091631344819,39.088320672512054,-2.282000002666091,-3.090999994799164,2.4950000040047158,-0.603457,0.900009,49.406479
2046,358556.0,2019-03-28 03:35:56.000000,-2408669.143,4698667.547,3565987.328999999,34.21251844149041,117.14095335181504,39.078684743493795,-2.229000002684261,-3.1039999947637265,2.5120000040884456,-0.911375,1.026496,48.836439
2046,358557.0,2019-03-28 03:35:57.000000,-2408671.3750000014,4698664.452999999,3565989.854,34.212546060216454,117.14099022085242,39.06353713478893,-2.2300000027131164,-3.1019999947074446,2.539000004083204,-0.801219,0.933819,48.781335
2046,358558.0,2019-03-28 03:35:58.000000,-2408673.564000001,4698661.352999999,3565992.408,34.212574021617996,117.14102670438766,39.04406164586544,-2.15800000273663,-3.0809999946615854,2.561000004116364,-0.688699,0.61867,47.737965
2046,358559.0,2019-03-28 03:35:59.000000,-2408675.696999999,4698658.271000001,3565994.986,34.21260221022494,117.14106255808238,39.03020432591438,-2.089000002720606,-3.067999994692852,2.546000004162994,-0.766831,0.676747,47.610765
2046,358560.0,2019-03-28 03:36:00.000000,-2408677.775,4698655.257,3565997.5160000008,34.21262986143531,117.14109754408265,39.018654086627066,-2.0300000027355702,-3.0019999946636693,2.56000000408846,-0.743325,0.78865,46.979195
2046,358561.0,2019-03-28 03:36:01.000000,-2408679.7520000003,4698652.266,3566000.073,34.21265784371747,117.1411314409494,39.001112097874284,-1.9300000027548074,-2.9699999946261486,2.578000004128611,-0.812158,0.868079,45.346348
2046,358562.0,2019-03-28 03:36:02.000000,-2408681.611,4698649.296,3566002.691,34.21268645887174,117.14116409442269,38.988810383714736,-1.8350000028253397,-2.9549999944885696,2.6440000041988574,-0.650565,0.796237,43.914162
2046,358563.0,2019-03-28 03:36:03.000000,-2408683.3890000004,4698646.313999999,3566005.3809999996,34.2127158521996,117.14119602514808,38.977607319131494,-1.7020000029396816,-2.990999994265528,2.751000004416019,-0.783767,0.891215,41.735333
2046,358564.0,2019-03-28 03:36:04.000000,-2408685.038000001,4698643.31,3566008.1889999993,34.212746522727436,117.1412268191181,38.96790053509176,-1.6070000030262417,-3.0289999940966816,2.832000004596744,-0.744962,0.976733,40.303266
2046,358565.0,2019-03-28 03:36:05.000000,-2408686.7029999993,4698640.291000001,3566011.0040000007,34.21277727609493,117.14125784186733,38.957130215130746,-1.726000003000601,-3.030999994146709,2.8080000044737496,-0.775894,0.969195,41.632204
2046,358566.0,2019-03-28 03:36:06.000000,-2408688.446000001,4698637.268,3566013.781,34.212807583847614,117.14128963764384,38.95147838164121,-1.725000002978165,-3.0039999941904822,2.787000004418535,-0.593942,1.085665,41.609156
2046,358567.0,2019-03-28 03:36:07.000000,-2408690.0930000017,4698634.235999999,3566016.63,34.212838690927924,117.1413205509755,38.94347438029945,-1.6140000030625885,-3.0299999940258058,2.866000004591344,-0.73937,1.267592,39.791258
2046,358568.0,2019-03-28 03:36:08.000000,-2408691.6819999996,4698631.196000001,3566019.5310000004,34.212870355858286,117.14135094385738,38.936944105662405,-1.5550000031106797,-3.059999993932002,2.9110000047169247,-0.53214,1.062413,39.544908
2046,358569.0,2019-03-28 03:36:09.000000,-2408693.2189999996,4698628.158,3566022.4819999994,34.21290250474846,117.14138082472567,38.94038545805961,-1.5460000032902081,-3.0449999935818037,3.0790000046952737,-1.117654,0.44366,38.278374
2046,358570.0,2019-03-28 03:36:10.000000,-2408694.6810000013,4698625.087,3566025.4889999996,34.21293539338564,117.141410144741,38.92273919656873,-1.4680000032100686,-2.9849999937381395,3.0040000046535527,-0.578667,0.749091,37.000455
2046,358571.0,2019-03-28 03:36:11.000000,-2408696.0290000006,4698622.171,3566028.4220000003,34.21296729480351,117.14143759664961,38.93454525154084,-1.282000003081841,-2.8149999939882804,2.8840000044979446,-0.46208,0.918127,35.974892
2046,358572.0,2019-03-28 03:36:12.000000,-2408697.186000001,4698619.428,3566031.2299999995,34.21299792565994,117.1414623477953,38.93132545705885,-1.0690000029600244,-2.6839999942259127,2.7700000044524855,-0.622045,0.709426,34.212297
2046,358573.0,2019-03-28 03:36:13.000000,-2408698.1980000003,4698616.835999999,3566033.9390000002,34.21302747265175,117.1414849512779,38.928862135857344,-0.9470000028553047,-2.501999994430193,2.6720000042034746,-0.689662,0.822451,32.509449
2046,358574.0,2019-03-28 03:36:14.000000,-2408699.062999999,4698614.3780000005,3566036.542,34.21305596490189,117.14150547193637,38.90995437093079,-0.8340000026875373,-2.44399999475746,2.5150000042033245,-0.903316,0.778857,31.681723
2046,358575.0,2019-03-28 03:36:15.000000,-2408699.8720000014,4698612.028,3566039.026999999,34.2130832198055,117.14152491721433,38.88305091112852,-0.7660000026586878,-2.290999994813741,2.48800000395706,-0.430063,1.239277,31.24624
2046,358576.0,2019-03-28 03:36:16.000000,-2408700.625000002,4698609.740999999,3566041.512,34.21311032002531,117.14154350987356,38.8813845962286,-0.7690000028115009,-2.410999994515655,2.631000004203995,-0.665723,1.348801,29.782111
2046,358577.0,2019-03-28 03:36:17.000000,-2408701.347,4698607.25,3566044.2750000004,34.213140484574474,117.14156281305696,38.87421593628824,-0.7070000030626264,-2.5239999940257936,2.8660000045057985,-0.657728,0.979175,28.515527
2046,358578.0,2019-03-28 03:36:18.000000,-2408702.0480000004,4698604.698,3566047.140000001,34.21317173323427,117.14158221543738,38.87158999405801,-0.6470000030572869,-2.543999994036215,2.861000004611606,-0.702964,0.959343,27.907818
2046,358579.0,2019-03-28 03:36:19.000000,-2408702.708999999,4698602.139,3566050.023,34.213203240149134,117.14160126622534,38.85884624533355,-0.6490000031459847,-2.6029999938631985,2.9440000047324557,-0.6882,0.982495,27.323408
2046,358580.0,2019-03-28 03:36:20.000000,-2408703.372999999,4698599.512,3566052.997,34.213235725248474,117.14162068261902,38.84836321417242,-0.6530000031363707,-2.6159999938819576,2.935000004755281,-0.729379,1.074801,27.459378
2046,358581.0,2019-03-28 03:36:21.000000,-2408704.0360000012,4698596.946999999,3566055.8980000005,34.21326738878514,117.14163978245084,38.84208445902914,-0.7010000030434046,-2.5269999940633086,2.848000004518466,-0.67014,1.000115,27.758894
2046,358582.0,2019-03-28 03:36:22.000000,-2408704.6950000017,4698594.454999999,3566058.713,34.21329809116482,117.14165848229665,38.839663243852556,-0.6650000029974579,-2.4699999941529405,2.8050000044381203,-0.57101,1.058372,27.693805
2046,358583.0,2019-03-28 03:36:23.000000,-2408705.3020000006,4698591.997,3566061.513,34.21332864859804,117.14167651170742,38.834213440306485,-0.5860000030145585,-2.465999994119588,2.821000004514203,-0.721416,0.908648,26.717077
2046,358584.0,2019-03-28 03:36:24.000000,-2408705.881,4698589.511,3566064.3540000003,34.21335970272629,117.14169440935926,38.82065142225474,-0.5680000030861589,-2.491999993979923,2.888000004587636,-0.98776,0.777725,26.66669
2046,358585.0,2019-03-28 03:36:25.000000,-2408706.4829999995,4698587.015,3566067.205000001,34.21339082332298,117.14171257862701,38.81403231341392,-0.6040000030338,-2.4949999940820633,2.83900000455542,-0.823375,0.932599,27.230329
2046,358586.0,2019-03-28 03:36:26.000000,-2408707.133000001,4698584.523999999,3566070.0010000006,34.21342140034891,117.14173118666787,38.798277631402016,-0.7070000029707549,-2.5179999942050477,2.7800000044932967,0.231099,1.148027,28.081259
2046,358587.0,2019-03-28 03:36:27.000000,-2408707.8160000006,4698582.045,3566072.812,34.21345195875769,117.14175005398212,38.8122392129153,-0.6150000029461787,-2.50399999425299,2.757000004562427,-0.855066,0.309109,28.66847
2046,358588.0,2019-03-28 03:36:28.000000,-2408708.526,4698579.545999999,3566075.59,34.21348229893134,117.14176928104247,38.803115910850465,-0.7040000029728973,-2.516999994200876,2.78200000449442,-1.05195,0.896355,28.637899
2046,358589.0,2019-03-28 03:36:29.000000,-2408709.2290000003,4698577.048,3566078.395000001,34.21351285206006,117.14178843557085,38.80727154575288,-0.649000003025264,-2.5179999940987328,2.8310000045552783,-0.546738,0.660077,28.708722
2046,358590.0,2019-03-28 03:36:30.000000,-2408709.930999999,4698574.53,3566081.227,34.213543698994435,117.14180767946397,38.81151606608182,-0.7190000030562572,-2.5049999940382803,2.860000004453377,-0.693227,0.628527,28.375669
2046,358591.0,2019-03-28 03:36:31.000000,-2408710.638000001,4698572.015999999,3566084.0230000005,34.21357424794479,117.14182695185211,38.800350648351014,-0.7300000030231332,-2.5429999941028996,2.829000004520834,-0.632132,1.485108,28.403087
2046,358592.0,2019-03-28 03:36:32.000000,-2408711.356000001,4698569.431,3566086.919,34.21360583720547,117.14184668195291,38.79731751605868,-0.8040000031759497,-2.638999993804811,2.9720000046418704,-0.878786,1.011071,28.676164
2046,358593.0,2019-03-28 03:36:33.000000,-2408712.136000001,4698566.760999999,3566089.885,34.21363818834664,117.14186743155463,38.794485833495855,-0.8100000031588553,-2.665999993838162,2.9560000046917407,-0.888543,0.571391,29.636868
2046,358594.0,2019-03-28 03:36:34.000000,-2408712.96,4698564.115,3566092.772,34.21366974054472,117.14188848724889,38.7814967315644,-0.8290000030605453,-2.629999994029937,2.8640000045963947,-0.965309,0.205369,30.567011
2046,358595.0,2019-03-28 03:36:35.000000,-2408713.8249999997,4698561.485000001,3566095.592,34.21370062628135,117.14190985966925,38.75807865615934,-0.9000000030242156,-2.6149999941008093,2.8300000044892544,-1.272156,0.42204,31.19125
2046,358596.0,2019-03-28 03:36:36.000000,-2408714.6960000005,4698558.895999999,3566098.359,34.213730918091265,117.14193108707784,38.737296763807535,-0.7150000026833254,-2.63599999476577,2.5110000047307266,-0.936516,1.065345,31.208746
2046,358597.0,2019-03-28 03:36:37.000000,-2408715.6009999984,4698556.266,3566101.161,34.213761577135664,117.14195284578982,38.71885247156024,-0.9520000030626934,-2.655999994025763,2.866000004519152,-0.746784,1.226464,31.541024
2046,358598.0,2019-03-28 03:36:38.000000,-2408716.555000001,4698553.582999999,3566104.011999999,34.21379272722473,117.14197534005879,38.70744601637125,-1.0340000030039225,-2.6329999941404103,2.8110000043835797,-0.522672,0.836053,32.675313
2046,358599.0,2019-03-28 03:36:39.000000,-2408717.490999999,4698551.004000001,3566106.765,34.2138227192392,117.14199714568328,38.71067947521806,-0.8600000028917195,-2.5329999943592845,2.7060000043610697,-0.686509,0.956163,31.72812
2046,358600.0,2019-03-28 03:36:40.000000,-2408718.3670000006,4698548.496,3566109.439000001,34.213851940798996,117.14201802045211,38.699107414111495,-0.8450000028222614,-2.486999994494777,2.641000004281211,-0.704414,1.053663,31.48754
2046,358601.0,2019-03-28 03:36:41.000000,-2408719.2389999996,4698546.018,3566112.076,34.21388076045267,117.14203870809641,38.68730047903955,-0.887000002774176,-2.47099999458858,2.5960000042029763,-0.662505,1.178583,32.138198
2046,358602.0,2019-03-28 03:36:42.000000,-2408720.1270000017,4698543.552999998,3566114.690000001,34.21390931300214,117.14205948590349,38.678165627643466,-0.8640000028041007,-2.446999994530211,2.6240000041775264,-0.764525,0.845506,31.953023
2046,358603.0,2019-03-28 03:36:43.000000,-2408720.9860000005,4698541.11,3566117.2860000003,34.213937699185166,117.14207987477583,38.66416088119149,-0.8300000027100636,-2.413999994713649,2.536000004145071,-0.653208,1.159845,32.104393
2046,358604.0,2019-03-28 03:36:44.000000,-2408721.862,4698538.766,3566119.736,34.21396451107967,117.1420999377285,38.64732989948243,-0.8880000025519083,-2.309999995022157,2.388000003866299,-0.700852,1.114129,33.363022
2046,358605.0,2019-03-28 03:36:45.000000,-2408722.706999999,4698536.539000001,3566122.0509999995,34.21398986049349,117.14211912213895,38.62899532262236,-0.7690000024151252,-2.1759999952889753,2.2600000037141412,-0.879739,1.207818,32.73273
2046,358606.0,2019-03-28 03:36:46.000000,-2408723.4930000007,4698534.212,3566124.519000001,34.21401693800752,117.14213823187193,38.60084657743573,-0.7730000027838073,-2.428999994569813,2.6050000042372514,-0.592925,1.322518,30.420511
2046,358607.0,2019-03-28 03:36:47.000000,-2408724.263000001,4698531.838,3566127.061999999,34.21404482363739,117.14215741978461,38.574248923920095,-0.7530000026716039,-2.3549999947886873,2.5000000041043697,-1.256303,1.448273,30.72645
2046,358608.0,2019-03-28 03:36:48.000000,-2408725.032000002,4698529.526999998,3566129.5080000004,34.21407170427888,117.14217628617419,38.53909449465573,-0.7680000025893211,-2.237999994949194,2.4230000038444506,-0.732231,1.447361,31.074165
2046,358609.0,2019-03-28 03:36:49.000000,-2408725.7550000004,4698527.314,3566131.8949999996,34.21409780940018,117.14219422322954,38.52552939206362,-0.701000002579705,-2.1569999949679546,2.414000003747204,-0.239218,1.219602,30.275345
2046,358610.0,2019-03-28 03:36:50.000000,-2408726.4770000004,4698525.053,3566134.4009999996,34.21412502047393,117.14221238826235,38.54317888896912,-0.7770000027378681,-2.414999994659443,2.562000004203794,-0.066667,1.635281,29.859767
2046,358611.0,2019-03-28 03:36:51.000000,-2408727.2410000004,4698522.660999999,3566137.0380000006,34.21415370191557,117.14223160739392,38.55393472407013,-0.8110000027656558,-2.388999994605244,2.588000004113263,-0.60201,0.581494,30.978589
2046,358612.0,2019-03-28 03:36:52.000000,-2408728.0719999988,4698520.286,3566139.5720000006,34.21418138388693,117.14225138936774,38.544562723487616,-0.8530000026449014,-2.373999994840795,2.475000004037112,-0.75134,0.230167,32.757355
2046,358613.0,2019-03-28 03:36:53.000000,-2408729.0110000023,4698517.978999999,3566141.9410000006,34.214207279326914,117.14227187762673,38.5331978648901,-1.0120000024183506,-2.2859999952827144,2.2630000036837585,-0.931921,0.373698,35.771018
2046,358614.0,2019-03-28 03:36:54.000000,-2408730.1750000003,4698515.7360000005,3566144.044,34.21423038277984,117.14229422178647,38.50424375478178,-1.3280000021234062,-2.2279999958580436,1.9870000032251622,-1.127199,0.480955,43.051016
2046,358615.0,2019-03-28 03:36:55.000000,-2408731.520000002,4698513.546999999,3566145.940999999,34.21425128839178,117.14231804646414,38.46747968439013,-1.3670000019438753,-2.180999996208243,1.8190000030855102,-1.299647,0.438129,45.105491
2046,358616.0,2019-03-28 03:36:56.000000,-2408732.8220000016,4698511.416,3566147.7849999997,34.21427163670532,117.14234116879352,38.42737473919988,-1.23200000198128,-2.092999996135285,1.854000003046339,-1.152894,0.66821,43.464276
2046,358617.0,2019-03-28 03:36:57.000000,-2408734.0610000007,4698509.359,3566149.59,34.21429150616569,117.14236331643485,38.396029779687524,-1.2180000018883095,-2.0379999963166386,1.76700000294665,-1.395606,0.957462,43.994945
2046,358618.0,2019-03-28 03:36:58.000000,-2408735.2619999996,4698507.377,3566151.295,34.214310379706085,117.14238472584981,38.34931217133999,-1.178000001742974,-1.9429999966001337,1.6310000027913647,-1.433915,1.075454,44.759429
2046,358619.0,2019-03-28 03:36:59.000000,-2408736.3630000013,4698505.523999999,3566152.9060000004,34.21432820184839,117.14240453100406,38.30694297142327,-0.9640000017077103,-1.8069999966689225,1.5980000027365602,-1.42169,1.24742,41.708212
2046,358620.0,2019-03-28 03:37:00.000000,-2408737.225,4698503.749000001,3566154.5890000006,34.21434676158132,117.14242164211406,38.272294426336884,-0.7080000018241953,-1.7329999964417093,1.7070000028558805,-1.565152,1.29134,36.041197
2046,358621.0,2019-03-28 03:37:01.000000,-2408737.996000001,4698501.860999999,3566156.459,34.21436743552012,117.14243843389667,38.2253116061911,-0.8140000022099819,-2.0599999956891937,2.068000003424244,-1.283792,1.487735,34.550183
2046,358622.0,2019-03-28 03:37:02.000000,-2408738.846,4698499.763,3566158.558000001,34.214390581187615,117.14245702816599,38.182364403270185,-0.8730000022559364,-2.1339999955995577,2.1110000035154486,-1.450815,1.127487,35.46604
2046,358623.0,2019-03-28 03:37:03.000000,-2408739.7979999995,4698497.573,3566160.7,34.21441422652638,117.1424770628621,38.13437683228403,-1.0180000024098252,-2.3109999952993854,2.2550000037294544,-1.285949,1.073725,36.063372
2046,358624.0,2019-03-28 03:37:04.000000,-2408740.834,4698495.16,3566163.067,34.21444036085087,117.14249901269002,38.0804963959381,-1.0120000026064615,-2.4609999949158303,2.4390000040485456,-1.583803,0.909316,35.41544
2046,358625.0,2019-03-28 03:37:05.000000,-2408741.8570000012,4698492.640999999,3566165.5660000006,34.21446798741386,117.14252136175497,38.017933804541826,-1.0910000027005067,-2.550999994732391,2.5270000041517284,-1.512785,0.769091,35.012628
2046,358626.0,2019-03-28 03:37:06.000000,-2408742.946000002,4698490.062999999,3566168.1080000005,34.21449604804062,117.1425446402494,37.96103430632502,-1.1790000027518057,-2.6209999946323332,2.5750000042036034,-1.664267,0.256824,36.591374
2046,358627.0,2019-03-28 03:37:07.000000,-2408744.211999999,4698487.359,3566170.6769999997,34.21452446898732,117.14257025173833,37.893373250961304,-1.316000002745397,-2.7489999946448385,2.5690000043240153,-1.48823,0.906142,38.709682
2046,358628.0,2019-03-28 03:37:08.000000,-2408745.6240000003,4698484.603,3566173.221,34.21455260049175,117.14259753052998,37.828471194021404,-1.449000002731508,-2.7649999946719372,2.556000004215234,-1.228054,0.802568,40.716052
2046,358629.0,2019-03-28 03:37:09.000000,-2408747.140000001,4698481.829,3566175.727,34.21458028939931,117.14262590273133,37.768193325959146,-1.5540000026620486,-2.808999994807431,2.491000004194743,-1.575851,0.485057,42.13368
2046,358630.0,2019-03-28 03:37:10.000000,-2408748.722000001,4698479.04,3566178.1790000005,34.214607490776515,117.14265498654247,37.69141491316259,-1.5720000026321292,-2.8069999948657967,2.4630000041713362,-1.642998,0.289769,43.016644
2046,358631.0,2019-03-28 03:37:11.000000,-2408750.319,4698476.246,3566180.6120000016,34.21463453837228,117.14268423997412,37.605934942141175,-1.58300000263427,-2.814999994861627,2.465000004176255,-1.864031,0.35625,43.058742
2046,358632.0,2019-03-28 03:37:12.000000,-2408751.9360000007,4698473.445,3566183.0409999997,34.21466154146729,117.14271372121034,37.520602375268936,-1.5940000026235868,-2.8119999948824725,2.4550000041582454,-2.035127,-0.008747,43.787774
2046,358633.0,2019-03-28 03:37:13.000000,-2408753.5999999996,4698470.64,3566185.440000001,34.21468823026566,117.1427436761263,37.43319106195122,-1.6780000025755009,-2.7999999949762753,2.41000000404346,-1.593651,0.085673,44.411666
2046,358634.0,2019-03-28 03:37:14.000000,-2408755.312,4698467.853,3566187.8140000002,34.2147145404903,117.14277400546541,37.36307883821428,-1.724000002516727,-2.8059999950909242,2.3550000040068064,-1.581997,-0.066928,45.37086
2046,358635.0,2019-03-28 03:37:15.000000,-2408757.099999999,4698465.078000001,3566190.1199999996,34.214740113898436,117.14280500931436,37.2922349255532,-1.8220000024087946,-2.7799999953014614,2.254000003847876,-1.528526,0.318085,47.054824
2046,358636.0,2019-03-28 03:37:16.000000,-2408758.9510000017,4698462.344,3566192.3460000004,34.21476476028161,117.14283641856996,37.23034754861146,-1.8380000023500214,-2.7399999954161105,2.1990000037473934,-1.441452,0.486108,47.98871
2046,358637.0,2019-03-28 03:37:17.000000,-2408760.8080000016,4698459.653999999,3566194.507000002,34.21478870974485,117.14286766795618,37.16655503306538,-1.8720000022634615,-2.649999995584957,2.1180000035234476,-1.621759,0.587472,48.860396
2046,358638.0,2019-03-28 03:37:18.000000,-2408762.6570000006,4698456.990999999,3566196.614000001,34.21481215335088,117.14289870644122,37.08925120253116,-1.8090000022474326,-2.6809999956162267,2.103000003655393,-1.882267,0.497109,48.107047
2046,358639.0,2019-03-28 03:37:19.000000,-2408764.45,4698454.326,3566198.741000001,34.2148358845708,117.14292921407873,37.000597518868744,-1.7700000022709483,-2.6559999955703657,2.1250000036449563,-1.890447,0.27759,48.004212
2046,358640.0,2019-03-28 03:37:20.000000,-2408766.249999999,4698451.692000001,3566200.8399999994,34.21485925102632,117.14295963586001,36.92165444884449,-1.8070000022463713,-2.5909999956183096,2.102000003469918,-1.669656,0.41231,48.752205
2046,358641.0,2019-03-28 03:37:21.000000,-2408768.0910000005,4698449.102,3566202.8680000002,34.214881794893714,117.1429902357487,36.85063613206148,-1.8830000021234763,-2.5819999958580304,1.9870000033699347,-1.458194,0.177755,50.744236
2046,358642.0,2019-03-28 03:37:22.000000,-2408770.0680000004,4698446.592000001,3566204.7310000006,34.21490243333895,117.14302175289234,36.797017090022564,-2.0270000019150856,-2.4589999962645153,1.7920000029596435,-1.593063,0.335756,53.972502
2046,358643.0,2019-03-28 03:37:23.000000,-2408772.0620000004,4698444.145,3566206.485,34.214921935710336,117.14305312232129,36.734882461838424,-2.0100000018563096,-2.417999996379164,1.7370000028923422,-1.551612,0.552968,54.108316
2046,358644.0,2019-03-28 03:37:24.000000,-2408774.038,4698441.727000001,3566208.2050000005,34.21494109542448,117.14308417437793,36.668181099928916,-1.963000001834939,-2.437999996420855,1.7170000029842585,-1.710063,0.347824,54.714641
2046,358645.0,2019-03-28 03:37:25.000000,-2408776.038999999,4698439.300000001,3566209.9,34.21496005154467,117.14311551241909,36.590232958085835,-2.0240000018135667,-2.4429999964625453,1.697000002929488,-1.762004,0.358388,55.089028
2046,358646.0,2019-03-28 03:37:26.000000,-2408778.0730000003,4698436.818,3566211.652999999,34.21497961181362,117.1431474414288,36.51687730010599,-2.070000001954637,-2.5699999961873865,1.829000003145061,-1.804792,0.427032,54.127864
2046,358647.0,2019-03-28 03:37:27.000000,-2408780.1999999997,4698434.153,3566213.569999999,34.215001005066384,117.14318117448943,36.436163243837655,-2.1300000021053256,-2.7189999958934683,1.9700000033915317,-1.771379,0.498837,53.227966
2046,358648.0,2019-03-28 03:37:28.000000,-2408782.3260000017,4698431.438999999,3566215.566000001,34.215023210579915,117.1432151404957,36.363438800908625,-2.0940000021662444,-2.7399999957746495,2.0270000034737765,-1.619996,0.561759,52.505122
2046,358649.0,2019-03-28 03:37:29.000000,-2408784.4410000006,4698428.714,3566217.5890000006,34.21504569242082,117.14324905475627,36.29365461319685,-2.0940000021812093,-2.7289999957454656,2.0410000034508435,-1.666521,0.497745,52.544766
2046,358650.0,2019-03-28 03:37:30.000000,-2408786.5730000013,4698425.998999998,3566219.602,34.21506801528233,117.14328308368978,36.232021974399686,-2.1070000021876245,-2.7229999957329585,2.04700000342444,-1.512975,0.535364,52.888049
2046,358651.0,2019-03-28 03:37:31.000000,-2408788.7090000007,4698423.293999999,3566221.594,34.21509012722606,117.14331710176086,36.16745117213577,-2.1240000021053382,-2.6939999958934675,1.9700000033458176,-1.445676,0.732899,52.965838
2046,358652.0,2019-03-28 03:37:32.000000,-2408790.8330000006,4698420.611,3566223.566000001,34.21511201857866,117.14335089505585,36.103298616595566,-2.1300000020818297,-2.6649999959393273,1.9480000032789504,-1.409465,0.713318,53.193445
2046,358653.0,2019-03-28 03:37:33.000000,-2408792.9489999996,4698417.9520000005,3566225.511000001,34.21513361888484,117.14338449229902,36.038608902134,-2.1380000020722143,-2.6369999959580883,1.939000003212031,-1.731703,0.704434,53.380326
2046,358654.0,2019-03-28 03:37:34.000000,-2408795.0510000014,4698415.288999999,3566227.4410000006,34.21515515778123,117.14341797417137,35.95726194884628,-2.1280000020572554,-2.6709999959872706,1.9250000032935888,-1.685323,0.301298,53.443571
2046,358655.0,2019-03-28 03:37:35.000000,-2408797.161000001,4698412.627999999,3566229.369,34.2151766542367,117.14345152341245,35.87928260024637,-2.151000002029472,-2.652999996041469,1.899000003231484,-1.617614,0.249979,53.729715
2046,358656.0,2019-03-28 03:37:36.000000,-2408799.2859999994,4698409.978000001,3566231.279,34.21519793218913,117.14348516306124,35.804937586188316,-2.097000002062605,-2.6369999959768484,1.930000003255838,-1.721695,0.398947,53.731509
2046,358657.0,2019-03-28 03:37:37.000000,-2408801.384000001,4698407.33,3566233.1969999997,34.21521932319037,117.14351853209955,35.72637898568064,-2.0680000020743634,-2.650999995953918,1.9410000033160104,-1.623946,0.233173,53.38181
2046,358658.0,2019-03-28 03:37:38.000000,-2408803.4709999994,4698404.692000001,3566235.123,34.21524075415151,117.14355174542585,35.655529857613146,-2.0380000020316182,-2.6539999960373004,1.9010000033543226,-1.643639,0.36223,53.281459
2046,358659.0,2019-03-28 03:37:39.000000,-2408805.5870000003,4698402.06,3566237.0130000003,34.215261822601526,117.14358520910483,35.57979595661163,-2.172000001954674,-2.598999996187387,1.8290000030964628,-1.705694,0.274606,54.888919
2046,358660.0,2019-03-28 03:37:40.000000,-2408807.7910000007,4698399.45,3566238.8170000003,34.215281947183165,117.14361941365979,35.505094384774566,-2.257000001888417,-2.5849999963166277,1.7670000029764352,-1.472487,0.31528,56.435832
2046,358661.0,2019-03-28 03:37:41.000000,-2408810.007,4698396.858999999,3566240.6149999998,34.21530191356913,117.14365364004532,35.44552978314459,-2.176000001951474,-2.56999999619364,1.8260000030317292,-1.619759,0.775346,55.106449
2046,358662.0,2019-03-28 03:37:42.000000,-2408812.183000001,4698394.230999999,3566242.4759999993,34.215322609002115,117.14368766336545,35.37907540984452,-2.2110000020604845,-2.675999995981019,1.9280000032152813,-1.604408,0.904419,54.794699
2046,358663.0,2019-03-28 03:37:43.000000,-2408814.4160000007,4698391.528999999,3566244.382000001,34.215343841870244,117.14372260348526,35.30497790314257,-2.2540000020540765,-2.7129999959935254,1.9220000032464506,-1.841546,1.069481,54.794781
2046,358664.0,2019-03-28 03:37:44.000000,-2408816.644999999,4698388.782,3566246.335,34.21536563734031,117.14375772778375,35.22268867120147,-2.174000002154539,-2.753999995797579,2.016000003417411,-1.704879,1.727061,53.133364
2046,358665.0,2019-03-28 03:37:45.000000,-2408818.7770000007,4698386.018999999,3566248.398,34.215388549323926,117.14379199462992,35.153887109830976,-2.0560000022699643,-2.7859999955724493,2.1240000036102216,-1.51364,1.900761,50.980136
2046,358666.0,2019-03-28 03:37:46.000000,-2408820.798,4698383.245999999,3566250.566000001,34.215412545860424,117.14382523912764,35.09489511977881,-1.9110000023608074,-2.783999995395264,2.2090000037610142,-1.293549,1.721287,48.929414
2046,358667.0,2019-03-28 03:37:47.000000,-2408822.7179999994,4698380.483,3566252.803,34.215437245236444,117.1438574588259,35.0439594425261,-1.87200000241318,-2.7749999952931215,2.258000003783932,-1.313406,1.412854,47.889551
2046,358668.0,2019-03-28 03:37:48.000000,-2408824.582,4698377.715,3566255.0929999994,34.21546249176926,117.14388916253141,34.99802235327661,-1.8410000025008193,-2.7909999951221893,2.340000003850412,-1.202304,1.367623,46.708037
2046,358669.0,2019-03-28 03:37:49.000000,-2408826.400000001,4698374.916,3566257.481,34.21548871507706,117.14392057553162,34.96702816430479,-1.8480000026493757,-2.7659999948324376,2.479000003790815,-1.402981,1.163372,45.549483
2046,358670.0,2019-03-28 03:37:50.000000,-2408828.197000001,4698372.076999999,3566259.922,34.21551556247815,117.14395198379835,34.928482165560126,-1.798000002598081,-2.850999994932496,2.431000004021435,-1.050985,1.20355,45.420648
2046,358671.0,2019-03-28 03:37:51.000000,-2408830.019,4698369.214999999,3566262.381000001,34.215542589988736,117.1439837473687,34.89256750047207,-1.8090000026397635,-2.8739999948511987,2.4700000040576198,-1.05602,1.130158,45.557004
2046,358672.0,2019-03-28 03:37:52.000000,-2408831.847,4698366.348,3566264.85,34.215569700716486,117.14401559365326,34.86086302250624,-1.7970000026835866,-2.8949999947657314,2.5110000041142184,-0.960784,1.259329,44.92493
2046,358673.0,2019-03-28 03:37:53.000000,-2408833.662000002,4698363.457999999,3566267.355,34.21559721362089,117.14404742829363,34.82757534459233,-1.8070000026953466,-2.892999994742801,2.5220000040993598,-0.850368,1.23291,45.020775
2046,358674.0,2019-03-28 03:37:54.000000,-2408835.5119999987,4698360.5600000005,3566269.858,34.215624666749854,117.14407964054102,34.80048345774412,-1.8790000026825255,-2.903999994767815,2.510000004045338,-1.015208,1.102174,45.558743
2046,358675.0,2019-03-28 03:37:55.000000,-2408837.3680000016,4698357.670999999,3566272.334999999,34.215651871573996,117.14411186619093,34.76766063738614,-1.8150000026675674,-2.843999994796998,2.4960000039886627,-1.068065,1.40247,44.828908
2046,358676.0,2019-03-28 03:37:56.000000,-2408839.113000001,4698354.824,3566274.8160000006,34.215679173463734,117.14414281204786,34.72611869312823,-1.6550000026162721,-2.832999994897055,2.448000004136729,-0.832166,1.886017,43.312749
2046,358677.0,2019-03-28 03:37:57.000000,-2408840.7420000006,4698352.002,3566277.377000001,34.21570722722572,117.14417251399344,34.704197249375284,-1.5670000027808617,-2.8269999945760365,2.6020000042182687,-0.994293,1.423085,41.502864
2046,358678.0,2019-03-28 03:37:58.000000,-2408842.231000001,4698349.159999999,3566280.0399999996,34.21573645535912,117.14420096306073,34.67209941148758,-1.42800000292942,-2.8479999942862846,2.7410000044105978,-1.112298,1.379401,38.767858
2046,358679.0,2019-03-28 03:37:59.000000,-2408843.6479999996,4698346.224000001,3566282.8760000006,34.21576756368784,117.14422918226252,34.64095085579902,-1.422000003125004,-3.003999993904813,2.924000004742197,-0.886294,1.416428,37.408404
2046,358680.0,2019-03-28 03:38:00.000000,-2408845.0510000004,4698343.195,3566285.8540000003,34.21580018246704,117.14425772672939,34.61593776009977,-1.3650000031720342,-3.041999993813092,2.9680000048823274,-0.911176,1.539511,36.644608
2046,358681.0,2019-03-28 03:38:01.000000,-2408846.425000001,4698340.206,3566288.795,34.215832412050126,117.14428579314142,34.58861534483731,-1.3830000031132554,-2.969999993927742,2.9130000047130022,-0.789699,1.193763,37.670791
2046,358682.0,2019-03-28 03:38:02.000000,-2408847.8910000008,4698337.264,3566291.6150000007,34.21586331482565,117.14431451528378,34.562549931928515,-1.5250000029518789,-2.9259999942425057,2.7620000044695194,-1.048813,0.871277,39.732297
2046,358683.0,2019-03-28 03:38:03.000000,-2408849.448000002,4698334.353,3566294.325000001,34.21589304728169,117.14434396271434,34.531775971874595,-1.5670000028663849,-2.8829999944092677,2.682000004334995,-0.951078,0.939439,40.639147
2046,358684.0,2019-03-28 03:38:04.000000,-2408850.9570000013,4698331.476999999,3566297.0409999997,34.215922777589604,117.14437277336818,34.512024372816086,-1.4670000029369261,-2.856999994271687,2.7480000043876713,-0.88808,0.841483,39.167043
2046,358685.0,2019-03-28 03:38:05.000000,-2408852.4090000014,4698328.613,3566299.77,34.215952682497914,117.14440097420744,34.486911351792514,-1.4760000029241052,-2.868999994296701,2.7360000044030657,-0.991893,0.892134,39.107849
2046,358686.0,2019-03-28 03:38:06.000000,-2408853.8770000017,4698325.749999999,3566302.4829999995,34.21598242660999,117.14442932462077,34.45957628637552,-1.4970000028973902,-2.8299999943488134,2.7110000042993234,-0.936284,1.001042,39.485551
2046,358687.0,2019-03-28 03:38:07.000000,-2408855.365000001,4698322.888,3566305.1899999995,34.21601207522139,117.14445786323438,34.43715139944106,-1.5120000028867073,-2.8759999943696566,2.7010000043791798,-0.825206,1.064131,39.684055
2046,358688.0,2019-03-28 03:38:08.000000,-2408856.872000001,4698320.048999999,3566307.863,34.21604132267406,117.14448647147036,34.41970319207758,-1.455000002823653,-2.8169999944926456,2.6420000043171092,-0.838674,1.039754,39.812372
2046,358689.0,2019-03-28 03:38:09.000000,-2408858.317,4698317.283,3566310.483000001,34.216069989118346,117.14451411959811,34.402780778706074,-1.4060000027381574,-2.7269999946594075,2.5620000041818685,-0.910725,1.081169,39.444864
2046,358690.0,2019-03-28 03:38:10.000000,-2408859.7,4698314.598999999,3566313.025000001,34.21609784759015,117.14454076305726,34.37894865591079,-1.375000002652659,-2.60599999482617,2.4820000039627694,-0.79049,1.233157,39.614332
2046,358691.0,2019-03-28 03:38:11.000000,-2408861.0400000005,4698312.034,3566315.447,34.21612437414783,117.14456640213398,34.35898371133953,-1.3280000025340308,-2.5049999950575526,2.371000003802462,-0.848355,1.171717,39.761548
2046,358692.0,2019-03-28 03:38:12.000000,-2408862.316000001,4698309.582,3566317.764000001,34.216149756245834,117.14459086374427,34.338982589542866,-1.2090000024528085,-2.3859999952159776,2.295000003681583,-0.910197,0.997607,39.071384
2046,358693.0,2019-03-28 03:38:13.000000,-2408863.495999999,4698307.243,3566319.9999999995,34.21617424680578,117.14461383887617,34.32036786805838,-1.1280000023598282,-2.262999995397332,2.2080000035117533,-0.929016,1.258196,38.004744
2046,358694.0,2019-03-28 03:38:14.000000,-2408864.5500000007,4698305.024999999,3566322.163,34.216197938762065,117.14463499822276,34.30220637097955,-0.9550000022262342,-2.1979999956578995,2.083000003561154,-0.780406,1.107513,36.93171
2046,358695.0,2019-03-28 03:38:15.000000,-2408865.5269999993,4698302.908,3566324.249,34.216220779188596,117.14465491397362,34.28601811081171,-0.9530000021834868,-2.08799999574128,2.043000003333992,-0.804454,1.000146,36.699811
2046,358696.0,2019-03-28 03:38:16.000000,-2408866.5530000012,4698300.698999999,3566326.4250000003,34.21624459220831,117.14467575840065,34.271228950470686,-1.0870000024239619,-2.315999995272257,2.2680000036660513,-0.938707,1.006032,37.156221
2046,358697.0,2019-03-28 03:38:17.000000,-2408867.689999999,4698298.327,3566328.734,34.21626987525268,117.14469848173485,34.253165007568896,-1.2000000024774027,-2.3949999951680296,2.3180000037099595,-0.771864,0.865889,38.108329
2046,358698.0,2019-03-28 03:38:18.000000,-2408868.905,4698295.901000001,3566331.0669999993,34.2162954003958,117.14472222565041,34.23829058650881,-1.2210000024848873,-2.4489999951534367,2.3250000038000804,-0.964797,0.815877,38.903899
2046,358699.0,2019-03-28 03:38:19.000000,-2408870.175999999,4698293.389000001,3566333.4600000014,34.21632163123567,117.14474693613707,34.21500236541033,-1.3030000026366555,-2.5829999948574316,2.4670000039917688,-1.014378,1.030101,38.555971
2046,358700.0,2019-03-28 03:38:20.000000,-2408871.4640000006,4698290.801,3566335.933,34.216348761954876,117.14477218707995,34.18719163443893,-1.299000002588564,-2.519999994951234,2.4220000038647167,-0.870779,0.745448,38.828906
2046,358701.0,2019-03-28 03:38:21.000000,-2408872.7070000023,4698288.311,3566338.331,34.21637499557628,117.14479651829116,34.17234415281564,-1.2000000025052027,-2.4469999951138286,2.344000003818352,-0.890688,0.566052,38.523928
2046,358702.0,2019-03-28 03:38:22.000000,-2408873.9210000015,4698285.892999999,3566340.64,34.21640030801464,117.14482021300131,34.149491778574884,-1.222000002418635,-2.392999995282676,2.2630000036822735,-1.145724,0.85896,38.778191
2046,358703.0,2019-03-28 03:38:23.000000,-2408875.1360000004,4698283.41,3566343.0289999996,34.21642650771727,117.14484423920108,34.12417476065457,-1.2870000027104136,-2.6029999947135942,2.5360000040505564,-1.094512,0.592445,37.875449
2046,358704.0,2019-03-28 03:38:24.000000,-2408876.4049999993,4698280.716,3566345.6370000006,34.21645516689527,117.14486983154507,34.08711898792535,-1.2870000028386699,-2.724999994463449,2.6560000043048704,-1.203344,0.673345,37.358822
2046,358705.0,2019-03-28 03:38:25.000000,-2408877.676999999,4698277.983,3566348.2940000016,34.216484360333176,117.14489564596809,34.0500535517931,-1.2670000027937849,-2.7039999945509985,2.6140000042824694,-1.151529,0.588717,37.430944
2046,358706.0,2019-03-28 03:38:26.000000,-2408878.9650000012,4698275.270999999,3566350.9129999997,34.21651313875491,117.14492151094184,34.01311142928898,-1.2780000027873761,-2.6889999945635044,2.608000004239444,-1.106719,0.746003,37.694372
2046,358707.0,2019-03-28 03:38:27.000000,-2408880.245999999,4698272.605,3566353.4880000013,34.216541397854286,117.14494708058766,33.98263722192496,-1.2810000027275281,-2.663999994680238,2.552000004184123,-1.105512,0.761694,38.183927
2046,358708.0,2019-03-28 03:38:28.000000,-2408881.574,4698269.98,3566355.9790000003,34.21656873710799,117.14497290111527,33.95283162873238,-1.3370000026142401,-2.623999994901199,2.446000004040889,-1.174652,1.076321,39.592492
2046,358709.0,2019-03-28 03:38:29.000000,-2408882.928000001,4698267.383999999,3566358.399,34.216595356127,117.14499882914906,33.91425188444555,-1.3750000025394276,-2.5779999950471177,2.376000003904384,-1.276637,0.984633,40.038294
2046,358710.0,2019-03-28 03:38:30.000000,-2408884.2629999993,4698264.815,3566360.7869999995,34.216621658741346,117.1450244400448,33.87037938926369,-1.327000002546913,-2.561999995032524,2.3830000039223322,-1.284347,0.761499,39.804875
2046,358711.0,2019-03-28 03:38:31.000000,-2408885.56,4698262.260000001,3566363.1800000006,34.21664802335861,117.14504961469143,33.82528591807932,-1.2620000025896683,-2.5519999949491416,2.4230000039709574,-1.301454,0.872799,38.889346
2046,358712.0,2019-03-28 03:38:32.000000,-2408886.839,4698259.716,3566365.577,34.21667440980023,117.14507456107346,33.78374713566154,-1.2510000025533323,-2.5699999950200154,2.3890000040202346,-1.283121,0.822189,38.846535
2046,358713.0,2019-03-28 03:38:33.000000,-2408888.121000002,4698257.175999999,3566367.9680000003,34.216700726526945,117.14509951663666,33.742911756038666,-1.3000000025896743,-2.5229999949491404,2.4230000038698893,-1.125996,0.671808,38.632142
2046,358714.0,2019-03-28 03:38:34.000000,-2408889.386000002,4698254.648999999,3566370.366,34.21672707610719,117.14512424368921,33.70916695613414,-1.2450000025597516,-2.5179999950075063,2.3950000039182497,-1.295117,0.710839,38.774152
2046,358715.0,2019-03-28 03:38:35.000000,-2408890.6360000004,4698252.124999999,3566372.7629999993,34.216753439388086,117.14514881105531,33.67141032963991,-1.2130000025693728,-2.510999994988746,2.404000003937858,-0.984197,0.695448,38.666581
2046,358716.0,2019-03-28 03:38:36.000000,-2408891.886000001,4698249.618999999,3566375.1679999987,34.216779781103696,117.1451732893166,33.65139946900308,-1.288000002542657,-2.4949999950408586,2.379000003824345,-1.155135,1.008844,38.84846
2046,358717.0,2019-03-28 03:38:37.000000,-2408893.134000002,4698247.097999999,3566377.572,34.21680618765014,117.14519782254722,33.61903636343777,-1.2770000025512105,-2.508999995024181,2.3870000038652845,-1.256581,0.801583,39.127653
2046,358718.0,2019-03-28 03:38:38.000000,-2408894.3929999997,4698244.561,3566379.987000001,34.2168327229263,117.1452225412341,33.585237726569176,-1.2500000025907587,-2.5359999949470513,2.424000003950424,-1.169626,0.727171,39.106768
2046,358719.0,2019-03-28 03:38:39.000000,-2408895.649,4698242.009,3566382.4199999995,34.216859466983536,117.14524730523429,33.5493938177824,-1.2360000025918303,-2.568999994944967,2.4250000040341764,-1.384063,0.848398,38.647068
2046,358720.0,2019-03-28 03:38:40.000000,-2408896.905,4698239.434000001,3566384.8710000003,34.21688644897103,117.14527218312699,33.50674985721707,-1.2780000026100036,-2.5739999949095287,2.4420000039997087,-1.426878,0.830765,38.651867
2046,358721.0,2019-03-28 03:38:41.000000,-2408898.1830000007,4698236.847,3566387.328,34.21691347892951,117.14529733289478,33.46695224009454,-1.2820000026228315,-2.5659999948845136,2.4540000039787566,-1.239512,0.775388,38.707767
2046,358722.0,2019-03-28 03:38:42.000000,-2408899.401,4698234.262000001,3566389.835000001,34.21694101136382,117.14532189338131,33.43410820700228,-1.1770000027115464,-2.5859999947114947,2.5370000041326706,-1.103308,0.888531,36.981613
2046,358723.0,2019-03-28 03:38:43.000000,-2408900.6090000016,4698231.660999999,3566392.3690000004,34.21696884037178,117.145346436537,33.40090321935713,-1.1880000027083426,-2.6099999947177475,2.5340000041709425,-1.215654,0.860361,37.623223
2046,358724.0,2019-03-28 03:38:44.000000,-2408901.8710000003,4698229.043,3566394.876,34.21699641989157,117.14537158533497,33.36038161069155,-1.3030000025971902,-2.59199999493454,2.4300000040105076,-1.204779,0.31476,38.952287
2046,358725.0,2019-03-28 03:38:45.000000,-2408903.234999999,4698226.4180000005,3566397.316,34.21702329561068,117.14539775378024,33.31551795266569,-1.3510000026346023,-2.6339999948615804,2.4650000040467552,-1.098756,0.711462,39.467354
2046,358726.0,2019-03-28 03:38:46.000000,-2408904.59,4698223.765,3566399.809,34.21705071354088,117.14542397396659,33.276461312547326,-1.3840000026506376,-2.639999994830311,2.4800000040239913,-1.145415,0.775361,39.785705
2046,358727.0,2019-03-28 03:38:47.000000,-2408905.9480000017,4698221.132999999,3566402.2709999997,34.21707779870434,117.14545011916486,33.2365590762347,-1.3930000026164389,-2.616999994897016,2.448000003966426,-1.173044,0.669975,40.063168
2046,358728.0,2019-03-28 03:38:48.000000,-2408907.3210000014,4698218.516,3566404.698,34.21710452059386,117.14547633496102,33.19367424491793,-1.3380000026175112,-2.606999994894931,2.4490000040043634,-1.108601,0.942082,39.907096
2046,358729.0,2019-03-28 03:38:49.000000,-2408908.674,4698215.922,3566407.114,34.21713110298319,117.14550224376434,33.15398452617228,-1.313000002553386,-2.6019999950200026,2.3890000040206596,-1.13293,0.872369,39.838324
2046,358730.0,2019-03-28 03:38:50.000000,-2408909.8810000005,4698213.334,3566409.6250000005,34.21715870417131,117.14552671301404,33.117050542496145,-1.1660000027970765,-2.6189999945447244,2.617000004213212,-1.310001,0.540192,35.759255
2046,358731.0,2019-03-28 03:38:51.000000,-2408910.922,4698210.675999999,3566412.319,34.21718836925512,117.14554992587038,33.068888950161636,-0.9820000029648843,-2.6209999942174482,2.7740000044140416,-1.160896,0.87507,32.504452
2046,358732.0,2019-03-28 03:38:52.000000,-2408911.794000001,4698208.057,3566415.088,34.21721880838238,117.14557131368034,33.02784149441868,-0.8090000029296175,-2.584999994286237,2.741000004523903,-1.090865,0.819421,30.40539
2046,358733.0,2019-03-28 03:38:53.000000,-2408912.6070000012,4698205.411,3566417.9290000005,34.21725004249437,117.14559226544976,32.98515746742487,-0.8360000031337643,-2.7059999938880854,2.9320000047472763,-1.114467,0.753077,30.260587
2046,358734.0,2019-03-28 03:38:54.000000,-2408913.4870000016,4698202.671999999,3566420.849,34.21728213007024,117.14561432469245,32.94374615419656,-0.9200000031359054,-2.758999993883915,2.9340000047679777,-1.090519,0.781774,31.267941
2046,358735.0,2019-03-28 03:38:55.000000,-2408914.447,4698199.9229999995,3566423.720999999,34.21731371989899,117.14563720599288,32.8981697158888,-0.9690000030215455,-2.729999994106961,2.827000004655153,-1.146914,0.883748,32.492886
2046,358736.0,2019-03-28 03:38:56.000000,-2408915.405000001,4698197.202999998,3566426.5559999994,34.21734490771187,117.14565992441132,32.85237394273281,-0.9400000030675087,-2.734999994017323,2.870000004696572,-1.030474,0.426894,32.119923
2046,358737.0,2019-03-28 03:38:57.000000,-2408916.306000001,4698194.4969999995,3566429.4060000004,34.21737627602262,117.1456820231026,32.80381226539612,-0.8300000030301038,-2.655999994090282,2.835000004649462,-1.445831,0.612155,30.589672
2046,358738.0,2019-03-28 03:38:58.000000,-2408917.061000001,4698191.841,3566432.263,34.21740780865084,117.14570246438261,32.740897617302835,-0.6870000030728604,-2.6539999940068975,2.8750000047981352,-1.190056,0.68771,28.517382
2046,358739.0,2019-03-28 03:38:59.000000,-2408917.7830000008,4698189.223999999,3566435.1300000004,34.21743931621916,117.1457223939107,32.69985566288233,-0.7060000030525555,-2.6309999940465025,2.856000004729883,-1.181737,0.601008,28.9554
2046,358740.0,2019-03-28 03:39:00.000000,-2408918.5300000003,4698186.614,3566437.977,34.21747058529268,117.14574253021033,32.66215225961059,-0.7280000030408023,-2.5809999940694315,2.845000004602142,-1.090083,0.792901,29.017819
2046,358741.0,2019-03-28 03:39:01.000000,-2408919.232999999,4698184.018,3566440.836000001,34.217501982433305,117.14576217231611,32.624900449067354,-0.6870000030835587,-2.5749999939860473,2.885000004633456,-1.10611,0.603281,28.153361
2046,358742.0,2019-03-28 03:39:02.000000,-2408919.8950000005,4698181.426999999,3566443.712999999,34.21753358602884,117.14578139375904,32.58598366845399,-0.6650000030739417,-2.5919999940048073,2.876000004692409,-0.984497,0.185086,27.816992
2046,358743.0,2019-03-28 03:39:03.000000,-2408920.5320000006,4698178.842999999,3566446.604,34.21756532023193,117.14580033914204,32.55066073779017,-0.6310000031017341,-2.5649999939506074,2.9020000046724674,-0.96874,0.379405,27.061314
2046,358744.0,2019-03-28 03:39:04.000000,-2408921.118000001,4698176.2979999995,3566449.494000001,34.21759698900874,117.14581859895142,32.524233581498265,-0.5880000030867751,-2.525999993979789,2.8880000046371292,-1.021587,0.427361,26.407351
2046,358745.0,2019-03-28 03:39:05.000000,-2408921.693,4698173.770999999,3566452.363000001,34.21762844548185,117.1458366634284,32.495094407349825,-0.5530000030632642,-2.5299999940256472,2.8660000046828773,-0.975499,0.652666,26.412815
2046,358746.0,2019-03-28 03:39:06.000000,-2408922.227000001,4698171.25,3566455.2570000007,34.217660156081195,117.14585430228955,32.46896239370108,-0.46000000312953404,-2.5469999938964034,2.928000004817717,-0.897638,0.736568,25.030956
2046,358747.0,2019-03-28 03:39:07.000000,-2408922.685000001,4698168.700999999,3566458.2430000002,34.21769285458953,117.1458713458969,32.44529143627733,-0.3980000032321458,-2.5579999936962827,3.024000004906916,-1.069535,1.011575,23.620231
2046,358748.0,2019-03-28 03:39:08.000000,-2408923.0600000005,4698166.138,3566461.2920000004,34.21772627786221,117.14588765733558,32.41543436329812,-0.3640000032973477,-2.5439999935691233,3.085000004914073,-1.162143,1.051055,22.561598
2046,358749.0,2019-03-28 03:39:09.000000,-2408923.373,4698163.575,3566464.38,34.21776013526391,117.14590337007606,32.38411953486502,-0.2890000033112461,-2.5249999935420213,3.0980000049546303,-0.796731,0.871828,21.394945
2046,358750.0,2019-03-28 03:39:10.000000,-2408923.5949999993,4698161.0940000005,3566467.4520000005,34.217793713966984,117.14591779806723,32.369814342819154,-0.21400000324391236,-2.4449999936733464,3.0350000048680297,-0.725625,0.98649,20.259573
2046,358751.0,2019-03-28 03:39:11.000000,-2408923.747,4698158.703,3566470.4550000005,34.21782653422134,117.14593110448611,32.35652409866452,-0.14100000316375266,-2.359999993829687,2.960000004768868,-0.746851,0.905116,19.155065
2046,358752.0,2019-03-28 03:39:12.000000,-2408923.8309999993,4698156.374000001,3566473.4179999996,34.21785893389172,117.14594344728145,32.340708112344146,-0.03300000322681701,-2.3549999937066954,3.019000004873881,-0.686205,0.751311,18.174152
2046,358753.0,2019-03-28 03:39:13.000000,-2408923.8709999993,4698153.971000001,3566476.5139999986,34.21789276060027,117.14595573159257,32.32863474916667,0.01799999664812634,-2.442999993462799,3.136000005111836,-0.700713,0.722067,17.445797
2046,358754.0,2019-03-28 03:39:14.000000,-2408923.864000001,4698151.557999999,3566479.6620000005,34.21792712876319,117.14596761156453,32.32071512192488,0.04699999667805085,-2.3789999935211643,3.1080000050094214,-0.740967,0.630631,16.630193
2046,358755.0,2019-03-28 03:39:15.000000,-2408923.8020000006,4698149.209999999,3566482.752,34.217960898559475,117.14597863859336,32.30725973658264,0.0819999967496602,-2.3009999936608283,3.0410000048842356,-0.737585,0.752102,15.56263
2046,358756.0,2019-03-28 03:39:16.000000,-2408923.6640000017,4698146.961999999,3566485.7740000007,34.21799388613005,117.14598843659113,32.300475707277656,0.12699999681271923,-2.2149999937838154,2.982000004753063,-0.617445,0.606588,14.795286
2046,358757.0,2019-03-28 03:39:17.000000,-2408923.5210000025,4698144.787999999,3566488.708,34.21802589544982,117.14599781991363,32.29677176382393,0.14799999688539775,-2.1309999939255633,2.9140000046004064,-0.43815,0.186086,14.908217
2046,358758.0,2019-03-28 03:39:18.000000,-2408923.4099999997,4698142.678999999,3566491.558,34.21805691135522,117.14600719041849,32.30573419202119,0.1159999969826603,-2.1209999941152575,2.8230000045453596,-0.295127,0.790939,15.044069
2046,358759.0,2019-03-28 03:39:19.000000,-2408923.2980000004,4698140.485,3566494.5149999997,34.21808911064473,117.14601697213861,32.3119477359578,0.0659999968618798,-2.170999993879699,2.9360000045961474,-0.438125,0.734588,15.109351
2046,358760.0,2019-03-28 03:39:20.000000,-2408923.1920000007,4698138.363999999,3566497.371,34.218120213843044,117.14602645035708,32.31734488066286,0.14499999698693092,-2.064999994123592,2.8190000044596233,-0.340694,0.998617,15.043299
2046,358761.0,2019-03-28 03:39:21.000000,-2408923.0220000013,4698136.293999999,3566500.2090000003,34.21815110082727,117.14603505803649,32.32600234914571,0.22399999693989966,-2.0579999940318685,2.863000004529471,-0.456026,1.185472,13.138449
2046,358762.0,2019-03-28 03:39:22.000000,-2408922.7820000006,4698134.224999999,3566503.0869999994,34.21818244339,117.14604298480394,32.33148163650185,0.2439999969014199,-2.078999993956822,2.8990000045946256,-0.417456,1.09136,12.780889
2046,358763.0,2019-03-28 03:39:23.000000,-2408922.5220000003,4698132.160999999,3566505.982000001,34.21821393638303,117.14605069368699,32.342656226828694,0.2889999969260005,-2.065999994004765,2.8760000046156264,-0.404099,1.131824,12.117639
2046,358764.0,2019-03-28 03:39:24.000000,-2408922.221,4698130.11,3566508.883000001,34.21824551029183,117.14605794228426,32.35130391642451,0.27899999687896904,-2.030999993913041,2.920000004531979,-0.42763,1.169931,11.42914
2046,358765.0,2019-03-28 03:39:25.000000,-2408921.8620000007,4698128.074,3566511.796,34.21827724014256,117.14606455652903,32.35585661884397,0.4389999968821734,-2.020999993919293,2.9170000046821514,-0.484909,1.035238,10.273983
2046,358766.0,2019-03-28 03:39:26.000000,-2408921.4240000015,4698126.07,3566514.721,34.21830909782018,117.14607024945693,32.36090027075261,0.45699999688430937,-1.97299999392346,2.9150000046013327,-0.536665,0.969657,8.909565
2046,358767.0,2019-03-28 03:39:27.000000,-2408920.916000001,4698124.098,3566517.65,34.21834100287186,117.1460751079771,32.36533162742853,0.5329999968778942,-1.9609999939109495,2.921000004657552,-0.464826,0.562723,8.082227
2046,358768.0,2019-03-28 03:39:28.000000,-2408920.3870000006,4698122.134,3566520.579000001,34.21837292040791,117.14607972409944,32.36772857327014,0.5599999968746868,-1.9639999939046935,2.924000004692666,-0.502254,0.631863,7.488438
2046,358769.0,2019-03-28 03:39:29.000000,-2408919.8130000015,4698120.194999999,3566523.5080000013,34.21840482925228,117.1460837818896,32.37154517322779,0.560999996876822,-1.9329999939088607,2.922000004629116,-0.26714,0.584318,6.795445
2046,358770.0,2019-03-28 03:39:30.000000,-2408919.199000001,4698118.271,3566526.446,34.21843683004109,117.14608737914425,32.37637083418667,0.6739999968052072,-1.9169999937691913,2.9890000047165444,-0.326931,0.441756,6.08442
2046,358771.0,2019-03-28 03:39:31.000000,-2408918.5189999994,4698116.349000001,3566529.4199999995,34.218469242828235,117.14609032915678,32.378014121204615,0.6849999967945167,-1.914999993748343,2.999000004724135,-0.319087,0.39183,4.924763
2046,358772.0,2019-03-28 03:39:32.000000,-2408917.794000001,4698114.425999999,3566532.4199999995,34.2185019580288,117.14609284957146,32.376567075029016,0.7319999967966527,-1.9359999937525094,2.9970000048181493,-0.440957,0.435632,4.659181
2046,358773.0,2019-03-28 03:39:33.000000,-2408917.0700000003,4698112.507999999,3566535.421000001,34.21853465581492,117.14609535488779,32.379740805365145,0.7509999968223044,-1.875999993802536,2.9730000047133838,-0.330217,0.419779,4.68479
2046,358774.0,2019-03-28 03:39:34.000000,-2408916.3570000017,4698110.633999999,3566538.361,34.218566674946295,117.14609774856848,32.38513901270926,0.6959999969035349,-1.8629999939609625,2.8970000046275,-0.415633,0.867351,4.343953
2046,358775.0,2019-03-28 03:39:35.000000,-2408915.588000001,4698108.735999999,3566541.3640000005,34.21859940150516,117.14609972030865,32.38718013558537,0.813999996706865,-1.9199999935773961,3.081000004872448,-0.454376,0.721303,3.318591
2046,358776.0,2019-03-28 03:39:36.000000,-2408914.726999999,4698106.801000001,3566544.4810000006,34.21863335758252,117.1461009868343,32.391396599821746,0.9289999966470069,-1.9349999934606568,3.137000005026637,-0.532645,1.001097,2.18157
2046,358777.0,2019-03-28 03:39:37.000000,-2408913.804000001,4698104.869,3566547.6319999998,34.218667696986195,117.14610163979022,32.393551300279796,0.9529999966373851,-1.934999993441892,3.146000005052292,-0.462668,1.057948,1.719384
2046,358778.0,2019-03-28 03:39:38.000000,-2408912.8590000016,4698102.946999999,3566550.7879999997,34.218702079437506,117.14610203078472,32.39757798239589,0.9329999966010427,-1.9299999933710135,3.1800000050204944,-0.540456,0.74438,1.640845
2046,358779.0,2019-03-28 03:39:39.000000,-2408911.955,4698100.917,3566554.0560000003,34.218737689153826,117.14610335245713,32.400591536425054,0.8279999963541352,-2.1659999928894704,3.411000005400229,-0.405774,0.66365,4.262329
2046,358780.0,2019-03-28 03:39:40.000000,-2408911.206999999,4698098.654000001,3566557.5280000004,34.21877550983518,117.14610733425893,32.405739806592464,0.694999996197011,-2.353999992583032,3.5580000056499776,-0.585135,1.125522,6.939987
2046,358781.0,2019-03-28 03:39:41.000000,-2408910.5150000006,4698096.248,3566561.1380000003,34.218814874791,117.14611256489339,32.40440273005515,0.6969999961082933,-2.443999992410008,3.641000005839731,-0.613104,1.036433,7.372
2046,358782.0,2019-03-28 03:39:42.000000,-2408909.7780000013,4698093.807,3566564.827,34.21885509062406,117.14611753427897,32.40476382244378,0.7579999959960605,-2.422999992191122,3.7460000058611578,-0.376768,0.826172,6.696845
2046,358783.0,2019-03-28 03:39:43.000000,-2408908.977,4698091.378,3566568.557,34.21889570598989,117.14612182622065,32.41286844946444,0.8489999960120908,-2.395999992222387,3.731000005902143,-0.475261,1.045759,5.274144
2046,358784.0,2019-03-28 03:39:44.000000,-2408908.0640000016,4698088.986999999,3566572.302,34.21893652081048,117.14612484845671,32.41511700022966,0.9639999959981924,-2.3739999921952823,3.744000005979204,-0.554122,1.345681,3.691294
2046,358785.0,2019-03-28 03:39:45.000000,-2408907.0460000015,4698086.650999999,3566576.0480000004,34.21897733784279,117.14612658440834,32.41878620907664,1.0249999960217053,-2.29799999224114,3.7220000058859792,-0.36111,1.110768,2.842031
2046,358786.0,2019-03-28 03:39:46.000000,-2408905.9999999995,4698084.36,3566579.759,34.21901775573341,117.14612782715822,32.4253236502409,1.0669999960462866,-2.2669999922890813,3.6990000058662513,-0.621574,1.291557,2.059695
2046,358787.0,2019-03-28 03:39:47.000000,-2408904.9360000007,4698082.081,3566583.453,34.2190580344,117.14612883667048,32.424342822283506,1.037999996048423,-2.280999992293246,3.6970000058644423,-0.409237,1.358292,2.356945
2046,358788.0,2019-03-28 03:39:48.000000,-2408903.908000002,4698079.783999999,3566587.149,34.21909832590574,117.14613028295304,32.4248273819685,1.0199999960612463,-2.3299999923182577,3.685000005947352,-0.672934,1.299924,3.066077
2046,358789.0,2019-03-28 03:39:49.000000,-2408902.923000001,4698077.475999999,3566590.836000001,34.21913850048234,117.14613219894386,32.42838298622519,0.9739999960505545,-2.299999992297406,3.695000005835649,-0.561345,1.155778,3.441133
2046,358790.0,2019-03-28 03:39:50.000000,-2408901.961000002,4698075.157999998,3566594.519000001,34.2191786371521,117.1461343865567,32.431011634878814,0.9549999960569657,-2.2959999923099104,3.689000005807006,-0.455807,1.013637,3.70643
2046,358791.0,2019-03-28 03:39:51.000000,-2408900.9619999994,4698072.902000001,3566598.1510000005,34.21921819953725,117.14613590988148,32.43662367481738,1.044999996231188,-2.132999992649697,3.526000005563416,-0.999516,0.9633,1.633981
2046,358792.0,2019-03-28 03:39:52.000000,-2408899.7850000006,4698070.862999999,3566601.6160000004,34.219255949837255,117.1461346398374,32.44083865638822,1.2489999964246508,-1.9219999930270057,3.3450000053416167,-0.397007,1.105964,357.381954
2046,358793.0,2019-03-28 03:39:53.000000,-2408898.3980000005,4698069.072,3566604.9179999996,34.219291852040804,117.14613011390877,32.456642704084516,1.487999996553983,-1.6779999932792378,3.2240000050884343,-0.419189,1.051811,352.851508
2046,358794.0,2019-03-28 03:39:54.000000,-2408896.772999999,4698067.474000001,3566608.125,34.219326725928646,117.14612233403103,32.47124303877354,1.714999996620251,-1.5099999934084807,3.1620000049808548,-0.414246,1.126705,348.603379
2046,358795.0,2019-03-28 03:39:55.000000,-2408894.932,4698066.028999999,3566611.2780000004,34.219361006690384,117.1461117107078,32.48656433261931,1.9549999966223888,-1.3789999934126451,3.160000004964301,-0.279876,1.342089,344.56596
2046,358796.0,2019-03-28 03:39:56.000000,-2408892.894000002,4698064.714999999,3566614.4050000007,34.21939495834588,117.14609853634684,32.50933333579451,2.153999996653385,-1.2499999934730956,3.131000004908093,-0.00703,1.241049,341.91033600000003
2046,358797.0,2019-03-28 03:39:57.000000,-2408890.688,4698063.493,3566617.537000001,34.2194289208379,117.14608328409895,32.539228049106896,2.2659999967335502,-1.1529999936294375,3.0560000048256,-0.120427,1.21384,339.317364
2046,358798.0,2019-03-28 03:39:58.000000,-2408888.4870000007,4698062.388,3566620.507,34.21946113634033,117.14606750080429,32.565997815690935,2.1239999969334287,-1.0949999940192559,2.8690000045529156,-0.285883,1.37177,338.709938
2046,358799.0,2019-03-28 03:39:59.000000,-2408886.3060000013,4698061.307999999,3566623.4190000007,34.21949276044442,117.14605178684808,32.58609341457486,2.224999996852194,-1.0899999938608218,2.9450000046504483,-0.255781,1.194633,338.268449
2046,358800.0,2019-03-28 03:40:00.000000,-2408884.089,4698060.255,3566626.3160000006,34.21952423419858,117.1460355915457,32.604040562175214,2.224999996938773,-1.0279999940296716,2.864000004521203,-0.372182,1.127739,337.337802
2046,358801.0,2019-03-28 03:40:01.000000,-2408881.8170000003,4698059.264999999,3566629.149,34.21955507388316,117.14601855316519,32.61160405445844,2.3349999970093185,-0.9289999941672533,2.798000004432403,-0.536418,1.20359,335.165285
2046,358802.0,2019-03-28 03:40:02.000000,-2408879.4270000006,4698058.386,3566631.916,34.219585193774144,117.14599982565645,32.61920932587236,2.4539999971215503,-0.8149999943861341,2.693000004321952,-0.304012,1.265827,332.125361
2046,358803.0,2019-03-28 03:40:03.000000,-2408876.767000001,4698057.612999999,3566634.7369999997,34.21961586253995,117.14597796593603,32.63331549894065,2.7899999969270177,-0.7469999940067309,2.875000004539336,-0.406626,1.385273,328.829559
2046,358804.0,2019-03-28 03:40:04.000000,-2408873.8740000003,4698056.965,3566637.551000001,34.219646454165016,117.14595323722612,32.647557999938726,2.938999997069178,-0.5549999942839804,2.7420000042983506,-0.183827,1.147491,325.417213
2046,358805.0,2019-03-28 03:40:05.000000,-2408870.936999999,4698056.498000001,3566640.18,34.21967495196791,117.14592718738804,32.67434555012733,2.93699999731288,-0.38999999475927005,2.51400000395225,-0.198253,1.273705,321.959217
2046,358806.0,2019-03-28 03:40:06.000000,-2408867.9300000006,4698056.208999999,3566642.6240000003,34.21970142962204,117.1458995801987,32.701661413535476,3.083999997368463,-0.19699999486766717,2.46200000370704,-0.180277,1.027228,318.994994
2046,358807.0,2019-03-28 03:40:07.000000,-2408864.9180000015,4698055.994,3566644.9550000005,34.21972674266029,117.14587155830259,32.71799515094608,2.8929999974550413,-0.05599999503651862,2.3810000032089538,-0.183429,0.545019,318.39753
2046,358808.0,2019-03-28 03:40:08.000000,-2408862.13,4698055.829,3566647.1370000006,34.21975020129832,117.14584545195642,32.77183758094907,2.824999997604684,-0.04699999532836299,2.241000003117508,0.35032,1.280268,317.316195
2046,358809.0,2019-03-28 03:40:09.000000,-2408859.0669999993,4698055.745,3566649.37,34.21977431078841,117.14581628889226,32.81021294929087,3.1529999976624037,-0.052999995440929565,2.1870000034805996,-0.136932,0.996605,314.671487
2046,358810.0,2019-03-28 03:40:10.000000,-2408855.9349999996,4698055.819,3566651.4549999996,34.219796763849914,117.14578567716406,32.855585131794214,3.0889999979178624,0.22800000406084792,1.9480000028264113,0.088233,1.000044,310.030887
2046,358811.0,2019-03-28 03:40:11.000000,-2408852.8600000003,4698056.103,3566653.236,34.21981587156934,117.14575457606605,32.906022457405925,3.06399999818401,0.32300000354177966,1.6990000026016476,0.101708,1.115606,305.993942
2046,358812.0,2019-03-28 03:40:12.000000,-2408849.698000001,4698056.507,3566654.916000001,34.219833886276795,117.1457220406369,32.95513630006462,3.2309999982374547,0.48000000343755006,1.649000002452857,0.351394,0.940487,303.334477
2046,358813.0,2019-03-28 03:40:13.000000,-2408846.384000001,4698057.040999999,3566656.536999999,34.219851226290736,117.14568739366516,33.00938172265887,3.389999998334722,0.6000000032478495,1.5580000023726461,0.270703,1.266867,300.802352
2046,358814.0,2019-03-28 03:40:14.000000,-2408842.977000001,4698057.713999999,3566658.082,34.21986758781201,117.14565116034466,33.08807981852442,3.4639999984191623,0.6930000030831659,1.4790000022578667,0.15596,1.322317,298.540388
2046,358815.0,2019-03-28 03:40:15.000000,-2408839.500999999,4698058.484000001,3566659.493,34.21988267244893,117.14561378040015,33.13676394242793,3.447999998549565,0.8210000028288424,1.3570000019739272,0.193067,1.150143,295.327305
2046,358816.0,2019-03-28 03:40:16.000000,-2408836.038,4698059.379,3566660.7430000007,34.21989596294462,117.14557590705964,33.19178870692849,3.4489999987312716,0.9420000024744567,1.187000001722751,0.312717,0.891249,292.672487
2046,358817.0,2019-03-28 03:40:17.000000,-2408832.578000001,4698060.363999999,3566661.8739999994,34.2199079534068,117.14553761705453,33.24724778253585,3.473999998854191,1.044000002234727,1.0720000015368347,0.344153,1.068036,290.679957
2046,358818.0,2019-03-28 03:40:18.000000,-2408829.112000001,4698061.421,3566662.909,34.219918917305876,117.14549891259892,33.299435790628195,3.4659999989653527,1.0860000020179268,0.9680000014407236,0.321745,1.095355,288.820373
2046,358819.0,2019-03-28 03:40:19.000000,-2408825.6409999994,4698062.576,3566663.823999999,34.219928556130526,117.1454596746154,33.35436400771141,3.451999999074376,1.2080000018052928,0.8660000011714291,0.332444,1.011959,286.159715
2046,358820.0,2019-03-28 03:40:20.000000,-2408822.221,4698063.801,3566664.607000001,34.21993677721327,117.14542058253139,33.40580838825554,3.374999999197295,1.241000001565561,0.7510000010203292,0.400261,0.937766,284.603729
2046,358821.0,2019-03-28 03:40:21.000000,-2408818.7660000003,4698065.043,3566665.3420000006,34.2199446447411,117.145381068275,33.42956548277289,3.5149999992090537,1.3030000015426304,0.7400000010407145,0.349443,0.962892,284.16993
2046,358822.0,2019-03-28 03:40:22.000000,-2408815.2460000007,4698066.349999999,3566666.1009999993,34.219952548273135,117.14534060447352,33.49012675601989,3.513999999215467,1.311000001530123,0.7340000010229626,0.477492,1.107022,283.901628
2046,358823.0,2019-03-28 03:40:23.000000,-2408811.7300000004,4698067.675000001,3566666.837999999,34.21996019734055,117.1453000901688,33.55307171214372,3.5179999991716464,1.3250000016155945,0.775000000998047,0.341009,1.073481,283.705727
2046,358824.0,2019-03-28 03:40:24.000000,-2408808.214,4698068.995,3566667.5690000006,34.219967824225186,117.14525960061427,33.60896570701152,3.4949999992603615,1.28200000144257,0.692000001063097,0.438202,0.649985,284.00496
2046,358825.0,2019-03-28 03:40:25.000000,-2408804.745000001,4698070.303,3566668.287,34.21997529961238,117.1452196243454,33.66645289491862,3.4569999992528797,1.3220000014571631,0.6990000009390893,0.436789,0.531597,283.523298
2046,358826.0,2019-03-28 03:40:26.000000,-2408801.300000001,4698071.624999999,3566668.978,34.219982455047884,117.1451798105184,33.72811388224363,3.4469999993138054,1.3190000013383392,0.642000000934649,0.562365,0.715249,282.947893
2046,358827.0,2019-03-28 03:40:27.000000,-2408797.881,4698072.931,3566669.6230000006,34.219989279613806,117.14514032698719,33.761943904682994,3.3699999992603646,1.2490000014425722,0.6920000009982675,0.451781,0.149974,282.988022
2046,358828.0,2019-03-28 03:40:28.000000,-2408794.6390000014,4698074.193999999,3566670.2650000006,34.21999586638149,117.14510276563743,33.829224727116525,3.141999999304187,1.2630000013571023,0.6510000007253824,1.066528,0.786583,282.716798
2046,358829.0,2019-03-28 03:40:29.000000,-2408791.510000001,4698075.429,3566670.8809999996,34.2200021242684,117.14506643415545,33.903913837857544,3.1879999993448047,1.2300000012778864,0.6130000008433371,0.41572,0.69163,282.800837
2046,358830.0,2019-03-28 03:40:30.000000,-2408788.271,4698076.693999999,3566671.5050000004,34.220008560873715,117.14502889186411,33.96367921400815,3.29299999932984,1.2930000013070728,0.627000000824227,0.329683,0.604306,282.67487
2046,358831.0,2019-03-28 03:40:31.000000,-2408784.964,4698077.988,3566672.1420000005,34.22001512083142,117.1449905493066,34.02644204907119,3.3379999993212905,1.2830000013237497,0.6350000008931656,0.516369,0.326366,282.993554
2046,358832.0,2019-03-28 03:40:32.000000,-2408781.621000001,4698079.260999999,3566672.8320000004,34.220022253863235,117.14495196306997,34.08997934125364,3.35499999924968,1.2430000014634215,0.7020000009947159,0.408666,0.500737,283.805278
2046,358833.0,2019-03-28 03:40:33.000000,-2408778.264000002,4698080.543999999,3566673.516,34.22002932942595,117.14491319211716,34.152220914140344,3.358999999263576,1.2750000014363212,0.6890000009322771,0.386704,0.372621,283.504591
2046,358834.0,2019-03-28 03:40:34.000000,-2408774.906000001,4698081.851,3566674.1669999994,34.22003605302463,117.14487429267106,34.213188408873975,3.3509999993298445,1.342000001307074,0.6270000007840494,0.374409,0.246288,282.476366
2046,358835.0,2019-03-28 03:40:35.000000,-2408771.5390000013,4698083.168,3566674.8140000002,34.22004272249738,117.14483525679401,34.27587125916034,3.390999999311675,1.3220000013425135,0.6440000008684896,0.337467,0.20487,282.786333
2046,358836.0,2019-03-28 03:40:36.000000,-2408768.119000002,4698084.492999999,3566675.491,34.220049702086555,117.14479566948121,34.34131918847561,3.3959999992539593,1.3220000014550852,0.6980000008738282,0.31038,-0.093832,283.43553199999997
2046,358837.0,2019-03-28 03:40:37.000000,-2408764.695000001,4698085.796999999,3566676.206,34.220057068917114,117.14475614751105,34.41117846686393,3.394999999220827,1.32000000151971,0.7290000008769226,0.601542,0.02906,283.770761
2046,358838.0,2019-03-28 03:40:38.000000,-2408761.3370000008,4698087.083999999,3566676.892,34.22006414359339,117.14471734706777,34.47712133452296,3.3039999993223654,1.283000001321669,0.6340000008567864,0.355266,0.268645,282.865143
2046,358839.0,2019-03-28 03:40:39.000000,-2408758.0410000016,4698088.364999999,3566677.539,34.2200708112001,117.14467917506022,34.540108804591,3.316999999275338,1.290000001413394,0.6780000008560833,0.429825,0.053592,283.10650699999997
2046,358840.0,2019-03-28 03:40:40.000000,-2408754.6840000018,4698089.641999999,3566678.2259999993,34.22007793610665,117.14464043377515,34.599637375213206,3.376999999235793,1.2540000014905273,0.7150000009952542,0.372564,0.277644,283.778908
2046,358841.0,2019-03-28 03:40:41.000000,-2408751.315000001,4698090.878999999,3566678.945000001,34.22008550774948,117.1446017746494,34.64320456702262,3.4089999992293807,1.2660000015030368,0.7210000010044351,0.527504,0.540625,284.316562
2046,358842.0,2019-03-28 03:40:42.000000,-2408747.8749999995,4698092.138,3566679.7130000005,34.22009350961476,117.14456232094251,34.70373285282403,3.4739999991342576,1.2350000016885707,0.810000001138527,0.314404,0.48898,285.181586
2046,358843.0,2019-03-28 03:40:43.000000,-2408744.3910000003,4698093.393,3566680.495,34.220101735645414,117.14452246212511,34.75259413104504,3.452999999187699,1.2560000015843384,0.7600000010722981,0.141272,0.534695,284.353768
2046,358844.0,2019-03-28 03:40:44.000000,-2408741.0440000007,4698094.633,3566681.215,34.220109250284665,117.14448400058048,34.807237124070525,3.2559999991780804,1.248000001603101,0.7690000008784129,0.457252,0.258911,284.34839999999997
2046,358845.0,2019-03-28 03:40:45.000000,-2408737.8140000002,4698095.808999999,3566681.958000001,34.22011695446709,117.14444698577861,34.87186361476779,3.21799999919732,1.1380000015655791,0.7510000010671053,0.619064,0.410235,285.598083
2046,358846.0,2019-03-28 03:40:46.000000,-2408734.568,4698096.948,3566682.766,34.22012534709682,117.14440999965271,34.93978533707559,3.268999999081889,1.1280000017907215,0.8590000011424561,0.763764,0.240802,286.87809500000003
2046,358847.0,2019-03-28 03:40:47.000000,-2408731.276000001,4698098.042,3566683.6630000006,34.220134712558185,117.14437279210053,35.00729525182396,3.3159999990220372,1.0670000019074637,0.9150000013198498,0.304878,0.755603,288.455019
2046,358848.0,2019-03-28 03:40:48.000000,-2408727.9520000005,4698099.064,3566684.6480000005,34.220145132822026,117.14433563200129,35.05924571771175,3.3359999988991245,1.0040000021472004,1.0300000014725545,0.202407,1.174436,290.101325
2046,358849.0,2019-03-28 03:40:49.000000,-2408724.660999999,4698100.019000001,3566685.6900000004,34.22015620390348,117.14429912230507,35.106403574347496,3.2029999988403413,0.8750000022618575,1.085000001599319,0.502596,1.079041,291.921832
2046,358850.0,2019-03-28 03:40:50.000000,-2408721.480000001,4698100.897,3566686.753,34.22016752446174,117.1442640561155,35.150213493034244,3.2739999989034025,0.9160000021388635,1.026000001589729,0.131386,1.10825,291.881866
2046,358851.0,2019-03-28 03:40:51.000000,-2408718.315,4698101.789,3566687.787,34.22017852866786,117.14422907511337,35.19405378121883,3.1419999988638576,0.871000002215997,1.0630000015424517,0.091647,1.221259,292.228546
2046,358852.0,2019-03-28 03:40:52.000000,-2408715.224000002,4698102.592999999,3566688.8650000007,34.22019008669428,117.14419524442732,35.22580557316542,3.015999998758046,0.6890000024223798,1.1620000017871868,-0.063856,0.846866,296.42546500000003
2046,358853.0,2019-03-28 03:40:53.000000,-2408712.436000001,4698103.009999999,3566690.267,34.220205104977865,117.14416625592074,35.26931645255536,2.6599999982375393,0.1780000034376132,1.6490000024719524,0.396887,0.814885,309.03952
2046,358854.0,2019-03-28 03:40:54.000000,-2408709.9750000006,4698102.921,3566692.1029999997,34.22022488483898,117.14414293055029,35.30793995689601,2.3309999978324636,-0.27599999577229717,2.0280000030667527,0.121015,1.183242,322.509004
2046,358855.0,2019-03-28 03:40:55.000000,-2408707.9490000014,4698102.431999999,3566694.249999999,34.220247781391514,117.14412578645616,35.391242664307356,1.9379999975225102,-0.6809999951677415,2.3180000034910018,1.090721,0.311607,334.381431
2046,358856.0,2019-03-28 03:40:56.000000,-2408706.185000002,4698101.537999999,3566696.7160000005,34.22027427697586,117.14411317772431,35.45478055905551,1.5659999972521033,-1.048999994640318,2.5710000038605654,0.589138,1.215611,343.049023
2046,358857.0,2019-03-28 03:40:57.000000,-2408704.8540000017,4698100.389999999,3566699.2000000007,34.22030105110939,117.14410600809178,35.504895431920886,1.0899999973376073,-1.3109999948070896,2.4910000038979985,0.223882,0.984808,353.298264
2046,358858.0,2019-03-28 03:40:58.000000,-2408704.0370000014,4698098.914999999,3566701.736000001,34.220328499219775,117.14410542122138,35.537550940178335,0.6139999971185014,-1.70099999437973,2.6960000042022703,-0.104559,1.284065,3.897762
2046,358859.0,2019-03-28 03:40:59.000000,-2408703.5910000014,4698097.088,3566704.464,34.22035810844999,117.1441101599361,35.55913828779012,0.31699999700841247,-1.954999994165007,2.7990000044143426,-0.192571,1.551209,10.709256
2046,358860.0,2019-03-28 03:41:00.000000,-2408703.2980000004,4698095.079999999,3566707.318,34.22038911959742,117.14411727234862,35.57612437475473,0.2649999969015299,-2.070999993956538,2.899000004600588,-0.134425,1.345257,11.787862
2046,358861.0,2019-03-28 03:41:01.000000,-2408702.9710000004,4698092.988999999,3566710.3089999994,34.220421605069795,117.1441244673724,35.59625961724669,0.3679999966877664,-2.152999993539601,3.0990000048816198,-0.369225,1.28636,11.0927
2046,358862.0,2019-03-28 03:41:02.000000,-2408702.681999999,4698090.773000001,3566713.4050000003,34.22045534927427,117.14413264826747,35.59780606068671,0.2459999967636494,-2.2449999936876104,3.028000004943018,-0.699101,1.547718,13.179658
2046,358863.0,2019-03-28 03:41:03.000000,-2408702.509000001,4698088.553999999,3566716.377000001,34.22048791437467,117.14414196424525,35.571173099800944,0.10799999685022012,-2.2119999938564665,2.9470000047267297,-0.876594,1.407853,14.843777
2046,358864.0,2019-03-28 03:41:04.000000,-2408702.3669999996,4698086.38,3566719.321000001,34.22051999603726,117.14415135679711,35.57360171992332,0.12999999685663066,-2.132999993868972,2.9410000045855558,0.030977,1.213869,14.392279
2046,358865.0,2019-03-28 03:41:05.000000,-2408702.2240000004,4698084.286,3566722.211,34.22055131656675,117.14416034360444,35.60415129363537,0.20099999699557358,-2.055999994139978,2.811000004500923,-0.191394,1.678437,13.733084
2046,358866.0,2019-03-28 03:41:06.000000,-2408702.0060000005,4698082.203999999,3566725.1019999995,34.22058276388794,117.1441685467216,35.615801364183426,0.2359999968031853,-2.141999993764734,2.9910000047176153,-0.577103,1.549298,12.739817
2046,358867.0,2019-03-28 03:41:07.000000,-2408701.7649999997,4698080.047,3566728.0749999993,34.220615214015,117.14417689907062,35.60970645584166,0.19999999688655054,-2.1219999939273366,2.9130000046374462,-0.864286,1.429782,13.522946
2046,358868.0,2019-03-28 03:41:08.000000,-2408701.596999999,4698077.902,3566730.9639999997,34.22064681499651,117.14418589698046,35.59274239744991,0.16399999694960835,-2.154999994050331,2.854000004667766,-0.890595,1.6099,14.804801
2046,358869.0,2019-03-28 03:41:09.000000,-2408701.475,4698075.775,3566733.784,34.220677714029065,117.14419525000258,35.567573935724795,0.12299999703511094,-2.1199999942171033,2.774000004550982,-1.209087,1.619782,15.11747
2046,358870.0,2019-03-28 03:41:10.000000,-2408701.271,4698073.711,3566736.5650000004,34.22070822779146,117.14420349922294,35.53589600883424,0.31399999707999926,-1.9999999943046574,2.7320000045049655,-0.981279,1.558665,12.69909
2046,358871.0,2019-03-28 03:41:11.000000,-2408700.9310000003,4698071.783,3566739.2910000007,34.22073803258299,117.14420976171836,35.522052835673094,0.40299999728521063,-1.9099999947049136,2.5400000044124704,-1.101773,1.722789,10.084959
2046,358872.0,2019-03-28 03:41:12.000000,-2408700.3599999994,4698070.02,3566741.935,34.22076701604424,117.14421297647549,35.496359751559794,0.7839999972595569,-1.5989999946548794,2.5640000041713553,-1.455424,1.534118,2.741937
2046,358873.0,2019-03-28 03:41:13.000000,-2408699.170000001,4698068.654,3566744.4639999997,34.22079478298058,117.14420824784865,35.464592792093754,1.5769999975588245,-0.997999995238588,2.2840000037660344,-1.237211,1.568032,344.566494
2046,358874.0,2019-03-28 03:41:14.000000,-2408697.120999999,4698068.141000001,3566746.4870000007,34.220816916681386,117.14419100037128,35.45184767525643,2.2509999983871576,0.037000003145785415,1.5090000023287702,-0.718648,1.762415,314.806617
2046,358875.0,2019-03-28 03:41:15.000000,-2408694.635,4698068.673,3566747.4580000015,34.22082750482855,117.14416435871532,35.45153547171503,2.509999999537203,0.9660000009026677,0.4330000006689211,-0.267453,0.844509,283.717395
2046,358876.0,2019-03-28 03:41:16.000000,-2408692.0930000013,4698070.005,3566747.4409999996,34.22082724853585,117.14413321529767,35.46310747228563,2.188000000516238,1.5039999989930979,-0.48300000079679994,-0.511344,0.69504,259.683572
2046,358877.0,2019-03-28 03:41:17.000000,-2408690.045000001,4698071.6729999995,3566746.643000001,34.22081851198887,117.14410517890471,35.469049024395645,1.8710000010752241,1.7359999979028087,-1.0060000016192634,-0.677873,0.846194,244.17120799999998
2046,358878.0,2019-03-28 03:41:18.000000,-2408688.282000001,4698073.53,3566745.405,34.22080498369216,117.14407895902701,35.47412523534149,1.5660000015155733,1.8789999970439186,-1.4180000022433625,-0.07038,1.202081,233.64044
2046,358879.0,2019-03-28 03:41:19.000000,-2408686.96,4698075.491,3566743.765,34.22078696955272,117.14405648303106,35.49601359385997,1.151000001915308,2.005999996264246,-1.7920000029516752,0.213522,1.023324,221.295369
2046,358880.0,2019-03-28 03:41:20.000000,-2408686.037000001,4698077.513,3566741.7990000006,34.22076532723479,117.14403755821915,35.52997136954218,0.7360000021632699,1.9219999957806004,-2.024000003220118,-0.828904,1.577916,212.467279
2046,358881.0,2019-03-28 03:41:21.000000,-2408685.434999999,4698079.580000001,3566739.496,34.220740227341615,117.14402151055351,35.52861451078206,0.49800000268377725,2.202999994765361,-2.5110000040602904,-0.498171,1.513586,205.819011
2046,358882.0,2019-03-28 03:41:22.000000,-2408685.054,4698081.762,3566736.9,34.22071191335903,117.14400702773887,35.530470164492726,0.310000002789587,2.1419999945589785,-2.6100000041340596,-0.404359,1.779688,202.239246
2046,358883.0,2019-03-28 03:41:23.000000,-2408684.888999999,4698083.892000001,3566734.247,34.220682909469495,117.14399488833367,35.54349480010569,0.046000002856919395,2.094999994427645,-2.6730000043182436,-0.409563,1.884515,197.664963
2046,358884.0,2019-03-28 03:41:24.000000,-2408684.9869999997,4698085.938,3566731.5339999995,34.220653228966654,117.1439857046578,35.56018593814224,-0.2019999970885736,2.004999994321328,-2.724000004395685,-0.298261,1.897798,193.423302
2046,358885.0,2019-03-28 03:41:25.000000,-2408685.289000001,4698087.906999999,3566728.768,34.220623028917785,117.14397887228009,35.56737345457077,-0.38599999704047894,1.9529999942275194,-2.76900000448394,-0.48459,1.742779,190.466804
2046,358886.0,2019-03-28 03:41:26.000000,-2408685.725999999,4698089.816,3566725.991000001,34.220592705304085,117.14397364068738,35.575156189501286,-0.4779999970329994,1.900999994212929,-2.776000004473864,-0.154035,1.712989,188.345877
2046,358887.0,2019-03-28 03:41:27.000000,-2408686.2240000004,4698091.659,3566723.268,34.22056294088301,117.1439693249584,35.58775784727186,-0.49199999710568054,1.801999994354689,-2.708000004282443,-0.639565,1.354858,188.008549
2046,358888.0,2019-03-28 03:41:28.000000,-2408686.728999999,4698093.456000001,3566720.5860000006,34.22053367342206,117.14396530458505,35.59221231378615,-0.5129999971762221,1.8249999944922801,-2.642000004352834,-0.235511,0.970032,187.635306
2046,358889.0,2019-03-28 03:41:29.000000,-2408687.276000001,4698095.245999999,3566717.912,34.220504400029476,117.14396172447113,35.61186113208532,-0.5629999971217147,1.7519999943859632,-2.693000004254091,-0.36848,1.181969,186.2314
2046,358890.0,2019-03-28 03:41:30.000000,-2408687.8630000004,4698097.004,3566715.245,34.22047523066318,117.14395868908049,35.62699218932539,-0.5689999971794322,1.7579999944985376,-2.6390000042730097,-0.301443,0.937908,186.246289
2046,358891.0,2019-03-28 03:41:31.000000,-2408688.3970000017,4698098.762999999,3566712.632,34.22044658190432,117.14395513691441,35.653235141187906,-0.5079999972307353,1.7909999945986044,-2.591000004276606,-0.487478,0.559551,187.757888
2046,358892.0,2019-03-28 03:41:32.000000,-2408688.8609999996,4698100.530000001,3566710.0230000005,34.22041808878002,117.14395086914462,35.661208500154316,-0.4739999972050858,1.7759999945485747,-2.6150000042089956,-0.449734,0.764543,188.20761
2046,358893.0,2019-03-28 03:41:33.000000,-2408689.3050000006,4698102.29,3566707.437,34.22038984494352,117.14394644289376,35.669422551989555,-0.4249999973034169,1.7349999947403667,-2.52300000407115,-0.438442,0.595555,188.749554
2046,358894.0,2019-03-28 03:41:34.000000,-2408689.731999999,4698103.963,3566704.97,34.220362919980644,117.14394228322392,35.67413236107677,-0.4169999973782341,1.6689999948862952,-2.45300000392501,-0.887962,0.298255,188.302211
2046,358895.0,2019-03-28 03:41:35.000000,-2408690.2050000005,4698105.624,3566702.4389999993,34.22033546568359,117.14393862719658,35.65137504879385,-0.5249999972916628,1.6069999947174387,-2.5340000039111894,-1.447302,0.431081,186.219687
2046,358896.0,2019-03-28 03:41:36.000000,-2408690.853,4698107.179,3566699.941000001,34.22030833081696,117.14393718598186,35.63519968278706,-0.7989999974060255,1.4579999949405005,-2.427000003893422,-0.448357,0.290906,180.870435
2046,358897.0,2019-03-28 03:41:37.000000,-2408691.8190000006,4698108.515,3566697.5390000003,34.22028216403541,117.14393990001847,35.63183538522571,-1.1389999974402274,1.1599999950072113,-2.3950000036355807,-1.553528,0.040502,172.03728
2046,358898.0,2019-03-28 03:41:38.000000,-2408693.1829999997,4698109.531999999,3566695.211999999,34.220257074902094,117.1439480369821,35.58607070427388,-1.3799999976636066,1.0189999954429096,-2.1860000035992213,-0.908932,-1.11825,162.455593
2046,358899.0,2019-03-28 03:41:39.000000,-2408694.787,4698110.34,3566693.041,34.22023353640793,117.14395952642586,35.56479240581393,-1.6859999976988767,0.7089999955117058,-2.1530000032800256,-1.226482,-0.358487,156.762219
2046,358900.0,2019-03-28 03:41:40.000000,-2408696.5710000005,4698111.0649999995,3566690.826,34.22020962803497,117.14397316508055,35.52560289017856,-1.8449999975620701,0.6839999952448704,-2.2810000033978475,-1.427322,-0.214446,155.071202
2046,358901.0,2019-03-28 03:41:41.000000,-2408698.4310000003,4698111.816999999,3566688.514,34.22018469899961,117.14398740398453,35.48040208686143,-1.8599999975064927,0.7979999951364687,-2.3330000036515313,-1.099955,-0.588834,156.146655
2046,358902.0,2019-03-28 03:41:42.000000,-2408700.252,4698112.620999999,3566686.1740000006,34.220159416855,117.1440010087958,35.44300585612655,-1.793999997469084,0.8089999950635086,-2.3680000036039206,-1.202363,-0.619364,157.744404
2046,358903.0,2019-03-28 03:41:43.000000,-2408701.956,4698113.479,3566683.842999999,34.220134228799594,117.14401321636161,35.4062683545053,-1.6139999975994774,0.8849999953178402,-2.2460000035699714,-1.180168,-0.322085,160.124618
2046,358904.0,2019-03-28 03:41:44.000000,-2408703.5190000013,4698114.364999999,3566681.608,34.22010995616568,117.1440239236433,35.390930937603116,-1.573999997633679,0.9269999953845509,-2.2140000036147747,-0.533211,-0.949406,161.067266
2046,358905.0,2019-03-28 03:41:45.000000,-2408705.2720000017,4698115.233999999,3566679.287000001,34.22008467968944,117.14403654992861,35.38639905303717,-1.8179999975620689,0.8039999952448811,-2.281000003619147,-0.036442,-1.447004,157.190578
2046,358906.0,2019-03-28 03:41:46.000000,-2408707.113000001,4698116.082999999,3566676.979,34.22005938680401,117.14405012504956,35.40766107942909,-1.8119999974551888,0.8969999950364171,-2.381000003806607,-0.101257,-1.524729,158.070169
2046,358907.0,2019-03-28 03:41:47.000000,-2408708.827999999,4698117.074,3566674.561000001,34.22003292476117,117.14406178031315,35.42401568591595,-1.6129999973707536,1.0789999948717306,-2.460000003973324,-0.042017,-1.280043,163.298142
2046,358908.0,2019-03-28 03:41:48.000000,-2408710.339,4698118.23,3566672.0850000004,34.22000575783551,117.14407064859536,35.45220458880067,-1.3869999973173137,1.2299999947675,-2.5100000040465575,0.338819,-1.328912,168.622546
2046,358909.0,2019-03-28 03:41:49.000000,-2408711.5580000016,4698119.577999999,3566669.5750000007,34.21997814666542,117.14407574639853,35.4923937516287,-1.0449999972841817,1.4619999947028781,-2.5410000041646676,0.27257,-1.368016,175.857035
2046,358910.0,2019-03-28 03:41:50.000000,-2408712.4210000006,4698121.119,3566667.074,34.21995055530559,117.14407645072482,35.545356990769506,-0.6549999973525861,1.6689999948362984,-2.47700000417936,0.65778,-0.78416,182.553806
2046,358911.0,2019-03-28 03:41:51.000000,-2408713.0299999993,4698122.855000001,3566664.504,34.219922157374306,117.1440737366938,35.607180427759886,-0.48599999732372956,1.7279999947800149,-2.5040000041217265,0.865698,-0.75606,187.683118
2046,358912.0,2019-03-28 03:41:52.000000,-2408713.4430000004,4698124.672,3566661.9989999994,34.219894331894324,117.14406872884545,35.69121955148876,-0.39699999727777363,1.8349999946903757,-2.54700000424966,1.059711,-0.405016,190.605317
2046,358913.0,2019-03-28 03:41:53.000000,-2408713.707000001,4698126.529000001,3566659.5590000004,34.219867155122415,117.14406208405845,35.785036659799516,-0.1849999974359564,1.8579999949989072,-2.399000004071021,1.256183,0.418575,193.424033
2046,358914.0,2019-03-28 03:41:54.000000,-2408713.873000001,4698128.472999999,3566657.078,34.21983950690507,117.14405406213983,35.88284350838512,-0.16299999726922573,2.003999994673702,-2.555000004351866,1.191581,0.296135,195.202881
2046,358915.0,2019-03-28 03:41:55.000000,-2408713.957000002,4698130.518999998,3566654.533,34.219811111114886,117.14404474333675,35.98877893947065,-0.015999997302360756,2.0469999947383286,-2.524000004284392,0.564969,0.263737,196.768717
2046,358916.0,2019-03-28 03:41:56.000000,-2408713.9339999994,4698132.58,3566651.967000001,34.219782738599584,117.14403431697237,36.0535778272897,0.10000000275748981,2.120999994621589,-2.580000004314675,0.738396,-0.096673,199.148023
2046,358917.0,2019-03-28 03:41:57.000000,-2408713.7570000007,4698134.677,3566649.457,34.21975497731226,117.14402222519453,36.11826398875564,0.24400000263778274,2.066999994855072,-2.468000004048196,0.39729,0.015592,202.548254
2046,358918.0,2019-03-28 03:41:58.000000,-2408713.3910000003,4698136.805999999,3566647.0079999994,34.2197279635227,117.14400814981353,36.1695022508502,0.4230000026602241,2.1959999948112965,-2.489000004125801,0.156583,0.329966,206.042371
2046,358919.0,2019-03-28 03:41:59.000000,-2408712.783000001,4698139.032999999,3566644.6020000004,34.21970138788917,117.14399125223628,36.22573964390904,0.8000000024721153,2.246999995178195,-2.313000003829184,0.104372,0.531735,211.703122
2046,358920.0,2019-03-28 03:42:00.000000,-2408711.873,4698141.27,3566642.3700000006,34.219676762703905,117.1439713887412,36.27325960621238,1.1000000022807994,2.2279999955513503,-2.134000003468938,0.019526,0.577843,217.880664
2046,358921.0,2019-03-28 03:42:01.000000,-2408710.666000001,4698143.474,3566640.336,34.21965444929261,117.14394882051161,36.29580502677709,1.3350000020702455,2.202999995962027,-1.937000003165657,-0.431472,0.51143,223.913678
2046,358922.0,2019-03-28 03:42:02.000000,-2408709.2470000014,4698145.657999999,3566638.4670000006,34.219633946413204,117.14392430402941,36.31644950900227,1.5610000019163373,2.164999996262217,-1.7930000028448951,-0.395668,0.328398,229.54765
2046,358923.0,2019-03-28 03:42:03.000000,-2408707.4520000014,4698147.769999999,3566636.9340000004,34.21961714266818,117.14389651300075,36.3312264373526,2.0020000014385873,2.0339999971940568,-1.346000002100473,-0.112172,0.274665,240.772475
2046,358924.0,2019-03-28 03:42:04.000000,-2408705.2920000013,4698149.654999999,3566635.953,34.21960632200958,117.14386632106789,36.35170490946621,2.342000000663716,1.7179999987054302,-0.6210000010783381,-0.371102,-0.134245,255.65180700000002
2046,358925.0,2019-03-28 03:42:05.000000,-2408702.8660000004,4698151.125,3566635.6760000004,34.219603236648716,117.14383561507142,36.36237824335694,2.565000000032063,1.2829999999374615,-0.029999999933178242,-0.474256,0.126496,271.04612
2046,358926.0,2019-03-28 03:42:06.000000,-2408700.2920000004,4698152.246,3566635.964000001,34.21960627975728,117.1438052077607,36.37815663404763,2.777999999395068,1.0180000011799144,0.5660000008469025,-0.340649,0.142621,283.99289699999997
2046,358927.0,2019-03-28 03:42:07.000000,-2408697.5200000005,4698153.039999999,3566636.8099999996,34.21961541555156,117.14377450735473,36.39242924004793,2.7159999987687624,0.5920000024015228,1.152000001668697,-0.59968,0.10841,296.781257
2046,358928.0,2019-03-28 03:42:08.000000,-2408694.88,4698153.362,3566638.1720000007,34.219630221830215,117.1437474185689,36.39937469828874,2.6099999983156,0.06200000328541834,1.5760000026602718,-0.554085,-0.090048,310.649137
2046,358929.0,2019-03-28 03:42:09.000000,-2408692.525,4698153.216000001,3566639.948,34.21964956633036,117.14372539912108,36.402293600142,2.2429999979116015,-0.3219999959265795,1.954000003068536,-0.654159,-0.134762,323.04965
2046,358930.0,2019-03-28 03:42:10.000000,-2408690.5570000014,4698152.646999999,3566642.0240000007,34.21967216033109,117.14370921123124,36.40866704005748,1.799999997569592,-0.8249999952594873,2.274000003643649,-0.529031,0.04596,335.920159
2046,358931.0,2019-03-28 03:42:11.000000,-2408688.902,4698151.53,3566644.508,34.21969954397904,117.14369875916304,36.359337334521115,1.4239999972051376,-1.3149999945486164,2.615000004263271,-0.611101,0.141764,348.031911
2046,358932.0,2019-03-28 03:42:12.000000,-2408687.7400000016,4698150.088999999,3566647.1540000006,34.21972845663878,117.14369467215155,36.34868982248008,0.7729999971324597,-1.668999994406857,2.6830000043054656,-0.769664,0.071208,359.778746
2046,358933.0,2019-03-28 03:42:13.000000,-2408687.127000001,4698148.303,3566649.8769999994,34.21975822990695,117.14369759496982,36.33459689375013,0.3949999970758137,-1.904999994296368,2.736000004393448,-0.842465,0.092107,9.438655
2046,358934.0,2019-03-28 03:42:14.000000,-2408686.966,4698146.362,3566652.5080000004,34.219786971195525,117.14370565019033,36.32523091509938,-0.041000002759596844,-2.0069999946174035,2.5820000041400957,-0.967203,0.390382,16.775387
2046,358935.0,2019-03-28 03:42:15.000000,-2408687.1140000015,4698144.308,3566655.039000001,34.21981476214023,117.1437172489151,36.29305115714669,-0.26300000271150364,-2.1039999947112125,2.537000004105039,-1.299956,0.209929,22.60103
2046,358936.0,2019-03-28 03:42:16.000000,-2408687.5919999997,4698142.168,3566657.4669999992,34.21984140999874,117.14373246026666,36.26415972132236,-0.640000002533019,-2.1829999950593493,2.3700000038667968,-1.257927,0.363005,28.822912
2046,358937.0,2019-03-28 03:42:17.000000,-2408688.325999999,4698139.989000001,3566659.766,34.21986668007991,117.14375033692548,36.23060222994536,-0.8230000023930103,-2.2339999953324403,2.2390000037775266,-1.207124,0.686419,33.112651
2046,358938.0,2019-03-28 03:42:18.000000,-2408689.3139999993,4698137.772,3566661.9369999995,34.219890579951446,117.143770854628,36.19292236305773,-1.1650000021835307,-2.2349999957410325,2.0430000034140865,-1.970915,0.164692,38.933396
2046,358939.0,2019-03-28 03:42:19.000000,-2408690.5139999995,4698135.488,3566663.995000001,34.219913449400394,117.1437937513606,36.12237273249775,-1.2830000022038404,-2.2939999957014234,2.062000003410964,-1.834911,-0.026684,41.506567
2046,358940.0,2019-03-28 03:42:20.000000,-2408691.7750000022,4698133.195,3566666.041,34.21993612890643,117.14381728174631,36.06146602984518,-1.2440000022006361,-2.275999995707677,2.0590000034151217,-1.665232,0.550424,41.780133
2046,358941.0,2019-03-28 03:42:21.000000,-2408693.0540000005,4698130.92,3566668.0649999995,34.219958521575435,117.14384089685237,36.00822398625314,-1.2810000021546808,-2.2599999957973167,2.016000003342221,-1.621198,0.153232,42.700883
2046,358942.0,2019-03-28 03:42:22.000000,-2408694.3560000006,4698128.664999999,3566670.041,34.2199804130076,117.14386463506166,35.95138277113438,-1.3220000020958995,-2.243999995911974,1.9610000032650448,-1.554234,0.20495,43.342924
2046,358943.0,2019-03-28 03:42:23.000000,-2408695.6659999993,4698126.442,3566671.968,34.22000177630624,117.14388829210479,35.89355103112757,-1.3260000020360496,-2.204999996028714,1.9050000031794665,-1.982559,0.006965,43.902471
2046,358944.0,2019-03-28 03:42:24.000000,-2408696.941,4698124.229,3566673.894,34.220023167986,117.14391156165217,35.82931304629892,-1.2380000021065922,-2.177999995891126,1.971000003217233,-1.842702,0.491117,41.766355
2046,358945.0,2019-03-28 03:42:25.000000,-2408698.0440000016,4698122.0309999995,3566675.911,34.22004556816216,117.14393309593102,35.762403287924826,-1.0390000021995796,-2.165999995709759,2.0580000034049064,-2.15918,1.023633,37.827602
2046,358946.0,2019-03-28 03:42:26.000000,-2408698.985000001,4698119.822999999,3566678.021000001,34.22006908139943,117.14395311528921,35.679323631338775,-0.9250000022979105,-2.14999999551797,2.150000003493394,-2.23701,1.690201,35.016959
2046,358947.0,2019-03-28 03:42:27.000000,-2408699.727999999,4698117.652000001,3566680.228,34.220093608747284,117.14397103936936,35.60332589969039,-0.5990000024218939,-2.109999995276148,2.266000003758435,-1.99305,2.441751,29.627073
2046,358948.0,2019-03-28 03:42:28.000000,-2408700.090000001,4698115.6,3566682.555,34.22011937499456,117.14398469493524,35.53864504117519,-0.16300000250739957,-1.9189999951093735,2.3460000038262607,-1.764145,1.368944,21.448312
2046,358949.0,2019-03-28 03:42:29.000000,-2408700.047,4698113.843,3566684.854000001,34.22014453841165,117.14399297881477,35.5224986653775,0.2589999975364196,-1.5829999951948432,2.305000003576846,-0.740303,1.190301,13.294474
2046,358950.0,2019-03-28 03:42:30.000000,-2408699.685,4698112.394,3566687.003000001,34.220167932010916,117.14399665714586,35.52828563936055,0.5749999978538519,-1.2549999958139884,2.008000003230817,-0.273258,1.618657,3.64372
2046,358951.0,2019-03-28 03:42:31.000000,-2408698.8250000007,4698111.369,3566688.938,34.220188969417414,117.14399342697749,35.537840604782104,1.071999998133877,-0.78099999636017,1.7460000027738785,-0.109344,1.394826,346.922514
2046,358952.0,2019-03-28 03:42:32.000000,-2408697.597000002,4698110.789999999,3566690.552999999,34.22020646053789,117.14398443479935,35.556781576015055,1.3839999983700815,-0.4409999968208805,1.5250000023985564,0.503545,0.777369,332.619254
2046,358953.0,2019-03-28 03:42:33.000000,-2408695.9820000012,4698110.419999999,3566692.1759999995,34.2202239635289,117.14397067054267,35.58801240473986,1.7449999983209172,-0.28299999672498455,1.571000002455015,0.32589,0.99456,324.19445
2046,358954.0,2019-03-28 03:42:34.000000,-2408694.099000001,4698110.273,3566693.6820000005,34.220240208198824,117.14395321408131,35.61643010471016,1.9429999985197144,-0.028999997112731074,1.3850000021371307,0.284913,0.434953,315.676169
2046,358955.0,2019-03-28 03:42:35.000000,-2408692.085000001,4698110.343999999,3566694.987,34.22025427406555,117.14393341318993,35.64279890805483,2.0569999987858454,0.21300000236818617,1.1360000017544822,-0.009693,1.110473,306.78920800000003
2046,358956.0,2019-03-28 03:42:36.000000,-2408689.9380000005,4698110.73,3566695.9470000006,34.22026465472927,117.14391076829574,35.656755950301886,2.1159999991898517,0.5130000015801811,0.7580000011921384,-0.20228,1.037493,294.786375
2046,358957.0,2019-03-28 03:42:37.000000,-2408687.82,4698111.323999999,3566696.6030000006,34.22027176383463,117.14388737361874,35.663740566931665,2.051999999418575,0.6520000011340618,0.5440000008339639,-0.21284,1.433441,287.723857
2046,358958.0,2019-03-28 03:42:38.000000,-2408685.7770000016,4698112.042999999,3566697.043,34.22027652540958,117.14386408433019,35.66952266357839,1.9759999995970643,0.7750000007859218,0.37700000049631877,-0.108667,1.301316,282.52554299999997
2046,358959.0,2019-03-28 03:42:39.000000,-2408683.758999999,4698112.86,3566697.353,34.22027981797955,117.14384055125736,35.68373734224588,2.127999999709288,0.9060000005670313,0.2720000003856814,0.194508,1.522692,278.64662599999997
2046,358960.0,2019-03-28 03:42:40.000000,-2408681.506,4698113.888,3566697.569000001,34.22028200147926,117.14381370408142,35.71169335860759,2.2939999998118923,1.1080000003669026,0.17600000014199443,0.464686,1.435353,274.891615
2046,358961.0,2019-03-28 03:42:41.000000,-2408679.195,4698115.056999999,3566697.6669999994,34.22028280340868,117.14378559868705,35.75515935476869,2.290999999940148,1.2040000001167417,0.055999999938656536,0.360635,1.076244,271.78076699999997
2046,358962.0,2019-03-28 03:42:42.000000,-2408676.8259999994,4698116.318,3566697.6670000004,34.22028259391244,117.1437564776796,35.789328169077635,2.4370000000074814,1.3169999999854074,-0.007000000140871394,0.23963,0.758713,270.130497
2046,358963.0,2019-03-28 03:42:43.000000,-2408674.322,4698117.652000001,3566697.657,34.22028229278186,117.14372569153385,35.82066083885729,2.5719999999251852,1.3190000001459277,0.06999999999924271,0.043334,0.614145,271.5049
2046,358964.0,2019-03-28 03:42:44.000000,-2408671.7460000007,4698118.931999999,3566697.7659999994,34.220283288853445,117.1436944774357,35.85202212911099,2.6029999997851734,1.23200000041902,0.20100000021373834,0.125584,0.988258,274.657625
2046,358965.0,2019-03-28 03:42:45.000000,-2408669.141,4698120.13,3566698.0040000007,34.22028568353263,117.14366338926972,35.88465452659875,2.6249999996825704,1.1570000006191492,0.29700000039359864,0.198009,1.33582,277.349535
2046,358966.0,2019-03-28 03:42:46.000000,-2408666.5200000005,4698121.258,3566698.353,34.22028925843681,117.14363249316393,35.92216916475445,2.6939999995949293,1.1130000007900926,0.37900000055906713,0.524763,1.363173,279.956486
2046,358967.0,2019-03-28 03:42:47.000000,-2408663.6760000004,4698122.425,3566698.8200000003,34.220294052780716,117.14359925042733,35.97061733622104,2.971999999446368,1.1830000010798645,0.5180000007102584,0.344105,1.19977,281.604406
2046,358968.0,2019-03-28 03:42:48.000000,-2408660.6540000006,4698123.602999999,3566699.3909999994,34.22029998443988,117.14356423425852,36.01849918439984,3.0749999993416286,1.1660000012841623,0.6160000008557784,-0.009954,1.183577,282.981999
2046,358969.0,2019-03-28 03:42:49.000000,-2408657.538000002,4698124.7749999985,3566700.006,34.22030648856286,117.14352834002216,36.05125178582966,3.1199999993298726,1.1980000013070942,0.6270000008371592,0.135671,0.882356,283.528047
2046,358970.0,2019-03-28 03:42:50.000000,-2408654.3959999997,4698125.943000001,3566700.653,34.22031330939453,117.14349221449952,36.08925073221326,3.150999999281778,1.1560000014009055,0.6720000009578433,-0.0021,1.067777,283.91279099999997
2046,358971.0,2019-03-28 03:42:51.000000,-2408651.2409999995,4698127.1,3566701.308,34.22032026954379,117.14345601789036,36.11875244323164,3.1609999993213234,1.1840000013237728,0.6350000009101547,0.094328,1.023722,283.791895
2046,358972.0,2019-03-28 03:42:52.000000,-2408648.0900000003,4698128.271,3566701.9560000007,34.220327105090405,117.1434197905895,36.156129715032876,3.1609999992828492,1.167000001398822,0.6710000009455896,0.216698,1.165523,283.840379
2046,358973.0,2019-03-28 03:42:53.000000,-2408644.850000001,4698129.46,3566702.643000001,34.220334355988356,117.14338261467923,36.195111938752234,3.2969999992347545,1.1930000014926334,0.716000001036737,0.213821,1.190055,284.44293
2046,358974.0,2019-03-28 03:42:54.000000,-2408641.506000001,4698130.658999999,3566703.386000001,34.22034221974511,117.14334438490984,36.23371459078044,3.363999999236893,1.1780000014884644,0.7140000011396096,0.041974,1.411879,284.80703900000003
2046,358975.0,2019-03-28 03:42:55.000000,-2408638.1120000016,4698131.848,3566704.169,34.22035054242198,117.14330572178675,36.26859435997903,3.389999999111847,1.1650000017323734,0.8310000011944935,-0.061752,1.600025,286.025507
2046,358976.0,2019-03-28 03:42:56.000000,-2408634.7019999996,4698133.0309999995,3566704.969000001,34.220359055884856,117.14326693384814,36.30258597712964,3.40099999919735,1.231000001565599,0.7510000010686553,-0.061084,1.847892,284.591067
2046,358977.0,2019-03-28 03:42:57.000000,-2408631.312999999,4698134.307000001,3566705.633,34.22036608741693,117.14322788825814,36.336449219845235,3.3049999994025554,1.3030000011653398,0.5590000008159499,0.180708,1.684361,281.787464
2046,358978.0,2019-03-28 03:42:58.000000,-2408628.159,4698135.617000001,3566706.129,34.22037116969182,117.14319094376027,36.389503377489746,3.0179999995564595,1.2750000008651454,0.41500000056757813,0.283359,1.401987,279.245338
2046,358979.0,2019-03-28 03:42:59.000000,-2408625.2290000003,4698136.875,3566706.524,34.22037521557547,117.1431564199151,36.43199762608856,2.8759999995821106,1.2150000008151136,0.39100000054088946,0.05557,1.114381,279.338978
2046,358980.0,2019-03-28 03:43:00.000000,-2408622.3440000014,4698138.079999998,3566706.9460000005,34.22037959774092,117.14312259304238,36.467655018903315,3.004999999490196,1.2320000009943968,0.47700000064331655,0.177374,0.732257,280.662427
2046,358981.0,2019-03-28 03:43:01.000000,-2408619.3860000013,4698139.260999998,3566707.454,34.220384898082536,117.14308818001695,36.50648072268814,2.8839999994324836,1.1510000011069703,0.5310000006828511,0.134187,0.901065,281.648204
2046,358982.0,2019-03-28 03:43:02.000000,-2408616.5330000008,4698140.385999999,3566707.9670000006,34.220390245472004,117.14305505824593,36.546523824334145,2.836999999457066,1.0730000010590242,0.5080000007952207,0.097414,0.916435,282.432238
2046,358983.0,2019-03-28 03:43:03.000000,-2408613.6800000006,4698141.485,3566708.507,34.22039591141597,117.14302206519667,36.582621411420405,2.854999999408972,1.1140000011528346,0.5530000007289823,0.075857,0.61669,282.98834999999997
2046,358984.0,2019-03-28 03:43:04.000000,-2408610.8930000006,4698142.540999999,3566709.059000001,34.220401708143484,117.14298992240916,36.61872632242739,2.727999999414316,1.0300000011424124,0.5480000007683594,0.004549,0.766825,283.315446
2046,358985.0,2019-03-28 03:43:05.000000,-2408608.187,4698143.5709999995,3566709.582,34.220407218641434,117.14295869057463,36.64994834456593,2.7029999994527922,1.0470000010673628,0.5120000007061967,0.072342,0.839955,282.570382
2046,358986.0,2019-03-28 03:43:06.000000,-2408605.481000001,4698144.627999999,3566710.0789999994,34.22041241351054,117.14292732506031,36.68641695100814,2.702999999455999,1.0700000010611093,0.5090000006582451,0.06025,0.760886,282.099648
2046,358987.0,2019-03-28 03:43:07.000000,-2408602.7540000016,4698145.692999999,3566710.575,34.22041761339643,117.14289571713383,36.72028920520097,2.7619999994559996,1.0570000010611091,0.5090000007483994,0.079043,0.691495,282.587461
2046,358988.0,2019-03-28 03:43:08.000000,-2408599.9480000017,4698146.748999999,3566711.1340000005,34.22042350621556,117.14286339084416,36.753169009462,2.9269999993555373,1.0840000012570712,0.6030000008684542,0.065919,0.683975,283.882391
2046,358989.0,2019-03-28 03:43:09.000000,-2408597.0200000014,4698147.818999999,3566711.7669999995,34.22043016965489,117.14282981705907,36.79194550216198,2.872999999322407,1.0370000013216976,0.6340000009087178,0.205451,0.670714,284.660883
2046,358990.0,2019-03-28 03:43:10.000000,-2408594.1810000017,4698148.846999999,3566712.3999999994,34.22043681671946,117.14279731069956,36.83339277282357,2.811999999312788,1.0110000013404599,0.6430000008977218,0.018519,0.804809,284.867778
2046,358991.0,2019-03-28 03:43:11.000000,-2408591.2660000003,4698149.902,3566713.0450000004,34.2204436071964,117.14276393671254,36.87278765719384,3.0029999993063763,1.073000001352969,0.6490000009725996,0.135635,0.683489,284.914579
2046,358992.0,2019-03-28 03:43:12.000000,-2408588.2290000007,4698150.975,3566713.7479999997,34.22045103097766,117.14272929542449,36.91202475409955,3.052999999199501,1.0630000015614391,0.7490000010468798,0.114554,0.92751,285.719043
2046,358993.0,2019-03-28 03:43:13.000000,-2408585.1550000017,4698152.036999998,3566714.4849999994,34.220458843397346,117.1426943512742,36.94833294581622,3.090999999213396,1.046000001534339,0.736000001122928,0.112033,0.926399,286.566627
2046,358994.0,2019-03-28 03:43:14.000000,-2408582.073000001,4698153.095999999,3566715.2309999997,34.22046675493295,117.14265934471288,36.9844790045172,3.0699999992401157,1.0980000014822218,0.711000000992075,0.095253,1.15026,285.203806
2046,358995.0,2019-03-28 03:43:15.000000,-2408578.9880000004,4698154.2129999995,3566715.9020000002,34.22047385266062,117.14262402202054,37.01999418158084,3.0699999992956912,1.1180000013738192,0.6590000009503765,0.023783,1.189482,284.336029
2046,358996.0,2019-03-28 03:43:16.000000,-2408575.905,4698155.330999999,3566716.5660000006,34.220480889060916,117.14258871368621,37.053064736537635,3.085999999277523,1.1170000014092583,0.6760000009695566,0.050611,1.003596,284.580252
2046,358997.0,2019-03-28 03:43:17.000000,-2408572.823999999,4698156.4350000005,3566717.2479999997,34.220488118162905,117.14255349397351,37.086712861433625,3.0509999992508057,1.089000001461377,0.7010000009905174,-0.05276,1.267848,284.890243
2046,358998.0,2019-03-28 03:43:18.000000,-2408569.7700000014,4698157.523999999,3566717.9210000006,34.22049528539113,117.14251860926392,37.11444916483015,3.0619999993042444,1.1180000013571425,0.6510000009418129,0.020279,1.137889,284.537213
2046,358999.0,2019-03-28 03:43:19.000000,-2408566.656,4698158.673000001,3566718.5670000007,34.220502119426676,117.14248284806092,37.14851850923151,3.1889999993202762,1.198000001325872,0.6360000009107627,0.0413,1.225825,283.312237
2046,359000.0,2019-03-28 03:43:20.000000,-2408563.4389999993,4698159.864000001,3566719.2289999994,34.220509121462584,117.14244588421965,37.183637857437134,3.1629999992700455,1.163000001423854,0.683000000955935,0.204903,1.135268,284.392692
2046,359001.0,2019-03-28 03:43:21.000000,-2408560.395000002,4698160.948999999,3566719.917,34.22051639539125,117.14241111586927,37.22064411267638,2.9489999992422584,1.0220000014780568,0.7090000010211625,0.074536,1.484474,285.48418300000003
2046,359002.0,2019-03-28 03:43:22.000000,-2408557.392999999,4698162.000000001,3566720.61,34.220523762832094,117.14237692144742,37.25128955580294,3.0959999992572222,1.0770000014488714,0.6950000010636046,-0.058527,1.627007,285.374394
2046,359003.0,2019-03-28 03:43:23.000000,-2408554.317,4698163.071999999,3566721.3139999993,34.22053128867047,117.1423419084152,37.275660439394414,3.0399999992347793,1.0420000014926523,0.7160000010767154,-0.083125,1.719275,285.558465
2046,359004.0,2019-03-28 03:43:24.000000,-2408551.336999999,4698164.110000001,3566722.002,34.22053862658723,117.1423079908028,37.30223061237484,2.9379999992593615,1.036000001444703,0.6930000009802075,-0.115578,1.809578,285.261253
2046,359005.0,2019-03-28 03:43:25.000000,-2408548.416,4698165.135,3566722.676,34.22054578232584,117.14227470732422,37.33361962251365,2.9289999992764617,1.0470000014113483,0.6770000009476529,0.130408,1.615736,285.679344
2046,359006.0,2019-03-28 03:43:26.000000,-2408545.501000001,4698166.142,3566723.374,34.220553184287695,117.1422415708993,37.36752590164542,2.9989999992037886,1.008000001553109,0.7450000011037643,-0.028629,1.43086,286.388754
2046,359007.0,2019-03-28 03:43:27.000000,-2408542.3400000012,4698167.215,3566724.1590000005,34.22056150596329,117.14220573202572,37.40612821280956,3.265999999165314,1.1040000016281597,0.7810000011889809,-0.002499,1.17939,286.719516
2046,359008.0,2019-03-28 03:43:28.000000,-2408539.0899999994,4698168.318,3566724.9650000003,34.22057005466603,117.1421688851232,37.44504420552403,3.2539999991546282,1.1170000016490071,0.7910000011490499,0.012581,0.838654,286.254655
2046,359009.0,2019-03-28 03:43:29.000000,-2408535.853000001,4698169.468999999,3566725.6970000006,34.22057780512243,117.14213192611793,37.48256927356124,3.1759999993192145,1.2030000013279625,0.6370000008863982,0.151377,0.653087,284.036814
2046,359010.0,2019-03-28 03:43:30.000000,-2408532.790000001,4698170.634,3566726.298,34.220584113463126,117.1420965781607,37.5223623868078,2.9879999995543374,1.123000000869326,0.4170000008522481,0.078875,0.984851,282.079036
2046,359011.0,2019-03-28 03:43:31.000000,-2408529.7070000004,4698171.874,3566726.8140000002,34.22058949607422,117.14206066574087,37.56199706252664,3.1659999995137253,1.2960000009485448,0.4550000006818224,0.144369,1.17761,280.34495300000003
2046,359012.0,2019-03-28 03:43:32.000000,-2408526.506000001,4698173.216999999,3566727.285,34.22059435146127,117.1420231038227,37.60760401096195,3.232999999506246,1.379000000963139,0.46200000058039115,0.056056,1.51169,279.02619300000003
2046,359013.0,2019-03-28 03:43:33.000000,-2408523.2470000004,4698174.589,3566727.7430000002,34.22059911324177,117.14198483820437,37.64536202233285,3.2309999994709773,1.3640000010319364,0.49500000060951865,0.07817,1.589767,279.976079
2046,359014.0,2019-03-28 03:43:34.000000,-2408520.066999999,4698175.878,3566728.2410000013,34.22060436492348,117.14194774642547,37.67434435430914,3.122999999478459,1.2280000010173417,0.4880000007776123,-0.229847,1.789928,280.603333
2046,359015.0,2019-03-28 03:43:35.000000,-2408516.9680000017,4698177.131999999,3566728.719,34.220609438072934,117.14191161016142,37.696881886571646,3.1679999994795294,1.3100000010152577,0.4870000006547533,-0.020806,1.453387,280.203277
2046,359016.0,2019-03-28 03:43:36.000000,-2408513.735,4698178.441,3566729.223,34.2206147668073,117.14187390752127,37.7239661058411,3.282999999388688,1.2950000011924594,0.5720000008089225,-0.019053,1.312559,281.401451
2046,359017.0,2019-03-28 03:43:37.000000,-2408510.4169999994,4698179.731,3566729.8019999997,34.22062093690873,117.14183547807106,37.74718672968447,3.3029999993555585,1.2820000012570862,0.603000000857393,-0.089346,1.020272,282.123677
2046,359018.0,2019-03-28 03:43:38.000000,-2408507.128,4698181.016,3566730.357,34.22062688358174,117.14179735343134,37.764172428287566,3.273999999512661,1.3350000009506324,0.45600000071590435,-0.500936,0.973769,280.665401
2046,359019.0,2019-03-28 03:43:39.000000,-2408503.8510000003,4698182.367,3566730.8029999994,34.22063169221365,117.14175901792271,37.77295147627592,3.2629999995650296,1.3880000008484814,0.40700000059365277,-0.375316,0.894735,278.607775
2046,359020.0,2019-03-28 03:43:40.000000,-2408500.601,4698183.832,3566731.0990000004,34.22063480593352,117.14172037876902,37.791443994268775,3.2159999998236612,1.531000000343979,0.16500000024530187,-0.299702,0.986566,274.415228
2046,359021.0,2019-03-28 03:43:41.000000,-2408497.4140000017,4698185.459999999,3566731.1510000005,34.220635219714154,117.14168154104863,37.81642125546932,3.136000000066261,1.6919999998707471,-0.06200000017584206,-0.059609,0.530507,269.783626
2046,359022.0,2019-03-28 03:43:42.000000,-2408494.328000002,4698187.239999998,3566730.961,34.220632910203975,117.14164292620187,37.85524815879762,2.9880000003248908,1.829999999366244,-0.30400000062171006,0.2719,0.281692,264.052163
2046,359023.0,2019-03-28 03:43:43.000000,-2408491.413,4698189.206,3566730.432,34.22062683905131,117.14160504191966,37.90479676797986,2.774000000775889,2.0189999984864904,-0.7260000012444338,0.34767,0.469739,256.529783
2046,359024.0,2019-03-28 03:43:44.000000,-2408488.7579999994,4698191.342,3566729.5170000005,34.22061652225194,117.14156882692099,37.960434070788324,2.490000001139252,2.175999997777684,-1.0660000018752562,0.376216,0.307123,248.545327
2046,359025.0,2019-03-28 03:43:45.000000,-2408486.3990000007,4698193.5709999995,3566728.2759999996,34.22060267119096,117.14153501008155,38.01282413396984,2.1410000014758945,2.223999997120996,-1.3810000023483089,0.248468,0.44482,240.882884
2046,359026.0,2019-03-28 03:43:46.000000,-2408484.421000001,4698195.888,3566726.658,34.22058473167302,117.14150443703069,38.0616695350036,1.7300000019162038,2.3149999962620877,-1.7930000029772626,0.575689,-0.45886,231.671097
2046,359027.0,2019-03-28 03:43:47.000000,-2408482.813000001,4698198.173,3566724.8369999994,34.22056456756776,117.14147759562752,38.11237608175725,1.482000001949332,2.2299999961974617,-1.8240000030651042,0.310415,0.279467,226.979427
2046,359028.0,2019-03-28 03:43:48.000000,-2408481.3560000006,4698200.463,3566722.914,34.22054327133274,117.14145218774024,38.16635990794748,1.4110000021812399,2.3659999957450775,-2.041000003424507,0.321716,0.513136,224.187837
2046,359029.0,2019-03-28 03:43:49.000000,-2408479.9709999994,4698202.867000001,3566720.7859999994,34.22051976613223,117.14142691081182,38.216101131401956,1.337000002308414,2.477999995496995,-2.160000003737082,0.185289,0.854793,221.205534
2046,359030.0,2019-03-28 03:43:50.000000,-2408478.6920000007,4698205.317999999,3566718.519,34.220494767586196,117.14140242489084,38.26224192883819,1.2100000024548248,2.4759999952113887,-2.2970000038686393,0.248696,0.735639,219.04513
2046,359031.0,2019-03-28 03:43:51.000000,-2408477.517,4698207.771,3566716.1859999998,34.220469027501345,117.14137893344495,38.31196946837008,1.1110000024740585,2.4249999951738643,-2.315000003868121,0.368147,0.724264,217.382576
2046,359032.0,2019-03-28 03:43:52.000000,-2408476.436000001,4698210.181999999,3566713.8590000006,34.22044330422106,117.14135655773154,38.3696265053004,1.0830000024708493,2.4089999951801193,-2.3120000038646897,0.348362,0.251002,216.696778
2046,359033.0,2019-03-28 03:43:53.000000,-2408475.364,4698212.588,3566711.5310000004,34.22041757522545,117.14133429370148,38.42643887922168,1.086000002538175,2.4049999950487826,-2.3750000038531454,0.282196,0.309658,216.805126
2046,359034.0,2019-03-28 03:43:54.000000,-2408474.265,4698215.037,3566709.161000001,34.2203914015957,117.14131155605801,38.48108920827508,1.11700000253176,2.4549999950612924,-2.3690000039242523,0.396845,0.260032,216.816078
2046,359035.0,2019-03-28 03:43:55.000000,-2408473.161000001,4698217.484,3566706.796000001,34.22036528582034,117.14128878004378,38.535195724107325,1.074000002507176,2.4609999951092414,-2.346000003982715,0.271988,0.195859,217.042133
2046,359036.0,2019-03-28 03:43:56.000000,-2408472.048999999,4698219.906,3566704.4620000003,34.220339532414044,117.1412660505524,38.58532452676445,1.1310000024900748,2.414999995142597,-2.3300000038259028,0.235136,0.334562,217.351833
2046,359037.0,2019-03-28 03:43:57.000000,-2408470.9290000005,4698222.343999999,3566702.119000001,34.22031365823303,117.14124316460594,38.63914948422462,1.1280000024932768,2.389999995136345,-2.333000003776991,0.223299,-0.146411,217.447983
2046,359038.0,2019-03-28 03:43:58.000000,-2408469.791999999,4698224.785000001,3566699.7709999997,34.22028777255898,117.14122009964743,38.68595945369452,1.1290000025541913,2.457999995017516,-2.3900000039176845,0.353706,0.181068,217.824436
2046,359039.0,2019-03-28 03:43:59.000000,-2408468.598000002,4698227.215999999,3566697.4889999996,34.22026255580605,117.14119653374307,38.741028911434114,1.1870000023415173,2.392999995432376,-2.1910000037201933,0.381435,0.420226,219.105478
2046,359040.0,2019-03-28 03:44:00.000000,-2408467.4240000006,4698229.601,3566695.2580000004,34.2202378804924,117.14117338872965,38.798477521166205,1.2110000024569334,2.441999995207227,-2.2990000037966967,0.320809,0.085114,219.137831
2046,359041.0,2019-03-28 03:44:01.000000,-2408466.1589999995,4698232.082000001,3566692.9630000005,34.22021250545479,117.14114888965199,38.856249573640525,1.2750000024526558,2.452999995215566,-2.295000003751233,0.504862,0.453788,219.915299
2046,359042.0,2019-03-28 03:44:02.000000,-2408464.9059999995,4698234.55,3566690.688000001,34.22018731039521,117.14112457083563,38.92023189086467,1.2530000024184547,2.453999995282278,-2.2630000037768303,0.431561,0.440275,219.570731
2046,359043.0,2019-03-28 03:44:03.000000,-2408463.6720000007,4698237.003999999,3566688.413,34.220162134550286,117.14110050483215,38.981081577949226,1.2150000024408945,2.475999995238499,-2.2840000038633046,0.267027,0.44135,219.444088
2046,359044.0,2019-03-28 03:44:04.000000,-2408462.455000002,4698239.404999999,3566686.1829999993,34.22013749393786,117.14107686540142,39.03465359099209,1.1910000023094427,2.352999995494921,-2.1610000036325334,0.271392,0.603143,219.317519
2046,359045.0,2019-03-28 03:44:05.000000,-2408461.2760000024,4698241.728999999,3566684.0180000006,34.22011359735284,117.14105397416115,39.082456725649536,1.1990000023329512,2.3699999954490574,-2.183000003659425,0.268262,0.53251,219.622789
2046,359046.0,2019-03-28 03:44:06.000000,-2408460.0100000002,4698244.122,3566681.815000001,34.220089307414185,117.1410299011551,39.126846669241786,1.3220000023297414,2.4279999954553135,-2.1800000036488916,0.154446,0.750667,220.981979
2046,359047.0,2019-03-28 03:44:07.000000,-2408458.693000002,4698246.519,3566679.6380000003,34.2200653111861,117.141005315838,39.169565877877176,1.3080000022421079,2.3399999956262594,-2.0980000034803985,0.045516,0.62012,221.668967
2046,359048.0,2019-03-28 03:44:08.000000,-2408457.381000001,4698248.845,3566677.546,34.22004225732236,117.14098113031527,39.20973057765514,1.3650000023072935,2.3979999954990934,-2.1590000035403976,0.39001,0.626435,222.160911
2046,359049.0,2019-03-28 03:44:09.000000,-2408455.9450000017,4698251.289999999,3566675.399999999,34.22001855083039,117.1409551581775,39.26031924691051,1.4810000022570633,2.4239999955970744,-2.112000003470634,0.287887,0.661886,223.808669
2046,359050.0,2019-03-28 03:44:10.000000,-2408454.5670000017,4698253.627999999,3566673.338999999,34.219995826542274,117.14093027589297,39.30185540858656,1.2370000021801157,2.220999995747175,-2.040000003308197,0.264006,0.931277,221.888765
2046,359051.0,2019-03-28 03:44:11.000000,-2408453.415,4698255.816,3566671.3210000005,34.21997357683558,117.14090831876294,39.34244938381016,1.063000002140572,2.1559999958243097,-2.0030000033586424,0.186469,0.73667,219.20026
2046,359052.0,2019-03-28 03:44:12.000000,-2408452.3870000006,4698257.926,3566669.318,34.219951504060084,117.1408879452969,39.38085927627981,1.0250000021309518,2.0949999958430734,-1.9940000032720846,0.251189,0.719767,218.254841
2046,359053.0,2019-03-28 03:44:13.000000,-2408451.382,4698260.014,3566667.3340000003,34.21992961897392,117.14086790287264,39.42244314122945,0.9720000021042327,2.0729999958951915,-1.9690000032828614,0.293339,0.844559,217.467724
2046,359054.0,2019-03-28 03:44:14.000000,-2408450.4610000006,4698262.079999999,3566665.3230000003,34.219907437603545,117.1408487805854,39.46434155944735,0.8500000021865189,2.0329999957346683,-2.046000003329852,0.289024,0.771838,215.49157
2046,359055.0,2019-03-28 03:44:15.000000,-2408449.6210000017,4698264.129999999,3566663.2790000006,34.219884895092626,117.14083051975923,39.50646367110312,0.8410000022367452,2.0809999956366876,-2.093000003439537,0.314536,0.58171,214.847648
2046,359056.0,2019-03-28 03:44:16.000000,-2408448.712,4698266.279,3566661.1510000005,34.21986143935528,117.14081110248232,39.54816852323711,0.9860000022933826,2.1929999955261983,-2.146000003518067,0.23918,0.540881,216.14596
2046,359057.0,2019-03-28 03:44:17.000000,-2408447.705000001,4698268.519999999,3566658.9750000006,34.21983743739526,117.14079028334861,39.59361176658422,1.0380000023713936,2.252999995374015,-2.219000003587579,0.450551,0.558997,216.917078
2046,359058.0,2019-03-28 03:44:18.000000,-2408446.6240000012,4698270.852999999,3566656.7389999996,34.21981274425528,117.14076829413487,39.645098137669265,1.1180000024034513,2.4069999953114736,-2.2490000038231326,0.38013,0.507943,217.586258
2046,359059.0,2019-03-28 03:44:19.000000,-2408445.4990000003,4698273.273,3566654.418000001,34.21978712675329,117.14074544931455,39.69620565418154,1.0990000025551991,2.4409999950154457,-2.3910000039143178,0.320029,0.555652,217.01794
2046,359060.0,2019-03-28 03:44:20.000000,-2408444.363,4698275.754,3566652.0250000004,34.21976072277485,117.14072219629442,39.74756138399243,1.1870000025530603,2.518999995019615,-2.389000003982883,0.209922,0.589897,217.509135
2046,359061.0,2019-03-28 03:44:21.000000,-2408443.1370000015,4698278.255999999,3566649.6660000007,34.21973468564025,117.14069797017098,39.799543670378625,1.288000002491074,2.5239999951405294,-2.331000003885371,0.297188,0.532218,219.737616
2046,359062.0,2019-03-28 03:44:22.000000,-2408441.7940000016,4698280.763,3566647.384,34.219709470511305,117.1406725894065,39.854376380331814,1.3600000024376373,2.4979999952447662,-2.2810000037542255,0.339807,0.725073,221.259772
2046,359063.0,2019-03-28 03:44:23.000000,-2408440.407000002,4698283.272999999,3566645.133999999,34.21968458213964,117.140646768885,39.91281736828387,1.4220000024034372,2.4789999953114763,-2.2490000036483595,0.278392,0.76154,221.94045
2046,359064.0,2019-03-28 03:44:24.000000,-2408439.0170000014,4698285.781,3566642.883,34.219659702269546,117.14062092930831,39.96809478010982,1.360000002430151,2.5209999952593596,-2.2740000038021764,0.358114,0.702759,221.163057
2046,359065.0,2019-03-28 03:44:25.000000,-2408437.667000001,4698288.312,3566640.5799999996,34.2196342384979,117.14059536217697,40.026143743656576,1.3420000024761007,2.552999995169717,-2.317000003888124,0.329907,0.752125,220.58614
2046,359066.0,2019-03-28 03:44:26.000000,-2408436.3100000005,4698290.888,3566638.235000001,34.219608274811435,117.14056950468708,40.09104778524488,1.3730000025241873,2.5539999950759062,-2.3620000038570814,0.132522,0.840765,220.498988
2046,359067.0,2019-03-28 03:44:27.000000,-2408434.9679999994,4698293.404000001,3566635.9229999995,34.21958279311144,117.14054408910373,40.13601978495717,1.319000002394876,2.487999995328157,-2.2410000037771995,0.162316,0.715242,220.693216
2046,359068.0,2019-03-28 03:44:28.000000,-2408433.6649999996,4698295.902,3566633.618,34.21955735459947,117.14051913927952,40.1863963464275,1.245000002502808,2.5339999951176018,-2.3420000039521778,0.181009,0.637877,219.239117
2046,359069.0,2019-03-28 03:44:29.000000,-2408432.418000001,4698298.446,3566631.2259999993,34.21953093051815,117.14049450255594,40.24282137211412,1.2230000025968473,2.5329999949341477,-2.4300000039736043,0.38377,0.649266,218.277511
2046,359070.0,2019-03-28 03:44:30.000000,-2408431.1919999984,4698301.011,3566628.8140000002,34.21950421403876,117.14046996469082,40.31137522589415,1.2070000025679903,2.5579999949904364,-2.4030000040428217,0.31378,0.727572,218.001536
2046,359071.0,2019-03-28 03:44:31.000000,-2408430.0020000017,4698303.568999999,3566626.3800000004,34.21947728188391,117.14044580915758,40.375987727195024,1.1780000025936344,2.5359999949404037,-2.42700000402795,0.270863,0.865388,217.361229
2046,359072.0,2019-03-28 03:44:32.000000,-2408428.8130000015,4698306.127,3566623.937000001,34.2194502803229,117.14042166329746,40.43591833487153,1.1840000026310349,2.55699999486744,-2.4620000040653176,0.183715,1.066829,217.508825
2046,359073.0,2019-03-28 03:44:33.000000,-2408427.6019999995,4698308.692999999,3566621.496,34.21942330845277,117.14039726538905,40.49456409737468,1.2150000026085903,2.5489999949112185,-2.4410000040155118,0.180601,1.285972,217.753728
2046,359074.0,2019-03-28 03:44:34.000000,-2408426.4210000015,4698311.257,3566619.0289999996,34.21939608240848,117.14037316711618,40.548435057513416,1.16100000262996,2.572999994869526,-2.4610000041232536,0.156608,1.306522,216.758585
2046,359075.0,2019-03-28 03:44:35.000000,-2408425.2589999996,4698313.821,3566616.5489999996,34.219368715512985,117.14034925234758,40.60216438025236,1.1760000026449176,2.5669999948403412,-2.4750000040947158,0.182232,1.165406,217.056442
2046,359076.0,2019-03-28 03:44:36.000000,-2408424.0580000016,4698316.387999999,3566614.0810000002,34.219341514723915,117.14032494610947,40.65014084614813,1.2050000026620133,2.586999994806987,-2.4910000041054197,-0.006766,1.032845,217.680719
2046,359077.0,2019-03-28 03:44:37.000000,-2408422.837,4698318.959,3566611.6109999996,34.21931432722838,117.14030042693986,40.69239410571754,1.2210000026449117,2.570999994840343,-2.4750000040549667,0.046537,1.05534,217.564865
2046,359078.0,2019-03-28 03:44:38.000000,-2408421.625000001,4698321.532,3566609.139,34.21928709498293,117.14027598480098,40.73839139472693,1.2140000026246034,2.594999994879953,-2.4560000041124814,0.140767,1.104024,217.557003
2046,359079.0,2019-03-28 03:44:39.000000,-2408420.419,4698324.101999999,3566606.680000001,34.21925995929831,117.14025161547318,40.79175729583949,1.2160000026053637,2.5779999949174788,-2.4380000040749046,0.339009,0.868124,217.712151
2046,359080.0,2019-03-28 03:44:40.000000,-2408419.2250000024,4698326.667999999,3566604.231000001,34.21923288844725,117.14022738185052,40.852332080714405,1.1890000026288716,2.562999994871616,-2.4600000040724876,0.292591,0.723908,217.485592
2046,359081.0,2019-03-28 03:44:41.000000,-2408418.018,4698329.235,3566601.771999999,34.21920576860058,117.14020301774875,40.90311766508967,1.2090000026641345,2.5439999948028214,-2.493000004011506,-0.026134,0.849557,217.703038
2046,359082.0,2019-03-28 03:44:42.000000,-2408416.805000001,4698331.815999999,3566599.288,34.2191784131055,117.14017852641338,40.94788508489728,1.2210000026491699,2.6329999948320078,-2.479000004184222,0.176824,0.684898,217.28369
2046,359083.0,2019-03-28 03:44:43.000000,-2408415.613000001,4698334.424999999,3566596.7629999984,34.21915057709117,117.14015409928517,40.99812294729054,1.199000002686568,2.629999994759044,-2.5140000042014794,0.4567,0.410664,217.17591
2046,359084.0,2019-03-28 03:44:44.000000,-2408414.390000001,4698337.044999999,3566594.263,34.21912294949691,117.14012931834337,41.05882312823087,1.2400000026619868,2.6339999948069925,-2.491000004166004,0.420066,0.223939,218.043084
2046,359085.0,2019-03-28 03:44:45.000000,-2408413.130000001,4698339.664,3566591.7770000007,34.219095516337134,117.1401041850495,41.11270630545914,1.2310000026822883,2.6119999947673844,-2.5100000041297585,0.211358,-0.040752,218.441361
2046,359086.0,2019-03-28 03:44:46.000000,-2408411.843000001,4698342.286,3566589.2930000005,34.21906814698719,117.1400787761748,41.159739586524665,1.2800000026748042,2.612999994781978,-2.5030000040794818,0.107352,0.229778,218.741584
2046,359087.0,2019-03-28 03:44:47.000000,-2408410.5170000005,4698344.919,3566586.8120000004,34.21904084056094,117.14005293622895,41.2018457101658,1.365000002610681,2.6499999949070623,-2.443000004065782,0.038839,0.366864,219.429174
2046,359088.0,2019-03-28 03:44:48.000000,-2408409.1680000015,4698347.558999999,3566584.345,34.21901366010061,117.1400268395302,41.248302477411926,1.338000002623503,2.6389999948820453,-2.455000004071704,0.154395,0.469814,219.220946
2046,359089.0,2019-03-28 03:44:49.000000,-2408407.8489999995,4698350.197,3566581.8660000004,34.21898632982749,117.1400010424674,41.297857633791864,1.3280000026320489,2.6769999948653687,-2.4630000041616102,0.174367,0.145395,219.237373
2046,359090.0,2019-03-28 03:44:50.000000,-2408406.513000002,4698352.831,3566579.4,34.218959153815995,117.13997510104966,41.34536994807422,1.323000002626702,2.6439999948757937,-2.4580000040981598,0.183373,0.246388,219.437884
2046,359091.0,2019-03-28 03:44:51.000000,-2408405.1790000005,4698355.466,3566576.9380000005,34.21893199848035,117.13994917401307,41.39662426523864,1.301000002657688,2.607999994815338,-2.487000004046621,0.242006,0.030193,219.243679
2046,359092.0,2019-03-28 03:44:52.000000,-2408403.847000002,4698358.096999999,3566574.4810000006,34.21890489383207,117.13992328610959,41.44850368704647,1.3240000026053231,2.6199999949174892,-2.4380000040470597,0.2411,0.530448,219.199639
2046,359093.0,2019-03-28 03:44:53.000000,-2408402.5449999995,4698360.728000001,3566572.0080000004,34.21887760053097,117.13989768794102,41.50270374119282,1.2950000026138684,2.6309999949008125,-2.4460000041009833,0.097299,0.379624,218.661281
2046,359094.0,2019-03-28 03:44:54.000000,-2408401.2720000017,4698363.354,3566569.519,34.21885014344692,117.1398723946019,41.55516797490418,1.2760000026630225,2.6349999948049163,-2.492000004129626,0.256897,0.351637,218.159972
2046,359095.0,2019-03-28 03:44:55.000000,-2408400.0110000004,4698365.974,3566567.0440000007,34.21882279003741,117.13984724686883,41.61561878584325,1.2590000025882149,2.6089999949508473,-2.422000004093592,0.306844,0.237731,218.704211
2046,359096.0,2019-03-28 03:44:56.000000,-2408398.7130000005,4698368.559,3566564.641000001,34.21879621680485,117.13982191509581,41.676850222051144,1.3080000025818,2.559999994963356,-2.416000003939079,0.506371,0.314107,219.806561
2046,359097.0,2019-03-28 03:44:57.000000,-2408397.4180000015,4698371.068,3566562.340000001,34.21877073984683,117.13979698853665,41.74065087083727,1.2710000023873074,2.4809999953427724,-2.234000003813928,0.271572,0.18117,220.261059
2046,359098.0,2019-03-28 03:44:58.000000,-2408396.115000002,4698373.551999999,3566560.066,34.218745595438925,117.1397721084932,41.79822325333953,1.3370000024492845,2.5449999952218603,-2.2920000038768205,0.313599,0.234815,220.32464
2046,359099.0,2019-03-28 03:44:59.000000,-2408394.7720000013,4698376.098999999,3566557.728,34.21871978222729,117.13974653030401,41.8510778080672,1.3510000025091242,2.5749999951051175,-2.3480000039244016,0.157516,0.491788,220.284398
2046,359100.0,2019-03-28 03:45:00.000000,-2408393.409000002,4698378.659999999,3566555.384000001,34.21869390737548,117.1397206896812,41.9033183651045,1.3690000024952291,2.561999995132219,-2.3350000038780663,0.192746,0.696657,220.607572
2046,359101.0,2019-03-28 03:45:01.000000,-2408392.0370000005,4698381.226,3566553.036,34.218668000956754,117.13969473740768,41.953596172854304,1.3740000024877455,2.577999995146812,-2.3280000039060798,0.159431,0.646281,220.6542
2046,359102.0,2019-03-28 03:45:02.000000,-2408390.675,4698383.796,3566550.674000001,34.218641948999895,117.13966886192182,42.00271864421666,1.3150000025422415,2.560999995040494,-2.37900000393369,0.094347,0.866301,219.898199
2046,359103.0,2019-03-28 03:45:03.000000,-2408389.36,4698386.351,3566548.295000001,34.21861572929426,117.13964351459789,42.048973843455315,1.2620000025037688,2.4589999951155432,-2.3430000037776875,0.170172,0.558036,219.52094
2046,359104.0,2019-03-28 03:45:04.000000,-2408388.139000001,4698388.794,3566546.0029999996,34.21859044601676,117.13961962950536,42.097196727991104,1.2220000024161386,2.4249999952864902,-2.2610000037495532,0.076112,0.228048,218.839795
2046,359105.0,2019-03-28 03:45:05.000000,-2408386.918999999,4698391.298,3566543.623000001,34.21856422923757,117.13959545211691,42.141199049539864,1.2140000025614677,2.522999995002971,-2.397000003962403,0.147499,0.119969,218.14257
2046,359106.0,2019-03-28 03:45:06.000000,-2408385.6790000005,4698393.885999999,3566541.1550000003,34.2185370237576,117.13957066577471,42.18998449668288,1.2130000026544332,2.6809999948216032,-2.4840000042928563,0.287165,0.51478,217.975661
2046,359107.0,2019-03-28 03:45:07.000000,-2408384.415000001,4698396.524,3566538.6459999997,34.21850934257229,117.13954540016077,42.243455873802304,1.3050000027367141,2.6019999946610817,-2.561000004029853,0.410848,0.421699,218.197027
2046,359108.0,2019-03-28 03:45:08.000000,-2408383.1449999996,4698399.142,3566536.160000001,34.21848193693702,117.13952017562573,42.29288332723081,1.2310000026437415,2.6059999948424517,-2.47400000411727,-0.083954,0.340948,218.378261
2046,359109.0,2019-03-28 03:45:09.000000,-2408381.9140000003,4698401.714999999,3566533.707,34.21845489011744,117.13949555050226,42.342467760667205,1.2360000026052689,2.5469999949175017,-2.4380000039889302,0.265513,0.37261,217.824259
2046,359110.0,2019-03-28 03:45:10.000000,-2408380.6910000006,4698404.288999999,3566531.273,34.218427961916206,117.13947099770266,42.40649248845875,1.2960000025742755,2.5429999949779583,-2.4090000039164754,0.385358,0.264553,218.241643
2046,359111.0,2019-03-28 03:45:11.000000,-2408379.4960000007,4698406.818999999,3566528.851,34.218401256914156,117.13944693313341,42.45545139256865,1.196000002648006,2.4479999948341153,-2.4780000038252914,0.592895,-1.045585,217.927809
2046,359112.0,2019-03-28 03:45:12.000000,-2408378.306000001,4698409.3719999995,3566526.3980000005,34.21837420549562,117.13942280301018,42.505790354683995,1.2020000025550333,2.463999995015485,-2.391000003852235,0.05839,-1.421034,217.908598
2046,359113.0,2019-03-28 03:45:13.000000,-2408377.104000001,4698411.830999999,3566524.0650000004,34.21834850042582,117.13939902233888,42.54991625994444,1.2030000024150442,2.416999995288581,-2.2600000037531864,0.335494,-0.567689,218.856007
2046,359114.0,2019-03-28 03:45:14.000000,-2408375.9209999996,4698414.251,3566521.7840000005,34.2183233149892,117.13937561822934,42.60175452660769,1.1910000025015988,2.4439999951197215,-2.3410000038222973,1.151893,-0.72985,218.617839
2046,359115.0,2019-03-28 03:45:15.000000,-2408374.725,4698416.742,3566519.4490000014,34.21829743676312,117.1393517371233,42.67057042568922,1.2780000025090756,2.5249999951051287,-2.34800000389819,-0.033592,-0.375954,218.036664
2046,359116.0,2019-03-28 03:45:16.000000,-2408373.512999999,4698419.218,3566517.0969999996,34.21827153647739,117.13932777576991,42.712755454704165,1.220000002446025,2.5379999952281267,-2.28900000398727,0.275938,-0.359542,219.05689
2046,359117.0,2019-03-28 03:45:17.000000,-2408372.281999999,4698421.701000001,3566514.764,34.218245790179694,117.13930359629234,42.763611434958875,1.1680000024930406,2.426999995136401,-2.3330000038114376,0.434364,-0.171425,218.431888
2046,359118.0,2019-03-28 03:45:18.000000,-2408371.0879999995,4698424.144000001,3566512.465,34.2182203922218,117.1392799721565,42.81811107881367,1.224000002487695,2.5149999951468254,-2.3280000039350495,0.525265,0.112807,218.663987
2046,359119.0,2019-03-28 03:45:19.000000,-2408369.87,4698426.652,3566510.1150000007,34.21819437634316,117.1392557944977,42.88271131552756,1.2560000025047895,2.526999995113471,-2.3440000039258715,0.579816,-0.147617,218.991792
2046,359120.0,2019-03-28 03:45:20.000000,-2408368.587,4698429.192999999,3566507.7599999993,34.21816832462407,117.13923082577682,42.94426763989031,1.2820000025453924,2.535999995034253,-2.382000003916852,0.377515,-0.043517,219.649335
2046,359121.0,2019-03-28 03:45:21.000000,-2408367.3050000006,4698431.721,3566505.410000001,34.218142366507784,117.13920593108166,42.999448836781085,1.2400000024406677,2.4859999952385547,-2.284000003857499,0.364645,-0.099164,219.467349
2046,359122.0,2019-03-28 03:45:22.000000,-2408366.0130000003,4698434.283999999,3566503.0049999994,34.21811586361816,117.13918076657299,43.04568640328944,1.3200000026511776,2.6199999948278694,-2.4810000040513613,0.387411,0.185841,218.888212
2046,359123.0,2019-03-28 03:45:23.000000,-2408364.6930000004,4698436.947,3566500.474000001,34.21808803507384,117.13915483665893,43.08409553859383,1.3950000026821616,2.725999994767415,-2.5100000041921953,0.003581,0.03011,218.98281
2046,359124.0,2019-03-28 03:45:24.000000,-2408363.3420000006,4698439.583999999,3566497.997000001,34.21806079804742,117.13912873609267,43.12204819638282,1.3510000026340732,2.622999994861227,-2.4650000040244904,0.246269,0.548407,219.678344
2046,359125.0,2019-03-28 03:45:25.000000,-2408361.9790000017,4698442.225999999,3566495.5350000006,34.2180336780256,117.13910249490581,43.167591341771185,1.3340000026960486,2.5479999947403154,-2.523000003886306,0.15498,0.49593,219.778716
2046,359126.0,2019-03-28 03:45:26.000000,-2408360.625000001,4698444.894,3566493.047,34.21800622607484,117.1390762119468,43.221043090336025,1.3410000027152793,2.694999994702791,-2.5410000041852774,0.345134,0.298369,219.104522
2046,359127.0,2019-03-28 03:45:27.000000,-2408359.25,4698447.605,3566490.525999998,34.21797838269457,117.13904951334631,43.27966097649187,1.446000002643681,2.7129999948424666,-2.4740000041106014,0.278617,0.172438,219.971936
2046,359128.0,2019-03-28 03:45:28.000000,-2408357.8090000018,4698450.3319999995,3566488.036,34.21795085083809,117.13902209818401,43.34259299747646,1.4480000026361974,2.74199999485706,-2.4670000041689217,0.313659,0.837966,220.435985
2046,359129.0,2019-03-28 03:45:29.000000,-2408356.4020000007,4698453.060999999,3566485.5160000003,34.217923007695454,117.13899500148567,43.4029535157606,1.3740000027227488,2.7219999946882005,-2.548000004206304,0.217588,0.836054,218.993985
2046,359130.0,2019-03-28 03:45:30.000000,-2408355.067000001,4698455.788,3566482.9380000005,34.2178945747137,117.13896861002655,43.45638685673475,1.31800000277938,2.721999994577712,-2.601000004266145,0.257624,0.857162,218.028956
2046,359131.0,2019-03-28 03:45:31.000000,-2408353.779000001,4698458.517,3566480.3260000004,34.217865770566625,117.13894266257512,43.509902874939144,1.2990000028039532,2.741999994529766,-2.624000004328143,0.245592,0.867112,217.66262
2046,359132.0,2019-03-28 03:45:32.000000,-2408352.476999999,4698461.247000001,3566477.7180000003,34.217837024095125,117.13891657499043,43.56112592946738,1.3150000027526578,2.720999994629832,-2.5760000042672684,0.131743,0.868021,218.162714
2046,359133.0,2019-03-28 03:45:33.000000,-2408351.1500000013,4698463.948,3566475.1649999996,34.21780887625512,117.13889038954693,43.612510279752314,1.3060000026896086,2.7019999947528293,-2.517000004237277,0.135928,1.020811,218.627404
2046,359134.0,2019-03-28 03:45:34.000000,-2408349.828000002,4698466.592999999,3566472.6880000005,34.21778153602415,117.13886452961418,43.66731234360486,1.3180000025955705,2.595999994936283,-2.429000004003477,0.345443,0.937427,219.476785
2046,359135.0,2019-03-28 03:45:35.000000,-2408348.4910000004,4698469.202999999,3566470.269,34.21775482073199,117.13883869809422,43.723319213837385,1.3270000026222817,2.6129999948841665,-2.454000004029301,0.115164,0.936712,219.44728
2046,359136.0,2019-03-28 03:45:36.000000,-2408347.1980000003,4698471.768999999,3566467.865,34.21772831400415,117.13881350931372,43.771981708705425,1.2900000025154212,2.5569999950926365,-2.3540000039520965,0.084075,0.911884,218.933511
2046,359137.0,2019-03-28 03:45:37.000000,-2408345.966000001,4698474.298999999,3566465.461,34.21770182862167,117.13878908784378,43.8171638417989,1.2080000025741893,2.5559999949779795,-2.409000004037636,0.101222,0.632745,217.949192
2046,359138.0,2019-03-28 03:45:38.000000,-2408344.769000001,4698476.811,3566463.058,34.217675350958444,117.138765093494,43.86286653019488,1.1390000025399911,2.431999995044691,-2.377000003852866,-0.046442,0.814744,217.772865
2046,359139.0,2019-03-28 03:45:39.000000,-2408343.6460000016,4698479.200999999,3566460.7719999994,34.217650124731236,117.1387424177053,43.91250106878579,1.1530000024876295,2.4119999951468407,-2.328000003796212,0.21004,0.642153,217.588603
2046,359140.0,2019-03-28 03:45:40.000000,-2408342.515000002,4698481.6049999995,3566458.4680000013,34.217624719659725,117.13871959537148,43.959300082176924,1.1310000024683924,2.4139999951843656,-2.310000003823891,0.334024,0.645629,217.601557
2046,359141.0,2019-03-28 03:45:41.000000,-2408341.3610000014,4698484.049999999,3566456.137000001,34.217598981533655,117.13869634798228,44.012413184158504,1.168000002443812,2.4329999952323145,-2.287000003823964,0.194845,0.628711,218.054484
2046,359142.0,2019-03-28 03:45:42.000000,-2408340.1890000007,4698486.411999999,3566453.912,34.21757444964451,117.138673337634,44.05726938974112,1.2130000023540501,2.347999995407429,-2.2030000035986803,0.240427,0.646047,219.568391
2046,359143.0,2019-03-28 03:45:43.000000,-2408338.963,4698488.812999999,3566451.6710000015,34.21754974740725,117.13864961275685,44.10146073624492,1.2480000024523543,2.4259999952156392,-2.295000003723887,0.250311,0.73328,219.214961
2046,359144.0,2019-03-28 03:45:44.000000,-2408337.7069999995,4698491.282,3566449.3680000002,34.21752434558801,117.13862526157291,44.14951264951378,1.2850000024844093,2.4839999951530984,-2.3250000038052634,0.277708,0.688564,219.54172
2046,359145.0,2019-03-28 03:45:45.000000,-2408336.494000001,4698493.688,3566447.1179999993,34.21749952363362,117.13860163751805,44.19722970947623,1.1460000023593848,2.325999995397008,-2.2080000036244143,0.426533,0.297681,219.054903
2046,359146.0,2019-03-28 03:45:46.000000,-2408335.355000001,4698495.967,3566444.9910000004,34.21747602040095,117.13857935676826,44.24857237935066,1.1130000022236755,2.237999995661764,-2.081000003476224,0.236955,0.511885,218.943029
2046,359147.0,2019-03-28 03:45:47.000000,-2408334.264000002,4698498.184999999,3566442.8990000007,34.21745294226812,117.13855784153056,44.292815445922315,1.0830000022332895,2.214999995643002,-2.090000003460334,0.331679,0.409309,218.424225
2046,359148.0,2019-03-28 03:45:48.000000,-2408333.202000002,4698500.401999999,3566440.793,34.21742969722062,117.13853661131411,44.33939009346068,1.0540000022909897,2.2439999955304293,-2.144000003551779,0.411317,0.101199,218.076918
2046,359149.0,2019-03-28 03:45:49.000000,-2408332.124,4698502.693,3566438.5950000007,34.217405469514546,117.13851486029125,44.38265112321824,1.114000002417077,2.3429999952844365,-2.26200000369405,0.203653,-0.078884,217.700616
2046,359150.0,2019-03-28 03:45:50.000000,-2408331.004000001,4698505.051,3566436.3309999993,34.21738054466827,117.13849237202598,44.422261382453144,1.1170000024352396,2.399999995248998,-2.2790000038096716,0.196379,-0.236902,218.057291
2046,359151.0,2019-03-28 03:45:51.000000,-2408329.85,4698507.438,3566434.0550000006,34.21735547815669,117.13846941187819,44.46364140510559,1.1640000024715675,2.3829999951781193,-2.3130000037240106,0.266806,-0.04279,218.459559
2046,359152.0,2019-03-28 03:45:52.000000,-2408328.649,4698509.833,3566431.7989999996,34.21733063332268,117.13844595825525,44.50442913081497,1.2350000023935606,2.388999995330302,-2.240000003660653,0.467488,-0.128568,219.71698
2046,359153.0,2019-03-28 03:45:53.000000,-2408327.416,4698512.23,3566429.572000001,34.21730606963917,117.13842218571565,44.550928162410855,1.2110000023775294,2.3789999953615735,-2.225000003665452,0.23021,-0.113363,219.746414
2046,359154.0,2019-03-28 03:45:54.000000,-2408326.2220000005,4698514.554,3566427.4049999993,34.217282192366014,117.13839915117227,44.59216061420739,1.177000002319825,2.3209999954741467,-2.171000003580871,0.134665,0.033158,219.178837
2046,359155.0,2019-03-28 03:45:55.000000,-2408325.05,4698516.921,3566425.159000001,34.21725748132242,117.1383761162504,44.62891135364771,1.205000002449117,2.4009999952219,-2.2920000037177277,0.163163,0.03296,218.694962
2046,359156.0,2019-03-28 03:45:56.000000,-2408323.8319999995,4698519.361,3566422.856,34.21723212240984,117.1383522757606,44.66997926868498,1.223000002464074,2.4699999951927154,-2.306000003842338,0.113675,0.403799,218.764764
2046,359157.0,2019-03-28 03:45:57.000000,-2408322.6179999993,4698521.827,3566420.5370000005,34.217206517677305,117.13832834521429,44.72269338555634,1.2110000024555225,2.511999995209394,-2.298000003942718,0.281738,0.410665,218.802478
2046,359158.0,2019-03-28 03:45:58.000000,-2408321.4010000005,4698524.318,3566418.1999999997,34.21718067291347,117.13830426196151,44.7825528960675,1.214000002528181,2.468999995067635,-2.366000003849872,0.319181,0.504768,218.604476
2046,359159.0,2019-03-28 03:45:59.000000,-2408320.212000001,4698526.818999999,3566415.8360000006,34.21715451701394,117.13828039962571,44.845151542685926,1.1830000025495484,2.494999995025943,-2.386000003937199,0.478488,0.346517,217.701337
2046,359160.0,2019-03-28 03:46:00.000000,-2408319.0409999997,4698529.328999999,3566413.441999999,34.21712805524981,117.13825666658494,44.9042946100235,1.177000002571985,2.5669999949821656,-2.4070000040937085,-0.10151,0.475,217.33538
2046,359161.0,2019-03-28 03:46:01.000000,-2408317.834,4698531.884,3566410.9759999993,34.21710093698987,117.13823236315137,44.94248773064464,1.2230000026970016,2.585999994738258,-2.524000004084165,0.13628,0.841263,217.880993
2046,359162.0,2019-03-28 03:46:02.000000,-2408316.5280000004,4698534.523,3566408.4700000007,34.21707337051683,117.13820668787352,44.982662060298026,1.3420000028401824,2.669999994458911,-2.6580000041321226,-0.054401,0.952836,218.939144
2046,359163.0,2019-03-28 03:46:03.000000,-2408315.152,4698537.265,3566405.8710000003,34.21704480796624,117.13817982676267,45.01993443444371,1.4240000027803406,2.731999994575655,-2.6020000041737537,-0.029911,0.769618,218.994168
2046,359164.0,2019-03-28 03:46:04.000000,-2408313.7599999984,4698540.022,3566403.274,34.217016229647285,117.13815273690572,45.06333719659597,1.3670000027578972,2.708999994619434,-2.581000004186714,0.400268,0.819386,219.039094
2046,359165.0,2019-03-28 03:46:05.000000,-2408312.4270000006,4698542.746,3566400.713000001,34.21698793213199,117.13812638019047,45.124956340529025,1.3540000027269057,2.771999994679891,-2.5520000043319406,0.638674,0.281941,218.86735
2046,359166.0,2019-03-28 03:46:06.000000,-2408311.054000001,4698545.527,3566398.143,34.21695940287098,117.13809935505871,45.208374661393464,1.4470000027632333,2.7789999946090114,-2.5860000042471607,0.796555,-0.1554,219.655242
2046,359167.0,2019-03-28 03:46:07.000000,-2408309.608000001,4698548.378999999,3566395.5419999994,34.216930491012114,117.1380712735251,45.299076246097684,1.4940000027675027,2.8909999946006737,-2.590000004430425,0.891882,-0.221452,220.210062
2046,359168.0,2019-03-28 03:46:08.000000,-2408308.1089999992,4698551.263,3566392.9250000003,34.21690143806635,117.1380425217824,45.38434058520943,1.5080000028380223,2.8979999944630856,-2.6560000044300596,0.452599,0.246911,220.057675
2046,359169.0,2019-03-28 03:46:09.000000,-2408306.6070000012,4698554.164999999,3566390.234000001,34.21687175920984,117.13801365199004,45.44010975398123,1.4880000029170897,2.8929999943088203,-2.7300000044410084,0.361396,0.224994,219.724911
2046,359170.0,2019-03-28 03:46:10.000000,-2408305.101,4698557.147,3566387.458000001,34.21684109505625,117.13798434759629,45.50544570572674,1.4880000030581315,3.0259999940336435,-2.862000004718272,0.443476,-0.113601,219.210895
2046,359171.0,2019-03-28 03:46:11.000000,-2408303.5630000005,4698560.201,3566384.58,34.21680941971175,117.13795437780078,45.55434089805931,1.562000003106211,3.099999993939834,-2.9070000047934688,0.218409,0.432968,219.100275
2046,359172.0,2019-03-28 03:46:12.000000,-2408302.006000001,4698563.267,3566381.6810000003,34.216777577612454,117.13792416514272,45.59309446718544,1.561000003066671,3.0809999940169677,-2.87000000475493,0.435445,0.253656,219.240436
2046,359173.0,2019-03-28 03:46:13.000000,-2408300.46,4698566.322,3566378.814,34.21674599824142,117.13789411318567,45.645899936556816,1.5530000030923103,3.0449999939669365,-2.894000004688431,0.425363,0.397033,219.105029
2046,359174.0,2019-03-28 03:46:14.000000,-2408298.895000002,4698569.415999999,3566375.9279999994,34.21671414522096,117.13786368471935,45.709557296708226,1.5630000030752103,3.119999994000293,-2.8780000048340972,0.517554,0.50329,219.43336
2046,359175.0,2019-03-28 03:46:15.000000,-2408297.286000002,4698572.573999999,3566372.9920000006,34.216681732484425,117.13783251456786,45.7756020789966,1.661000003141454,3.1799999938710437,-2.9400000048544648,0.268869,0.75343,219.507876
2046,359176.0,2019-03-28 03:46:16.000000,-2408295.6370000006,4698575.726000001,3566370.0679999995,34.216649528754054,117.1378009878527,45.82889542821795,1.6370000031243532,3.1929999939043996,-2.9240000049072115,0.261077,0.641708,220.703965
2046,359177.0,2019-03-28 03:46:17.000000,-2408293.9750000006,4698578.87,3566367.1640000003,34.216617540257424,117.13776937521759,45.88264811690897,1.5820000031147312,3.179999993923163,-2.915000004938881,0.350435,0.416911,220.173354
2046,359178.0,2019-03-28 03:46:18.000000,-2408292.348000001,4698581.991999999,3566364.2860000003,34.216585763890606,117.13773820950527,45.94803645275533,1.641000003067712,3.0709999940148895,-2.8710000046486095,0.405284,0.689902,219.987706
2046,359179.0,2019-03-28 03:46:19.000000,-2408290.7000000025,4698585.110999999,3566361.421000001,34.21655414651745,117.13770685586572,46.01060973294079,1.6610000031018997,3.129999993948181,-2.903000004750237,0.290939,0.960931,220.544126
2046,359180.0,2019-03-28 03:46:20.000000,-2408288.995000001,4698588.268,3566358.538,34.216522355325665,117.13767476369668,46.0695287110284,1.6990000030880046,3.1459999939752827,-2.89000000474299,0.303025,0.868326,220.688322
2046,359181.0,2019-03-28 03:46:21.000000,-2408287.2630000003,4698591.459999999,3566355.6540000006,34.21649046120921,117.13764223756414,46.143460786901414,1.8180000030196128,3.242999994108704,-2.8260000048180522,0.350032,0.80357,221.701726
2046,359182.0,2019-03-28 03:46:22.000000,-2408285.428999999,4698594.695,3566352.7860000003,34.2164587282252,117.13760851358177,46.2195639424026,1.879000002977938,3.2349999941900065,-2.787000004736197,0.374089,0.429039,223.453921
2046,359183.0,2019-03-28 03:46:23.000000,-2408283.390000002,4698597.838999999,3566350.164000001,34.21642971359995,117.1375732603376,46.28971346095204,2.24400000266486,3.1749999948008165,-2.494000004221115,0.328298,0.753577,228.730243
2046,359184.0,2019-03-28 03:46:24.000000,-2408280.945,4698601.031,3566347.7300000004,34.21640282266429,117.13753384871225,46.347769474610686,2.643000002531292,3.259999995061402,-2.3690000039719825,-0.057295,0.912785,233.59794599999998
2046,359185.0,2019-03-28 03:46:25.000000,-2408278.2709999993,4698604.17,3566345.5190000003,34.216378362693625,117.13749248795806,46.405849798582494,2.707000002237449,3.066999995634688,-2.09400000350126,0.144175,1.172685,236.610916
2046,359186.0,2019-03-28 03:46:26.000000,-2408275.685000002,4698607.124999999,3566343.485,34.216355848766106,117.13745288782329,46.461252490989864,2.4560000021754718,2.8289999957555985,-2.0360000032733065,0.095072,1.387742,235.754727
2046,359187.0,2019-03-28 03:46:27.000000,-2408273.164,4698609.998,3566341.5110000004,34.21633400172899,117.13741432130983,46.51457120478153,2.5800000020675493,2.8759999959661506,-1.9350000032387964,-0.106833,1.312541,237.643149
2046,359188.0,2019-03-28 03:46:28.000000,-2408270.5560000017,4698612.789999999,3566339.6849999996,34.21631382453691,117.1373753155744,46.55869435146451,2.535000001988477,2.646999996120416,-1.861000002809493,0.181439,1.419257,240.201146
2046,359189.0,2019-03-28 03:46:29.000000,-2408267.984999999,4698615.433,3566338.052000001,34.21629567269561,117.13733740469029,46.6156558515504,2.5470000016775414,2.621999996727057,-1.5700000027445589,0.155683,0.913295,241.717741
2046,359190.0,2019-03-28 03:46:30.000000,-2408265.363,4698617.993999999,3566336.559,34.21627905233389,117.13729940718761,46.671765357255936,2.703000001540772,2.5859999969938956,-1.4420000025028297,0.08922,0.878332,244.382871
2046,359191.0,2019-03-28 03:46:31.000000,-2408262.576,4698620.528,3566335.194,34.21626388947101,117.13725994990814,46.717750578187406,2.8930000013794257,2.5469999973086814,-1.2910000022185186,0.049866,0.648799,247.75695100000002
2046,359192.0,2019-03-28 03:46:32.000000,-2408259.621,4698623.013,3566334.002,34.21625062574739,117.13721911277348,46.761594782583416,3.039000001209535,2.468999997640145,-1.1320000018999195,-0.08673,0.796243,250.992956
2046,359193.0,2019-03-28 03:46:33.000000,-2408256.505,4698625.438,3566332.9609999997,34.21623913059761,117.13717701782902,46.78547250106931,3.2140000010375043,2.427999997975777,-0.9710000016274678,-0.358815,0.845712,254.255188
2046,359194.0,2019-03-28 03:46:34.000000,-2408253.1959999986,4698627.84,3566332.0660000006,34.216229273822336,117.1371331729018,46.8017305675894,3.3700000008975306,2.4149999982488697,-0.8400000014336897,-0.289749,1.024047,256.832806
2046,359195.0,2019-03-28 03:46:35.000000,-2408249.7859999994,4698630.210000001,3566331.293,34.21622070438758,117.13708851099945,46.82495076674968,3.390000000755421,2.3059999985261315,-0.7070000011850971,-0.289608,1.19845,258.672201
2046,359196.0,2019-03-28 03:46:36.000000,-2408246.4140000003,4698632.455,3566330.6530000004,34.21621360244258,117.1370448347951,46.845308099873364,3.448000000605832,2.233999998817987,-0.5670000009730353,-0.23885,1.246111,260.901091
2046,359197.0,2019-03-28 03:46:37.000000,-2408242.8560000006,4698634.701,3566330.1420000005,34.216207887685606,117.13699935740888,46.86878830846399,3.6380000004658593,2.233999999091079,-0.4360000007700307,-0.136535,1.101778,263.335397
2046,359198.0,2019-03-28 03:46:38.000000,-2408239.2690000013,4698636.859999999,3566329.7410000004,34.21620345245152,117.13695403059445,46.87916546501219,3.578000000400681,2.0819999992182443,-0.37500000051727594,-0.667845,1.14558,264.71135200000003
2046,359199.0,2019-03-28 03:46:39.000000,-2408235.7119999994,4698638.926,3566329.407999999,34.216199874294496,117.13690945382298,46.87066009733826,3.5670000003023796,2.0689999994100345,-0.2830000005019361,-0.610774,1.156856,265.70897
2046,359200.0,2019-03-28 03:46:40.000000,-2408232.1410000003,4698641.038,3566329.0740000005,34.21619611352078,117.13686451416851,46.890165763907135,3.556000000377174,2.141999999264107,-0.3530000006658786,0.010662,1.019046,264.47427500000003
2046,359201.0,2019-03-28 03:46:41.000000,-2408228.710000001,4698643.127999999,3566328.7159999995,34.21619194936243,117.13682103542162,46.93279307615012,3.306000000355803,2.0189999993058008,-0.3330000006765893,-0.054495,1.112292,264.017669
2046,359202.0,2019-03-28 03:46:42.000000,-2408225.397,4698645.17,3566328.3240000005,34.21618747543419,117.13677893381586,46.965487577952445,3.3390000004573075,2.026999999107755,-0.4280000006580137,-0.295971,1.1562,263.163048
2046,359203.0,2019-03-28 03:46:43.000000,-2408222.0260000015,4698647.262,3566327.8800000004,34.21618252239431,117.13673602461277,46.98386275675148,3.4170000004957726,2.1329999990327067,-0.46400000079565584,-0.160274,0.865934,262.763831
2046,359204.0,2019-03-28 03:46:44.000000,-2408218.551000002,4698649.446999999,3566327.3960000006,34.2161770920741,117.13669165074516,47.00896016694605,3.535000000518209,2.236999998988928,-0.4850000008863908,-0.149634,0.826083,262.257394
2046,359205.0,2019-03-28 03:46:45.000000,-2408215.0160000003,4698651.697,3566326.871,34.21617120159696,117.13664637572252,47.03620821516961,3.530000000575906,2.2499999988763544,-0.5390000009188417,-0.265236,0.757108,261.742663
2046,359206.0,2019-03-28 03:46:46.000000,-2408211.4940000004,4698653.966,3566326.2960000006,34.21616482259971,117.1366011322074,47.05422845482826,3.5420000006282595,2.2929999987742047,-0.5880000009956692,-0.290072,0.720284,260.871143
2046,359207.0,2019-03-28 03:46:47.000000,-2408207.929000001,4698656.317,3566325.657999999,34.21615770344462,117.1365550675682,47.08095072954893,3.602000000727626,2.372999998580328,-0.681000001098344,-0.019775,0.347224,260.143522
2046,359208.0,2019-03-28 03:46:48.000000,-2408204.3230000013,4698658.768999999,3566324.919000001,34.216149470516726,117.1365081070781,47.109743570908904,3.588000000906058,2.5159999982321843,-0.848000001411421,-0.093603,0.476837,257.862892
2046,359209.0,2019-03-28 03:46:49.000000,-2408200.7570000016,4698661.326,3566324.015,34.21613944138957,117.13646101317738,47.138113191351295,3.5290000010289306,2.616999997992445,-0.9630000016850222,-0.030147,0.437973,255.557804
2046,359210.0,2019-03-28 03:46:50.000000,-2408197.2230000007,4698663.957,3566322.981,34.21612803532096,117.136413862049,47.159910628572106,3.4570000011518016,2.6079999977527053,-1.0780000017431972,-0.286188,0.850675,253.62845
2046,359211.0,2019-03-28 03:46:51.000000,-2408193.8440000005,4698666.578,3566321.850999999,34.21611560032049,117.1363682573029,47.178830918855965,3.293000001245825,2.579999997569252,-1.1660000018600605,-0.124872,0.97353,251.798644
2046,359212.0,2019-03-28 03:46:52.000000,-2408190.5700000003,4698669.179,3566320.676,34.216102677295524,117.1363237655735,47.1973346369341,3.2540000012693286,2.5839999975233887,-1.1880000019100767,-0.216006,0.605983,251.542317
2046,359213.0,2019-03-28 03:46:53.000000,-2408187.324000001,4698671.767999999,3566319.4930000002,34.216089684012694,117.13627960365595,47.21307266317308,3.2190000012832156,2.610999997496287,-1.201000002003766,-0.31122,0.743698,251.04415899999998
2046,359214.0,2019-03-28 03:46:54.000000,-2408184.0970000005,4698674.395999999,3566318.233,34.21607589683758,117.13623543220656,47.22138153202832,3.1850000014413435,2.652999997187753,-1.3490000021276578,-0.516492,0.750278,249.22714000000002
2046,359215.0,2019-03-28 03:46:55.000000,-2408180.941000001,4698677.087,3566316.835000001,34.21606063253691,117.13619163461408,47.22523427661508,3.1270000015866524,2.7299999969042337,-1.4850000023501562,-0.475328,1.038579,247.00604099999998
2046,359216.0,2019-03-28 03:46:56.000000,-2408177.817999999,4698679.898000001,3566315.2680000006,34.21604349073656,117.13614756177985,47.23481320589781,3.1140000017714913,2.847999996543581,-1.658000002610046,-0.364257,1.018593,244.728599
2046,359217.0,2019-03-28 03:46:57.000000,-2408174.7560000005,4698682.803,3566313.5709999995,34.21602481472096,117.13610361279869,47.26347603276372,2.9850000018580327,2.9299999963747214,-1.7390000029188275,0.14745,1.176085,242.792542
2046,359218.0,2019-03-28 03:46:58.000000,-2408171.811000002,4698685.741999998,3566311.8000000003,34.21600516314769,117.1360606254524,47.319679654203355,2.9000000019093144,2.9319999962746546,-1.787000003013821,0.005677,1.353254,241.312735
2046,359219.0,2019-03-28 03:46:59.000000,-2408168.978000002,4698688.667999999,3566309.9620000008,34.215984811789035,117.13601878408404,47.37088704109192,2.773000001978761,2.9409999961391495,-1.852000003168282,-0.021239,1.260163,239.671407
2046,359220.0,2019-03-28 03:47:00.000000,-2408166.249,4698691.602,3566308.0240000007,34.21596343840318,117.13597790749559,47.41097835730761,2.6750000021518443,2.9189999958014297,-2.014000003227131,-0.11887,0.876468,237.89886
2046,359221.0,2019-03-28 03:47:01.000000,-2408163.604,4698694.565,3566305.983,34.21594097213288,117.13593769860246,47.44617732334882,2.5960000022512064,2.985999995607553,-2.107000003451218,-0.160519,0.349645,236.305253
2046,359222.0,2019-03-28 03:47:02.000000,-2408161.0220000003,4698697.556999999,3566303.829000001,34.215917386985815,117.13589795460301,47.46294043119997,2.537000002350567,2.978999995413676,-2.200000003499668,-0.507425,-0.058056,234.713764
2046,359223.0,2019-03-28 03:47:03.000000,-2408158.5080000013,4698700.539,3566301.635999999,34.215893398985,117.13585891681494,47.47606450226158,2.5240000023121,2.9619999954887253,-2.164000003478122,-0.204952,-0.3917,234.90777500000002
2046,359224.0,2019-03-28 03:47:04.000000,-2408156.0099999993,4698703.474,3566299.5320000006,34.21587024947181,117.13582026619156,47.51068464200944,2.448000002236237,2.900999995636738,-2.0930000034321616,-0.056235,-0.052944,234.865025
2046,359225.0,2019-03-28 03:47:05.000000,-2408153.6530000004,4698706.323,3566297.4640000006,34.21584743027868,117.13578340292008,47.555443034507334,2.270000002229823,2.8109999956492464,-2.087000003434725,0.086125,-0.046242,233.508813
2046,359226.0,2019-03-28 03:47:06.000000,-2408151.4799999995,4698709.088000001,3566295.3730000006,34.2158243931405,117.13574873236217,47.59485269989818,2.0370000022714883,2.6859999955679434,-2.1260000034230866,-0.059157,0.000864,230.952378
2046,359227.0,2019-03-28 03:47:07.000000,-2408149.551,4698711.824,3566293.1360000004,34.2157998342933,117.1357165617313,47.62285344675183,1.8100000025642355,2.7339999949967377,-2.4000000037656886,-0.223972,-0.269809,226.199286
2046,359228.0,2019-03-28 03:47:08.000000,-2408147.8370000008,4698714.627,3566290.651999999,34.215772634788856,117.1356861358174,47.64236100856215,1.6220000027287704,2.7939999946756955,-2.554000004091637,-0.17975,-0.566297,222.232841
2046,359229.0,2019-03-28 03:47:09.000000,-2408146.272,4698717.456,3566288.032,34.21574395965321,117.13565702016983,47.66072737518698,1.5490000028548412,2.827999994429703,-2.672000004240514,-0.553352,-0.356673,220.450858
2046,359230.0,2019-03-28 03:47:10.000000,-2408144.7409999995,4698720.328000001,3566285.3299999996,34.2157144006348,117.1356280200627,47.6774544166401,1.4690000029723647,2.844999994200388,-2.7820000043614286,-0.422541,-0.04278,219.312754
2046,359231.0,2019-03-28 03:47:11.000000,-2408143.301,4698723.206000001,3566282.5380000006,34.21568393322471,117.13559986909024,47.68231334909797,1.3630000030460816,2.8609999940565456,-2.8510000045080384,-0.632372,-0.295702,217.740419
2046,359232.0,2019-03-28 03:47:12.000000,-2408141.973999999,4698726.077,3566279.706999999,34.21565294539326,117.13557284405478,47.70271272119135,1.2360000030407348,2.8579999940669696,-2.8460000046374745,-0.0035,0.143188,216.01208
2046,359233.0,2019-03-28 03:47:13.000000,-2408140.748999999,4698728.958,3566276.798,34.215621095150375,117.13554675458552,47.72508414462209,1.1900000031764202,2.9059999938022147,-2.973000004786688,-0.349648,0.523014,214.111731
2046,359234.0,2019-03-28 03:47:14.000000,-2408139.6430000006,4698731.864,3566273.7699999996,34.21558796988157,117.13552169061424,47.74382335320115,0.9720000031657322,2.845999993823063,-2.963000004894523,-0.657995,1.136278,211.570213
2046,359235.0,2019-03-28 03:47:15.000000,-2408138.7420000006,4698734.659999999,3566270.754000001,34.215554956330806,117.13549915083664,47.7656808597967,0.8180000032159439,2.8109999937250847,-3.010000004986094,0.051605,0.96246,209.537495
2046,359236.0,2019-03-28 03:47:16.000000,-2408137.9409999996,4698737.455,3566267.7029999997,34.21552145517024,117.13547758175169,47.804840352386236,0.7680000032779083,2.7899999936041744,-3.068000004995737,-0.142423,0.98933,208.58533
2046,359237.0,2019-03-28 03:47:17.000000,-2408137.1970000016,4698740.224,3566264.637,34.215487827691575,117.13545669183216,47.83793243765831,0.7570000033281205,2.7939999935061954,-3.115000005015828,-0.074319,0.80592,207.891596
2046,359238.0,2019-03-28 03:47:18.000000,-2408136.5080000004,4698742.999999999,3566261.509,34.215453579278524,117.13543629843237,47.86205937247723,0.6240000033291848,2.727999993504113,-3.1160000050203367,-0.212661,0.524777,206.462935
2046,359239.0,2019-03-28 03:47:19.000000,-2408135.9960000003,4698745.658,3566258.408,34.215419655233525,117.13541819841129,47.8812910458073,0.43000000326934984,2.5689999936208565,-3.060000004896143,-0.276014,0.050395,203.60706
2046,359240.0,2019-03-28 03:47:20.000000,-2408135.63,4698748.232,3566255.318999999,34.21538586202877,117.13540192411182,47.90052168816328,0.3440000033537513,2.6419999934561695,-3.1390000051402076,-0.17641,-0.090904,202.367011
2046,359241.0,2019-03-28 03:47:21.000000,-2408135.3090000013,4698750.862999999,3566252.1390000004,34.21535102926503,117.13538580228621,47.927504184655845,0.3170000034413576,2.6829999932852266,-3.221000005254525,-0.227319,-0.334457,202.131372
2046,359242.0,2019-03-28 03:47:22.000000,-2408134.965000001,4698753.462,3566249.014000001,34.21531680404261,117.13536961673775,47.95319232158363,0.3660000032351505,2.5029999936875735,-3.028000004826928,-0.225714,-0.226259,202.481348
2046,359243.0,2019-03-28 03:47:23.000000,-2408134.686,4698755.9569999995,3566245.985,34.21528361335381,117.13535457365852,47.98084472492337,0.23000000324048933,2.4079999936771523,-3.0330000047741854,-0.113053,-0.3364,200.814469
2046,359244.0,2019-03-28 03:47:24.000000,-2408134.485000001,4698758.325,3566243.0549999992,34.21525155326434,117.13534091242637,48.00012512225658,0.19100000304817316,2.296999994052397,-2.8530000045844526,-0.367076,-0.074447,200.393509
2046,359245.0,2019-03-28 03:47:25.000000,-2408134.3110000007,4698760.531,3566240.304000001,34.21522149595536,117.1353283137482,48.011025476269424,0.135000002861199,2.109999994417218,-2.6780000042544465,-0.214014,0.141257,199.987635
2046,359246.0,2019-03-28 03:47:26.000000,-2408134.179000001,4698762.585,3566237.7250000006,34.21519330945242,117.13531687298673,48.02262576203793,0.08100000265713053,1.9759999948153943,-2.487000004032792,-0.248215,0.266076,198.673604
2046,359247.0,2019-03-28 03:47:27.000000,-2408134.1480000005,4698764.586,3566235.159,34.21516522544077,117.13530666992938,48.04062726628035,-0.008999997154832597,2.0899999944484917,-2.6630000043666007,-0.290011,0.650864,196.766703
2046,359248.0,2019-03-28 03:47:28.000000,-2408134.202000002,4698766.687,3566232.4030000004,34.21513507739369,117.13529679280691,48.05744285881519,-0.10399999698388865,2.161999994114945,-2.823000004618195,-0.228802,0.675452,195.233264
2046,359249.0,2019-03-28 03:47:29.000000,-2408134.3980000014,4698768.819999999,3566229.506,34.21510340556911,117.13528812863775,48.07208153232932,-0.28799999684072486,2.0949999938356005,-2.957000004675106,-0.308008,0.80477,192.07117
2046,359250.0,2019-03-28 03:47:30.000000,-2408134.8000000003,4698770.953999999,3566226.468,34.215070201846245,117.13528144891309,48.0858683232218,-0.5109999967135866,2.126999993587525,-3.0760000049800684,-0.121449,0.654741,188.916853
2046,359251.0,2019-03-28 03:47:31.000000,-2408135.3900000015,4698773.095999999,3566223.3079999997,34.21503561790305,117.1352765451556,48.10784973204136,-0.650999996555465,2.1639999932789964,-3.2240000052067757,-0.259982,0.447537,186.718247
2046,359252.0,2019-03-28 03:47:32.000000,-2408136.0810000016,4698775.273999999,3566220.028999999,34.21499975093395,117.13527243860406,48.12750572618097,-0.7409999964828158,2.1799999931372414,-3.2920000053362846,0.151818,0.308211,186.141164
2046,359253.0,2019-03-28 03:47:33.000000,-2408136.826999999,4698777.458000001,3566216.729,34.21496357318952,117.1352688335064,48.160515155643225,-0.7639999964593133,2.207999993091382,-3.314000005419226,0.063175,-0.00576,185.490858
2046,359254.0,2019-03-28 03:47:34.000000,-2408137.6090000006,4698779.652,3566213.4000000004,34.214927050914945,117.13526552657783,48.198157333768904,-0.8009999964144423,2.204999993003828,-3.3560000054525005,-0.03294,-0.432043,185.284866
2046,359255.0,2019-03-28 03:47:35.000000,-2408138.401000002,4698781.8549999995,3566210.0309999995,34.214890166730335,117.13526227168006,48.22370500676334,-0.8399999963855976,2.225999992947545,-3.383000005537944,-0.262255,-0.296038,184.793769
2046,359256.0,2019-03-28 03:47:36.000000,-2408139.2620000015,4698784.063,3566206.599,34.21485263081454,117.13525965838504,48.243534113280475,-0.8939999963129486,2.2119999928057905,-3.451000005566449,-0.276092,-0.059617,183.621561
2046,359257.0,2019-03-28 03:47:37.000000,-2408140.211999999,4698786.259000001,3566203.1250000005,34.21481463016735,117.13525796397451,48.264485630206764,-0.9959999962862407,2.2079999927536775,-3.4760000056670837,-0.216564,0.173576,182.483955
2046,359258.0,2019-03-28 03:47:38.000000,-2408141.214000001,4698788.44,3566199.6329999994,34.21477644277917,117.13525684597937,48.283892136998475,-1.0109999962862426,2.1939999927536804,-3.4760000056539218,-0.29578,0.481816,181.961642
2046,359259.0,2019-03-28 03:47:39.000000,-2408142.2519999994,4698790.603,3566196.135,34.21473820863196,117.13525616473177,48.30025892145932,-1.0509999962552612,2.1679999926932294,-3.505000005642453,-0.289145,0.462052,181.395224
2046,359260.0,2019-03-28 03:47:40.000000,-2408143.352000001,4698792.734,3566192.628,34.214699908406025,117.13525624060851,48.31140241213143,-1.075999996290521,2.135999992762028,-3.472000005602451,-0.591774,0.541993,180.313482
2046,359261.0,2019-03-28 03:47:41.000000,-2408144.4690000005,4698794.82,3566189.152000001,34.21466200297478,117.13525670337685,48.313275307416916,-1.111999996300139,2.114999992780793,-3.4630000055971317,-0.390805,0.264499,180.244251
2046,359262.0,2019-03-28 03:47:42.000000,-2408145.5750000016,4698796.883999998,3566185.7190000014,34.21462454277462,117.13525716880109,48.318990690633655,-1.0739999963792013,2.092999992935063,-3.389000005510667,-0.384904,0.226631,180.37178
2046,359263.0,2019-03-28 03:47:43.000000,-2408146.656000002,4698798.91,3566182.376999999,34.21458799018013,117.13525758086999,48.33848363999277,-1.0589999964529222,1.9909999930789075,-3.3200000052820027,-0.281156,0.2169,180.35914
2046,359264.0,2019-03-28 03:47:44.000000,-2408147.7249999996,4698800.915,3566179.075000001,34.21455185825355,117.13525798098829,48.36049069836736,-1.0699999964636084,2.036999993099758,-3.310000005389647,-0.157416,0.051343,180.468459
2046,359265.0,2019-03-28 03:47:45.000000,-2408148.7810000014,4698802.931,3566175.7710000006,34.21451569185068,117.13525820112073,48.384567722678185,-1.0259999964764308,2.0169999931247777,-3.2980000053009415,-0.259642,-0.077845,181.020129
2046,359266.0,2019-03-28 03:47:46.000000,-2408149.8020000006,4698804.963999999,3566172.456,34.21447944767472,117.1352579991142,48.401772069744766,-1.0019999964518596,2.0619999930768342,-3.3210000053691076,-0.235236,0.125016,181.214341
2046,359267.0,2019-03-28 03:47:47.000000,-2408150.810000001,4698807.011,3566169.1230000006,34.214443036212515,117.13525760227448,48.41425749566406,-0.9799999964475874,2.1099999930684983,-3.3250000054456637,-0.505426,0.25737,181.535085
2046,359268.0,2019-03-28 03:47:48.000000,-2408151.792000002,4698809.078999999,3566165.762,34.21440638139363,117.13525685041377,48.41664946451783,-0.9489999963931016,2.105999992962185,-3.3760000054042023,-0.65974,0.37703,182.023393
2046,359269.0,2019-03-28 03:47:49.000000,-2408152.7380000004,4698811.171,3566162.38,34.21436954498765,117.13525563211314,48.41132021974772,-0.9169999964027188,2.1439999929809495,-3.3670000054492273,-0.94989,0.675597,182.60284
2046,359270.0,2019-03-28 03:47:50.000000,-2408153.6880000015,4698813.244999999,3566158.991,34.21433272834931,117.13525454152969,48.390319645404816,-0.9679999963888317,2.0959999929538524,-3.38000000540365,-0.826013,0.254161,182.092372
2046,359271.0,2019-03-28 03:47:51.000000,-2408154.6899999995,4698815.305000001,3566155.632999999,34.21429608574394,117.13525402240836,48.39606217388064,-1.0309999964411845,2.0479999930560044,-3.331000005370892,-0.335824,0.536232,181.05755
2046,359272.0,2019-03-28 03:47:52.000000,-2408155.7620000006,4698817.292999999,3566152.315,34.21425990429229,117.1352545356364,48.39771384745836,-1.088999996434776,1.9359999930435,-3.3370000051993753,-0.697531,0.750856,179.631519
2046,359273.0,2019-03-28 03:47:53.000000,-2408156.856,4698819.226,3566149.036,34.214224210824064,117.1352555335323,48.3891191855073,-1.0689999965790107,1.8789999933249322,-3.2020000050591784,-0.779315,0.785132,179.50841
2046,359274.0,2019-03-28 03:47:54.000000,-2408157.8980000005,4698821.095,3566145.8900000006,34.21418991777417,117.13525634601226,48.38859990704805,-1.0389999966911931,1.8269999935438241,-3.0970000049187223,-0.622607,0.639873,179.992341
2046,359275.0,2019-03-28 03:47:55.000000,-2408158.8320000023,4698822.889999999,3566142.8970000003,34.214157348817544,117.1352564817709,48.37892119586468,-0.8469999968995309,1.7909999939503347,-2.9020000046385417,-0.906354,0.748582,181.096894
2046,359276.0,2019-03-28 03:47:56.000000,-2408159.707000002,4698824.595999999,3566140.0450000004,34.21412636887765,117.13525648824701,48.360777385532856,-0.8679999970063713,1.6569999941588025,-2.802000004381633,-1.016042,0.40874,180.47429
2046,359277.0,2019-03-28 03:47:57.000000,-2408160.588999999,4698826.238000001,3566137.2769999993,34.21409628766628,117.13525687907769,48.34540861286223,-0.9039999969807309,1.716999994108773,-2.8260000045451723,-0.726199,0.444564,180.028301
2046,359278.0,2019-03-28 03:47:58.000000,-2408161.567999999,4698827.986,3566134.32,34.21406409506519,117.13525768202251,48.33836204651743,-1.0239999967392766,1.832999993637645,-3.0520000049151967,-0.734422,0.104819,179.630185
2046,359279.0,2019-03-28 03:47:59.000000,-2408162.6250000005,4698829.88,3566131.1200000006,34.21402925199842,117.13525851562434,48.33154548238963,-1.1109999964647017,1.9409999931018926,-3.309000005233286,-0.706796,0.26364,179.898789
2046,359280.0,2019-03-28 03:48:00.000000,-2408163.680000002,4698831.928999999,3566127.712999999,34.213992171194036,117.13525856277158,48.32165202219039,-0.9999999963215398,2.072999992822553,-3.443000005389866,-0.789654,0.544929,181.632274
2046,359281.0,2019-03-28 03:48:01.000000,-2408164.7,4698834.0819999995,3566124.175,34.21395372557537,117.1352577571947,48.30143729690462,-1.055999996115343,2.26199999242022,-3.6360000058436914,-0.895365,0.59019,182.051408
2046,359282.0,2019-03-28 03:48:02.000000,-2408165.692,4698836.329,3566120.5390000003,34.21391419007885,117.13525621598738,48.28473789151758,-0.9439999961313711,2.2489999924514934,-3.621000005696928,-0.992102,0.541428,183.342279
2046,359283.0,2019-03-28 03:48:03.000000,-2408166.671000001,4698838.585999999,3566116.927000001,34.21387481844277,117.1352544997466,48.283992448821664,-0.9579999961174852,2.2679999924243965,-3.6340000057514907,-0.66313,0.583933,183.031356
2046,359284.0,2019-03-28 03:48:04.000000,-2408167.6590000014,4698840.859999999,3566113.302,34.213835252398916,117.13525278628339,48.291845524683595,-0.9939999961068029,2.264999992403555,-3.6440000057836963,-0.531412,0.36278,182.883195
2046,359285.0,2019-03-28 03:48:05.000000,-2408168.6699999995,4698843.153,3566109.6430000006,34.21379529400687,117.13525120089831,48.30324137210846,-1.0269999960694118,2.2779999923305962,-3.6790000058460484,-0.512282,0.750031,182.46195
2046,359286.0,2019-03-28 03:48:06.000000,-2408169.7240000004,4698845.431999999,3566105.959,34.21375511298556,117.13525010005868,48.306498343124986,-1.048999996064072,2.2699999923201775,-3.6840000058528735,-0.716854,0.79256,182.102882
2046,359287.0,2019-03-28 03:48:07.000000,-2408170.785000001,4698847.708,3566102.255000001,34.213714780216534,117.1352490816674,48.298945187591016,-1.0469999960405698,2.262999992274319,-3.7060000058361413,-0.744817,0.9144,181.850724
2046,359288.0,2019-03-28 03:48:08.000000,-2408171.917999999,4698849.943000001,3566098.5440000007,34.213674413757396,117.13524896150558,48.28444204386324,-1.1759999960544611,2.149999992301424,-3.6930000057383956,-0.689542,0.731407,180.351322
2046,359289.0,2019-03-28 03:48:09.000000,-2408173.088999999,4698852.116000001,3566094.8980000005,34.213634723693765,117.1352495151666,48.27519505098462,-1.1949999961527542,2.156999992493214,-3.6010000057732836,-0.757758,0.927371,179.667878
2046,359290.0,2019-03-28 03:48:10.000000,-2408174.3430000017,4698854.214,3566091.3009999995,34.213595545355474,117.13525124155744,48.26961292605847,-1.2949999961933547,2.078999992572435,-3.5630000057175177,-0.688648,0.804578,178.05365
2046,359291.0,2019-03-28 03:48:11.000000,-2408175.648000002,4698856.271999999,3566087.716,34.2135565190083,117.13525365842665,48.26057942677289,-1.298999996169852,2.092999992526577,-3.585000005750971,-0.86299,0.47913,178.236976
2046,359292.0,2019-03-28 03:48:12.000000,-2408176.894999999,4698858.351,3566084.1229999997,34.213517472380644,117.13525541125054,48.24062957521528,-1.198999996155965,2.121999992499481,-3.598000005704585,-0.975241,0.470341,179.222808
2046,359293.0,2019-03-28 03:48:13.000000,-2408178.0660000006,4698860.473,3566080.524000001,34.21347836275462,117.13525621731971,48.22028938122094,-1.150999996108958,2.1189999924077614,-3.6420000056470463,-0.742898,0.335473,180.558511
2046,359294.0,2019-03-28 03:48:14.000000,-2408179.183000001,4698862.596999999,3566076.9660000005,34.21343967459817,117.13525649200969,48.2041104529053,-1.1019999962211404,2.095999992626652,-3.5370000055467457,-0.883594,0.138977,180.636222
2046,359295.0,2019-03-28 03:48:15.000000,-2408180.298000001,4698864.673,3566073.4820000003,34.21340175925316,117.1352569849495,48.193464000709355,-1.152999996331185,2.043999992841373,-3.43400000549283,-0.76441,0.02493,179.952756
2046,359296.0,2019-03-28 03:48:16.000000,-2408181.424000001,4698866.688999999,3566070.059000001,34.213364543883216,117.1352578810713,48.17711226269603,-1.1609999963322555,2.005999992843461,-3.433000005422158,-0.899207,-0.016276,179.878779
2046,359297.0,2019-03-28 03:48:17.000000,-2408182.5389999994,4698868.681,3566066.6500000004,34.21332756657501,117.13525878974701,48.14682394079864,-1.1869999963429405,2.0079999928643106,-3.423000005454103,-0.845235,-0.040909,179.430094
2046,359298.0,2019-03-28 03:48:18.000000,-2408183.6240000003,4698870.691,3566063.2320000003,34.21329051033124,117.13525931962495,48.11340954620391,-1.0199999963461486,2.0919999928705684,-3.420000005450789,-0.88118,-0.100256,181.446109
2046,359299.0,2019-03-28 03:48:19.000000,-2408184.577000001,4698872.776,3566059.829,34.21325353275648,117.1352582035831,48.09384076204151,-0.9349999963856799,2.098999992947705,-3.383000005374567,-0.578324,0.029716,182.557624
2046,359300.0,2019-03-28 03:48:20.000000,-2408185.5100000002,4698874.866,3566056.445,34.21321672050715,117.13525686965578,48.08109416253865,-0.960999996398502,2.0729999929727216,-3.3710000053481415,-0.70799,0.010702,182.579113
2046,359301.0,2019-03-28 03:48:21.000000,-2408186.4610000015,4698876.921999999,3566053.1010000003,34.213180318212125,117.13525587782992,48.07260848674923,-0.9799999964070509,2.033999992989403,-3.3630000052871383,-0.49442,0.141105,182.08883
2046,359302.0,2019-03-28 03:48:22.000000,-2408187.4790000003,4698879.021,3566049.6599999997,34.21314284392501,117.13525532020681,48.06650007329881,-1.0769999962403873,2.1199999926642046,-3.519000005570045,-0.717458,0.30354,181.055047
2046,359303.0,2019-03-28 03:48:23.000000,-2408188.5800000005,4698881.168,3566046.0759999994,34.21310389517524,117.1352553265517,48.046618945896626,-1.107999996111115,2.180999992411969,-3.640000005730325,-0.689826,0.34342,181.058541
2046,359304.0,2019-03-28 03:48:24.000000,-2408189.669999999,4698883.358000001,3566042.4360000007,34.21306436041013,117.1352550138526,48.02274975273758,-1.0869999961388948,2.238999992466173,-3.6140000058287938,-0.723985,0.444965,181.348163
2046,359305.0,2019-03-28 03:48:25.000000,-2408190.7560000005,4698885.505999999,3566038.8740000003,34.213025605834616,117.13525487039358,48.01032293960452,-1.1009999962478718,2.1199999926788085,-3.5120000055956777,-0.705672,0.288171,180.760743
2046,359306.0,2019-03-28 03:48:26.000000,-2408191.847,4698887.583000001,3566035.3840000005,34.21298769672929,117.13525512661487,47.98801717534661,-1.0799999962906075,2.0299999927621974,-3.472000005385623,-0.922769,0.2678,180.570363
2046,359307.0,2019-03-28 03:48:27.000000,-2408192.9299999997,4698889.625000001,3566031.9209999996,34.2129501652834,117.13525547880302,47.95212050806731,-1.0369999963226606,2.01799999282474,-3.4420000053146644,-1.211967,0.237852,180.516835
2046,359308.0,2019-03-28 03:48:28.000000,-2408193.9640000006,4698891.684,3566028.4650000003,34.212912722616714,117.13525527366224,47.914192110300064,-1.0009999963151839,2.058999992810151,-3.4490000053616696,-0.724037,0.136421,181.774124
2046,359309.0,2019-03-28 03:48:29.000000,-2408194.9629999995,4698893.7700000005,3566025.028000001,34.21287538071346,117.13525459689856,47.89361886959523,-1.0259999963226645,2.0789999928247473,-3.442000005430069,-0.587096,0.105386,181.308773
2046,359310.0,2019-03-28 03:48:30.000000,-2408195.972000001,4698895.824999999,3566021.6360000004,34.212838491001456,117.13525417013103,47.87930815666914,-0.9769999964209567,1.9999999930165349,-3.3500000052130314,-0.826807,-0.262269,181.663568
2046,359311.0,2019-03-28 03:48:31.000000,-2408196.9240000006,4698897.817,3566018.359000001,34.212802874569256,117.13525350471764,47.8617985015735,-0.9479999965438219,1.9539999932562693,-3.235000005086153,-0.642692,-0.222285,181.818142
2046,359312.0,2019-03-28 03:48:32.000000,-2408197.839999999,4698899.748,3566015.1970000006,34.2127684738463,117.13525279355643,47.85048204101622,-0.9029999966827111,1.922999993527273,-3.105000004973452,-1.03027,0.073378,181.598135
2046,359313.0,2019-03-28 03:48:33.000000,-2408198.7429999993,4698901.61,3566012.117000001,34.212735025734155,117.13525229835113,47.8295911103487,-0.9019999967478832,1.827999993654437,-3.0440000047743427,-0.864594,0.28,181.414582
2046,359314.0,2019-03-28 03:48:34.000000,-2408199.6559999986,4698903.45,3566009.078,34.21270195939573,117.13525200859843,47.819336398504674,-0.9899999967083547,1.8849999935773085,-3.08100000498718,-0.494698,0.172695,181.232057
2046,359315.0,2019-03-28 03:48:35.000000,-2408200.6430000006,4698905.389,3566005.897,34.21266721680008,117.13525194348838,47.8300100537017,-1.0369999965299386,1.9179999932291814,-3.2480000051061833,-0.553752,0.481988,180.427538
2046,359316.0,2019-03-28 03:48:36.000000,-2408201.7160000005,4698907.354,3566002.583,34.2126311665942,117.1352525801962,47.817475540563464,-1.083999996441267,1.979999993056162,-3.33100000528564,-0.813745,0.599785,179.599394
2046,359317.0,2019-03-28 03:48:37.000000,-2408202.8340000017,4698909.329999999,3565999.221,34.21259460489769,117.13525359702454,47.80302271153778,-1.1199999963664824,2.0289999929102436,-3.401000005426244,-0.594789,0.328444,179.744814
2046,359318.0,2019-03-28 03:48:38.000000,-2408203.967,4698911.37,3565995.7620000006,34.21255699669609,117.13525444195696,47.786790248937905,-1.1269999963130655,2.019999992806017,-3.4510000054149588,-0.84068,0.24685,179.76307
2046,359319.0,2019-03-28 03:48:39.000000,-2408205.0790000013,4698913.398999999,3565992.334,34.21251971776602,117.1352551385343,47.771974856965244,-1.0559999963803746,1.972999992937351,-3.3880000052411243,-0.750435,0.105036,180.546619
2046,359320.0,2019-03-28 03:48:40.000000,-2408206.096000001,4698915.421,3565988.985,34.21248327897792,117.13525495234731,47.760598321445286,-0.9439999964455462,2.0309999930645155,-3.3270000052423727,-0.564963,-0.036718,181.85333
2046,359321.0,2019-03-28 03:48:41.000000,-2408207.032000001,4698917.458,3565985.6749999993,34.212447250528506,117.13525390971171,47.75164093170315,-0.9249999964615738,2.020999993095788,-3.3120000052012246,-0.669098,0.124082,182.11386
2046,359322.0,2019-03-28 03:48:42.000000,-2408207.975000002,4698919.498999999,3565982.3400000003,34.212411001478145,117.13525291487866,47.73421343322843,-0.9339999964145677,2.0349999930040688,-3.3560000052400225,-0.701455,0.256946,182.108668
2046,359323.0,2019-03-28 03:48:43.000000,-2408208.9550000005,4698921.539,3565978.9710000004,34.21237441793148,117.1352522823015,47.71089092083275,-0.9979999963932021,2.0079999929623793,-3.37600000525211,-0.787157,0.166902,181.213613
2046,359324.0,2019-03-28 03:48:44.000000,-2408210.0100000007,4698923.551999999,3565975.590000001,34.21233769333089,117.1352525076214,47.68924129009247,-1.0539999964412807,2.0329999930561913,-3.331000005364052,-0.692653,-0.027374,180.379398
2046,359325.0,2019-03-28 03:48:45.000000,-2408211.048000001,4698925.550999999,3565972.249000001,34.21230136938198,117.13525263806234,47.67336967587471,-0.9859999964893595,1.9769999931500013,-3.286000005174662,-0.628313,0.365488,180.719227
2046,359326.0,2019-03-28 03:48:46.000000,-2408212.052000001,4698927.515999999,3565968.985,34.212265851437095,117.13525260844082,47.66294896043837,-0.9729999965502569,2.0189999932688267,-3.2290000052483245,-0.735138,0.063696,181.190345
2046,359327.0,2019-03-28 03:48:47.000000,-2408213.0380000006,4698929.474,3565965.7430000002,34.21223057069021,117.13525243963942,47.6529597658664,-0.9679999965224814,1.9569999932146305,-3.255000005113734,-0.765579,-0.037317,180.931452
2046,359328.0,2019-03-28 03:48:48.000000,-2408214.0220000017,4698931.419999999,3565962.507000001,34.21219539342657,117.13525231091458,47.636760923080146,-0.962999996584448,1.9339999933355405,-3.197000005060445,-0.703219,-0.040088,181.110957
2046,359329.0,2019-03-28 03:48:49.000000,-2408215.018,4698933.315,3565959.3469999996,34.212160985052876,117.13525255048073,47.63028928358108,-0.9969999966709868,1.8249999935043961,-3.1160000048695458,-0.565652,0.004791,180.092483
2046,359330.0,2019-03-28 03:48:50.000000,-2408216.041000001,4698935.133,3565956.272,34.212127495268575,117.13525343186946,47.62512815184891,-1.0269999967297478,1.7449999936190517,-3.0610000047348263,-0.791832,0.254992,179.091939
2046,359331.0,2019-03-28 03:48:51.000000,-2408217.0950000007,4698936.894999999,3565953.2469999995,34.21209455917412,117.13525488977479,47.618561745621264,-0.990999996713724,1.759999993587786,-3.0760000047276326,-0.516794,-0.048192,178.833448
2046,359332.0,2019-03-28 03:48:52.000000,-2408218.1500000004,4698938.748,3565950.089000001,34.212060218767434,117.13525590696088,47.6045649535954,-1.0849999965534716,1.8949999932751,-3.2260000051094755,-1.075319,-0.030866,180.205298
2046,359333.0,2019-03-28 03:48:53.000000,-2408219.1200000006,4698940.651,3565946.919,34.21202575986289,117.13525585585305,47.58856081869453,-0.9969999966741975,1.9699999935106618,-3.1130000051718016,-0.899843,-0.060061,181.700482
2046,359334.0,2019-03-28 03:48:54.000000,-2408220.017000002,4698942.523999999,3565943.837,34.211992261084795,117.13525524826879,47.57242578919977,-0.899999996759668,1.8249999936774324,-3.033000004765903,-0.754121,-0.595484,181.919502
2046,359335.0,2019-03-28 03:48:55.000000,-2408220.949,4698944.32,3565940.8500000006,34.21195973695189,117.1352553597614,47.56624078378081,-0.993999996907103,1.720999993965109,-2.8950000046495292,-0.817919,-0.200327,179.478731
2046,359336.0,2019-03-28 03:48:56.000000,-2408222.1220000004,4698945.863,3565938.011,34.2119289002509,117.13525905069778,47.54797687288374,-1.3739999971058185,1.293999994352845,-2.7090000041653837,-1.122738,-0.314095,171.398374
2046,359337.0,2019-03-28 03:48:57.000000,-2408223.7150000003,4698947.020999999,3565935.3740000003,34.211900335166234,117.13526870294247,47.518365101888776,-1.7839999973515408,0.9529999948323024,-2.479000003892564,-1.16412,-0.680284,160.880407
2046,359338.0,2019-03-28 03:48:58.000000,-2408225.5850000023,4698947.875,3565932.9480000003,34.21187407400417,117.1352825346772,47.48814123496413,-1.9279999975310245,0.7379999951825165,-2.31100000359822,-1.350503,-1.016469,155.292995
2046,359339.0,2019-03-28 03:48:59.000000,-2408227.617000002,4698948.492999999,3565930.7060000002,34.211849874600446,117.1352990988177,47.448793455027044,-2.1099999977372166,0.468999995584844,-2.118000003231907,-1.456003,-0.79746,148.379323
2046,359340.0,2019-03-28 03:49:00.000000,-2408229.8920000005,4698948.805,3565928.6799999997,34.21182810401435,117.1353195240097,47.39734887238592,-2.3779999979989643,0.1349999960955703,-1.8730000028219762,-1.75545,-0.804865,138.821355
2046,359341.0,2019-03-28 03:49:01.000000,-2408232.5540000014,4698948.742999999,3565926.855000001,34.21180862425301,117.13534553738167,47.32964262831956,-2.8379999981944732,-0.262000003522949,-1.6900000024858428,-1.657393,-0.51445,128.823594
2046,359342.0,2019-03-28 03:49:02.000000,-2408235.546,4698948.286,3565925.3100000005,34.211792250759174,117.13537669242515,47.25313937384635,-3.037999998584423,-0.6370000027620742,-1.3250000019177985,-1.917709,-0.096345,118.366598
2046,359343.0,2019-03-28 03:49:03.000000,-2408238.706,4698947.392,3565924.2290000003,34.211780919219386,117.13541163259954,47.17928223311901,-3.1459999991784295,-1.1510000016030446,-0.7690000009617097,-1.667617,-0.04735,106.828963
2046,359344.0,2019-03-28 03:49:04.000000,-2408241.900000001,4698946.061,3565923.702000001,34.21177561036522,117.1354490638943,47.108132735826075,-3.123999999720089,-1.4840000005461607,-0.2620000002440448,-1.762713,0.249871,95.36222
2046,359345.0,2019-03-28 03:49:05.000000,-2408245.0429999996,4698944.404000001,3565923.6320000007,34.211775296864026,117.13548761612553,47.03478205949068,-3.096000000084401,-1.7809999998353176,0.07900000040498459,-1.698254,0.777091,88.502492
2046,359346.0,2019-03-28 03:49:06.000000,-2408248.265999999,4698942.539000001,3565923.7929999996,34.211777458759286,117.13552797033802,46.96841222047806,-3.266000000255339,-1.9229999995017848,0.23900000051936737,-1.529766,0.867344,85.966319
2046,359347.0,2019-03-28 03:49:07.000000,-2408251.555000001,4698940.545999999,3565924.0739999996,34.21178094004433,117.13556959540284,46.900208201259375,-3.3100000003429457,-2.0109999993308496,0.32100000065579565,-1.499856,0.735479,84.423117
2046,359348.0,2019-03-28 03:49:08.000000,-2408254.885,4698938.490999999,3565924.413,34.21178503859047,117.13561192325314,46.834453164599836,-3.3470000003888853,-2.0919999992412146,0.3640000007851104,-1.657306,0.963575,83.931175
2046,359349.0,2019-03-28 03:49:09.000000,-2408258.265,4698936.402,3565924.7479999997,34.21178914507705,117.13565490222291,46.76028844807297,-3.412000000311964,-2.112999999391303,0.2920000007594355,-1.690665,0.436058,85.148706
2046,359350.0,2019-03-28 03:49:10.000000,-2408261.7590000005,4698934.353,3565924.9419999993,34.211791756410484,117.13569878410505,46.6792843779549,-3.600000000102563,-2.058999999799882,0.09600000044600726,-1.876245,-0.099864,88.419679
2046,359351.0,2019-03-28 03:49:11.000000,-2408265.4089999995,4698932.336,3565924.966,34.21179259538319,117.13574401407735,46.5850897282362,-3.687999999982906,-2.016000000033353,-0.015999999737654202,-1.791856,-0.068235,90.521318
2046,359352.0,2019-03-28 03:49:12.000000,-2408269.1420000014,4698930.315999999,3565924.9100000006,34.21179265958689,117.13579006041444,46.47501558624208,-3.7879999999369653,-2.06500000012299,-0.05899999974235541,-2.132975,0.275149,90.895828
2046,359353.0,2019-03-28 03:49:13.000000,-2408272.909,4698928.291000001,3565924.827,34.21179246643881,117.13583645983067,46.35890784487128,-3.7779999999519234,-2.0470000000938064,-0.04499999976920188,-1.024766,0.806631,91.64526
2046,359354.0,2019-03-28 03:49:14.000000,-2408276.677000002,4698926.2979999995,3565924.768000001,34.21179230553799,117.13588271052868,46.280224269255996,-3.761999999915598,-1.9810000001646815,-0.07899999988969789,-1.637288,0.525115,90.971396
2046,359355.0,2019-03-28 03:49:15.000000,-2408280.4150000005,4698924.29,3565924.751000001,34.21179259474773,117.13592874576295,46.202803677879274,-3.7029999999989314,-2.024000000002085,-0.0009999997370348165,-1.867075,0.688427,89.501422
2046,359356.0,2019-03-28 03:49:16.000000,-2408284.125,4698922.247999999,3565924.7700000005,34.21179337041872,117.13597467888415,46.11004405096173,-3.746999999994657,-1.9920000000104228,-0.004999999850757976,-1.884766,0.620903,90.140927
2046,359357.0,2019-03-28 03:49:17.000000,-2408287.8690000004,4698920.264,3565924.687000001,34.21179304543251,117.13602065327942,46.015445956029,-3.750999999849357,-1.9740000002939264,-0.14099999989256173,-1.714388,0.816296,92.044424
2046,359358.0,2019-03-28 03:49:18.000000,-2408291.6230000006,4698918.301,3565924.5789999994,34.21179241620889,117.13606662030827,45.926020845770836,-3.7109999998685885,-1.967000000256402,-0.12299999986442622,-1.707979,0.715191,91.569488
2046,359359.0,2019-03-28 03:49:19.000000,-2408295.3540000007,4698916.329999999,3565924.5160000003,34.2117922117033,117.13611240482628,45.84733723849058,-3.7209999998963665,-1.9910000002022037,-0.09699999982508828,-1.408202,0.526858,91.692764
2046,359360.0,2019-03-28 03:49:20.000000,-2408299.0880000014,4698914.418,3565924.377,34.21179116752829,117.13615792630603,45.77047697547823,-3.766999999768159,-1.8800000004523536,-0.2170000001056295,-1.782147,0.345059,93.535618
2046,359361.0,2019-03-28 03:49:21.000000,-2408302.836,4698912.585,3565924.1140000005,34.21178881019705,117.13620319198418,45.6873196028173,-3.7549999996794834,-1.8340000006253712,-0.3000000001887066,-1.796238,0.34407,95.081067
2046,359362.0,2019-03-28 03:49:22.000000,-2408306.588000001,4698910.783,3565923.8019999997,34.21178593847178,117.13624834285888,45.60093731340021,-3.7679999996538402,-1.7660000006754002,-0.32400000034435417,-1.866027,0.249199,95.631874
2046,359363.0,2019-03-28 03:49:23.000000,-2408310.337000001,4698908.965999999,3565923.5090000005,34.211783282972235,117.13629353900149,45.513069967739284,-3.7329999997553385,-1.806000000477366,-0.2290000002235853,-1.740557,0.588226,93.933904
2046,359364.0,2019-03-28 03:49:24.000000,-2408314.026999999,4698907.076,3565923.353,34.211782114480364,117.13633852669585,45.42625676095486,-3.652999999900639,-1.9150000001938647,-0.09299999991090366,-1.829028,0.970984,91.638678
2046,359365.0,2019-03-28 03:49:25.000000,-2408317.6550000003,4698905.157,3565923.2850000006,34.21178187616289,117.13638305920269,45.34419682249427,-3.5979999999668792,-1.9170000000646235,-0.030999999847980127,-1.795107,0.915681,90.810453
2046,359366.0,2019-03-28 03:49:26.000000,-2408321.243000001,4698903.237999999,3565923.2500000005,34.21178197632066,117.13642720544041,45.26560637913644,-3.585999999936964,-1.8920000001229895,-0.05899999988728086,-1.750689,0.511913,91.243345
2046,359367.0,2019-03-28 03:49:27.000000,-2408324.8320000013,4698901.373999999,3565923.1250000005,34.211781155106976,117.13647108912093,45.177269325591624,-3.6059999998162344,-1.844000000358545,-0.17200000000871515,-1.919071,0.323414,93.114033
2046,359368.0,2019-03-28 03:49:28.000000,-2408328.424000002,4698899.555,3565922.9369999985,34.21177965429165,117.13651477905026,45.08776149246842,-3.565999999811961,-1.8250000003668831,-0.17600000000559304,-1.827433,0.259235,93.123014
2046,359369.0,2019-03-28 03:49:29.000000,-2408331.9960000007,4698897.755,3565922.75,34.211778121449726,117.13655818180622,45.005257421173155,-3.5709999998183712,-1.7830000003543753,-0.17000000009849395,-1.725614,0.240901,93.465586
2046,359370.0,2019-03-28 03:49:30.000000,-2408335.535999999,4698895.97,3565922.5760000004,34.21177669182756,117.13660120130541,44.92903408780694,-3.5169999998151655,-1.7940000003606291,-0.17300000001787658,-1.726448,0.413093,93.295722
2046,359371.0,2019-03-28 03:49:31.000000,-2408339.057000001,4698894.218,3565922.370000001,34.21177491870113,117.13664387399628,44.85194031056017,-3.4879999998066182,-1.7700000003773055,-0.18100000003692926,-1.633287,1.009636,93.305664
2046,359372.0,2019-03-28 03:49:32.000000,-2408342.552,4698892.457999999,3565922.196,34.211773480316225,117.13668633520666,44.77714662719518,-3.4699999997809763,-1.7650000004273343,-0.20500000002812738,-1.732599,1.053587,93.379379
2046,359373.0,2019-03-28 03:49:33.000000,-2408346.042000001,4698890.729,3565921.9760000007,34.211771570711946,117.13672859470131,44.697419674135745,-3.516999999739308,-1.6970000005086325,-0.24400000022009968,-1.894617,1.073022,94.336105
2046,359374.0,2019-03-28 03:49:34.000000,-2408349.525000001,4698889.003999999,3565921.735,34.2117695026777,117.13677076680041,44.606191168539226,-3.4849999997692227,-1.7440000004502663,-0.2160000000879429,-1.995678,1.083598,93.865579
2046,359375.0,2019-03-28 03:49:35.000000,-2408353.0119999996,4698887.268,3565921.499,34.21176751227435,117.13681303196914,44.51118981465697,-3.5109999996987074,-1.721000000587845,-0.28200000016367305,-2.12903,0.948224,94.459841
2046,359376.0,2019-03-28 03:49:36.000000,-2408356.51,4698885.556,3565921.232000001,34.21176515706194,117.13685528457468,44.420572499744594,-3.489999999770291,-1.7000000004481794,-0.21500000018501897,-2.116013,0.861454,94.06049
2046,359377.0,2019-03-28 03:49:37.000000,-2408359.9550000005,4698883.783,3565921.0919999997,34.21176414631005,117.13689732728919,44.33648058865219,-3.384999999966879,-1.8420000000646215,-0.030999999776835024,-1.899291,0.845912,90.914551
2046,359378.0,2019-03-28 03:49:38.000000,-2408363.305999999,4698881.916,3565921.161000001,34.21176533497448,117.13693892752124,44.265268079936504,-3.3060000001228684,-1.9029999997602762,0.11500000043472128,-1.813352,0.993862,87.742983
2046,359379.0,2019-03-28 03:49:39.000000,-2408366.5839999993,4698880.034000001,3565921.313,34.21176737882411,117.13697989705793,44.20215069875121,-3.198000000188041,-1.8989999996331186,0.1760000005417659,-1.710517,1.502183,86.368405
2046,359380.0,2019-03-28 03:49:40.000000,-2408369.7590000005,4698878.138,3565921.5669999993,34.211770484352456,117.1370199412498,44.147231231443584,-3.093000000362194,-1.9149999992933375,0.33900000068729663,-1.422964,1.764982,84.448988
2046,359381.0,2019-03-28 03:49:41.000000,-2408372.826,4698876.235,3565921.885,34.21177434825361,117.13705897716834,44.08240946754813,-3.0170000003173216,-1.9499999993808879,0.2970000008414505,-2.044094,1.476144,83.903735
2046,359382.0,2019-03-28 03:49:42.000000,-2408375.8690000004,4698874.317,3565922.1980000003,34.21177829801422,117.13709785557268,43.994686817750335,-3.051000000330142,-1.9089999993558748,0.309000000719652,-1.830378,1.155864,84.070055
2046,359383.0,2019-03-28 03:49:43.000000,-2408378.9230000004,4698872.434,3565922.481000001,34.211781840805415,117.13713666697355,43.920005339197814,-3.099000000253217,-1.8399999995059617,0.23700000052452766,-1.810353,0.462167,85.611952
2046,359384.0,2019-03-28 03:49:44.000000,-2408382.0619999995,4698870.59,3565922.6479999996,34.211784146367584,117.13717610616709,43.84086752589792,-3.2260000001250058,-1.8619999997561074,0.11700000043469208,-1.962232,0.723515,87.81524
2046,359385.0,2019-03-28 03:49:45.000000,-2408385.397000001,4698868.707,3565922.724,34.21178549628537,117.13721763110419,43.75579622108489,-3.4090000000587635,-1.8849999998853497,0.05500000028710809,-1.927956,0.533737,88.970064
2046,359386.0,2019-03-28 03:49:46.000000,-2408388.8340000017,4698866.778999999,3565922.78,34.211786664251505,117.1372603637527,43.664839535951614,-3.4970000000160266,-1.9549999999687322,0.01500000033899812,-2.179152,0.56387,89.422371
2046,359387.0,2019-03-28 03:49:47.000000,-2408392.353000002,4698864.847999999,3565922.7670000014,34.21178714175739,117.1373039030997,43.56381231267005,-3.5489999999540576,-1.933000000089636,-0.042999999762427604,-2.093225,0.411852,90.606803
2046,359388.0,2019-03-28 03:49:48.000000,-2408395.9130000006,4698862.936,3565922.725,34.211787222558335,117.13734774433141,43.475930084474385,-3.574999999934826,-1.8750000001271576,-0.06099999991111799,-1.84748,0.467492,90.788249
2046,359389.0,2019-03-28 03:49:49.000000,-2408399.4680000017,4698861.041999999,3565922.6890000002,34.21178727844108,117.13739144818965,43.40278465393931,-3.5409999999658104,-1.8520000000667056,-0.03199999992274286,-1.599514,0.214315,90.84895
2046,359390.0,2019-03-28 03:49:50.000000,-2408402.985000001,4698859.197999999,3565922.64,34.21178709971243,117.1374345376191,43.344795268028975,-3.48899999993162,-1.802000000133411,-0.0639999999714187,-1.302293,0.238371,91.704691
2046,359391.0,2019-03-28 03:49:51.000000,-2408406.4419999993,4698857.427,3565922.545,34.21178638747395,117.13747668633316,43.29203538503498,-3.424999999899567,-1.7620000001959475,-0.09399999998642725,-1.396316,0.699067,91.999192
2046,359392.0,2019-03-28 03:49:52.000000,-2408409.835,4698855.675,3565922.4550000005,34.21178577475887,117.13751812297969,43.2319308584556,-3.370999999907046,-1.7710000001813555,-0.08699999990997731,-1.613561,0.448716,92.314103
2046,359393.0,2019-03-28 03:49:53.000000,-2408413.2010000017,4698853.95,3565922.325,34.211784804462724,117.1375591652588,43.159024064429104,-3.361999999868582,-1.7080000002563993,-0.12300000003169398,-1.881108,0.668323,92.391355
2046,359394.0,2019-03-28 03:49:54.000000,-2408416.5439999993,4698852.220000001,3565922.190000001,34.211783872606446,117.13760001018268,43.0709529472515,-3.35199999984187,-1.7050000003085126,-0.14800000002726943,-2.038795,0.616061,92.524773
2046,359395.0,2019-03-28 03:49:55.000000,-2408419.8730000006,4698850.477999999,3565922.072,34.21178315396812,117.13764077930851,42.97833038493991,-3.30599999993162,-1.7440000001334113,-0.06399999989683013,-1.796324,0.512171,91.434621
2046,359396.0,2019-03-28 03:49:56.000000,-2408423.1550000003,4698848.674999999,3565922.087999999,34.21178381810641,117.13768139649635,42.89843188319355,-3.237000000108981,-1.8559999997873766,0.10200000041035523,-1.740806,0.667241,88.620365
2046,359397.0,2019-03-28 03:49:57.000000,-2408426.394999999,4698846.797,3565922.2170000016,34.211785760055385,117.13772197932526,42.811033150181174,-3.246000000188047,-1.8899999996331207,0.17600000047160724,-1.903784,0.557943,87.096636
2046,359398.0,2019-03-28 03:49:58.000000,-2408429.671000002,4698844.887999999,3565922.3620000007,34.211787877871274,117.13776306323336,42.72339832410216,-3.3490000000886813,-1.887999999826983,0.08300000035738184,-1.724107,0.072354,88.263502
2046,359399.0,2019-03-28 03:49:59.000000,-2408433.073999999,4698842.983000001,3565922.420000001,34.211789035419656,117.13780535373898,42.637698472477496,-3.4800000000181632,-1.927999999964563,0.01700000030078988,-1.724073,0.117993,89.547915
2046,359400.0,2019-03-28 03:50:00.000000,-2408436.6270000003,4698841.041,3565922.418,34.21178956574735,117.13784927587702,42.54761741682887,-3.6089999999668767,-1.944000000064622,-0.03099999980369478,-1.811361,0.161131,90.641401
2046,359401.0,2019-03-28 03:50:01.000000,-2408440.2780000004,4698839.094,3565922.357,34.211789452189734,117.13789416911447,42.45765257254243,-3.677999999915593,-1.961000000164679,-0.07899999984198854,-1.825703,0.295757,91.376597
2046,359402.0,2019-03-28 03:50:02.000000,-2408443.9900000007,4698837.141,3565922.258,34.211788941356225,117.13793968110488,42.364918852224946,-3.71299999987606,-1.9440000002418067,-0.11599999991482929,-1.745892,0.44536,91.822403
2046,359403.0,2019-03-28 03:50:03.000000,-2408447.721,4698835.144,3565922.21,34.21178896525448,117.13798559435529,42.27564907260239,-3.7240000000010682,-2.0389999999979156,0.0010000002714411205,-1.745984,0.332507,90.153757
2046,359404.0,2019-03-28 03:50:04.000000,-2408451.4560000002,4698833.1049999995,3565922.2140000006,34.21178955699786,117.138031754118,42.18621928244829,-3.7459999999679456,-2.0480000000625376,-0.02999999973331225,-1.790093,0.013139,90.460002
2046,359405.0,2019-03-28 03:50:05.000000,-2408455.2199999993,4698831.07,3565922.191000001,34.2117898623468,117.13807817412588,42.09549423493445,-3.8089999999668773,-2.01000000006462,-0.030999999879845717,-1.802856,0.285187,90.384166
2046,359406.0,2019-03-28 03:50:06.000000,-2408459.007,4698829.024,3565922.1590000005,34.21179009702383,117.13812487068357,42.000292423181236,-3.8039999999465772,-2.063000000104227,-0.0499999997640313,-1.767485,0.222748,90.858003
2046,359407.0,2019-03-28 03:50:07.000000,-2408462.8210000005,4698826.981,3565922.1170000006,34.21179018117619,117.13817181312227,41.91186341736466,-3.7989999999839736,-2.0670000000312685,-0.014999999750358893,-1.578499,0.178196,90.50082
2046,359408.0,2019-03-28 03:50:08.000000,-2408466.641000001,4698824.925999999,3565922.0929999994,34.211790439757166,117.13821887289795,41.82699009217322,-3.8279999999690144,-2.0640000000604513,-0.028999999787606423,-1.711629,0.109365,90.584158
2046,359409.0,2019-03-28 03:50:09.000000,-2408470.452000001,4698822.87,3565922.0760000004,34.21179077582428,117.13826585071546,41.74192466493696,-3.8229999999989324,-2.027000000002085,-0.0009999998594001566,-1.438097,0.127264,90.280357
2046,359410.0,2019-03-28 03:50:10.000000,-2408474.2530000005,4698820.847,3565922.055,34.21179095632171,117.13831256862922,41.67512648738921,-3.8099999999102487,-1.9790000001751007,-0.08399999994557594,-1.367459,-0.062358,91.147359
2046,359411.0,2019-03-28 03:50:11.000000,-2408478.0160000003,4698818.878,3565922.017,34.211790854347264,117.13835865231063,41.624178636819124,-3.7399999999497817,-1.9460000000979727,-0.0469999999395805,-1.353945,-0.548805,91.220109
2046,359412.0,2019-03-28 03:50:12.000000,-2408481.705000001,4698816.955,3565921.987000001,34.21179077559629,117.13840379371933,41.58367029391229,-3.6739999999519184,-1.8920000000938038,-0.044999999981633815,-1.300443,-0.889683,91.343514
2046,359413.0,2019-03-28 03:50:13.000000,-2408485.304000001,4698815.107,3565921.926000001,34.21179033550682,117.13844769480846,41.54697971139103,-3.4549999999123857,-1.8820000001709314,-0.08199999976849096,-1.515704,-0.489657,91.524905
2046,359414.0,2019-03-28 03:50:14.000000,-2408488.8100000005,4698813.264,3565921.895000001,34.211790311519664,117.13849067308728,41.49575799331069,-3.537999999962603,-1.8260000000729584,-0.03499999997391469,-1.548303,-0.865872,90.786856
2046,359415.0,2019-03-28 03:50:15.000000,-2408492.350000001,4698811.398999999,3565921.872000001,34.21179036778254,117.1385340885841,41.445671793073416,-3.5869999999529867,-1.864000000091719,-0.04399999994706518,-1.478016,-0.282426,90.802128
2046,359416.0,2019-03-28 03:50:16.000000,-2408496.0300000003,4698809.448999999,3565921.8610000005,34.21179057320882,117.13857927672818,41.39259199798107,-3.8170000000245743,-1.9479999999520554,0.022999999982277603,-1.176956,-0.784035,90.60801
2046,359417.0,2019-03-28 03:50:17.000000,-2408499.857,4698807.42,3565921.865,34.21179090691337,117.13862627541747,41.34526172373444,-3.88100000000641,-2.0509999999874924,0.006000000128592909,-1.199402,0.023747,90.441489
2046,359418.0,2019-03-28 03:50:18.000000,-2408503.742000001,4698805.384,3565921.8389999997,34.21179091442386,117.13867386883669,41.29779389407486,-3.8959999999508486,-2.0510000000958897,-0.045999999887442904,-1.204926,-0.003059,91.458685
2046,359419.0,2019-03-28 03:50:19.000000,-2408507.6410000003,4698803.373,3565921.7809999995,34.211790538219546,117.1387214737047,41.25601600110531,-3.946999999950849,-2.02400000009589,-0.045999999998226224,-1.196306,0.074506,91.432156
2046,359420.0,2019-03-28 03:50:20.000000,-2408511.583999999,4698801.336,3565921.716,34.21179012535731,117.13876963215502,41.20776901580393,-3.9639999999155893,-2.048000000164677,-0.07899999996637051,-1.278044,0.321156,91.448101
2046,359421.0,2019-03-28 03:50:21.000000,-2408515.5510000004,4698799.286999999,3565921.647,34.21178968129403,117.13881808176002,41.15749830659479,-4.001999999888877,-1.9900000002167901,-0.10400000012788417,-1.231828,0.095114,92.357368
2046,359422.0,2019-03-28 03:50:22.000000,-2408519.4660000014,4698797.3209999995,3565921.4949999996,34.21178836428786,117.13886561839368,41.10202957317233,-3.887999999815151,-1.9630000003606218,-0.17300000006236724,-1.437383,0.368823,93.290649
2046,359423.0,2019-03-28 03:50:23.000000,-2408523.3540000007,4698795.432,3565921.254,34.21178609887151,117.13891251316689,41.04300410300493,-3.863999999714713,-1.9090000005565668,-0.267000000149296,-1.397426,0.91966,94.566401
2046,359424.0,2019-03-28 03:50:24.000000,-2408527.194000001,4698793.513,3565921.0779999997,34.211784564313845,117.1389590929183,40.98034392017871,-3.829999999927343,-1.9740000001417475,-0.06799999997748175,-1.364253,1.152969,91.518796
2046,359425.0,2019-03-28 03:50:25.000000,-2408531.0030000014,4698791.403999999,3565921.174000001,34.21178598620496,117.13900631377773,40.91910128388554,-3.783000000261781,-2.2009999994892935,0.24500000054591486,-1.314993,1.186707,86.654988
2046,359426.0,2019-03-28 03:50:26.000000,-2408534.7300000004,4698789.111,3565921.5810000002,34.2117907461435,117.13905365356823,40.866381442174315,-3.7020000005374523,-2.3599999989514893,0.5030000009638929,-1.279235,1.241941,82.282559
2046,359427.0,2019-03-28 03:50:27.000000,-2408538.4170000004,4698786.7,3565922.179,34.211797554714906,117.13910119118171,40.8191279405728,-3.663000000700933,-2.434999998632559,0.6560000011618946,-1.297467,1.394588,80.339085
2046,359428.0,2019-03-28 03:50:28.000000,-2408542.1009999993,4698784.22,3565922.861,34.21180530766119,117.1391490413717,40.767196907661855,-3.638000000784278,-2.5309999984699654,0.7340000013887119,-1.108298,1.22842,79.738668
2046,359429.0,2019-03-28 03:50:29.000000,-2408545.742000001,4698781.773,3565923.5460000006,34.211813033523605,117.13919631299642,40.72502045892179,-3.6300000007490185,-2.4179999985387544,0.7010000011617018,-1.121406,1.180906,80.062192
2046,359430.0,2019-03-28 03:50:30.000000,-2408549.3140000007,4698779.377999999,3565924.1899999995,34.21182037869385,117.139242660939,40.67203389387578,-3.5330000006443067,-2.341999998743037,0.603000001106915,-1.309992,1.098053,80.419676
2046,359431.0,2019-03-28 03:50:31.000000,-2408552.864,4698777.004,3565924.8319999995,34.21182766507984,117.13928869250026,40.625081087462604,-3.625000000699871,-2.4309999986346433,0.6550000011941268,-1.133777,0.987065,80.249567
2046,359432.0,2019-03-28 03:50:32.000000,-2408556.5840000003,4698774.52,3565925.499,34.21183524093427,117.13933691016128,40.57536505814642,-3.7560000007212406,-2.5169999985929525,0.6750000012334123,-1.258724,1.125543,80.322271
2046,359433.0,2019-03-28 03:50:33.000000,-2408560.313,4698771.967,3565926.2540000007,34.21184376323725,117.13938555628087,40.52774749696255,-3.6930000008847244,-2.5719999982740234,0.8280000014153674,-1.161689,1.103262,78.283431
2046,359434.0,2019-03-28 03:50:34.000000,-2408563.938000001,4698769.407999999,3565927.079000001,34.211853074898045,117.13943322783365,40.47584404889494,-3.5560000008836568,-2.5439999982761092,0.8270000015033784,-1.191187,1.26139,77.330465
2046,359435.0,2019-03-28 03:50:35.000000,-2408567.5080000004,4698766.814000001,3565927.98,34.21186323816193,117.13948054153586,40.420170683413744,-3.5400000009990586,-2.6339999980509816,0.9350000017080726,-1.286726,1.131935,76.269931
2046,359436.0,2019-03-28 03:50:36.000000,-2408571.072,4698764.168,3565928.9469999997,34.21187414186525,117.13952805470558,40.36107842065394,-3.5830000010428695,-2.642999997965517,0.9760000016808787,-1.146218,0.9653,75.342581
2046,359437.0,2019-03-28 03:50:37.000000,-2408574.623000002,4698761.503999999,3565929.958,34.2118854848208,117.13957553145212,40.30857820715755,-3.534000001109119,-2.6589999978362777,1.0380000017665802,-1.364729,0.754511,74.596449
2046,359438.0,2019-03-28 03:50:38.000000,-2408578.144,4698758.842,3565930.9740000004,34.21189692537624,117.13962270861748,40.24904749635607,-3.579000001024709,-2.631999998000955,0.9590000016622069,-1.310873,0.732815,75.666031
2046,359439.0,2019-03-28 03:50:39.000000,-2408581.7510000006,4698756.259000001,3565931.819,34.211906535919766,117.13967032521143,40.18395312782377,-3.6730000008195542,-2.5309999984011813,0.7670000013512226,-1.50734,0.840514,78.634819
2046,359440.0,2019-03-28 03:50:40.000000,-2408585.4270000006,4698753.742,3565932.5440000007,34.21191479460205,117.13971828141982,40.12599034421146,-3.682000000728731,-2.498999998578366,0.682000001274893,-1.32644,1.138413,79.196982
2046,359441.0,2019-03-28 03:50:41.000000,-2408589.0840000017,4698751.207999999,3565933.3169999993,34.211923531718625,117.13976613831412,40.075341143645346,-3.6310000008387906,-2.518999998363661,0.7850000013710694,-1.357801,1.580725,77.627256
2046,359442.0,2019-03-28 03:50:42.000000,-2408592.6890000007,4698748.597,3565934.2129999995,34.21193365333514,117.13981387422746,40.01757140643895,-3.5430000010727993,-2.687999997907154,1.004000001817373,-1.312213,1.272435,75.018811
2046,359443.0,2019-03-28 03:50:43.000000,-2408596.188999999,4698745.864000001,3565935.3489999995,34.21194635721254,117.13986120011666,39.965355874970555,-3.4060000013516865,-2.792999997363098,1.2650000021826264,-1.204264,1.06676,70.781541
2046,359444.0,2019-03-28 03:50:44.000000,-2408599.5569999996,4698742.998,3565936.741,34.211961874677066,117.13990790971044,39.909410488791764,-3.3030000015675323,-2.8809999969420277,1.4670000024761138,-1.348272,0.976522,67.587001
2046,359445.0,2019-03-28 03:50:45.000000,-2408602.812999999,4698740.056000001,3565938.308,34.21197929852371,117.13995391399446,39.853684154339135,-3.1730000017331568,-2.98299999661893,1.6220000028276351,-1.365168,0.903283,65.180617
2046,359446.0,2019-03-28 03:50:46.000000,-2408605.994999999,4698737.089000001,3565939.9579999996,34.211997624986815,117.13999932746854,39.79831556044519,-3.1910000017566675,-2.970999996573071,1.64400000278338,-1.246625,1.074562,64.783489
2046,359447.0,2019-03-28 03:50:47.000000,-2408609.2050000005,4698734.136999999,3565941.5710000005,34.21201554319721,117.14004493709454,39.74374802224338,-3.2160000016786676,-2.9459999967252415,1.5710000027045474,-1.319192,0.91574,66.281523
2046,359448.0,2019-03-28 03:50:48.000000,-2408612.4790000003,4698731.205,3565943.1080000005,34.21203265661708,117.14009106575483,39.68531346227974,-3.26000000163486,-2.9189999968107077,1.5300000026012426,-1.227251,0.985977,66.624309
2046,359449.0,2019-03-28 03:50:49.000000,-2408615.7140000006,4698728.267,3565944.704,34.21205032710513,117.14013684753237,39.64092789962888,-3.217000001710731,-2.9419999966627075,1.6010000026951257,-1.105862,1.068929,65.575476
2046,359450.0,2019-03-28 03:50:50.000000,-2408618.861,4698725.352,3565946.3240000005,34.212068276225544,117.14018166571027,39.5937691507861,-3.0490000017876677,-2.9129999965126223,1.6730000028141832,-1.257998,1.282281,64.133777
2046,359451.0,2019-03-28 03:50:51.000000,-2408621.8680000002,4698722.44,3565948.025,34.21208713936206,117.14022511715261,39.54155139438808,-2.9230000018656748,-2.9099999963604546,1.7460000029425597,-1.415161,1.211722,61.979174
2046,359452.0,2019-03-28 03:50:52.000000,-2408624.7130000014,4698719.503,3565949.8560000006,34.212107458977805,117.1402671280186,39.48292056377977,-2.8010000020077945,-2.9409999960832156,1.8790000031375356,-1.229168,1.069863,59.676231
2046,359453.0,2019-03-28 03:50:53.000000,-2408627.468,4698716.527999999,3565951.804,34.21212903031829,117.14030845792523,39.42816143203527,-2.693000002121062,-3.0199999958622596,1.9850000034176096,-1.213134,1.130069,57.989358
2046,359454.0,2019-03-28 03:50:54.000000,-2408630.181,4698713.522999999,3565953.844,34.212151519937755,117.14034953078361,39.387212169356644,-2.699000002215099,-3.0269999956788225,2.073000003425784,-1.170703,0.614696,57.345342
2046,359455.0,2019-03-28 03:50:55.000000,-2408632.8960000006,4698710.513,3565955.896000001,34.212174116932474,117.14039064772753,39.35008818563074,-2.733000002163813,-2.9999999957788788,2.0250000033331665,-0.96213,0.35738,58.014449
2046,359456.0,2019-03-28 03:50:56.000000,-2408635.6999999997,4698707.51,3565957.8880000007,34.2121960292511,117.1404325894684,39.317957322113216,-2.8350000020719213,-3.0269999959581466,1.9390000032804504,-1.012432,0.083993,59.512634
2046,359457.0,2019-03-28 03:50:57.000000,-2408638.536999999,4698704.474000001,3565959.898000001,34.212218148292806,117.1404750132469,39.284114393405616,-2.832000002222591,-3.066999995664232,2.0800000033670303,-1.084244,0.06175,58.299275
2046,359458.0,2019-03-28 03:50:58.000000,-2408641.3559999997,4698701.379999999,3565961.9840000006,34.212241137136715,117.14051755033638,39.24353383667767,-2.8440000022279377,-3.079999995653809,2.085000003381301,-0.891701,0.383686,57.782716
2046,359459.0,2019-03-28 03:50:59.000000,-2408644.178,4698698.295,3565964.067,34.212264056068726,117.14056007186808,39.20902478136122,-2.810000002210845,-3.093999995687162,2.069000003446809,-0.977403,0.40576,58.314499
2046,359460.0,2019-03-28 03:51:00.000000,-2408647.0200000005,4698695.228999999,3565966.1180000002,34.21228660447945,117.14060269250058,39.17805374413729,-2.8410000021894772,-3.0679999957288517,2.04900000335948,-1.075292,0.957616,58.270251
2046,359461.0,2019-03-28 03:51:01.000000,-2408649.754999999,4698692.161,3565968.2390000005,34.21230993115675,117.14064428981564,39.14460795558989,-2.617000002284583,-3.027999995543331,2.138000003515453,-0.928476,0.861827,55.803929
2046,359462.0,2019-03-28 03:51:02.000000,-2408652.292000001,4698689.183999999,3565970.400000001,34.2123336033779,117.14068352471584,39.125929593108594,-2.406000002305957,-2.924999995501643,2.1580000035262104,-0.759329,1.057971,54.180174
2046,359463.0,2019-03-28 03:51:03.000000,-2408654.665,4698686.347,3565972.5070000007,34.212356620738085,117.14072048296283,39.1180510930717,-2.31500000221086,-2.7349999956871627,2.06900000322739,-0.816935,0.997936,54.013507
2046,359464.0,2019-03-28 03:51:04.000000,-2408656.8889999995,4698683.655,3565974.524,34.21237865762255,117.14075528464993,39.11006871052086,-2.159000002134995,-2.6079999958351623,1.9980000031293514,-0.689053,0.972648,53.451478
2046,359465.0,2019-03-28 03:51:05.000000,-2408658.9799999995,4698681.101000001,3565976.4499999997,34.212399701156414,117.14078811892837,39.10230430588126,-2.013000002012113,-2.5129999960748797,1.8830000030873306,-0.73901,1.060405,53.137298
2046,359466.0,2019-03-28 03:51:06.000000,-2408661.052999999,4698678.507000001,3565978.446,34.21242148857675,117.14082097741273,39.09767421428114,-2.059000002243995,-2.6949999956225428,2.100000003417553,-0.647855,1.242507,51.082682
2046,359467.0,2019-03-28 03:51:07.000000,-2408663.0710000014,4698675.744999999,3565980.6979999994,34.21244606942614,117.14085413643404,39.09260628186166,-1.9870000024651924,-2.81499999519105,2.307000003744627,-0.774007,1.045055,48.110944
2046,359468.0,2019-03-28 03:51:08.000000,-2408665.066000002,4698672.901999999,3565983.058,34.21247187394863,117.14088747433883,39.079980987124145,-2.0020000024865667,-2.8639999951493604,2.3270000038307366,-0.761041,0.839614,48.437546
2046,359469.0,2019-03-28 03:51:09.000000,-2408667.112999999,4698670.053,3565985.3960000006,34.21249742127789,117.14092134410055,39.07018985413015,-2.0490000024844344,-2.861999995153529,2.325000003776342,-0.55051,0.496361,49.207087
2046,359470.0,2019-03-28 03:51:10.000000,-2408669.1889999993,4698667.205000001,3565987.7110000006,34.212522725566444,117.1409554889698,39.05914536584169,-2.0660000024812324,-2.8639999951597823,2.3220000037623425,-0.831254,0.888323,49.127344
2046,359471.0,2019-03-28 03:51:11.000000,-2408671.243000001,4698664.352999999,3565990.043,34.212548225492924,117.14098944121837,39.04641922656447,-1.968000002526116,-2.8569999950722322,2.364000003852468,-0.836529,0.954511,48.06765
2046,359472.0,2019-03-28 03:51:12.000000,-2408673.224999999,4698661.470000001,3565992.4540000004,34.21257462066781,117.14102285167856,39.02814046386629,-2.0140000025763425,-2.908999994974261,2.4110000039117048,-0.810969,0.751579,47.46375
2046,359473.0,2019-03-28 03:51:13.000000,-2408675.275000001,4698658.562999999,3565994.863000001,34.21260095194316,117.14105703760323,39.016731017269194,-2.120000002547495,-2.8829999950305423,2.3840000037442355,-0.794121,0.627858,48.761952
2046,359474.0,2019-03-28 03:51:14.000000,-2408677.3729999997,4698655.649,3565997.251,34.21262704723882,117.14109172171041,39.00647331122309,-2.092000002604134,-2.9189999949200627,2.437000003849194,-0.878935,0.90726,48.077794
2046,359475.0,2019-03-28 03:51:15.000000,-2408679.3770000003,4698652.676999999,3565999.7649999997,34.21265456082458,117.14112578524445,38.98892109375447,-1.9560000027345041,-2.986999994665754,2.5590000041362657,-0.872322,0.991904,45.633384
2046,359476.0,2019-03-28 03:51:16.000000,-2408681.2549999985,4698649.7,3566002.3760000006,34.212683111436405,117.14115865683873,38.97469945624471,-1.7840000027868699,-2.9469999945636123,2.608000004236679,-0.737226,0.906272,43.671841
2046,359477.0,2019-03-28 03:51:17.000000,-2408682.9899999993,4698646.754000001,3566005.0439999998,34.21271227780247,117.14118999412555,38.96139682363719,-1.6590000028980076,-2.963999994346823,2.7120000044056876,-0.711441,0.930739,41.74345
2046,359478.0,2019-03-28 03:51:18.000000,-2408684.628,4698643.793999999,3566007.805,34.212742424915476,117.14122046406115,38.95349271129817,-1.6070000029995255,-2.9289999941487945,2.8070000043882937,-0.792592,1.121625,40.328633
2046,359479.0,2019-03-28 03:51:19.000000,-2408686.2079999996,4698640.830999999,3566010.612,34.21277306259533,117.14125038879477,38.947368008084595,-1.5720000030091488,-2.970999994130032,2.816000004513242,-0.753916,1.078651,39.69883
2046,359480.0,2019-03-28 03:51:20.000000,-2408687.759,4698637.862,3566013.4450000008,34.21280398821793,117.1412800632143,38.940509802661836,-1.5510000030219764,-2.9509999941050173,2.8280000044939912,-0.675334,1.142259,39.293015
2046,359481.0,2019-03-28 03:51:21.000000,-2408689.2809999995,4698634.9,3566016.3000000007,34.21283511332504,117.14130942296654,38.94023566413671,-1.4850000030486958,-2.9709999940529044,2.853000004606208,-0.720496,1.112364,38.589327
2046,359482.0,2019-03-28 03:51:22.000000,-2408690.7360000005,4698631.935,3566019.193,34.21286669017124,117.14133815060842,38.93384761828929,-1.4120000031021294,-2.952999993948677,2.9030000046466924,-0.62488,1.257545,37.540395
2046,359483.0,2019-03-28 03:51:23.000000,-2408692.108000001,4698628.980999999,3566022.136000001,34.21289878206441,117.14136602233268,38.93235947471112,-1.2680000033575276,-2.946999993450479,3.1420000047880627,-0.612689,0.355249,36.666042
2046,359484.0,2019-03-28 03:51:24.000000,-2408693.457999999,4698625.994,3566025.1369999996,34.212931506061324,117.14139384499474,38.930902153253555,-1.364000003203655,-2.9959999937506465,2.998000004787617,-0.698134,0.63665,36.186586
2046,359485.0,2019-03-28 03:51:25.000000,-2408694.803999999,4698623.045,3566028.1180000002,34.212963918796795,117.14142144094207,38.9446574319154,-1.3430000031609155,-2.9059999938340257,2.9580000046224515,-0.267303,1.061686,35.88407
2046,359486.0,2019-03-28 03:51:26.000000,-2408696.0530000003,4698620.117,3566031.13,34.21299669220236,117.14144799627746,38.95470694638789,-1.1990000032261032,-2.9509999937068696,3.0190000048701324,-1.021328,-0.271508,34.64779
2046,359487.0,2019-03-28 03:51:27.000000,-2408697.265000002,4698617.193999999,3566034.1460000006,34.21302955842529,117.14147416959268,38.95672988798469,-1.1990000032421377,-2.8839999936756,3.0340000047304696,-0.623437,-0.272411,34.436894
2046,359488.0,2019-03-28 03:51:28.000000,-2408698.4160000016,4698614.3,3566037.1380000003,34.2130622559681,117.14149961032517,38.94359005894512,-1.1400000031694766,-2.827999993817346,2.966000004676785,-1.103403,0.584328,33.324169
2046,359489.0,2019-03-28 03:51:29.000000,-2408699.4090000005,4698611.499,3566040.117999999,34.213094809905776,117.14152306497746,38.93253860902041,-0.8830000031972646,-2.699999993763147,2.992000004684598,-0.647537,0.636601,29.946131
2046,359490.0,2019-03-28 03:51:30.000000,-2408700.1280000005,4698608.806,3566043.145,34.21312786065384,117.14154333914192,38.92402708437294,-0.6150000032710023,-2.666999993619314,3.061000004902196,-0.618894,0.995695,26.235437
2046,359491.0,2019-03-28 03:51:31.000000,-2408700.674,4698606.131999999,3566046.2680000006,34.21316194140733,117.14156184869647,38.918214549310505,-0.4920000033629044,-2.699999993440045,3.147000005102425,-0.54957,0.650999,25.050539
2046,359492.0,2019-03-28 03:51:32.000000,-2408701.219,4698603.398000001,3566049.455,34.21319677222661,117.14158064562835,38.90385967027396,-0.5830000034772507,-2.822999993217,3.254000005261578,-0.696318,-0.205982,25.664866
2046,359493.0,2019-03-28 03:51:33.000000,-2408701.829,4698600.496000001,3566052.819,34.21323353005565,117.14160090190066,38.88992200884968,-0.6420000035841158,-2.9049999930085466,3.354000005369461,-0.860762,-0.281949,25.920912
2046,359494.0,2019-03-28 03:51:34.000000,-2408702.495,4698597.583,3566056.164,34.21327006636248,117.14162175340716,38.878335390239954,-0.6870000035371012,-2.9199999931002623,3.310000005352642,-0.44789,-0.280329,27.00305
2046,359495.0,2019-03-28 03:51:35.000000,-2408703.2290000003,4698594.677,3566059.477,34.21330617529171,117.14164322692027,38.87956318538636,-0.7390000035713011,-2.885999993033556,3.3420000052262013,-0.588636,-0.254213,27.352297
2046,359496.0,2019-03-28 03:51:36.000000,-2408704.0050000013,4698591.753999999,3566062.763,34.21334206249633,117.14166519017981,38.868946998380125,-0.8510000035082574,-2.92999999315654,3.283000005198237,-0.703584,0.192527,28.564407
2046,359497.0,2019-03-28 03:51:37.000000,-2408704.795,4698588.797,3566066.041,34.2133780110484,117.14168745696048,38.83409706596285,-0.7710000035531431,-2.9429999930689887,3.3250000053108257,-0.320678,0.26551,27.512968
2046,359498.0,2019-03-28 03:51:38.000000,-2408705.514000001,4698585.885,3566069.3660000004,34.213414271174685,117.1417088153839,38.83200756832957,-0.6650000035467363,-2.887999993081493,3.31900000530945,-0.844328,0.650289,26.555585
2046,359499.0,2019-03-28 03:51:39.000000,-2408706.2010000017,4698583.066999999,3566072.591,34.213449435796875,117.14172939948452,38.83079477865249,-0.7910000033992713,-2.788999993369155,3.181000004968439,-0.666889,0.10901,28.369527
2046,359500.0,2019-03-28 03:51:40.000000,-2408707.074000001,4698580.261,3566075.6589999995,34.21348294576206,117.1417517203058,38.8203061260283,-0.9580000032860017,-2.8639999935901117,3.0750000049463195,-0.997469,0.636096,30.836572
2046,359501.0,2019-03-28 03:51:41.000000,-2408708.023000001,4698577.376,3566078.786000001,34.21351707616592,117.14177516611745,38.813530733808875,-0.8790000034195833,-2.894999993329546,3.2000000050953603,-0.57663,0.749431,29.993532
2046,359502.0,2019-03-28 03:51:42.000000,-2408708.8470000015,4698574.508999999,3566081.9890000005,34.21355198099458,117.14179731577916,38.81558135896921,-0.6730000033875292,-2.808999993392079,3.1700000051362283,-0.612359,0.972167,27.171062
2046,359503.0,2019-03-28 03:51:43.000000,-2408709.441,4698571.731,3566085.2049999996,34.21358711313248,117.14181680388046,38.8036710685119,-0.434000003423866,-2.7379999933212034,3.2040000052436293,-0.808979,1.419923,24.201998
2046,359504.0,2019-03-28 03:51:44.000000,-2408709.899000002,4698568.998999999,3566088.455000001,34.21362260572804,117.1418347509961,38.793425989337265,-0.4530000035456929,-2.7779999930835655,3.3180000053067076,-0.905683,1.366245,23.617695
2046,359505.0,2019-03-28 03:51:45.000000,-2408710.417999999,4698566.158,3566091.795000001,34.213659119872396,117.14185382676587,38.77658995613456,-0.6010000036076769,-2.912999992962661,3.376000005429962,-0.895533,1.115967,25.227456
2046,359506.0,2019-03-28 03:51:46.000000,-2408711.1070000012,4698563.232,3566095.1279999996,34.2136955721305,117.14187496494199,38.757403338328004,-0.7660000035147112,-2.937999993144013,3.289000005305753,-0.984445,1.537334,27.487398
2046,359507.0,2019-03-28 03:51:47.000000,-2408711.786000001,4698560.352999999,3566098.393,34.21373132857318,117.14189577390256,38.73079870920628,-0.6180000034538036,-2.857999993262828,3.2320000052971487,-0.664808,1.473748,26.047731
2046,359508.0,2019-03-28 03:51:48.000000,-2408712.3949999996,4698557.544,3566101.647000001,34.213766849126834,117.1419155603967,38.723116296343505,-0.6890000035083083,-2.8329999931565157,3.2830000051691646,-0.59288,0.056194,26.640442
2046,359509.0,2019-03-28 03:51:49.000000,-2408713.166000001,4698554.660999999,3566104.896,34.213802291583875,117.1419372775932,38.7192846192047,-0.8870000034409887,-2.9309999932878386,3.2200000051618596,-0.461939,0.33103,29.463858
2046,359510.0,2019-03-28 03:51:50.000000,-2408714.157,4698551.718,3566108.0710000014,34.21383694428588,117.1419614162665,38.71268909983337,-1.122000003368326,-2.9329999934295836,3.1520000049149006,-0.771028,0.620273,32.069512
2046,359511.0,2019-03-28 03:51:51.000000,-2408715.242000001,4698548.746,3566111.2060000002,34.21387121223099,117.1419866062346,38.69772627670318,-1.092000003330928,-2.988999993502541,3.117000005063693,-0.838652,0.709535,32.419975
2046,359512.0,2019-03-28 03:51:52.000000,-2408716.317,4698545.813999999,3566114.291,34.21390495012233,117.14201150164082,38.680315060541034,-1.048000003257197,-2.8899999936463714,3.048000004904346,-0.616076,0.796422,32.488338
2046,359513.0,2019-03-28 03:51:53.000000,-2408717.3610000005,4698542.982,3566117.285,34.21393763022698,117.1420356026714,38.673632165417075,-0.9910000032080436,-2.805999993742258,3.0020000047901574,-0.693746,0.599263,32.149679
2046,359514.0,2019-03-28 03:51:54.000000,-2408718.384000001,4698540.193999999,3566120.225000001,34.213969757852915,117.14205928311424,38.66104514244944,-1.0360000031653014,-2.7759999938256383,2.9620000046795334,-0.85076,0.54555,32.521405
2046,359515.0,2019-03-28 03:51:55.000000,-2408719.443000001,4698537.398,3566123.1400000006,34.21400165194071,117.1420833508136,38.64209770876914,-1.087000003089433,-2.795999993973637,2.8910000046667235,-1.048696,0.488262,33.419436
2046,359516.0,2019-03-28 03:51:56.000000,-2408720.545000001,4698534.636999999,3566125.9730000007,34.21403267741391,117.14210766049605,38.61902307532728,-1.1600000029793658,-2.6979999941883426,2.788000004384428,-0.944719,0.626442,34.593818
2046,359517.0,2019-03-28 03:51:57.000000,-2408721.6390000023,4698531.957999999,3566128.683,34.21406243455344,117.14213148700668,38.58411383256316,-1.0280000028853302,-2.65199999437178,2.700000004429601,-1.246599,0.48669,34.633903
2046,359518.0,2019-03-28 03:51:58.000000,-2408722.6890000007,4698529.361999999,3566131.3000000007,34.214091225743,117.14215447775851,38.54139316175133,-1.012000002774195,-2.559999994588569,2.5960000042549223,-0.786168,0.480103,34.824003
2046,359519.0,2019-03-28 03:51:59.000000,-2408723.767,4698526.806,3566133.9299999997,34.21411986866108,117.14217754089034,38.54598263744265,-1.085000002887474,-2.608999994367608,2.702000004279052,-0.261441,-0.044385,34.574459
2046,359520.0,2019-03-28 03:52:00.000000,-2408724.8929999997,4698524.1280000005,3566136.686,34.214149890199735,117.14220167150926,38.549753779545426,-1.146000002968695,-2.739999994209184,2.7780000044869375,-0.801468,0.443861,34.963317
2046,359521.0,2019-03-28 03:52:01.000000,-2408726.089,4698521.351999999,3566139.49,34.21418054974826,117.14222696324973,38.53480901103467,-1.231000002977246,-2.804999994192507,2.7860000045315974,-0.846103,0.060298,36.194551
2046,359522.0,2019-03-28 03:52:02.000000,-2408727.3789999997,4698518.538000001,3566142.287000001,34.21421111114407,117.14225335084136,38.523429276421666,-1.3100000030125174,-2.8589999941237147,2.819000004559738,-0.913675,-0.299503,37.362718
2046,359523.0,2019-03-28 03:52:03.000000,-2408728.727999999,4698515.718,3566145.027,34.21424113823709,117.14228033789068,38.497844407334924,-1.3490000028426061,-2.7949999944551536,2.6600000043846497,-1.07745,0.003675,38.287349
2046,359524.0,2019-03-28 03:52:04.000000,-2408730.0890000006,4698512.993,3566147.61,34.214269538642434,117.1423069705403,38.45841794554144,-1.3410000026662823,-2.6869999947991,2.495000004168069,-1.094281,0.487047,39.420333
2046,359525.0,2019-03-28 03:52:05.000000,-2408731.4569999995,4698510.377,3566150.062,34.21429645459721,117.14233313119867,38.428185099735856,-1.3470000025594202,-2.541999995007552,2.395000003859399,-1.288597,0.605969,40.124664
2046,359526.0,2019-03-28 03:52:06.000000,-2408732.7350000017,4698507.853999999,3566152.4269999997,34.21432251059863,117.14235796238793,38.383518879301846,-1.2260000024782065,-2.5039999951659757,2.3190000039094936,-1.77666,0.381454,39.056933
2046,359527.0,2019-03-28 03:52:07.000000,-2408733.9510000013,4698505.347999999,3566154.777,34.21434852146468,117.14238211072859,38.319540618918836,-1.2630000025904173,-2.5589999949471003,2.4240000039846006,-1.471229,-0.242858,38.824341
2046,359528.0,2019-03-28 03:52:08.000000,-2408735.2750000004,4698502.677,3566157.2810000004,34.21437617489838,117.14240811882722,38.26148148160428,-1.3670000027624736,-2.7539999946114913,2.5850000042799435,-1.33923,0.548581,38.919001
2046,359529.0,2019-03-28 03:52:09.000000,-2408736.629000001,4698499.93,3566159.8699999996,34.21440473543124,117.14243479287984,38.20661074947566,-1.3170000027720965,-2.7859999945927276,2.5940000044000806,-1.49899,0.045117,38.80589
2046,359530.0,2019-03-28 03:52:10.000000,-2408738.0180000006,4698497.153,3566162.449000001,34.214433275796644,117.14246195344595,38.137247323058546,-1.3940000027539323,-2.8099999946281646,2.577000004367821,-1.44295,0.333086,40.033653
2046,359531.0,2019-03-28 03:52:11.000000,-2408739.475,4698494.358,3566164.9940000004,34.214461486636424,117.14248985978564,38.06117606814951,-1.4490000027347008,-2.814999994665685,2.5590000043194667,-1.623836,0.160669,40.763856
2046,359532.0,2019-03-28 03:52:12.000000,-2408740.965999999,4698491.565,3566167.522000001,34.214489483091405,117.14251808456599,37.98984678834677,-1.47700000268234,-2.8219999947678267,2.5100000043041346,-1.56565,-0.039986,41.435218
2046,359533.0,2019-03-28 03:52:13.000000,-2408742.518999999,4698488.774,3566170.012,34.2145170438598,117.14254689817031,37.92201444413513,-1.5770000026363906,-2.78999999485746,2.4670000041305618,-1.489367,0.09989,42.586651
2046,359534.0,2019-03-28 03:52:14.000000,-2408744.153000001,4698485.996,3566172.4420000003,34.21454391137862,117.14257642961685,37.86057098954916,-1.6340000025348718,-2.80099999505549,2.3720000040925764,-1.478721,0.569913,43.978102
2046,359535.0,2019-03-28 03:52:15.000000,-2408745.829000001,4698483.226999999,3566174.83,34.21457032806562,117.14260632210252,37.79798127524555,-1.7030000025135017,-2.76799999509718,2.352000003950047,-1.484399,0.319245,44.51234
2046,359536.0,2019-03-28 03:52:16.000000,-2408747.529,4698480.45,3566177.195,34.214596553871104,117.14263648596912,37.725628497079015,-1.743000002500681,-2.7959999951221937,2.340000003965665,-1.815665,0.317861,45.21823
2046,359537.0,2019-03-28 03:52:17.000000,-2408749.2840000014,4698477.652999999,3566179.5330000008,34.21462254141683,117.14266727997682,37.644127952866256,-1.8130000024889295,-2.806999995145124,2.3290000039137864,-1.991942,0.202693,46.101205
2046,359538.0,2019-03-28 03:52:18.000000,-2408751.079000001,4698474.826999999,3566181.8610000005,34.21464849271937,117.14269860383317,37.5507570495829,-1.8380000025135126,-2.8249999950971794,2.3520000039245885,-2.003638,0.391505,46.123511
2046,359539.0,2019-03-28 03:52:19.000000,-2408752.871000002,4698471.97,3566184.2350000003,34.21467493370777,117.14273005220848,37.45931064710021,-1.8260000025690875,-2.849999994988783,2.404000003989524,-1.933578,0.232553,45.584126
2046,359540.0,2019-03-28 03:52:20.000000,-2408754.658000002,4698469.102999999,3566186.6420000005,34.214701677367636,117.14276150182761,37.37717770691961,-1.7960000025434426,-2.8659999950388113,2.3800000040549345,-1.752923,0.268514,45.541653
2046,359541.0,2019-03-28 03:52:21.000000,-2408756.477000002,4698466.239999999,3566189.0260000005,34.2147281575149,117.14279324067452,37.29713032860309,-1.8540000025113863,-2.8439999951013464,2.350000003947089,-1.854523,0.370801,46.255155
2046,359542.0,2019-03-28 03:52:22.000000,-2408758.3540000003,4698463.392,3566191.3609999996,34.21475407057934,117.14282546536265,37.22245201095939,-1.8810000024611626,-2.830999995199319,2.303000003891133,-1.446145,0.438668,47.447849
2046,359543.0,2019-03-28 03:52:23.000000,-2408760.2819999997,4698460.577999999,3566193.6330000004,34.21477924267593,117.14285801423405,37.156611246056855,-1.9640000023959763,-2.777999995326476,2.2420000036919503,-1.549404,0.671721,48.494315
2046,359544.0,2019-03-28 03:52:24.000000,-2408762.2269999986,4698457.796,3566195.8329999996,34.21480369436026,117.1428905688666,37.0802488187328,-1.9280000023681938,-2.7859999953806733,2.2160000037470966,-1.822327,0.678499,49.224141
2046,359545.0,2019-03-28 03:52:25.000000,-2408764.1730000013,4698455.026999999,3566197.999,34.21482783162081,117.14292306881704,36.99471435882151,-1.9690000022912528,-2.7569999955307596,2.144000003642827,-1.970485,0.526543,49.545817
2046,359546.0,2019-03-28 03:52:26.000000,-2408766.1540000006,4698452.273,3566200.1210000007,34.21485149226068,117.14295583250639,36.9086833326146,-2.026000002254919,-2.7259999956016343,2.110000003517288,-1.573456,0.982277,50.393472
2046,359547.0,2019-03-28 03:52:27.000000,-2408768.173999999,4698449.542,3566202.215,34.214874750218975,117.14298885895535,36.838548430241644,-2.0740000021918714,-2.720999995724621,2.0510000034555658,-1.360934,0.625211,51.305175
2046,359548.0,2019-03-28 03:52:28.000000,-2408770.2499999995,4698446.839000001,3566204.257,34.21489736471279,117.14302228757148,36.78090718667954,-2.097000002157677,-2.7099999957913257,2.019000003408053,-1.389796,0.658644,52.35388
2046,359549.0,2019-03-28 03:52:29.000000,-2408772.369,4698444.152,3566206.2399999998,34.21491936775194,117.14305605222701,36.718088743276894,-2.1780000020946275,-2.6939999959143135,1.9600000032881337,-1.623929,0.776167,53.340969
2046,359550.0,2019-03-28 03:52:30.000000,-2408774.5500000007,4698441.452,3566208.1840000004,34.21494099530642,117.14309047996547,36.64716692920774,-2.220000002072188,-2.7279999959580885,1.9390000033141193,-1.836322,0.746003,54.33347
2046,359551.0,2019-03-28 03:52:31.000000,-2408776.8390000006,4698438.678999999,3566210.1240000003,34.21496267256312,117.14312631202904,36.56102439947426,-2.379000002062573,-2.801999995976849,1.9300000032984495,-1.768109,0.954877,55.350891
2046,359552.0,2019-03-28 03:52:32.000000,-2408779.223000001,4698435.834999999,3566212.1000000006,34.21498471875351,117.14316341298272,36.47872069571167,-2.3760000021576886,-2.856999995791326,2.0190000034163007,-1.738117,0.70262,54.989228
2046,359553.0,2019-03-28 03:52:33.000000,-2408781.5770000024,4698432.93,3566214.167000001,34.21500778785552,117.14320052625271,36.39138365443796,-2.3330000022474637,-2.9189999956162254,2.103000003591492,-1.588708,0.870471,53.405691
2046,359554.0,2019-03-28 03:52:34.000000,-2408783.8720000014,4698430.009999999,3566216.3179999995,34.215031687252974,117.14323714406828,36.31798639521003,-2.2770000023115893,-2.8999999954911524,2.1630000036117285,-1.706015,0.850958,52.493818
2046,359555.0,2019-03-28 03:52:35.000000,-2408786.117,4698427.109999999,3566218.478,34.21505567914667,117.14327318006386,36.24550691898912,-2.2330000023115923,-2.873999995491153,2.163000003604549,-1.516235,0.874621,52.048153
2046,359556.0,2019-03-28 03:52:36.000000,-2408788.311999999,4698424.255000001,3566220.619000001,34.21507944203298,117.14330851047109,36.176597248762846,-2.150000002266711,-2.8439999955787028,2.1210000036307126,-1.614304,0.904045,51.933123
2046,359557.0,2019-03-28 03:52:37.000000,-2408790.4820000003,4698421.447,3566222.718000001,34.215102737615936,117.14334336680122,36.10922758188099,-2.1170000021854927,-2.788999995737128,2.0450000035513263,-1.493101,0.990566,52.274189
2046,359558.0,2019-03-28 03:52:38.000000,-2408792.653000001,4698418.676,3566224.7770000002,34.215125565785556,117.14337804963068,36.046972600743175,-2.2040000022229003,-2.8299999956641697,2.080000003543812,-1.626971,1.013181,52.807816
2046,359559.0,2019-03-28 03:52:39.000000,-2408794.9560000007,4698415.745,3566226.9250000003,34.21514947388625,117.14341479926185,35.96682617533952,-2.3450000023415307,-3.045999995432785,2.19100000384338,-1.712479,0.667931,52.904848
2046,359560.0,2019-03-28 03:52:40.000000,-2408797.376,4698412.633,3566229.2220000005,34.215175038618355,117.14345357481578,35.881414918228984,-2.4520000025200077,-3.1949999950846677,2.3580000040396203,-1.521382,0.526811,52.425821
2046,359561.0,2019-03-28 03:52:41.000000,-2408799.893000001,4698409.395,3566231.6209999993,34.21520170776329,117.14349391087428,35.797238123603165,-2.538000002576652,-3.254999994974189,2.411000004072779,-1.659961,0.614384,52.770101
2046,359562.0,2019-03-28 03:52:42.000000,-2408802.4690000005,4698406.104,3566234.040999999,34.21522863607408,117.1435350790859,35.708131299354136,-2.59800000260017,-3.297999994928328,2.433000004098287,-1.606502,0.438838,52.868185
2046,359563.0,2019-03-28 03:52:43.000000,-2408805.0360000017,4698402.803999999,3566236.4810000006,34.215255774877996,117.14357620497294,35.62025610730052,-2.5060000026108624,-3.3169999949074827,2.4430000042362097,-1.713184,0.432666,52.276922
2046,359564.0,2019-03-28 03:52:44.000000,-2408807.5610000016,4698399.539999999,3566238.901000001,34.21528269931481,117.1436167470845,35.5317842727527,-2.5260000025584994,-3.2269999950096246,2.3940000040272227,-1.600454,0.54359,52.559188
2046,359565.0,2019-03-28 03:52:45.000000,-2408810.055,4698396.35,3566241.271,34.215308988891394,117.1436566235116,35.457959001883864,-2.4390000025467486,-3.1389999950325542,2.383000003936757,-1.510964,0.599084,52.127774
2046,359566.0,2019-03-28 03:52:46.000000,-2408812.5050000018,4698393.164999999,3566243.6630000006,34.21533552166255,117.14369605032259,35.38358750380576,-2.487000002611944,-3.252999994905398,2.444000004123091,-1.507032,0.979459,51.737023
2046,359567.0,2019-03-28 03:52:47.000000,-2408814.9949999996,4698389.878,3566246.1350000007,34.21536301840056,117.1437363684032,35.294237178750336,-2.4550000026589727,-3.3119999948136782,2.4880000042802735,-1.670757,1.646685,50.891505
2046,359568.0,2019-03-28 03:52:48.000000,-2408817.4250000007,4698386.565,3566248.696,34.21539143463933,117.14377623583985,35.213167482987046,-2.3920000027466113,-3.324999994642747,2.5700000043746973,-1.588495,1.606962,49.846643
2046,359569.0,2019-03-28 03:52:49.000000,-2408819.7910000016,4698383.236,3566251.3240000005,34.21542057051747,117.14381556449878,35.13385724648833,-2.3320000028374586,-3.3599999944655603,2.6550000045117756,-1.473499,1.433578,48.641134
2046,359570.0,2019-03-28 03:52:50.000000,-2408822.1180000007,4698379.863999999,3566254.052,34.21545073601743,117.14385472946638,35.0644262181595,-2.3040000029582295,-3.384999994230007,2.768000004593809,-1.28568,1.141125,47.599698
2046,359571.0,2019-03-28 03:52:51.000000,-2408824.397999999,4698376.457,3566256.8809999996,34.21548192100857,117.1438936138847,35.00830555614084,-2.2370000030629695,-3.386999994025722,2.8660000046695795,-1.056607,1.096267,46.546545
2046,359572.0,2019-03-28 03:52:52.000000,-2408826.5630000015,4698373.151999999,3566259.6749999993,34.215512650924005,117.14393088284332,34.96417931094766,-2.1190000029528964,-3.204999994240429,2.7630000044163006,-1.188138,1.185362,46.015465
2046,359573.0,2019-03-28 03:52:53.000000,-2408828.6590000005,4698369.927,3566262.407,34.21554271734285,117.1439670894594,34.918030409142375,-2.086000002963589,-3.258999994219583,2.773000004564131,-1.194153,1.257176,45.796813
2046,359574.0,2019-03-28 03:52:54.000000,-2408830.7639999995,4698366.620000001,3566265.2539999997,34.215573990120056,117.14400378898154,34.879605973139405,-2.1430000030800853,-3.348999993992368,2.882000004690819,-1.11095,1.163085,45.055808
2046,359575.0,2019-03-28 03:52:55.000000,-2408832.885,4698363.249000001,3566268.1760000004,34.215606073682146,117.14404095989187,34.84230015799403,-2.121000003167727,-3.391999993821436,2.9640000048039616,-1.006967,1.069053,44.635218
2046,359576.0,2019-03-28 03:52:56.000000,-2408834.9690000005,4698359.892999999,3566271.114,34.215638294415655,117.14407769927543,34.81107394490391,-2.0500000030833014,-3.3099999939861138,2.885000004708907,-1.153773,1.213833,44.316139
2046,359577.0,2019-03-28 03:52:57.000000,-2408836.980999999,4698356.635,3566273.9689999996,34.21566962084766,117.14411325822887,34.77812983561307,-1.998000003033076,-3.226999994084085,2.8380000045914624,-1.510038,0.964224,44.357954
2046,359578.0,2019-03-28 03:52:58.000000,-2408838.9620000008,4698353.34,3566276.8719999995,34.21570154369204,117.1441487010393,34.733258387073874,-2.0140000032040795,-3.2979999937505586,2.998000004722362,-0.898154,1.162214,42.873868
2046,359579.0,2019-03-28 03:52:59.000000,-2408840.8680000002,4698349.961,3566279.954000001,34.21573535328565,117.14418383551194,34.69893757998943,-1.8590000033772207,-3.395999993412863,3.160000005092299,-1.057165,1.140671,40.87297
2046,359580.0,2019-03-28 03:53:00.000000,-2408842.680000001,4698346.512,3566283.1800000006,34.215770769503855,117.14421840886145,34.65862061269581,-1.761000003532194,-3.4389999931106043,3.305000005286669,-0.898912,1.225147,39.361584
2046,359581.0,2019-03-28 03:53:01.000000,-2408844.410000002,4698343.045,3566286.5039999997,34.21580718711248,117.14425227951988,34.6292327651754,-1.6900000035952554,-3.464999992987614,3.3640000054167456,-0.927756,1.39346,38.163654
2046,359582.0,2019-03-28 03:53:02.000000,-2408846.1350000016,4698339.552,3566289.8529999997,34.215843919925916,117.14428623064913,34.59288841858506,-1.8230000035514435,-3.49399999307308,3.3230000053350524,-0.957911,1.118624,39.511803
2046,359583.0,2019-03-28 03:53:03.000000,-2408847.9850000013,4698336.038999998,3566293.134,34.21587994693637,117.14432148789597,34.55075284652412,-1.8510000034958745,-3.4819999931814736,3.2710000052801114,-0.949919,1.036171,40.224895
2046,359584.0,2019-03-28 03:53:04.000000,-2408849.835,4698332.536000001,3566296.4169999994,34.2159159437373,117.1443566956638,34.51710453815758,-1.8610000035407683,-3.4759999930939225,3.3130000052569146,-0.855729,1.031492,40.214666
2046,359585.0,2019-03-28 03:53:05.000000,-2408851.6650000014,4698329.037999999,3566299.7159999995,34.21595208350376,117.14439168557617,34.48859120719135,-1.8300000035674926,-3.558999993041807,3.338000005463061,-1.025567,1.117793,39.611114
2046,359586.0,2019-03-28 03:53:06.000000,-2408853.4850000017,4698325.499999999,3566303.063000001,34.215988784648374,117.14442677699158,34.453866568394005,-1.7780000035546741,-3.50999999306682,3.3260000054164913,-0.915779,1.214573,38.998797
2046,359587.0,2019-03-28 03:53:07.000000,-2408855.2260000007,4698322.004,3566306.4220000003,34.21602556848963,117.14446089762913,34.42699497565627,-1.7570000035717797,-3.4979999930334675,3.3420000054139196,-0.832835,1.087098,38.762988
2046,359588.0,2019-03-28 03:53:08.000000,-2408856.9670000016,4698318.517999999,3566309.7770000002,34.21606227739372,117.14449496878687,34.40523673500866,-1.7350000036049171,-3.4639999929688448,3.3730000053665563,-0.793727,1.069373,38.608835
2046,359589.0,2019-03-28 03:53:09.000000,-2408858.7000000007,4698315.03,3566313.1250000005,34.216098961629775,117.14452897262389,34.37505657132715,-1.7160000035707228,-3.500999993035548,3.3410000054639886,-0.85695,1.135377,38.667867
2046,359590.0,2019-03-28 03:53:10.000000,-2408860.446,4698311.562,3566316.4410000006,34.21613528702298,117.14456300300613,34.346507844515145,-1.759000003482021,-3.4639999932085637,3.258000005340902,-0.937655,1.311387,39.076057
2046,359591.0,2019-03-28 03:53:11.000000,-2408862.2010000004,4698308.111,3566319.726999999,34.216171291266484,117.14459703615994,34.31699849572033,-1.7730000035172966,-3.419999993139771,3.291000005234218,-0.914788,1.238166,39.14382
2046,359592.0,2019-03-28 03:53:12.000000,-2408863.924,4698304.680000001,3566323.005000001,34.216207219654336,117.14463066131282,34.28563876915723,-1.7060000034863083,-3.384999993200222,3.2620000052328653,-0.91679,1.159402,38.796913
2046,359593.0,2019-03-28 03:53:13.000000,-2408865.603000002,4698301.302,3566326.2519999994,34.216242779623,117.14466359920193,34.25925078149885,-1.6510000034253947,-3.37899999331904,3.2050000052791385,-0.955519,1.241165,38.655738
2046,359594.0,2019-03-28 03:53:14.000000,-2408867.2909999997,4698297.938,3566329.464,34.21627799470214,117.1446965547137,34.226882787421346,-1.7150000034082993,-3.353999993352392,3.1890000051586216,-0.879205,1.117992,39.181168
2046,359595.0,2019-03-28 03:53:15.000000,-2408869.007000001,4698294.576,3566332.6510000005,34.21631294962609,117.14472977073508,34.192496022209525,-1.6880000034243363,-3.3979999933211222,3.204000005279197,-0.976084,1.15245,39.112352
2046,359596.0,2019-03-28 03:53:16.000000,-2408870.705000001,4698291.1790000005,3566335.877,34.216348394785356,117.14476298625236,34.14749819319695,-1.6720000034574727,-3.3719999932565003,3.2350000052420973,-0.943706,1.023253,38.42755
2046,359597.0,2019-03-28 03:53:17.000000,-2408872.334,4698287.809,3566339.132999999,34.21638410136398,117.14479540181641,34.11320959124714,-1.63000000350023,-3.3499999931731166,3.275000005241125,-0.877891,0.889191,38.102057
2046,359598.0,2019-03-28 03:53:18.000000,-2408873.9650000012,4698284.470999999,3566342.334,34.21641924895372,117.1448276782876,34.07229864690453,-1.6290000033345757,-3.3229999934962198,3.120000005185909,-1.069989,1.427029,38.793618
2046,359599.0,2019-03-28 03:53:19.000000,-2408875.5990000004,4698281.218,3566345.407,34.21645305197404,117.14485956291546,34.02309253253043,-1.6680000032330462,-3.1839999936942514,3.0250000048544736,-1.237313,0.925902,39.716689
2046,359600.0,2019-03-28 03:53:20.000000,-2408877.193,4698278.048999999,3566348.386000001,34.2164858678453,117.1448906454166,33.967751185409725,-1.5770000031582365,-3.118999993840169,2.955000004816235,-1.238834,0.915131,39.14386
2046,359601.0,2019-03-28 03:53:21.000000,-2408878.7630000017,4698274.9059999995,3566351.3450000007,34.21651847283994,117.14492136745665,33.91124394349754,-1.5780000031913748,-3.172999993775546,2.986000004927731,-1.099956,0.911966,39.095358
2046,359602.0,2019-03-28 03:53:22.000000,-2408880.4020000007,4698271.666999999,3566354.409,34.216552134027935,117.14495323112853,33.869175497442484,-1.6590000033292527,-3.294999993506638,3.1150000050954727,-1.029834,1.088562,39.123667
2046,359603.0,2019-03-28 03:53:23.000000,-2408882.062000001,4698268.360999999,3566357.534000001,34.21658650360372,117.14498562933736,33.82003401219845,-1.6570000033891095,-3.324999993389903,3.1710000051601446,-1.184851,1.155777,38.859799
2046,359604.0,2019-03-28 03:53:24.000000,-2408883.717000002,4698265.015999999,3566360.695,34.216621329028854,117.14501817238295,33.76055585127324,-1.6740000033976656,-3.354999993373224,3.179000005204511,-1.247808,0.99039,38.963536
2046,359605.0,2019-03-28 03:53:25.000000,-2408885.3970000017,4698261.671999999,3566363.828,34.216655883384426,117.14505095191926,33.6955041307956,-1.7090000033420938,-3.31399999348162,3.127000005081636,-1.238247,0.902731,39.544161
2046,359606.0,2019-03-28 03:53:26.000000,-2408887.0959999985,4698258.363,3566366.9120000005,34.216689870628066,117.14508374166903,33.635824754834175,-1.6530000032897283,-3.2999999935837603,3.078000005112302,-1.243097,0.858929,39.603826
2046,359607.0,2019-03-28 03:53:27.000000,-2408888.7510000006,4698255.095,3566369.986,34.21672370013372,117.14511590356028,33.58409483265132,-1.6180000032993516,-3.2489999935650005,3.087000005043396,-1.313174,1.015208,38.614067
2046,359608.0,2019-03-28 03:53:28.000000,-2408890.325,4698251.819,3566373.1259999997,34.21675824506488,117.14514732290361,33.53303582780063,-1.552000003370967,-3.303999993425333,3.1540000052285864,-0.916142,1.021856,37.973197
2046,359609.0,2019-03-28 03:53:29.000000,-2408891.9090000005,4698248.602,3566376.2050000005,34.21679204598199,117.14517854672194,33.494865543209016,-1.5830000032159977,-3.173999993727592,3.0090000049244603,-1.170896,1.080541,38.865246
2046,359610.0,2019-03-28 03:53:30.000000,-2408893.472,4698245.482,3566379.15,34.21682445898148,117.14520908751645,33.44480004534125,-1.5690000031262232,-3.0679999939026925,2.9250000047184597,-1.216431,0.977611,39.134393
2046,359611.0,2019-03-28 03:53:31.000000,-2408895.0050000018,4698242.400999999,3566382.063,34.21685652688507,117.14523914554246,33.39412250369787,-1.5370000031614977,-3.165999993833901,2.9580000049569457,-1.231271,0.851112,38.931853
2046,359612.0,2019-03-28 03:53:32.000000,-2408896.585000001,4698239.195,3566385.0980000007,34.21688995940829,117.14527027634584,33.33780511189252,-1.632000003284415,-3.2319999935941772,3.073000004992989,-1.220128,0.805143,38.873479
2046,359613.0,2019-03-28 03:53:33.000000,-2408898.227000001,4698235.909999999,3566388.2049999996,34.21692414162273,117.1453023970248,33.28723932057619,-1.6480000033186217,-3.2889999935274705,3.1050000050947064,-1.125648,0.850141,39.27483
2046,359614.0,2019-03-28 03:53:34.000000,-2408899.887999999,4698232.644,3566391.291,34.21695803762926,117.14533460713315,33.24601736757904,-1.6460000032416724,-3.2089999936775566,3.033000004930078,-1.14961,1.084436,39.0939
2046,359615.0,2019-03-28 03:53:35.000000,-2408901.490000001,4698229.397999999,3566394.3889999995,34.21699206932376,117.14536614850533,33.20400410890579,-1.5530000033581774,-3.250999993450339,3.1420000051170267,-1.298527,0.399295,38.224821
2046,359616.0,2019-03-28 03:53:36.000000,-2408903.0270000002,4698226.188,3566397.4810000006,34.217026044225946,117.14539688398207,33.1605871738866,-1.530000003284434,-3.160999993594173,3.0730000049539985,-1.15219,0.6554,37.783782
2046,359617.0,2019-03-28 03:53:37.000000,-2408904.5590000013,4698223.012,3566400.5420000004,34.21705964621974,117.1454274028604,33.12287332676351,-1.5720000033047474,-3.2209999935545643,3.0920000050341803,-1.114871,0.717296,38.120503
2046,359618.0,2019-03-28 03:53:38.000000,-2408906.1300000018,4698219.792999999,3566403.6289999997,34.21709354579425,117.14545851127212,33.08285673800856,-1.5650000032748255,-3.1869999936129303,3.0640000049707856,-1.156996,0.593181,38.374516
2046,359619.0,2019-03-28 03:53:39.000000,-2408907.669000002,4698216.651,3566406.6450000005,34.21712664275327,117.14548892945508,33.047504047863185,-1.5480000031818442,-3.073999993794285,2.9770000047533998,-1.284366,0.569172,38.197406
2046,359620.0,2019-03-28 03:53:40.000000,-2408909.0810000007,4698213.596,3566409.6260000006,34.21715938007888,117.1455176905187,33.00857558194548,-1.3270000031380262,-2.949999993879752,2.9360000047311208,-1.127571,0.671325,35.945072
2046,359621.0,2019-03-28 03:53:41.000000,-2408910.340000001,4698210.658,3566412.549,34.21719151112329,117.14554439485256,32.965403001755476,-1.219000003115587,-2.898999993923525,2.9150000047402407,-1.159855,0.708912,35.769614
2046,359622.0,2019-03-28 03:53:42.000000,-2408911.5709999986,4698207.825,3566415.3660000004,34.21722244308526,117.14557030894339,32.929324199445546,-1.1650000030012277,-2.7929999941465713,2.8080000045769924,-1.243301,0.822328,35.371033
2046,359623.0,2019-03-28 03:53:43.000000,-2408912.674000002,4698205.067999999,3566418.1740000006,34.21725326116954,117.14559461071487,32.895818047225475,-1.0080000030525342,-2.721999994046511,2.856000004596793,-1.20348,0.910263,33.006853
2046,359624.0,2019-03-28 03:53:44.000000,-2408913.649999999,4698202.295,3566421.086,34.217285220441696,117.14561776533554,32.86110921856016,-0.9280000032117921,-2.812999993735911,3.005000004871993,-1.177071,0.814348,31.609911
2046,359625.0,2019-03-28 03:53:45.000000,-2408914.6040000017,4698199.457999999,3566424.0899999994,34.21731820511786,117.14564102440838,32.82274468615651,-0.9440000032395854,-2.8359999936817117,3.031000004902837,-1.328945,0.891165,31.195061
2046,359626.0,2019-03-28 03:53:46.000000,-2408915.5270000007,4698196.603,3566427.1450000005,34.21735172287135,117.14566407326728,32.78812142275274,-0.9170000032866162,-2.8529999935899895,3.0750000049671327,-1.044133,0.56862,30.561149
2046,359627.0,2019-03-28 03:53:47.000000,-2408916.4050000007,4698193.687999999,3566430.288,34.21738627136434,117.14568698467274,32.741859276778996,-0.8680000034116737,-2.9489999933460935,3.192000005219623,-1.462296,0.814355,29.290438
2046,359628.0,2019-03-28 03:53:48.000000,-2408917.2120000017,4698190.728999999,3566433.5239999993,34.2174218758302,117.14570942833343,32.68873399589211,-0.7610000035164227,-2.9009999931418053,3.290000005233929,-1.248981,1.157745,27.872322
2046,359629.0,2019-03-28 03:53:49.000000,-2408917.9110000017,4698187.847999999,3566436.769,34.217457445322324,117.14573044290029,32.657320726662874,-0.6450000034234391,-2.84699999332316,3.2030000052453467,-1.171815,0.950474,26.713297
2046,359630.0,2019-03-28 03:53:50.000000,-2408918.5389999994,4698185.03,3566439.9879999985,34.21749270101823,117.14575045993506,32.630859655328095,-0.6130000034469573,-2.803999993277298,3.225000005189914,-0.990672,0.401838,26.252287
2046,359631.0,2019-03-28 03:53:51.000000,-2408919.1610000003,4698182.206,3566443.2029999997,34.217527967836745,117.14577044875467,32.5954735474661,-0.6380000034373418,-2.833999993296057,3.2160000052257316,-1.146967,0.057738,26.644767
2046,359632.0,2019-03-28 03:53:52.000000,-2408919.7490000012,4698179.401,3566446.418000001,34.21756322758331,117.1457900151917,32.561243428848684,-0.5370000034170378,-2.7659999933356616,3.1970000051919336,-1.099917,0.296274,25.028045
2046,359633.0,2019-03-28 03:53:53.000000,-2408920.2830000008,4698176.629,3566449.6420000005,34.21759853045373,117.14580889679503,32.53598617203534,-0.5630000034202471,-2.785999993329405,3.2000000052058364,-0.972228,0.001078,25.423939
2046,359634.0,2019-03-28 03:53:54.000000,-2408920.846,4698173.862,3566452.8379999995,34.21763353496325,117.14582803369991,32.509606634266675,-0.5740000034298717,-2.7659999933106416,3.2090000051523897,-1.052735,0.220243,25.213026
2046,359635.0,2019-03-28 03:53:55.000000,-2408921.3920000014,4698171.092999999,3566456.0490000006,34.21766869963038,117.14584701636075,32.48377959150821,-0.5580000034213248,-2.764999993327317,3.2010000051674066,-0.868043,0.400754,25.136471
2046,359636.0,2019-03-28 03:53:56.000000,-2408921.8859999995,4698168.325000001,3566459.2970000003,34.217704255875645,117.14586549194144,32.45987910218537,-0.4360000034854584,-2.7809999932022413,3.261000005331159,-0.951769,0.472229,23.831999
2046,359637.0,2019-03-28 03:53:57.000000,-2408922.295,4698165.575,3566462.5639999993,34.217740069158474,117.14588305760047,32.4278417294845,-0.3520000034779805,-2.6789999932168302,3.254000005208316,-1.110917,0.644276,22.404462
2046,359638.0,2019-03-28 03:53:58.000000,-2408922.582000001,4698162.919999999,3566465.8079999997,34.21777556461925,117.14589897479014,32.406747912056744,-0.23900000346515815,-2.620999993241843,3.2420000052081916,-0.844771,0.401103,21.260353
2046,359639.0,2019-03-28 03:53:59.000000,-2408922.8370000017,4698160.273999999,3566469.0749999997,34.217811264947834,117.14591453841896,32.39314004406333,-0.24700000352822304,-2.63099999311885,3.3010000052204886,-0.862377,0.325022,20.802915
2046,359640.0,2019-03-28 03:54:00.000000,-2408923.0339999995,4698157.665000001,3566472.3289999994,34.21784683561005,117.1459293587768,32.37756746914238,-0.13700000347692257,-2.5379999932189072,3.253000005144198,-0.884802,0.420648,19.260266
2046,359641.0,2019-03-28 03:54:01.000000,-2408923.1209999993,4698155.128,3566475.566,34.21788220917669,117.14594276042072,32.36391573213041,-0.0800000034651684,-2.4879999932418357,3.2420000051008944,-0.882752,0.213781,17.989072
2046,359642.0,2019-03-28 03:54:02.000000,-2408923.131000002,4698152.631999999,3566478.798000001,34.21791753861634,117.1459552155095,32.34857276454568,0.012999996534828223,-2.457999993241833,3.242000005137761,-0.691213,0.103454,16.998954
2046,359643.0,2019-03-28 03:54:03.000000,-2408923.075000002,4698150.148999999,3566482.056000001,34.217953155885716,117.14596696890247,32.33251831587404,0.10299999636167351,-2.5809999929041303,3.4040000054903605,-0.83038,0.1669,15.96529
2046,359644.0,2019-03-28 03:54:04.000000,-2408922.9879999994,4698147.543,3566485.506,34.21799083098206,117.14597903196412,32.32223499007523,0.06799999630074634,-2.6059999927853066,3.4610000055050674,-0.713304,-0.061532,16.422383
2046,359645.0,2019-03-28 03:54:05.000000,-2408922.9590000003,4698144.968999999,3566488.8880000003,34.21802772066289,117.14599149667956,32.31914379354566,0.029999996453586957,-2.4939999930833983,3.318000005230983,-0.528675,-0.028523,16.534081
2046,359646.0,2019-03-28 03:54:06.000000,-2408922.869,4698142.524,3566492.1679999996,34.21806340914859,117.14600273362554,32.3306025294587,0.10399999654016015,-2.3979999932522453,3.2370000051099597,-0.532749,0.256567,15.359258
2046,359647.0,2019-03-28 03:54:07.000000,-2408922.7420000015,4698140.167,3566495.352,34.21809807060837,117.14601317756535,32.33887124992907,0.13299999662994003,-2.3179999934273465,3.1530000049741926,-0.466471,0.150761,15.06874
2046,359648.0,2019-03-28 03:54:08.000000,-2408922.5779999997,4698137.857,3566498.5020000003,34.218132352175004,117.14602303150328,32.34864663053304,0.1819999966363503,-2.286999993439852,3.1470000049619458,-0.39342,0.228846,14.117795
2046,359649.0,2019-03-28 03:54:09.000000,-2408922.3680000002,4698135.558,3566501.6629999997,34.21816677251659,117.14603238677748,32.355349204503,0.21899999659252464,-2.2859999933543813,3.188000004999411,-0.479251,0.229631,13.802296
2046,359650.0,2019-03-28 03:54:10.000000,-2408922.1560000004,4698133.254,3566504.8330000006,34.21820128712902,117.14604174750275,32.36268166080117,0.22999999661389894,-2.3079999933960695,3.168000005057031,-0.392571,0.412721,13.790014
2046,359651.0,2019-03-28 03:54:11.000000,-2408921.939,4698130.948,3566508.0099999993,34.21823587450905,117.14605106985498,32.37059492059052,0.27199999659465746,-2.3279999933585453,3.1860000051436157,-0.273112,0.664281,13.429442
2046,359652.0,2019-03-28 03:54:12.000000,-2408921.657,4698128.608,3566511.2629999993,34.218271332151936,117.1460599328774,32.371707930229604,0.34899999659037945,-2.3239999933502045,3.190000005217581,-0.484715,0.912985,12.255399
2046,359653.0,2019-03-28 03:54:13.000000,-2408921.2720000003,4698126.329,3566514.4999999995,34.21830663358696,117.14606749923524,32.369850541464984,0.45899999648776824,-2.282999993150082,3.2860000052496887,-0.655175,0.783925,10.253179
2046,359654.0,2019-03-28 03:54:14.000000,-2408920.7650000015,4698124.110999999,3566517.752000001,34.218342053850385,117.14607358544986,32.37528710998595,0.552999996573273,-2.1359999933168456,3.20600000504373,-0.55272,0.625548,8.244799
2046,359655.0,2019-03-28 03:54:15.000000,-2408920.122,4698121.961999999,3566521.002,34.21837746250999,117.14607801671464,32.37906226422638,0.6799999965059341,-2.1289999931855137,3.2690000051648846,-0.496741,0.463796,6.324129
2046,359656.0,2019-03-28 03:54:16.000000,-2408919.389000002,4698119.834999999,3566524.292,34.2184132782761,117.14608146995046,32.387566363438964,0.7639999965102059,-2.089999993193848,3.2650000051733725,-0.473602,0.319978,5.312731
2046,359657.0,2019-03-28 03:54:17.000000,-2408918.630000001,4698117.796,3566527.487,34.218448049029,117.1460842363931,32.39759199041873,0.7759999966395352,-2.00299999344608,3.144000005004841,-0.636977,-0.252347,5.058292
2046,359658.0,2019-03-28 03:54:18.000000,-2408917.8810000005,4698115.795,3566530.6120000007,34.21848210341679,117.14608691125225,32.399989168159664,0.7799999966373958,-1.9999999934419082,3.1460000050028656,-0.406103,-0.21212,4.842036
2046,359659.0,2019-03-28 03:54:19.000000,-2408917.133000002,4698113.755999999,3566533.781,34.21851665490988,117.14608978392314,32.39954842813313,0.7279999966053282,-2.120999993379368,3.176000005199522,-0.329702,0.029922,5.559571
2046,359660.0,2019-03-28 03:54:20.000000,-2408916.448999999,4698111.688,3566536.964,34.21855129355293,117.14609341821595,32.40979038178921,0.670999996556159,-2.0599999932834745,3.22200000501144,-0.380234,0.363344,6.040725
2046,359661.0,2019-03-28 03:54:21.000000,-2408915.7339999992,4698109.625,3566540.1499999994,34.218586003707664,117.14609672839677,32.41370506864041,0.7659999965786027,-2.056999993327247,3.20100000510673,-0.348527,0.570286,4.752109
2046,359662.0,2019-03-28 03:54:22.000000,-2408914.8660000004,4698107.542999999,3566543.466000001,34.218622122547295,117.14609865517961,32.41902342811227,0.9249999964150671,-2.0929999930083025,3.3540000053517254,-0.375654,0.72871,2.696211
2046,359663.0,2019-03-28 03:54:23.000000,-2408913.874000001,4698105.469,3566546.8509999993,34.218659006471825,117.14609934491982,32.42225029040128,1.0039999963851365,-2.0689999929499305,3.382000005386138,-0.448013,0.792311,1.560222
2046,359664.0,2019-03-28 03:54:24.000000,-2408912.822000001,4698103.415999999,3566550.252,34.218696053716116,117.1460993512778,32.42729261610657,1.050999996388342,-2.0469999929561804,3.3790000053905147,-0.402208,0.489617,0.897325
2046,359665.0,2019-03-28 03:54:25.000000,-2408911.7340000006,4698101.381,3566553.652,34.21873309557493,117.14609892086833,32.43143773172051,1.069999996364825,-2.0429999929103166,3.401000005402488,-0.301476,0.310507,0.628593
2046,359666.0,2019-03-28 03:54:26.000000,-2408910.6799999997,4698099.334000001,3566557.0470000003,34.21877007565128,117.1460988782042,32.436771548353136,1.026999996371236,-2.0949999929228205,3.3950000054649285,-0.410545,0.434875,1.53295
2046,359667.0,2019-03-28 03:54:27.000000,-2408909.683000002,4698097.247999999,3566560.443,34.21880710727265,117.14609957907896,32.4354787543416,0.9579999963883358,-2.11199999295617,3.379000005426618,-0.519542,0.406329,2.503849
2046,359668.0,2019-03-28 03:54:28.000000,-2408908.7490000012,4698095.135999999,3566563.8340000003,34.218844073189096,117.1461010170656,32.436014441773295,0.9079999963669567,-2.1309999929144747,3.3990000054127854,-0.340525,0.71141,3.094549
2046,359669.0,2019-03-28 03:54:29.000000,-2408907.8110000007,4698093.032,3566567.2290000003,34.218881042085854,117.1461023768152,32.44317955803126,0.9349999963712299,-2.0899999929228086,3.395000005356178,-0.38264,0.887164,2.581926
2046,359670.0,2019-03-28 03:54:30.000000,-2408906.8180000014,4698090.960999999,3566570.618,34.21891794460575,117.14610304204813,32.45050448644906,0.9819999964107758,-2.0569999929999363,3.3580000053376264,-0.668805,0.828395,1.710911
2046,359671.0,2019-03-28 03:54:31.000000,-2408905.8100000005,4698088.892,3566573.9920000006,34.21895476098288,117.1461035525275,32.44520911760628,1.0029999963861902,-2.062999992951987,3.3810000053725826,-0.581103,1.21728,1.516433
2046,359672.0,2019-03-28 03:54:32.000000,-2408904.755000001,4698086.799,3566577.453,34.21899244287585,117.14610372797394,32.45344992727041,1.061999996194863,-2.1319999925788413,3.5600000055794854,-0.463368,0.854561,1.286077
2046,359673.0,2019-03-28 03:54:33.000000,-2408903.728999999,4698084.625,3566580.9910000004,34.219030997084474,117.14610458453181,32.45633570384234,0.8959999962803693,-2.2019999927456038,3.4800000055479794,-0.675104,1.025904,3.447695
2046,359674.0,2019-03-28 03:54:34.000000,-2408902.914,4698082.462,3566584.3619999997,34.219067768726106,117.14610742420211,32.45301029831171,0.7269999964610043,-2.1049999930978975,3.3110000051651385,-0.775667,1.146675,5.299921
2046,359675.0,2019-03-28 03:54:35.000000,-2408902.139,4698080.401,3566587.571000001,34.219102780090395,117.14611014509991,32.44872887432575,0.7679999966726366,-1.9789999935106455,3.113000004946305,-0.686783,1.072257,3.997115
2046,359676.0,2019-03-28 03:54:36.000000,-2408901.3370000003,4698078.48,3566590.629,34.21913609672649,117.14611191206679,32.45235999953002,0.7849999968147944,-1.8709999937878938,2.9800000047393413,-0.715779,0.956067,3.52532
2046,359677.0,2019-03-28 03:54:37.000000,-2408900.512,4698076.591,3566593.65,34.21916904639236,117.14611329848337,32.450054357759655,0.9159999966972171,-1.9249999935585858,3.090000004991933,-0.468658,0.994265,2.547312
2046,359678.0,2019-03-28 03:54:38.000000,-2408899.5720000006,4698074.65,3566596.836000001,34.2192037266193,117.14611383184605,32.45889130607247,0.9599999965582637,-1.939999993287585,3.2200000050702338,-0.565697,0.980043,1.390559
2046,359679.0,2019-03-28 03:54:39.000000,-2408898.571000001,4698072.693,3566600.065000001,34.219238940662066,117.1461138553684,32.457125208340585,0.9589999965315409,-1.9179999932354654,3.2450000050233068,-0.324911,1.145167,0.828841
2046,359680.0,2019-03-28 03:54:40.000000,-2408897.4659999995,4698070.760000001,3566603.3659999995,34.219274823712084,117.14611275575031,32.47427391912788,1.207999996472751,-1.888999993120809,3.3000000052290024,-0.446802,1.178757,358.240899
2046,359681.0,2019-03-28 03:54:41.000000,-2408896.0979999993,4698068.947,3566606.6729999995,34.21931081848448,117.14610852222222,32.483871784992516,1.5409999964652674,-1.732999993106213,3.307000005259738,-0.310283,1.103078,352.91864
2046,359682.0,2019-03-28 03:54:42.000000,-2408894.369,4698067.305,3566610.008000001,34.21934708558587,117.1460999558905,32.49884368572384,1.8359999965507765,-1.510999993272978,3.2270000051122723,-0.45683,1.215101,347.472423
2046,359683.0,2019-03-28 03:54:43.000000,-2408892.425000001,4698065.894,3566613.1939999997,34.21938169720639,117.14608816955618,32.51888240408152,2.040999996673695,-1.3309999935127033,3.112000004956163,-0.197216,1.239651,343.61499200000003
2046,359684.0,2019-03-28 03:54:44.000000,-2408890.392000001,4698064.595,3566616.2969999993,34.21941539072022,117.1460749691951,32.54107991140336,2.03399999672607,-1.2809999936148464,3.0630000048444517,-0.179452,1.196962,343.115325
2046,359685.0,2019-03-28 03:54:45.000000,-2408888.32,4698063.266000001,3566619.463,34.21944977940497,117.14606154075115,32.56192084122449,2.199999996640561,-1.3239999934480728,3.143000005111523,-0.295278,1.136328,342.596923
2046,359686.0,2019-03-28 03:54:46.000000,-2408886.099,4698061.969999999,3566622.6820000005,34.219484758949285,117.14604651003317,32.580636942759156,2.327999996618114,-1.2079999934042938,3.1640000050065247,-0.228984,1.027679,339.82846
2046,359687.0,2019-03-28 03:54:47.000000,-2408883.726,4698060.842,3566625.7890000003,34.21951849730454,117.14602917962405,32.60263994894922,2.435999996824406,-1.033999993806619,2.971000004759241,-0.320568,0.858972,336.443476
2046,359688.0,2019-03-28 03:54:48.000000,-2408881.271,4698059.89,3566628.707,34.21955022247766,117.14601018588831,32.616923375055194,2.4599999969505317,-0.8809999940525991,2.8530000044659483,-0.545107,0.691899,333.256343
2046,359689.0,2019-03-28 03:54:49.000000,-2408878.720000002,4698059.0649999995,3566631.52,34.21958081406844,117.1459896362501,32.62938946392387,2.6349999969761853,-0.7969999941026263,2.8290000044778916,-0.2836,0.896136,330.609594
2046,359690.0,2019-03-28 03:54:50.000000,-2408875.992000001,4698058.357000001,3566634.3100000005,34.219611115806316,117.14596679801895,32.64823486376554,2.7549999970616956,-0.670999994269392,2.7490000043434946,-0.303327,0.394164,327.92175
2046,359691.0,2019-03-28 03:54:51.000000,-2408873.1739999996,4698057.769,3566637.000000001,34.21964033893198,117.14594249648385,32.66518778819591,2.8259999971824787,-0.5349999945049504,2.636000004135875,-0.215171,0.369378,325.303244
2046,359692.0,2019-03-28 03:54:52.000000,-2408870.274999999,4698057.308,3566639.600000001,34.21966850559133,117.14591678389587,32.69441796746105,2.9219999972776085,-0.3889999946904775,2.5470000039341305,-0.176444,0.323232,322.821538
2046,359693.0,2019-03-28 03:54:53.000000,-2408867.3069999996,4698056.96,3566642.099,34.2196955691862,117.14588984545692,32.72396535798907,2.9599999974486275,-0.27199999502401384,2.387000003730846,-0.101112,0.382096,320.437529
2046,359694.0,2019-03-28 03:54:54.000000,-2408864.3340000007,4698056.731999999,3566644.429000001,34.219720843203746,117.14586226454598,32.744885011576116,3.006999997387704,-0.00999999490518752,2.44400000323491,-0.15682,0.097194,317.744559
2046,359695.0,2019-03-28 03:54:55.000000,-2408861.234,4698056.648999999,3566646.7120000003,34.21974540648831,117.1458327392411,32.79815348610282,3.1109999976581286,-0.07799999543259371,2.191000003487823,0.019095,0.049241,315.190093
2046,359696.0,2019-03-28 03:54:56.000000,-2408858.1539999996,4698056.635,3566648.863999999,34.21976863570687,117.14580306540931,32.836069880984724,3.0389999977350866,0.017000004417316035,2.119000003212825,0.137386,-0.023342,313.915967
2046,359697.0,2019-03-28 03:54:57.000000,-2408855.0729999994,4698056.709000001,3566650.9220000003,34.219790769530356,117.14577294618049,32.88549925759435,3.1429999978815224,0.13300000413172497,1.982000003082167,0.325247,0.31391,311.324405
2046,359698.0,2019-03-28 03:54:58.000000,-2408851.886000002,4698056.9059999995,3566652.8950000005,34.21981196002667,117.14574119428397,32.93764248583466,3.1489999979103835,0.22600000407544246,1.955000002894707,0.167693,0.517757,309.266322
2046,359699.0,2019-03-28 03:54:59.000000,-2408848.704000002,4698057.164,3566654.79,34.219832282322194,117.14570918862088,32.99269347358495,3.1469999979905485,0.30100000391909815,1.8800000027362194,0.288066,0.553204,307.81210699999997
2046,359700.0,2019-03-28 03:55:00.000000,-2408845.616,4698057.443,3566656.5870000003,34.2198515619173,117.14567798671123,33.043549661524594,3.0919999981519486,0.30800000360432095,1.7290000026628372,0.030505,1.24901,307.156718
2046,359701.0,2019-03-28 03:55:01.000000,-2408842.3470000015,4698057.876999999,3566658.2970000003,34.21986991239466,117.14564426942378,33.09124541096389,3.2999999983614456,0.5960000031957358,1.5330000022847823,0.083597,1.359677,301.006727
2046,359702.0,2019-03-28 03:55:02.000000,-2408838.980000001,4698058.611,3566659.689,34.21988476567805,117.14560812032919,33.143878317438066,3.3799999986553813,0.8360000026224658,1.2580000018699753,0.195026,1.270572,294.710826
2046,359703.0,2019-03-28 03:55:03.000000,-2408835.5630000005,4698059.558,3566660.8400000003,34.21989697720414,117.14557043373257,33.198844907805324,3.448999998893737,1.008000002157593,1.0350000015851646,0.396902,0.957831,290.888472
2046,359704.0,2019-03-28 03:55:04.000000,-2408832.036,4698060.642999999,3566661.8980000005,34.21990812734437,117.14553100157568,33.26155467610806,3.5569999989183225,1.148000002109647,1.0120000014087467,0.332464,1.116772,288.91814999999997
2046,359705.0,2019-03-28 03:55:05.000000,-2408828.489000001,4698061.805999999,3566662.856000001,34.21991822641864,117.14549099006395,33.31787706166506,3.4749999990016933,1.189000001947047,0.9340000012356253,0.354833,0.733721,287.282867
2046,359706.0,2019-03-28 03:55:06.000000,-2408825.0970000015,4698062.986999998,3566663.6839999994,34.219926916687726,117.14545238624103,33.37281441874802,3.369999999160954,1.2080000016364376,0.7850000010837823,0.307139,0.57715,285.290065
2046,359707.0,2019-03-28 03:55:07.000000,-2408821.671000001,4698064.261,3566664.4080000003,34.21993449078709,117.14541299359911,33.424870094284415,3.4689999993244878,1.3040000013174908,0.6320000009894677,0.359155,0.462665,283.375052
2046,359708.0,2019-03-28 03:55:08.000000,-2408818.185000001,4698065.591,3566665.1030000006,34.219941734848625,117.1453727442595,33.47918829601258,3.5169999992347063,1.3200000014925994,0.7160000010074122,0.351113,0.526678,283.498486
2046,359709.0,2019-03-28 03:55:09.000000,-2408814.6849999996,4698066.923,3566665.822000001,34.21994918116076,117.14533234981396,33.54319555964321,3.4929999991940908,1.3370000015718158,0.7540000009463151,0.554018,0.326686,283.68409099999997
2046,359710.0,2019-03-28 03:55:10.000000,-2408811.181000001,4698068.253999998,3566666.543,34.219956656131636,117.14529192168574,33.60608497541398,3.5229999992250884,1.3220000015113622,0.7250000010096438,0.35853,0.347115,283.764068
2046,359711.0,2019-03-28 03:55:11.000000,-2408807.654,4698069.603000001,3566667.247000001,34.21996397636214,117.14525118231755,33.66398378275335,3.538999999266775,1.387000001430062,0.6860000008912376,0.351682,0.088878,282.953385
2046,359712.0,2019-03-28 03:55:12.000000,-2408804.0970000005,4698070.998999999,3566667.9140000003,34.21997087812848,117.14520992052245,33.724342106841505,3.5769999992977723,1.3960000013696081,0.6570000009130856,0.372698,-0.085357,282.516805
2046,359713.0,2019-03-28 03:55:13.000000,-2408800.548,4698072.377,3566668.6039999994,34.2199780140296,117.14516882510071,33.78741093445569,3.5019999992806716,1.3260000014029634,0.6730000009788412,0.126028,0.199576,283.622641
2046,359714.0,2019-03-28 03:55:14.000000,-2408797.117,4698073.628999999,3566669.325000001,34.219985676488626,117.14512949305866,33.819721046835184,3.3959999991256904,1.2330000017052383,0.8180000010594101,0.446262,0.226329,284.831678
2046,359715.0,2019-03-28 03:55:15.000000,-2408793.7890000003,4698074.848,3566670.092,34.219993592463375,117.14509131906948,33.89247883018106,3.343999999131036,1.2260000016948143,0.8130000010184175,0.400697,-0.022241,285.188943
2046,359716.0,2019-03-28 03:55:16.000000,-2408790.347000002,4698076.113,3566670.8490000004,34.22000149004868,117.14505181642075,33.950454231351614,3.503999999248609,1.3050000014655043,0.7030000010247387,0.400786,0.204926,284.302855
2046,359717.0,2019-03-28 03:55:17.000000,-2408786.7860000017,4698077.459999999,3566671.578,34.22000908422258,117.14501075858041,34.008127494715154,3.630999999261436,1.4040000014404892,0.6910000009540948,0.413445,0.243534,283.394155
2046,359718.0,2019-03-28 03:55:18.000000,-2408783.1809999994,4698078.85,3566672.296,34.22001650417117,117.14496906292142,34.07465725392103,3.529999999234716,1.3460000014926063,0.7160000009670455,0.278205,0.21418,283.330021
2046,359719.0,2019-03-28 03:55:19.000000,-2408779.7020000014,4698080.175,3566672.9940000004,34.220023776813875,117.14492890586791,34.129649268463254,3.43299999923258,1.2790000014967762,0.7180000010030341,0.329289,0.114018,283.53956700000003
2046,359720.0,2019-03-28 03:55:20.000000,-2408776.2820000006,4698081.467,3566673.6999999997,34.22003112148319,117.1448894819619,34.18711917102337,3.424999999213342,1.2860000015343007,0.7360000009798853,0.307082,0.038081,284.056563
2046,359721.0,2019-03-28 03:55:21.000000,-2408772.801000001,4698082.765,3566674.444000001,34.2200388634304,117.14484943926631,34.24736345745623,3.512999999198379,1.3210000015634862,0.7500000010009736,0.359285,0.157121,284.261992
2046,359722.0,2019-03-28 03:55:22.000000,-2408769.319000001,4698084.059999999,3566675.1960000005,34.22004668084594,117.14480940176095,34.30952429305762,3.4429999991983795,1.2880000015634867,0.7500000009949428,0.192331,0.01458,284.42729099999997
2046,359723.0,2019-03-28 03:55:23.000000,-2408765.876999999,4698085.33,3566675.946000001,34.22005450360244,117.14476987430994,34.36725774407387,3.4279999991737977,1.2600000016114343,0.7730000010372751,0.402865,0.151661,284.50728100000003
2046,359724.0,2019-03-28 03:55:24.000000,-2408762.453999999,4698086.608000001,3566676.682,34.22006214194737,117.14473049072525,34.4301745230332,3.4149999992261715,1.275000001509287,0.7240000009921047,0.338263,0.127033,283.990418
2046,359725.0,2019-03-28 03:55:25.000000,-2408759.029,4698087.881999999,3566677.4090000005,34.22006973586225,117.14469110762523,34.48433437291533,3.421999999203727,1.2900000015530655,0.7450000009683112,0.302017,0.39523,284.205476
2046,359726.0,2019-03-28 03:55:26.000000,-2408755.6060000006,4698089.151,3566678.139,34.22007737005803,117.14465176858899,34.53725898452103,3.4439999992336543,1.2770000014946976,0.7170000010189198,0.319073,0.561389,284.03783
2046,359727.0,2019-03-28 03:55:27.000000,-2408752.1730000023,4698090.418999999,3566678.870999999,34.220085046791205,117.14461233792748,34.58680215012282,3.4439999992005226,1.241000001559321,0.7480000010939617,0.299767,0.816146,284.239773
2046,359728.0,2019-03-28 03:55:28.000000,-2408748.7410000004,4698091.681,3566679.613000001,34.22009282280984,117.14457294662375,34.637933634221554,3.427999999209074,1.2750000015426444,0.7400000010059765,0.217302,0.78436,284.353978
2046,359729.0,2019-03-28 03:55:29.000000,-2408745.3569999994,4698092.920999999,3566680.3350000004,34.220100437955196,117.14453412777698,34.679740242660046,3.408999999268929,1.2350000014259044,0.6840000010690496,-0.035981,0.651202,284.144385
2046,359730.0,2019-03-28 03:55:30.000000,-2408742.043,4698094.176,3566681.019,34.220107540243376,117.14449591064685,34.73762369155884,3.328999999258242,1.2450000014467517,0.6940000009626922,0.440935,0.448082,283.807113
2046,359731.0,2019-03-28 03:55:31.000000,-2408738.6170000015,4698095.488999999,3566681.7130000005,34.22011471445946,117.14445632475443,34.801557479426265,3.4669999992080083,1.3350000015447312,0.7410000009225637,0.625753,0.21833,283.551374
2046,359732.0,2019-03-28 03:55:32.000000,-2408735.235999999,4698096.782000001,3566682.414000001,34.22012192698512,117.14441727244629,34.87169025558978,3.3089999993180976,1.2830000013300122,0.6380000008620877,0.562426,0.290952,283.513885
2046,359733.0,2019-03-28 03:55:33.000000,-2408731.989000002,4698098.054999999,3566683.039,34.22012835325675,117.14437961319845,34.934920366853476,3.1429999993245104,1.2610000013175047,0.632000000730522,0.806734,-0.421552,282.900852
2046,359734.0,2019-03-28 03:55:34.000000,-2408728.9680000013,4698099.224999999,3566683.6420000005,34.220134557456774,117.14434464640792,34.99525071308017,2.9049999993854327,1.1250000011986794,0.575000000759654,0.330126,0.3663,283.320928
2046,359735.0,2019-03-28 03:55:35.000000,-2408726.135,4698100.319,3566684.1890000002,34.22014025222781,117.14431187142601,35.03909150976688,2.786999999419636,1.097000001131971,0.5430000006919009,0.580586,0.033066,282.935688
2046,359736.0,2019-03-28 03:55:36.000000,-2408723.3660000013,4698101.395,3566684.718,34.22014574598593,117.14427980361206,35.08371054381132,2.713999999462389,1.0130000010485847,0.5030000007889853,0.194875,0.003552,283.250041
2046,359737.0,2019-03-28 03:55:37.000000,-2408720.687999999,4698102.407,3566685.256,34.22015138507085,117.14424893146055,35.12063030153513,2.6659999994110875,0.9670000011486488,0.5510000008335736,0.393474,1.066005,283.605391
2046,359738.0,2019-03-28 03:55:38.000000,-2408717.9420000017,4698103.433999999,3566685.832,34.22015739702373,117.14421732835854,35.16430576052517,2.8169999993736794,1.0200000012216126,0.5860000008844727,0.390321,0.816967,284.910756
2046,359739.0,2019-03-28 03:55:39.000000,-2408715.1220000004,4698104.417,3566686.497,34.22016444206324,117.14418522848183,35.197741779498756,2.754999999240079,0.8930000014821958,0.7110000010829551,-0.108745,-0.084595,288.317821
2046,359740.0,2019-03-28 03:55:40.000000,-2408712.470000002,4698105.153999999,3566687.394,34.22017393771253,117.1441559689706,35.24401854071766,2.5519999989087503,0.5910000021284426,1.0210000014955531,0.419346,0.370577,295.91186600000003
2046,359741.0,2019-03-28 03:55:41.000000,-2408710.040000001,4698105.633,3566688.487,34.220185544854445,117.1441301307183,35.294432069174945,2.295999998791182,0.3660000023577565,1.1310000016909867,0.250909,0.605798,301.907633
2046,359742.0,2019-03-28 03:55:42.000000,-2408707.825000001,4698105.917,3566689.669,34.22019819785431,117.14410733420235,35.33252339530736,2.0619999986201747,0.15100000269130487,1.2910000018890881,0.100987,0.494768,308.10855
2046,359743.0,2019-03-28 03:55:43.000000,-2408705.979000001,4698105.931999999,3566690.955,34.22021198617257,117.14408943299624,35.37037416175008,1.6449999986725468,-0.07699999741084382,1.2420000019187003,0.521522,0.565254,316.846371
2046,359744.0,2019-03-28 03:55:44.000000,-2408704.524000001,4698105.833,3566692.125000001,34.22022451971396,117.14407587212888,35.4066117182374,1.2039999988521062,-0.13199999776106708,1.0740000015620146,0.199393,0.470652,320.436606
2046,359745.0,2019-03-28 03:55:45.000000,-2408703.768,4698105.681,3566692.8720000004,34.22023252241819,117.14406932395998,35.429663316346705,0.5699999993405488,-0.15299999871375997,0.6170000009281718,0.086106,1.126048,329.003003
2046,359746.0,2019-03-28 03:55:46.000000,-2408703.2470000023,4698105.531999999,3566693.4389999993,34.220238626264546,117.14406503034795,35.44234818406403,0.7139999991866413,-0.18599999841356757,0.7610000011508732,0.494286,0.875392,330.786635
2046,359747.0,2019-03-28 03:55:47.000000,-2408702.55,4698105.353,3566694.1790000005,34.220246562130065,117.14405918562517,35.4638541880995,0.769999999151371,-0.19399999834477333,0.7940000012274034,0.687895,1.383936,328.686545
2046,359748.0,2019-03-28 03:55:48.000000,-2408701.7630000017,4698105.2469999995,3566694.87,34.22025401157073,117.14405211033113,35.47756586037576,0.7399999994559796,-0.028999998938903624,0.5090000008513691,1.146878,-0.713872,322.377868
2046,359749.0,2019-03-28 03:55:49.000000,-2408701.1659999997,4698105.260000001,3566695.2909999997,34.22025847202869,117.14404628069353,35.49867477547377,0.47499999965691453,0.01700000066917875,0.32100000047224164,0.845768,-0.774572,313.636893
2046,359750.0,2019-03-28 03:55:50.000000,-2408700.4360000007,4698105.283999999,3566695.801000001,34.22026385391914,117.14403911220184,35.527755233459175,0.9899999992753524,0.007000001413405815,0.6780000010435212,0.393023,-0.401307,312.801352
2046,359751.0,2019-03-28 03:55:51.000000,-2408699.5679999995,4698105.350000001,3566696.3369999994,34.22026955933285,117.14403040308471,35.550301522016525,0.7119999996237818,0.12600000073380374,0.3520000004983183,0.260684,-0.344052,306.223291
2046,359752.0,2019-03-28 03:55:52.000000,-2408698.9330000016,4698105.471999999,3566696.6220000004,34.22027260215607,117.14402366680156,35.56079560704529,0.5409999997691389,0.11600000045028862,0.21600000033639982,0.191252,-0.60386,299.38215
2046,359753.0,2019-03-28 03:55:53.000000,-2408698.520000001,4698105.556999999,3566696.804,34.22027453062772,117.14401925758145,35.56988889258355,0.26699999987708783,0.052000000239737,0.11500000017696711,0.172048,-0.57726,298.463884
2046,359754.0,2019-03-28 03:55:54.000000,-2408698.3900000015,4698105.584,3566696.8609999996,34.22027513440153,117.1440178684805,35.57276909798384,-0.0099999999989312,-0.0010000000020846706,-0.001000000008603343,0.184024,-0.54295,298.262296
2046,359755.0,2019-03-28 03:55:55.000000,-2408698.3869999996,4698105.587,3566696.8630000004,34.220275142714826,117.14401782465582,35.57496954128146,0.005999999995724795,-0.0009999999916613196,0.004000000008497477,0.180453,-0.55855,298.323561
2046,359756.0,2019-03-28 03:55:56.000000,-2408698.395000002,4698105.5879999995,3566696.8659999995,34.22027514206241,117.14401789696133,35.58041045628488,-0.016999999979692777,0.01099999996039127,-0.019000000041100994,0.661738,-0.344166,298.414389
2046,359757.0,2019-03-28 03:55:57.000000,-2408698.402999999,4698105.588,3566696.8640000005,34.22027510864999,117.14401797421792,35.58230368234217,-0.015999999997862398,0.0009999999958306598,-0.002000000019185489,0.999672,-0.365257,298.440838
2046,359758.0,2019-03-28 03:55:58.000000,-2408698.418000001,4698105.584999999,3566696.857999999,34.220275042763774,117.14401813392753,35.5823806989938,-0.016999999992518392,-0.003000000014592696,-0.007000000011915612,0.987117,-0.416123,298.422509
2046,359759.0,2019-03-28 03:55:59.000000,-2408698.4260000004,4698105.583,3566696.856,34.22027501837419,117.14401822108644,35.58280230127275,-0.005999999994655994,-0.0010000000104233497,-0.005000000004328138,0.9865,-0.417618,298.423406
2046,359760.0,2019-03-28 03:56:00.000000,-2408698.4260000004,4698105.583,3566696.856,34.22027501837419,117.14401822108644,35.58280230127275,-0.011999999993587192,-0.00300000001250802,-0.006000000006571606,0.982173,-0.41099,298.433286
2046,359761.0,2019-03-28 03:56:01.000000,-2408698.4260000004,4698105.583,3566696.856,34.22027501837419,117.14401822108644,35.58280230127275,-0.007999999996793596,-0.00300000000625401,-0.0030000000022964005,0.979124,-0.410472,298.447937
2046,359762.0,2019-03-28 03:56:02.000000,-2408698.4260000004,4698105.583,3566696.856,34.22027501837419,117.14401822108644,35.58280230127275,-0.0039999999978623975,-0.00400000000416934,-0.0019999999959365257,0.981157,-0.41102,298.450596
2046,359763.0,2019-03-28 03:56:03.000000,-2408698.4260000004,4698105.583,3566696.856,34.22027501837419,117.14401822108644,35.58280230127275,-0.0029999999989311988,-0.00400000000208467,-0.0009999999948677241,0.982959,-0.410375,298.453816
2046,359764.0,2019-03-28 03:56:04.000000,-2408698.4260000004,4698105.583,3566696.856,34.22027501837419,117.14401822108644,35.58280230127275,-0.0019999999967935966,-0.0040000000062540095,-0.002999999993798923,0.984882,-0.409021,298.45549900000003
2046,359765.0,2019-03-28 03:56:05.000000,-2408698.4260000004,4698105.583,3566696.856,34.22027501837419,117.14401822108644,35.58280230127275,-0.0009999999989311987,-0.00100000000208467,-0.0009999999989841314,0.98727,-0.407875,298.458117
2046,359766.0,2019-03-28 03:56:06.000000,-2408698.4260000004,4698105.583,3566696.856,34.22027501837419,117.14401822108644,35.58280230127275,-0.0009999999978623974,-4.169339786613824e-12,-0.0020000000010688013,0.986552,-0.410526,298.457625
2046,359767.0,2019-03-28 03:56:07.000000,-2408698.4260000004,4698105.583,3566696.856,34.22027501837419,117.14401822108644,35.58280230127275,0.001000000003206404,-6.254009679920736e-12,-0.0029999999989311988,0.986808,-0.412626,298.457375
2046,359768.0,2019-03-28 03:56:08.000000,-2408698.4260000004,4698105.583,3566696.856,34.22027501837419,117.14401822108644,35.58280230127275,0.0010000000021376026,-0.00100000000416934,-0.0019999999968465286,0.988549,-0.413425,298.458452
2046,359769.0,2019-03-28 03:56:09.000000,-2408698.4260000004,4698105.583,3566696.856,34.22027501837419,117.14401822108644,35.58280230127275,0.0020000000010688013,-0.00200000000208467,-0.0009999999936930576,0.99669,-0.412527,298.4619
2046,359770.0,2019-03-28 03:56:10.000000,-2408698.4260000004,4698105.583,3566696.856,34.22027501837419,117.14401822108644,35.58280230127275,-1.068801189045565e-12,-0.00299999999791533,0.00100000000625401,1.00048,-0.415525,298.466265
2046,359771.0,2019-03-28 03:56:11.000000,-2408698.4260000004,4698105.583,3566696.856,34.22027501837419,117.14401822108644,35.58280230127275,-0.0009999999989311987,-0.00100000000208467,-0.0009999999989841314,0.997933,-0.411588,298.466581
2046,359772.0,2019-03-28 03:56:12.000000,-2408698.4260000004,4698105.583,3566696.856,34.22027501837419,117.14401822108644,35.58280230127275,1.0688012974657823e-12,-2.0846699475170205e-12,-0.001,0.999871,-0.41218,298.463795
2046,359773.0,2019-03-28 03:56:13.000000,-2408698.4260000004,4698105.583,3566696.856,34.22027501837419,117.14401822108644,35.58280230127275,-0.0009999999989311987,0.0009999999979153301,-0.0010000000031534712,0.986033,-0.431764,298.460833
2046,359774.0,2019-03-28 03:56:14.000000,-2408698.4260000004,4698105.583,3566696.856,34.22027501837419,117.14401822108644,35.58280230127275,1.068801189045565e-12,0.00299999999791533,-0.00100000000625401,0.988882,-0.425631,298.455682
2046,359775.0,2019-03-28 03:56:15.000000,-2408698.4260000004,4698105.583,3566696.856,34.22027501837419,117.14401822108644,35.58280230127275,-2.137602811771999e-12,0.00400000000416934,0.0019999999916613205,1.012187,-0.431525,298.456474
2046,359776.0,2019-03-28 03:56:16.000000,-2408698.4260000004,4698105.583,3566696.856,34.22027501837419,117.14401822108644,35.58280230127275,-3.206403458716478e-12,0.0050000000062540104,0.0029999999895766504,1.016124,-0.43595,298.456942
2046,359777.0,2019-03-28 03:56:17.000000,-2408698.4260000004,4698105.583,3566696.856,34.22027501837419,117.14401822108644,35.58280230127275,-0.009999999996793598,0.0019999999937459897,-0.0030000000148573533,1.02088,-0.444555,298.466841
2046,359778.0,2019-03-28 03:56:18.000000,-2408698.4260000004,4698105.583,3566696.856,34.22027501837419,117.14401822108644,35.58280230127275,-0.0009999999999999998,0.003,-7.322810977386518e-12,1.019922,-0.441958,298.464386
2046,359779.0,2019-03-28 03:56:19.000000,-2408698.4260000004,4698105.583,3566696.856,34.22027501837419,117.14401822108644,35.58280230127275,-0.0010000000021376026,0.00100000000416934,0.0019999999968465286,1.024329,-0.445326,298.464221
2046,359780.0,2019-03-28 03:56:20.000000,-2408698.4260000004,4698105.583,3566696.856,34.22027501837419,117.14401822108644,35.58280230127275,0.0,0.0,0.0,1.023908,-0.444818,298.46394399999997
2046,359781.0,2019-03-28 03:56:21.000000,-2408698.4260000004,4698105.583,3566696.856,34.22027501837419,117.14401822108644,35.58280230127275,-1.0688012568082009e-12,-0.0009999999979153301,0.00100000000208467,1.024458,-0.443865,298.46377
2046,359782.0,2019-03-28 03:56:22.000000,-2408698.4260000004,4698105.583,3566696.856,34.22027501837419,117.14401822108644,35.58280230127275,-1.0688012568082009e-12,-0.0009999999979153301,0.00100000000208467,1.024347,-0.443644,298.464276
2046,359783.0,2019-03-28 03:56:23.000000,-2408698.4260000004,4698105.583,3566696.856,34.22027501837419,117.14401822108644,35.58280230127275,1.0688012974657823e-12,-0.00100000000208467,-0.00099999999791533,1.023377,-0.44129,298.46412
2046,359784.0,2019-03-28 03:56:24.000000,-2408698.4260000004,4698105.583,3566696.856,34.22027501837419,117.14401822108644,35.58280230127275,-0.0019999999989311987,-0.00200000000208467,-0.0009999999979682628,1.023188,-0.440862,298.463537
2046,359785.0,2019-03-28 03:56:25.000000,-2408698.4260000004,4698105.583,3566696.856,34.22027501837419,117.14401822108644,35.58280230127275,-0.0009999999978623974,-0.0010000000041693398,-0.0019999999989841312,1.024681,-0.44117,298.462679
2046,359786.0,2019-03-28 03:56:26.000000,-2408698.4260000004,4698105.583,3566696.856,34.22027501837419,117.14401822108644,35.58280230127275,-0.0019999999978623974,-4.169339732403715e-12,-0.0020000000021376026,1.026384,-0.44171,298.463022
2046,359787.0,2019-03-28 03:56:27.000000,-2408698.4260000004,4698105.583,3566696.856,34.22027501837419,117.14401822108644,35.58280230127275,-0.001,0.001,-3.1534712991929115e-12,1.025777,-0.440269,298.462328
2046,359788.0,2019-03-28 03:56:28.000000,-2408698.4260000004,4698105.583,3566696.856,34.22027501837419,117.14401822108644,35.58280230127275,-2.1376025949315647e-12,0.0030000000041693403,0.00199999999374599,1.024978,-0.442322,298.464383
2046,359789.0,2019-03-28 03:56:29.000000,-2408698.4260000004,4698105.583,3566696.856,34.22027501837419,117.14401822108644,35.58280230127275,0.0,-0.002,4.169339895034041e-12,1.026097,-0.438507,298.46558
2046,359790.0,2019-03-28 03:56:30.000000,-2408698.4260000004,4698105.583,3566696.856,34.22027501837419,117.14401822108644,35.58280230127275,-2.1376025136164017e-12,-0.0019999999958306603,0.00200000000416934,1.026594,-0.437496,298.465399
2046,359791.0,2019-03-28 03:56:31.000000,-2408698.4260000004,4698105.583,3566696.856,34.22027501837419,117.14401822108644,35.58280230127275,0.0019999999989311987,-0.0009999999979153301,0.0010000000042222725,1.025603,-0.438577,298.465895
2046,359792.0,2019-03-28 03:56:32.000000,-2408698.4260000004,4698105.583,3566696.856,34.22027501837419,117.14401822108644,35.58280230127275,0.0019999999989311987,0.00100000000208467,0.0010000000000529327,1.023974,-0.438038,298.465518
2046,359793.0,2019-03-28 03:56:33.000000,-2408698.4260000004,4698105.583,3566696.856,34.22027501837419,117.14401822108644,35.58280230127275,0.002,0.0,2.1376026491416733e-12,1.024173,-0.438193,298.465144
2046,359794.0,2019-03-28 03:56:34.000000,-2408698.4260000004,4698105.583,3566696.856,34.22027501837419,117.14401822108644,35.58280230127275,0.001,0.0,1.0688013245708367e-12,1.023766,-0.438419,298.46500000000003
2046,359795.0,2019-03-28 03:56:35.000000,-2408698.4260000004,4698105.583,3566696.856,34.22027501837419,117.14401822108644,35.58280230127275,-0.001999999996793596,-6.254009679920736e-12,-0.0030000000021376027,1.023849,-0.439629,298.465034
2046,359796.0,2019-03-28 03:56:36.000000,-2408698.4260000004,4698105.583,3566696.856,34.22027501837419,117.14401822108644,35.58280230127275,-0.0009999999967935961,0.0009999999937459901,-0.0030000000031534715,1.023749,-0.441135,298.464456
2046,359797.0,2019-03-28 03:56:37.000000,-2408698.4260000004,4698105.583,3566696.856,34.22027501837419,117.14401822108644,35.58280230127275,-0.002999999997862398,-0.00200000000416934,-0.001999999999037064,1.024906,-0.441062,298.464793
2046,359798.0,2019-03-28 03:56:38.000000,-2408698.4260000004,4698105.583,3566696.856,34.22027501837419,117.14401822108644,35.58280230127275,-0.0019999999978623974,-0.00200000000416934,-0.001999999997968263,1.025642,-0.438247,298.464531
2046,359799.0,2019-03-28 03:56:39.000000,-2408698.4260000004,4698105.583,3566696.856,34.22027501837419,117.14401822108644,35.58280230127275,0.0010000000010688013,-0.00300000000208467,-0.0009999999926771893,1.02692,-0.438319,298.464992
2046,359800.0,2019-03-28 03:56:40.000000,-2408698.4260000004,4698105.583,3566696.856,34.22027501837419,117.14401822108644,35.58280230127275,0.0010000000010688013,-0.00300000000208467,-0.0009999999926771893,1.028513,-0.44059,298.463768
2046,359801.0,2019-03-28 03:56:41.000000,-2408698.4260000004,4698105.583,3566696.856,34.22027501837419,117.14401822108644,35.58280230127275,1.0688015143062168e-12,-0.00300000000208467,-0.0009999999937459903,1.029751,-0.442536,298.46288400000003
2046,359802.0,2019-03-28 03:56:42.000000,-2408698.4260000004,4698105.583,3566696.856,34.22027501837419,117.14401822108644,35.58280230127275,0.0010000000010688013,-0.00300000000208467,-0.0009999999926771893,1.028807,-0.444495,298.462995
2046,359803.0,2019-03-28 03:56:43.000000,-2408698.4260000004,4698105.583,3566696.856,34.22027501837419,117.14401822108644,35.58280230127275,0.001,-0.002,5.238141300920041e-12,1.029348,-0.436697,298.462263
2046,359804.0,2019-03-28 03:56:44.000000,-2408698.4260000004,4698105.583,3566696.856,34.22027501837419,117.14401822108644,35.58280230127275,-1.068801189045565e-12,-0.0019999999979153304,0.00100000000416934,1.029674,-0.429392,298.463113
2046,359805.0,2019-03-28 03:56:45.000000,-2408698.4260000004,4698105.583,3566696.856,34.22027501837419,117.14401822108644,35.58280230127275,2.1376025949315647e-12,-4.169339895034041e-12,-0.002,1.029542,-0.427902,298.462044
2046,359806.0,2019-03-28 03:56:46.000000,-2408698.4260000004,4698105.583,3566696.856,34.22027501837419,117.14401822108644,35.58280230127275,2.1376025949315647e-12,0.0009999999958306602,-0.0020000000020846697,1.026338,-0.426751,298.460292
2046,359807.0,2019-03-28 03:56:47.000000,-2408698.4260000004,4698105.583,3566696.856,34.22027501837419,117.14401822108644,35.58280230127275,-0.0019999999978623974,0.0019999999958306603,-0.0020000000063069424,1.025599,-0.42717,298.460491
2046,359808.0,2019-03-28 03:56:48.000000,-2408698.4260000004,4698105.583,3566696.856,34.22027501837419,117.14401822108644,35.58280230127275,-0.0010000000010688013,0.0010000000020846701,0.0009999999968465288,1.02721,-0.42989,298.459258
2046,359809.0,2019-03-28 03:56:49.000000,-2408698.4260000004,4698105.583,3566696.856,34.22027501837419,117.14401822108644,35.58280230127275,-2.1376024865113474e-12,0.0010000000041693398,0.00199999999791533,1.027404,-0.437913,298.458581
2046,359810.0,2019-03-28 03:56:50.000000,-2408698.4260000004,4698105.583,3566696.856,34.22027501837419,117.14401822108644,35.58280230127275,-0.0010000000021376026,0.00100000000416934,0.0019999999968465286,1.027413,-0.438341,298.458715
2046,359811.0,2019-03-28 03:56:51.000000,-2408698.4260000004,4698105.583,3566696.856,34.22027501837419,117.14401822108644,35.58280230127275,-0.0010000000021376026,0.00100000000416934,0.0019999999968465286,1.026452,-0.438263,298.458318
2046,359812.0,2019-03-28 03:56:52.000000,-2408698.4260000004,4698105.583,3566696.856,34.22027501837419,117.14401822108644,35.58280230127275,-0.002000000002137602,0.00300000000416934,0.001999999991608388,1.024751,-0.439731,298.457289
2046,359813.0,2019-03-28 03:56:53.000000,-2408698.4260000004,4698105.583,3566696.856,34.22027501837419,117.14401822108644,35.58280230127275,-0.0010000000010688013,0.00500000000208467,0.0009999999885078493,1.025059,-0.441545,298.456942
2046,359814.0,2019-03-28 03:56:54.000000,-2408698.4260000004,4698105.583,3566696.856,34.22027501837419,117.14401822108644,35.58280230127275,-0.0010000000010688013,0.00500000000208467,0.0009999999885078493,1.024392,-0.441375,298.456438
2046,359815.0,2019-03-28 03:56:55.000000,-2408698.4260000004,4698105.583,3566696.856,34.22027501837419,117.14401822108644,35.58280230127275,-0.0030000000010688014,0.00700000000208467,0.000999999982200907,1.024103,-0.444428,298.45565899999997
